,Area,Major,Minor,Feret,MinFeret,CentroidX,CentroidY
1,48.0,9.638414662733828,7.006712377766988,10.198039027185569,7.006712377766988,43.333333333333336,2.1875
2,105.0,28.316559436542416,6.047996913476618,24.515301344262525,6.047996913476618,2761.190476190476,9.895238095238096
3,398.0,72.74502738776651,11.699303382172754,67.42403132415029,11.699303382172754,2804.1507537688444,23.042713567839197
4,311133.0,1234.8234687123152,376.51847682476,1286.8166147513016,376.51847682476,3117.542976797704,561.9224093876252
5,25.0,6.861723091843651,5.015970116623465,7.280109889280518,5.015970116623465,2952.88,1.48
6,8.0,3.4641016151377544,3.3166247903554,4.123105625617661,3.3166247903554,2776.75,3.5
7,31.0,14.845650522387736,2.898562707626379,13.341664064126334,2.898562707626379,2655.483870967742,4.419354838709677
8,7.0,3.0237157840738176,2.799416848895061,3.1622776601683795,2.799416848895061,2611.285714285714,6.0
9,10.0,4.09878030638384,2.9933259094191533,4.123105625617661,2.9933259094191533,3131.5,6.2
10,6.0,3.265986323710904,2.0,3.1622776601683795,2.0,2988.0,6.5
11,30.0,9.002093501506925,4.194451537595575,9.219544457292887,4.194451537595575,2748.5333333333333,11.533333333333333
12,43.0,15.432470335407556,6.2481603969668535,13.416407864998739,6.2481603969668535,2777.6976744186045,14.953488372093023
13,12.0,4.47213595499958,3.265986323710904,4.47213595499958,3.265986323710904,37.0,10.5
14,25.0,11.864866115116893,6.453723891703995,10.63014581273465,6.453723891703995,52.72,20.8
15,29.0,18.088341056512604,2.5063113886560884,16.278820596099706,2.5063113886560884,2690.448275862069,23.482758620689655
16,11.0,3.9999999999999996,3.468869823334348,4.123105625617661,3.468869823334348,2715.6363636363635,17.454545454545453
17,12.0,6.831300510639732,2.0,6.082762530298219,2.0,2681.5,19.5
18,47.0,19.494019360814576,3.7076816394294885,17.46424919657298,3.7076816394294885,2845.021276595745,23.53191489361702
19,6.0,3.265986323710904,2.0,3.1622776601683795,2.0,2751.5,22.0
20,32.0,8.809373002757347,5.3724945135653694,8.54400374531753,5.3724945135653694,2769.28125,31.28125
21,7.0,3.0237157840738176,2.7994168488950604,3.1622776601683795,2.7994168488950604,380.0,28.714285714285715
22,6.0,3.265986323710904,2.0,3.1622776601683795,2.0,2835.5,30.0
23,39.0,13.509846709634052,4.842912204570452,11.704699910719626,4.842912204570452,69.6923076923077,36.51282051282051
24,18.0,8.289075475041772,3.186757803775685,7.615773105863909,3.186757803775685,2731.3888888888887,35.55555555555556
25,16.0,5.267826876426369,4.0,5.385164807134504,4.0,2760.625,35.5
26,20.0,6.863284148916301,3.869797241617997,7.0710678118654755,3.869797241617997,2828.6,36.4
27,8.0,4.100618600451318,2.4869513653533066,4.123105625617661,2.4869513653533066,3142.0,39.75
28,9.0,3.7817431280582214,3.1300454222715657,4.123105625617661,3.1300454222715657,2752.777777777778,40.666666666666664
29,69.0,10.583127914815062,9.054661867970724,12.529964086141668,9.054661867970724,2841.753623188406,43.05797101449275
30,9.0,4.312594463574638,2.660928660904759,4.47213595499958,2.660928660904759,2758.222222222222,41.111111111111114
31,111.0,22.462144784772693,9.418343628517587,20.615528128088304,9.418343628517587,2866.3333333333335,48.189189189189186
32,35.0,11.384948550015704,6.479298871053425,10.770329614269007,6.479298871053425,2795.4,47.02857142857143
33,6.0,3.265986323710904,2.0,3.1622776601683795,2.0,2902.0,43.5
34,12.0,3.8297084310253524,3.8297084310253524,4.123105625617661,3.8297084310253524,451.5,46.5
35,15.0,7.077106698246239,2.715205067654374,7.0710678118654755,2.715205067654374,2771.266666666667,45.733333333333334
36,28.0,8.340219420265408,4.496248461318543,8.54400374531753,4.496248461318543,2783.6428571428573,50.107142857142854
37,28.0,16.1245154965971,2.0,14.035668847618199,2.0,2851.5,55.5
38,29.0,10.867429061700257,3.4574097787865585,10.04987562112089,3.4574097787865585,2877.9310344827586,58.06896551724138
39,20.0,6.863284148916301,3.869797241617997,7.0710678118654755,3.869797241617997,2611.4,60.6
40,19.0,7.347338259627431,3.178877656956105,7.0710678118654755,3.178877656956105,2838.0,59.68421052631579
41,55.0,10.91574714647212,7.456774706780014,11.40175425099138,7.456774706780014,2822.418181818182,64.7090909090909
42,19.0,7.347338259627431,3.178877656956105,7.0710678118654755,3.178877656956105,2846.0,67.3157894736842
43,19.0,7.3473382596274295,3.178877656956105,7.0710678118654755,3.178877656956105,2859.315789473684,65.0
44,61.0,17.066117317373006,4.9383723494566825,16.278820596099706,4.9383723494566825,2870.7049180327867,72.29508196721312
45,6.0,3.265986323710904,2.0,3.1622776601683795,2.0,2775.0,65.5
46,60.0,16.548504304222757,6.465661843222132,16.55294535724685,6.465661843222132,2880.3166666666666,73.76666666666667
47,12.0,6.831300510639732,2.0,6.082762530298219,2.0,2907.5,67.5
48,18.0,7.097764472921567,3.0939225541184827,7.0710678118654755,3.0939225541184827,2811.1666666666665,69.94444444444444
49,7.0,3.7032803990902057,2.138089935299395,3.605551275463989,2.138089935299395,437.0,71.0
50,15.0,4.618802153517006,4.026578365477733,5.0,4.026578365477733,2491.4,73.4
51,18.0,9.282362396913014,2.6778875379127913,8.54400374531753,2.6778875379127913,2777.5,75.5
52,8.0,3.9722133299273006,2.6403638502198645,4.123105625617661,2.6403638502198645,2846.375,77.75
53,8.0,5.212736088651405,1.9563697171218042,5.0990195135927845,1.9563697171218042,2822.25,79.0
54,5.0,2.5298221281347035,2.5298221281347035,3.0,2.5298221281347035,2830.0,78.0
55,7.0,3.0237157840738176,2.799416848895061,3.1622776601683795,2.799416848895061,2840.714285714286,78.0
56,6.0,6.831300510639732,0.0,6.0,0.0,1449.0,83.5
57,14.0,7.017298793846583,2.6462077766235526,6.324555320336759,2.6462077766235526,2765.714285714286,83.21428571428571
58,20.0,6.0,4.09878030638384,6.082762530298219,4.09878030638384,2812.5,85.5
59,45.0,11.876419104803919,5.544304394814296,11.661903789690601,5.544304394814296,2926.177777777778,89.82222222222222
60,9.0,3.885753375057407,2.7954428906961324,4.123105625617661,2.7954428906961324,1304.111111111111,89.33333333333333
61,19.0,9.351136277552772,3.0293149280975933,8.54400374531753,3.0293149280975933,2865.4210526315787,91.6842105263158
62,5.0,3.098386676965933,1.7888543819998317,3.1622776601683795,1.7888543819998317,246.2,89.4
63,21.0,7.35360036564798,3.87349025320924,7.615773105863909,3.87349025320924,1393.3333333333333,91.0
64,21.0,6.088776041622918,4.377514589279839,6.324555320336759,4.377514589279839,2838.5238095238096,93.14285714285714
65,24.0,9.356432827127628,3.9667294499658383,8.602325267042627,3.9667294499658383,1339.5416666666667,98.95833333333333
66,133.0,25.91230603369977,10.207888674355125,25.942243542145693,10.207888674355125,2889.5263157894738,106.57894736842105
67,18.0,6.0,3.9752319599996264,6.082762530298219,3.9752319599996264,1189.111111111111,99.5
68,16.0,6.324555320336759,3.122498999199199,6.082762530298219,3.122498999199199,2794.125,99.5
69,12.0,4.47213595499958,3.265986323710904,4.47213595499958,3.265986323710904,2924.0,99.5
70,5.0,3.098386676965933,1.7888543819998317,3.1622776601683795,1.7888543819998317,274.6,101.8
71,7.0,4.155374705678736,1.9054711331003737,4.123105625617661,1.9054711331003737,1350.5714285714287,102.28571428571429
72,20.0,5.985542185750804,4.187276530466729,6.324555320336759,4.187276530466729,949.55,105.25
73,53.0,9.57086939249117,7.526085443167888,10.295630140987,7.526085443167888,2875.754716981132,107.50943396226415
74,18.0,9.781530688334447,4.485992256900795,8.246211251235321,4.485992256900795,1395.388888888889,105.66666666666667
75,5.0,2.5298221281347035,2.5298221281347035,3.0,2.5298221281347035,2862.0,105.0
76,5.0,3.098386676965933,1.7888543819998317,3.1622776601683795,1.7888543819998317,1210.8,105.4
77,14.0,8.034135414221675,2.90383539180233,7.211102550927978,2.90383539180233,2855.5,108.78571428571429
78,6.0,3.126943839882286,2.309401076758503,3.1622776601683795,2.309401076758503,208.83333333333334,109.83333333333333
79,18.0,6.831300510639732,3.265986323710904,6.324555320336759,3.265986323710904,1435.5,110.0
80,31.0,13.068555728197234,4.882974944760336,12.083045973594572,4.882974944760336,1474.3870967741937,112.48387096774194
81,22.0,8.49696105130758,3.1908961408698624,8.06225774829855,3.1908961408698624,1506.8181818181818,110.0
82,15.0,6.342284798713821,2.9735652336328955,6.082762530298219,2.9735652336328955,2899.4,109.8
83,60.0,17.295456669753865,7.714377682555539,17.4928556845359,7.714377682555539,1166.8166666666666,115.36666666666666
84,7.0,3.7032803990902057,2.138089935299395,3.605551275463989,2.138089935299395,1101.0,112.0
85,45.0,19.976029082399744,3.9194658713150563,17.11724276862369,3.9194658713150563,1421.7555555555555,119.2
86,25.0,11.880159269247347,3.1304018491746994,10.770329614269007,3.1304018491746994,278.08,116.4
87,21.0,7.573394881621217,3.5487749077277853,7.280109889280518,3.5487749077277853,301.85714285714283,114.80952380952381
88,25.0,10.893832721303717,3.867351631317286,9.433981132056603,3.867351631317286,1342.44,116.12
89,18.0,6.831300510639732,3.265986323710904,6.324555320336759,3.265986323710904,2843.5,113.0
90,12.0,6.831300510639732,2.0,6.082762530298219,2.0,1275.5,113.5
91,18.0,8.987211767852997,2.8580231357885895,8.06225774829855,2.8580231357885895,1427.611111111111,115.88888888888889
92,10.0,5.656854249492381,2.0,5.0990195135927845,2.0,2835.5,115.0
93,14.0,4.20883424647321,4.120630029101703,4.47213595499958,4.120630029101703,206.71428571428572,115.5
94,77.0,17.172779436582555,10.79038764121188,16.492422502470642,10.79038764121188,1236.2467532467533,118.22077922077922
95,18.0,6.831300510639732,3.265986323710904,6.324555320336759,3.265986323710904,2827.5,116.0
96,15.0,4.953113498935123,3.9821825394848207,5.385164807134504,3.9821825394848207,1012.0666666666667,117.93333333333334
97,7.0,3.0237157840738176,2.799416848895061,3.1622776601683795,2.799416848895061,2791.0,117.28571428571429
98,6.0,3.8297084310253524,1.8856180831641272,4.0,1.8856180831641272,323.5,117.66666666666667
99,18.0,5.693388843125944,3.935296437229382,6.082762530298219,3.935296437229382,1350.388888888889,119.72222222222223
100,41.0,13.33922642184439,3.9385017898918733,13.152946437965905,3.9385017898918733,1507.0487804878048,125.17073170731707
101,242.0,41.680633055278875,22.607604118442765,38.48376280978771,22.607604118442765,1265.314049586777,137.2603305785124
102,9.0,4.312594463574638,2.66092866090476,4.47213595499958,2.66092866090476,1369.111111111111,120.77777777777777
103,8.0,6.984716318104124,1.4878635540969356,6.082762530298219,1.4878635540969356,224.75,123.0
104,18.0,6.831300510639732,3.265986323710904,6.324555320336759,3.265986323710904,1177.0,123.5
105,13.0,7.554371880072024,1.9753176197160076,7.0710678118654755,1.9753176197160076,1451.2307692307693,121.46153846153847
106,13.0,7.554371880072024,1.9753176197160076,7.0710678118654755,1.9753176197160076,1461.5384615384614,123.76923076923077
107,18.0,6.831300510639732,3.265986323710904,6.324555320336759,3.265986323710904,1470.0,123.5
108,6.0,6.831300510639732,0.0,6.0,0.0,1488.0,123.5
109,12.0,6.831300510639732,2.0,6.082762530298219,2.0,2859.5,123.5
110,18.0,6.831300510639732,3.265986323710904,6.324555320336759,3.265986323710904,2894.0,123.5
111,33.0,8.72233809655686,4.820922695050039,8.94427190999916,4.820922695050039,1383.030303030303,124.60606060606061
112,73.0,22.062812487183017,11.055999273806762,19.209372712298546,11.055999273806762,1189.4246575342465,132.64383561643837
113,19.0,5.191085476184401,4.745022176667219,5.385164807134504,4.745022176667219,1852.4736842105262,125.0
114,5.0,3.098386676965933,1.7888543819998317,3.1622776601683795,1.7888543819998317,2833.4,124.2
115,12.0,6.831300510639732,2.0,6.082762530298219,2.0,2851.5,123.5
116,100.0,20.728865345199555,17.799161258345432,21.095023109728988,17.799161258345432,1399.02,129.94
117,7.0,5.672452304781605,1.5606183863895253,5.0990195135927845,1.5606183863895253,324.42857142857144,125.71428571428571
118,42.0,16.615630027847867,6.572306687527123,14.212670403551895,6.572306687527123,1223.7619047619048,128.52380952380952
119,5.0,3.098386676965933,1.7888543819998317,3.1622776601683795,1.7888543819998317,1355.8,125.4
120,8.0,3.4641016151377544,2.7386127875258306,3.605551275463989,2.7386127875258306,1368.875,126.125
121,13.0,4.318667337728677,3.6794648440311994,4.47213595499958,3.6794648440311994,1331.3846153846155,129.3846153846154
122,18.0,7.58512619276108,3.0220071652060123,8.06225774829855,3.0220071652060123,1373.8333333333333,131.5
123,1633411.0,1928.9338652422734,1094.2999532007698,1915.248547839157,1094.2999532007698,1376.15178237443,713.5917604326162
124,42.0,24.068572769312443,3.3974706938964707,20.248456731316587,3.3974706938964707,1477.5238095238096,131.1904761904762
125,10.0,5.656854249492381,2.0,5.0990195135927845,2.0,1075.5,131.0
126,12.0,6.831300510639732,2.0,6.082762530298219,2.0,1181.5,131.5
127,30.0,7.172953287304063,6.108451979233224,7.615773105863909,6.108451979233224,1246.3666666666666,131.46666666666667
128,12.0,6.831300510639732,2.0,6.082762530298219,2.0,1315.5,131.5
129,12.0,6.831300510639732,2.0,6.082762530298219,2.0,1387.5,131.5
130,19.0,7.347338259627431,3.178877656956105,7.0710678118654755,3.178877656956105,2841.0,131.68421052631578
131,18.0,6.831300510639732,3.265986323710904,6.324555320336759,3.265986323710904,2889.0,131.5
132,29.0,9.500823779663566,5.093021297640455,9.486832980505138,5.093021297640455,314.9310344827586,134.79310344827587
133,70.0,19.533228017051226,6.701381457428506,18.681541692269406,6.701381457428506,1093.5285714285715,136.1
134,10.0,5.656854249492381,2.0,5.0990195135927845,2.0,1108.0,131.5
135,22.0,5.752469825293227,4.851514205136848,6.082762530298219,4.851514205136848,1275.5,132.72727272727272
136,6.0,3.265986323710904,2.0,3.1622776601683795,2.0,2961.0,131.5
137,282.0,35.92582798722947,14.375903699884404,34.88552708502482,14.375903699884404,1142.5248226950355,141.86879432624113
138,24.0,7.846700263404908,4.237578642817043,7.615773105863909,4.237578642817043,1156.2083333333333,134.66666666666666
139,25.0,7.46712679493152,4.251166596172835,7.615773105863909,4.251166596172835,1412.2,134.16
140,14.0,5.290525975320703,3.802540531841003,5.385164807134504,3.802540531841003,1494.857142857143,134.42857142857142
141,8.0,4.47213595499958,2.0,4.123105625617661,2.0,2859.5,133.5
142,7.0,3.7032803990902057,2.138089935299395,3.605551275463989,2.138089935299395,1489.0,134.0
143,77.0,14.139570830785262,11.336390864721999,15.0,11.336390864721999,2919.4545454545455,137.07792207792207
144,440.0,37.212160725035424,15.633143536050547,38.41874542459709,15.633143536050547,791.9977272727273,149.23181818181817
145,46.0,17.06041321151211,4.097691096093472,15.132745950421556,4.097691096093472,1337.4130434782608,141.04347826086956
146,24.0,8.169973899941736,4.26892828429959,7.615773105863909,4.26892828429959,1424.4166666666667,137.625
147,15.0,4.77795383588526,3.981909289096598,5.0990195135927845,3.981909289096598,229.73333333333332,137.66666666666666
148,21.0,8.226004473807071,3.123601555590147,8.06225774829855,3.123601555590147,1328.952380952381,139.33333333333334
149,100.0,18.408788828696427,8.0396824477377,17.08800749063506,8.0396824477377,1475.74,143.18
150,24.0,9.354901896977342,3.3395324769488903,8.54400374531753,3.3395324769488903,1715.5,139.5
151,14.0,4.20883424647321,4.120630029101703,4.47213595499958,4.120630029101703,2883.5,137.28571428571428
152,56.0,17.750505632808178,5.16623247085441,17.88854381999832,5.16623247085441,2962.1785714285716,143.51785714285714
153,12.0,6.831300510639732,2.0,6.082762530298219,2.0,307.5,139.5
154,98.0,20.425239845879467,6.732893851876651,20.396078054371138,6.732893851876651,1051.6224489795918,147.79591836734693
155,19.0,7.814584519566541,3.3164364581596937,7.280109889280518,3.3164364581596937,1116.421052631579,137.94736842105263
156,33.0,16.91173594296192,3.2786956064051114,14.560219778561036,3.2786956064051114,1354.0,142.75757575757575
157,14.0,10.04230073685507,2.168690000604837,9.055385138137417,2.168690000604837,1294.9285714285713,138.42857142857142
158,6.0,3.265986323710904,2.0,3.1622776601683795,2.0,1409.0,139.5
159,122.0,22.10602296323784,11.833155142536103,21.93171219946131,11.833155142536103,2935.9836065573772,147.0327868852459
160,7.0,3.0237157840738176,2.799416848895061,3.1622776601683795,2.799416848895061,201.71428571428572,142.0
161,16.0,9.001612880467707,2.378752940134357,8.06225774829855,2.378752940134357,339.9375,141.625
162,6.0,3.1269438398822857,2.309401076758503,3.1622776601683795,2.309401076758503,1486.1666666666667,142.16666666666666
163,7.0,3.0237157840738176,2.7994168488950604,3.1622776601683795,2.7994168488950604,1742.0,141.71428571428572
164,5.0,3.098386676965933,1.7888543819998317,3.1622776601683795,1.7888543819998317,1118.2,142.6
165,45.0,13.824628509600696,6.729382203675204,12.806248474865697,6.729382203675204,1206.8444444444444,145.0222222222222
166,5.0,3.098386676965933,1.7888543819998317,3.1622776601683795,1.7888543819998317,1376.4,144.2
167,28.0,7.671840904055744,5.0142653642240695,8.246211251235321,5.0142653642240695,2982.0,148.5
168,6.0,3.265986323710904,2.0,3.1622776601683795,2.0,2987.5,145.0
169,12.0,6.831300510639732,2.0,6.082762530298219,2.0,976.5,147.5
170,12.0,6.831300510639732,2.0,6.082762530298219,2.0,1195.5,147.5
171,10.0,5.656854249492381,2.0,5.0990195135927845,2.0,251.5,148.0
172,18.0,5.258737584977436,4.268749491621899,5.385164807134504,4.268749491621899,281.77777777777777,147.5
173,6.0,3.265986323710904,2.0,3.1622776601683795,2.0,1318.0,147.5
174,17.0,9.69216795733302,2.654162626664916,8.54400374531753,2.654162626664916,1740.7058823529412,149.11764705882354
175,16.0,6.199798383818623,3.1622776601683795,6.082762530298219,3.1622776601683795,315.1875,150.0
176,76.0,18.228745241813595,7.1018193865240535,17.26267650163207,7.1018193865240535,1173.5263157894738,152.48684210526315
177,13.0,7.554371880072024,1.9753176197160076,7.0710678118654755,1.9753176197160076,1251.2307692307693,149.53846153846155
178,47.0,9.579873631075346,6.394573895851362,10.0,6.394573895851362,1364.4255319148936,152.31914893617022
179,8.0,4.47213595499958,2.0,4.123105625617661,2.0,651.5,151.5
180,18.0,9.90202177635197,2.3568841745525577,9.055385138137417,2.3568841745525577,1313.388888888889,154.61111111111111
181,6.0,3.265986323710904,2.0,3.1622776601683795,2.0,1137.0,152.5
182,35.0,12.096730153308807,6.334915975319326,10.770329614269007,6.334915975319326,1482.0,155.34285714285716
183,5.0,2.5298221281347035,2.5298221281347035,3.0,2.5298221281347035,2958.0,153.0
184,30.0,10.32633733336643,3.986377017037793,9.219544457292887,3.986377017037793,285.93333333333334,157.26666666666668
185,18.0,6.831300510639732,3.265986323710904,6.324555320336759,3.265986323710904,337.0,155.5
186,39.0,11.305407509888925,5.181110721349135,10.44030650891055,5.181110721349135,1089.051282051282,158.15384615384616
187,12.0,6.831300510639732,2.0,6.082762530298219,2.0,1731.5,155.5
188,10.0,5.656854249492381,2.0,5.0990195135927845,2.0,1755.5,155.0
189,6.0,6.831300510639732,0.0,6.0,0.0,1793.0,155.5
190,55.0,12.547561098536935,5.876865955055401,13.152946437965905,5.876865955055401,1859.8181818181818,158.5090909090909
191,78.0,16.132834449813647,7.404169429162701,16.278820596099706,7.404169429162701,2930.602564102564,161.53846153846155
192,6.0,3.126943839882286,2.309401076758503,3.1622776601683795,2.309401076758503,1013.8333333333334,154.83333333333334
193,120.0,13.608396854300027,12.393250024387804,15.231546211727817,12.393250024387804,1156.9666666666667,161.74166666666667
194,7.0,3.0237157840738176,2.799416848895061,3.1622776601683795,2.799416848895061,968.7142857142857,156.0
195,14.0,6.05122561235416,2.8490985356670366,6.082762530298219,2.8490985356670366,1061.857142857143,157.42857142857142
196,5.0,3.098386676965933,1.7888543819998317,3.1622776601683795,1.7888543819998317,1141.6,156.2
197,12.0,5.702196280712472,2.694946261803124,5.830951894845301,2.694946261803124,1105.0833333333333,158.41666666666666
198,6.0,3.651483716701107,2.1081851067789197,3.605551275463989,2.1081851067789197,1110.3333333333333,157.33333333333334
199,16.0,5.695083944250216,3.683207687321392,6.082762530298219,3.683207687321392,1691.75,157.75
200,21.0,8.226004473807071,3.123601555590147,8.06225774829855,3.123601555590147,1123.6666666666667,158.04761904761904
201,19.0,10.177223152083945,2.5530984583778364,9.055385138137417,2.5530984583778364,300.57894736842104,161.31578947368422
202,21.0,8.226004473807071,3.123601555590147,8.06225774829855,3.123601555590147,1096.952380952381,163.66666666666666
203,16.0,9.16515138991168,2.0,8.06225774829855,2.0,1195.5,163.5
204,68.0,13.483031320299144,6.448377225161198,13.341664064126334,6.448377225161198,1241.4117647058824,165.5441176470588
205,129.0,25.66384215678677,9.912821336836208,21.95449840010015,9.912821336836208,1712.4728682170542,167.32558139534885
206,17.0,6.469706273289072,4.075115772273621,7.0710678118654755,4.075115772273621,1825.0,161.41176470588235
207,14.0,6.345556473640769,2.965659712379632,6.324555320336759,2.965659712379632,219.92857142857142,162.0
208,22.0,8.334948850998792,4.56899716450453,8.602325267042627,4.56899716450453,353.77272727272725,162.72727272727272
209,17.0,6.585670706008097,3.1796084995103278,6.324555320336759,3.1796084995103278,954.0588235294117,163.35294117647058
210,13.0,7.554371880072024,1.9753176197160076,7.0710678118654755,1.9753176197160076,1003.4615384615385,163.76923076923077
211,13.0,7.554371880072024,1.9753176197160076,7.0710678118654755,1.9753176197160076,1750.4615384615386,164.23076923076923
212,11.0,6.1592216015262125,2.2740772369956574,5.830951894845301,2.2740772369956574,1816.0,162.8181818181818
213,12.0,6.831300510639732,2.0,6.082762530298219,2.0,2971.5,163.5
214,21.0,6.032039989528758,4.479733061685141,6.324555320336759,4.479733061685141,993.4285714285714,163.61904761904762
215,8.0,3.4641016151377544,2.8284271247461903,4.0,2.8284271247461903,1080.0,163.5
216,9.0,4.277662731533559,2.643019518000728,4.123105625617661,2.643019518000728,1717.5555555555557,162.66666666666666
217,122.0,18.59340023506315,10.52438875895158,20.09975124224178,10.52438875895158,796.7786885245902,172.10655737704917
218,10.0,5.656854249492381,2.0,5.0990195135927845,2.0,1116.0,163.5
219,6.0,3.265986323710904,2.0,3.1622776601683795,2.0,1377.0,163.5
220,36.0,7.686822350698642,6.029693739589454,8.06225774829855,6.029693739589454,1762.0,165.75
221,40.0,17.040383664882288,3.338461405140534,14.560219778561036,3.338461405140534,1175.45,165.45
222,135.0,34.177954333824125,8.84750877320463,27.65863337187866,8.84750877320463,1106.4444444444443,180.07407407407408
223,24.0,8.747806709148799,4.3720437633056894,8.54400374531753,4.3720437633056894,1146.75,168.29166666666666
224,13.0,7.554371880072024,1.9753176197160076,7.0710678118654755,1.9753176197160076,1739.7692307692307,165.53846153846155
225,11.0,5.0559593483889005,2.688989307749465,5.0990195135927845,2.688989307749465,284.90909090909093,167.1818181818182
226,9.0,3.885753375057407,2.7954428906961324,4.123105625617661,2.7954428906961324,348.6666666666667,167.88888888888889
227,16.0,5.671046209682951,3.6522917309054934,6.082762530298219,3.6522917309054934,198.625,170.125
228,18.0,8.892669334025893,2.5976128675194534,9.0,2.5976128675194534,217.27777777777777,171.94444444444446
229,13.0,7.554371880072024,1.9753176197160076,7.0710678118654755,1.9753176197160076,889.4615384615385,171.23076923076923
230,21.0,8.226004473807071,3.123601555590147,8.06225774829855,3.123601555590147,1072.952380952381,171.66666666666666
231,6.0,3.126943839882286,2.309401076758503,3.1622776601683795,2.309401076758503,1136.8333333333333,168.83333333333334
232,51.0,10.271354017655138,6.296793901771382,10.198039027185569,6.296793901771382,1797.549019607843,172.13725490196077
233,12.0,6.831300510639732,2.0,6.082762530298219,2.0,897.5,171.5
234,25.0,6.906891004642013,4.93806203383425,7.280109889280518,4.93806203383425,973.88,172.8
235,13.0,7.554371880072024,1.9753176197160076,7.0710678118654755,1.9753176197160076,1115.7692307692307,169.46153846153845
236,12.0,6.831300510639732,2.0,6.082762530298219,2.0,1640.5,171.5
237,12.0,6.831300510639732,2.0,6.082762530298219,2.0,1779.5,171.5
238,10.0,4.09878030638384,2.9933259094191533,4.123105625617661,2.9933259094191533,1177.2,171.5
239,14.0,4.742873420478221,3.686025552052299,5.0990195135927845,3.686025552052299,1662.642857142857,172.21428571428572
240,12.0,3.8297084310253524,3.8297084310253524,4.123105625617661,3.8297084310253524,1755.5,171.5
241,42.0,11.09239912104056,5.359370679020023,11.40175425099138,5.359370679020023,231.52380952380952,177.61904761904762
242,28.0,8.160528440060695,4.474150251938322,8.246211251235321,4.474150251938322,1082.9285714285713,174.28571428571428
243,5.0,5.656854249492381,0.0,5.0,0.0,283.0,173.0
244,5.0,4.093338188813543,1.5635160606788383,4.0,1.5635160606788383,278.2,175.6
245,5.0,3.098386676965933,1.7888543819998317,3.1622776601683795,1.7888543819998317,290.2,174.6
246,13.0,7.554371880072024,1.9753176197160076,7.0710678118654755,1.9753176197160076,843.7692307692307,174.53846153846155
247,6.0,6.831300510639732,0.0,6.0,0.0,923.5,174.0
248,23.0,9.54171523384248,3.6639431586724087,9.486832980505138,3.6639431586724087,1130.9565217391305,176.65217391304347
249,20.0,10.67910990888964,2.792241313686035,9.219544457292887,2.792241313686035,2976.75,178.35
250,15.0,8.701579641278252,1.9816549121722193,8.06225774829855,1.9816549121722193,902.5333333333333,179.73333333333332
251,15.0,4.77795383588526,3.981909289096598,5.0990195135927845,3.981909289096598,979.6666666666666,177.26666666666668
252,37.0,10.318312210480508,4.815811320903915,9.486832980505138,4.815811320903915,1060.2972972972973,177.67567567567568
253,5.0,2.5298221281347035,2.5298221281347035,3.0,2.5298221281347035,1153.0,177.0
254,16.0,5.244535484642193,3.9204397139005818,5.385164807134504,3.9204397139005818,1635.8125,177.1875
255,171.0,24.111241356920083,11.981608948210084,23.021728866442675,11.981608948210084,1766.3976608187133,186.3859649122807
256,14.0,4.20883424647321,4.120630029101703,4.47213595499958,4.120630029101703,1819.5,177.28571428571428
257,37.0,15.386883090765298,6.685724003385186,13.038404810405298,6.685724003385186,2936.5405405405404,181.8108108108108
258,6.0,3.265986323710904,2.0,3.1622776601683795,2.0,2939.5,177.0
259,12.0,6.831300510639732,2.0,6.082762530298219,2.0,331.5,179.5
260,13.0,7.554371880072024,1.9753176197160076,7.0710678118654755,1.9753176197160076,341.53846153846155,179.76923076923077
261,12.0,6.831300510639732,2.0,6.082762530298219,2.0,1643.5,179.5
262,13.0,5.327693424801688,2.9221156196156555,5.385164807134504,2.9221156196156555,1787.0,178.0
263,35.0,12.247822359450398,4.253093772187534,11.180339887498949,4.253093772187534,1805.9142857142858,180.97142857142856
264,170.0,39.72946320630914,7.599430573012033,34.92849839314596,7.599430573012033,1872.2882352941176,193.27058823529413
265,47.0,9.76696341474017,6.4252358066256985,9.848857801796104,6.4252358066256985,283.51063829787233,181.48936170212767
266,14.0,4.592903864145437,4.036457505877987,5.0990195135927845,4.036457505877987,325.7857142857143,181.21428571428572
267,25.0,6.45921595312105,4.864250124217147,6.708203932499369,4.864250124217147,2964.56,180.8
268,47.0,9.444435776734954,7.259124726840419,10.198039027185569,7.259124726840419,2873.7021276595747,184.0212765957447
269,8.0,3.4641016151377544,2.8284271247461903,4.0,2.8284271247461903,886.0,182.5
270,56.0,22.880806851927257,5.217641214726739,19.4164878389476,5.217641214726739,915.9285714285714,190.53571428571428
271,5.0,2.5298221281347035,2.5298221281347035,3.0,2.5298221281347035,953.0,182.0
272,56.0,19.72143471424019,6.173818366305035,16.492422502470642,6.173818366305035,1055.1964285714287,183.69642857142858
273,19.0,7.3473382596274295,3.178877656956105,7.0710678118654755,3.178877656956105,1123.3157894736842,182.0
274,36.0,17.50541197141082,3.635226636516787,15.524174696260024,3.635226636516787,1654.7222222222222,183.66666666666666
275,8.0,8.493618765183317,1.1655214591442762,7.0710678118654755,1.1655214591442762,1884.375,181.875
276,12.0,4.894994431930091,2.9693109114997,5.0990195135927845,2.9693109114997,2983.1666666666665,181.91666666666666
277,6.0,3.1269438398822857,2.309401076758503,3.1622776601683795,2.309401076758503,216.16666666666666,183.83333333333334
278,67.0,13.810645241696468,8.190908577937636,13.892443989449804,8.190908577937636,1071.910447761194,188.23880597014926
279,17.0,5.181899763382574,4.041201040002321,5.385164807134504,4.041201040002321,1844.8823529411766,184.58823529411765
280,16.0,9.16515138991168,2.0,8.06225774829855,2.0,1933.5,186.5
281,16.0,5.244535484642193,3.9204397139005818,5.385164807134504,3.9204397139005818,251.8125,185.1875
282,9.0,3.885753375057407,2.7954428906961324,4.123105625617661,2.7954428906961324,262.6666666666667,185.11111111111111
283,121.0,20.705681056982222,11.41820388014257,23.345235059857504,11.41820388014257,303.43801652892563,194.21487603305786
284,88.0,24.498710002017788,7.769482680950887,22.847319317591726,7.769482680950887,322.70454545454544,189.3068181818182
285,34.0,10.432609450411483,4.111520970621845,10.198039027185569,4.111520970621845,346.6470588235294,188.3235294117647
286,6.0,3.265986323710904,2.0,3.1622776601683795,2.0,939.5,185.0
287,12.0,5.294328785763616,2.862220279862641,5.0990195135927845,2.862220279862641,961.25,185.91666666666666
288,12.0,3.8297084310253524,3.8297084310253524,4.123105625617661,3.8297084310253524,1115.5,185.5
289,8.0,3.4641016151377544,2.7386127875258306,3.605551275463989,2.7386127875258306,1136.125,185.125
290,19.0,7.455128930368747,3.15086937833595,7.0710678118654755,3.15086937833595,2948.8947368421054,187.0
291,17.0,6.01767038946723,3.5986487521727915,6.082762530298219,3.5986487521727915,800.1764705882352,186.88235294117646
292,18.0,6.831300510639732,3.265986323710904,6.324555320336759,3.265986323710904,929.0,187.5
293,16.0,4.858276321300674,4.281898082146419,5.0990195135927845,4.281898082146419,1837.75,187.0625
294,6.0,6.831300510639732,0.0,6.0,0.0,1755.5,186.0
295,11.0,6.1592216015262125,2.2740772369956574,5.830951894845301,2.2740772369956574,208.0,188.1818181818182
296,61.0,14.78074000168438,6.568517314305523,16.15549442140351,6.568517314305523,236.34426229508196,196.19672131147541
297,16.0,7.519259403215537,3.2149242646063567,6.708203932499369,3.2149242646063567,1783.5625,191.9375
298,24.0,12.726586706443419,3.716418784415368,11.40175425099138,3.716418784415368,1889.5833333333333,192.08333333333334
299,80.0,16.02919148664797,8.003281844616753,15.652475842498529,8.003281844616753,210.7875,195.175
300,11.0,5.055959348388901,2.6889893077494644,5.0990195135927845,2.6889893077494644,285.8181818181818,191.9090909090909
301,7.0,3.0237157840738176,2.799416848895061,3.1622776601683795,2.799416848895061,337.7142857142857,191.0
302,51.0,10.691857333239195,6.14400336163307,12.0,6.14400336163307,943.4117647058823,195.58823529411765
303,80.0,11.158967441151658,9.856720836430199,12.36931687685298,9.856720836430199,934.1875,196.65
304,22.0,10.544889123008609,3.0497837877544294,9.848857801796104,3.0497837877544294,865.5909090909091,196.27272727272728
305,7.0,4.155374705678736,1.9054711331003737,4.123105625617661,1.9054711331003737,956.2857142857143,192.57142857142858
306,12.0,4.464216783173839,3.409739589526534,4.47213595499958,3.409739589526534,1939.6666666666667,193.5
307,31.0,9.636385691908037,4.6102640810137965,8.94427190999916,4.6102640810137965,2966.3870967741937,193.48387096774192
308,21.0,5.453041275270223,4.9538858324681865,6.082762530298219,4.9538858324681865,2988.3809523809523,193.71428571428572
309,27.0,7.650189888861872,4.5936348145842265,8.06225774829855,4.5936348145842265,275.962962962963,196.85185185185185
310,16.0,9.033750393824489,2.7529718164332704,8.06225774829855,2.7529718164332704,703.375,195.6875
311,41.0,17.731312798226327,4.308626060312082,15.524174696260024,4.308626060312082,906.1463414634146,200.4390243902439
312,12.0,6.831300510639732,2.0,6.082762530298219,2.0,923.5,195.5
313,17.0,5.661053382547679,3.8023236200202857,6.082762530298219,3.8023236200202857,1049.2941176470588,195.64705882352942
314,19.0,7.347338259627431,3.178877656956105,7.0710678118654755,3.178877656956105,1862.0,195.68421052631578
315,23.0,6.667281608803804,4.352291467154875,6.708203932499369,4.352291467154875,2940.4347826086955,195.3913043478261
316,9.0,4.277662731533559,2.643019518000728,4.123105625617661,2.643019518000728,254.66666666666666,195.55555555555554
317,22.0,8.49696105130758,3.1908961408698624,8.06225774829855,3.1908961408698624,338.8181818181818,195.0
318,12.0,4.47213595499958,3.265986323710904,4.47213595499958,3.265986323710904,1065.0,195.5
319,17.0,5.687199475889392,3.879016058442017,6.082762530298219,3.879016058442017,264.8235294117647,197.35294117647058
320,13.0,5.203549084703927,3.076923076923077,5.0990195135927845,3.076923076923077,845.8461538461538,197.0
321,8.0,3.4641016151377544,2.7386127875258306,3.605551275463989,2.7386127875258306,1926.125,198.125
322,23.0,9.527086514447381,3.2399664304774016,9.219544457292887,3.2399664304774016,247.2173913043478,202.56521739130434
323,8.0,4.47213595499958,2.0,4.123105625617661,2.0,956.5,198.5
324,15.0,7.734318207931477,2.6504275698279427,7.0710678118654755,2.6504275698279427,187.53333333333333,201.26666666666668
325,14.0,4.20883424647321,4.120630029101703,4.47213595499958,4.120630029101703,1075.5,201.28571428571428
326,16.0,5.477225575051661,3.7080992435478315,5.385164807134504,3.7080992435478315,1854.125,202.0
327,7.0,8.0,0.0,7.0,0.0,1004.0,202.0
328,143.0,18.350140701237457,13.82556922208343,20.248456731316587,13.82556922208343,2892.8251748251746,210.28671328671328
329,13.0,7.3708452737538455,2.888805317669981,7.280109889280518,2.888805317669981,202.46153846153845,204.84615384615384
330,23.0,7.610212274206421,3.993091855075217,7.615773105863909,3.993091855075217,282.5217391304348,204.2608695652174
331,6.0,3.265986323710904,2.0,3.1622776601683795,2.0,313.0,203.5
332,525.0,30.660973461909638,25.74275804238629,37.48332962798263,25.74275804238629,334.4304761904762,215.13333333333333
333,6.0,3.265986323710904,2.0,3.1622776601683795,2.0,1593.0,203.5
334,12.0,6.831300510639732,2.0,6.082762530298219,2.0,1891.5,203.5
335,15.0,5.082404752320705,3.926016604401,5.385164807134504,3.926016604401,1937.5333333333333,205.26666666666668
336,20.0,9.91985855470425,3.0588243255638075,9.219544457292887,3.0588243255638075,240.05,208.25
337,32.0,6.715120135252402,6.131448570209797,7.280109889280518,6.131448570209797,1907.5625,207.125
338,6.0,3.1269438398822857,2.309401076758503,3.1622776601683795,2.309401076758503,230.16666666666666,205.83333333333334
339,21.0,8.4178139104555,3.7948886602901233,8.06225774829855,3.7948886602901233,956.6190476190476,206.38095238095238
340,16.0,7.745966692414834,2.6457513110645907,8.0,2.6457513110645907,2947.5,205.75
341,7.0,4.155374705678736,1.9054711331003737,4.123105625617661,1.9054711331003737,1588.7142857142858,206.42857142857142
342,24.0,8.246211251235321,3.8151743807531986,8.06225774829855,3.8151743807531986,275.5,208.91666666666666
343,26.0,10.795355941432879,3.6542825865045194,10.295630140987,3.6542825865045194,1003.3076923076923,210.30769230769232
344,15.0,7.7343182079314765,2.6504275698279427,7.0710678118654755,2.6504275698279427,249.26666666666668,211.53333333333333
345,34.0,16.103884361532636,3.7222600512416837,15.132745950421556,3.7222600512416837,258.8529411764706,214.85294117647058
346,7.0,4.155374705678736,1.9054711331003737,4.123105625617661,1.9054711331003737,290.7142857142857,208.42857142857142
347,6.0,3.265986323710904,2.0,3.1622776601683795,2.0,1563.5,209.0
348,7.0,3.0237157840738176,2.799416848895061,3.1622776601683795,2.799416848895061,1888.7142857142858,209.0
349,31.0,10.660955094058794,3.8180003945991148,9.848857801796104,3.8180003945991148,1895.8709677419354,211.96774193548387
350,5.0,2.5298221281347035,2.5298221281347035,3.0,2.5298221281347035,1958.0,209.0
351,11.0,4.51260859854213,2.9541957835039856,5.0,2.9541957835039856,2982.0,210.0
352,61.0,12.23508261619605,7.369988338717425,14.560219778561036,7.369988338717425,3042.7377049180327,211.0
353,12.0,6.831300510639732,2.0,6.082762530298219,2.0,235.5,211.5
354,19.0,11.335273964573634,2.5348947851699535,10.04987562112089,2.5348947851699535,264.7368421052632,214.1578947368421
355,19.0,5.212526051472713,4.66479582459468,5.385164807134504,4.66479582459468,737.7368421052631,210.6315789473684
356,14.0,7.223425730278744,2.471403448419801,6.708203932499369,2.471403448419801,803.5,211.5
357,26.0,7.549442551621722,4.332347027793453,7.280109889280518,4.332347027793453,868.5,211.76923076923077
358,12.0,6.831300510639732,2.0,6.082762530298219,2.0,1931.5,211.5
359,15.0,8.701579641278252,1.9816549121722193,8.06225774829855,1.9816549121722193,2962.733333333333,209.46666666666667
360,28.0,6.521549834579044,5.606119105813881,6.708203932499369,5.606119105813881,1539.5,212.35714285714286
361,14.0,5.449353665897314,3.1458514520977277,5.385164807134504,3.1458514520977277,229.92857142857142,213.14285714285714
362,6.0,3.265986323710904,2.0,3.1622776601683795,2.0,611.5,212.0
363,5.0,3.098386676965933,1.7888543819998317,3.1622776601683795,1.7888543819998317,821.6,212.8
364,10.0,4.09878030638384,2.9933259094191533,4.123105625617661,2.9933259094191533,1947.5,212.8
365,11.0,4.346129984141888,3.067356324605907,4.47213595499958,3.067356324605907,188.63636363636363,214.0909090909091
366,61.0,12.355995543065294,6.479052745246158,12.36931687685298,6.479052745246158,1011.8688524590164,218.54098360655738
367,9.0,4.277662731533559,2.643019518000728,4.123105625617661,2.643019518000728,2952.6666666666665,214.55555555555554
368,32.0,9.501212426751707,4.323853885336428,9.486832980505138,4.323853885336428,3034.28125,216.78125
369,22.0,9.831055192219795,3.1140747013430436,8.94427190999916,3.1140747013430436,307.72727272727275,219.77272727272728
370,46.0,8.87467883281605,6.659416347320276,8.94427190999916,6.659416347320276,315.5,219.65217391304347
371,74.0,15.873990185562471,8.046727137125107,17.0,8.046727137125107,357.68918918918916,225.28378378378378
372,11.0,4.346129984141888,3.067356324605907,4.47213595499958,3.067356324605907,850.3636363636364,217.0909090909091
373,26.0,10.03079444075773,3.2195358994696512,9.219544457292887,3.2195358994696512,966.0384615384615,219.84615384615384
374,77.0,11.985124674171468,8.825240441589642,13.038404810405298,8.825240441589642,2981.6623376623374,222.03896103896105
375,13.0,7.554371880072024,1.9753176197160076,7.0710678118654755,1.9753176197160076,763.7692307692307,217.46153846153845
376,7.0,8.0,0.0,7.0,0.0,2001.0,220.0
377,11.0,7.000091071529562,1.904422265109768,7.0,1.904422265109768,2934.3636363636365,220.1818181818182
378,6.0,3.8297084310253524,1.8856180831641272,4.0,1.8856180831641272,816.3333333333334,219.5
379,14.0,4.20883424647321,4.120630029101703,4.47213595499958,4.120630029101703,823.2857142857143,219.5
380,15.0,4.618802153517006,4.026578365477733,5.0,4.026578365477733,1958.4,219.6
381,6.0,3.265986323710904,2.0,3.1622776601683795,2.0,1846.0,219.5
382,21.0,12.527924715179292,2.484206862701955,11.180339887498949,2.484206862701955,191.71428571428572,226.23809523809524
383,21.0,7.334485355160616,4.082079673592342,7.280109889280518,4.082079673592342,3037.095238095238,223.33333333333334
384,22.0,8.942407713446876,3.886865633357433,8.54400374531753,3.886865633357433,219.45454545454547,224.8181818181818
385,11.0,5.189483704979297,2.6306840451061073,5.0,2.6306840451061073,1983.5454545454545,223.63636363636363
386,18.0,5.542593461893073,3.9932849113038276,5.830951894845301,3.9932849113038276,170.0,224.5
387,20.0,5.138093031466052,4.9396356140913875,5.385164807134504,4.9396356140913875,60.25,225.75
388,16.0,6.928203230275509,2.8284271247461903,6.708203932499369,2.8284271247461903,208.5,226.5
389,6.0,3.126943839882286,2.309401076758503,3.1622776601683795,2.309401076758503,1952.8333333333333,224.83333333333334
390,10.0,3.9191835884530852,3.0983866769659336,4.123105625617661,3.0983866769659336,289.0,226.2
391,6.0,3.6514837167011076,2.10818510677892,3.605551275463989,2.10818510677892,366.3333333333333,225.66666666666666
392,36.0,6.831300510639732,6.831300510639732,7.810249675906654,6.831300510639732,835.5,227.5
393,13.0,7.554371880072024,1.9753176197160076,7.0710678118654755,1.9753176197160076,867.4615384615385,227.76923076923077
394,19.0,7.347338259627431,3.178877656956105,7.0710678118654755,3.178877656956105,1929.0,227.68421052631578
395,508.0,37.81540081720113,22.235412968296355,40.44749683231337,22.235412968296355,1940.1614173228347,245.22834645669292
396,6.0,4.363338213437162,1.65500979239906,4.123105625617661,1.65500979239906,2064.6666666666665,226.16666666666666
397,20.0,7.731010827707836,3.198667157092813,7.280109889280518,3.198667157092813,2956.95,227.85
398,34.0,13.224460991059983,4.520556470600853,13.341664064126334,4.520556470600853,3015.294117647059,228.0
399,10.0,4.09878030638384,2.9933259094191533,4.123105625617661,2.9933259094191533,960.2,227.5
400,24.0,10.457970867600775,3.174159696180691,9.486832980505138,3.174159696180691,2949.5833333333335,230.16666666666666
401,21.0,6.982511037059589,3.8008359180972215,7.0710678118654755,3.8008359180972215,2968.5714285714284,229.0952380952381
402,8.0,3.4641016151377544,2.7386127875258306,3.605551275463989,2.7386127875258306,198.875,228.875
403,44.0,12.75116616963909,6.659572814721838,12.041594578792296,6.659572814721838,239.63636363636363,230.54545454545453
404,10.0,4.079215610874228,3.22490309931942,4.123105625617661,3.22490309931942,267.5,229.6
405,41.0,8.04926477082689,6.548173878757967,8.54400374531753,6.548173878757967,251.41463414634146,231.41463414634146
406,28.0,13.911483255986036,4.729544671751559,11.661903789690601,4.729544671751559,877.5714285714286,232.46428571428572
407,5.0,2.5298221281347035,2.5298221281347035,3.0,2.5298221281347035,2990.0,230.0
408,10.0,7.887165627530472,1.610160974530768,7.0710678118654755,1.610160974530768,180.6,230.3
409,18.0,5.96284793999944,3.8297084310253524,6.082762530298219,3.8297084310253524,2939.5,232.66666666666666
410,9.0,3.885753375057407,2.7954428906961324,4.123105625617661,2.7954428906961324,3039.3333333333335,231.11111111111111
411,96.0,15.35138394739497,9.270994032147174,15.652475842498529,9.270994032147174,854.4791666666666,235.55208333333334
412,19.0,9.24813344413931,2.63179053653608,9.055385138137417,2.63179053653608,1961.2631578947369,235.31578947368422
413,30.0,9.532949055232788,3.9847757610550514,9.219544457292887,3.9847757610550514,3032.7,234.93333333333334
414,18.0,6.831300510639732,3.265986323710904,6.324555320336759,3.265986323710904,811.5,233.0
415,35.0,7.303802773649341,6.173261611270268,7.615773105863909,6.173261611270268,1917.3428571428572,234.22857142857143
416,33.0,11.852624318325633,3.8488616113649043,11.180339887498949,3.8488616113649043,2998.4848484848485,237.42424242424244
417,89.0,17.768482291914342,8.84187634081402,16.15549442140351,8.84187634081402,3023.2134831460676,237.53932584269663
418,12.0,6.831300510639732,2.0,6.082762530298219,2.0,291.5,235.5
419,39.0,9.230524224120837,5.714606341471891,9.433981132056603,5.714606341471891,327.3076923076923,236.64102564102564
420,12.0,6.831300510639732,2.0,6.082762530298219,2.0,819.5,235.5
421,11.0,5.189483704979297,2.6306840451061078,5.0,2.6306840451061078,865.6363636363636,234.54545454545453
422,12.0,6.831300510639732,2.0,6.082762530298219,2.0,3007.5,235.5
423,9.0,4.618802153517006,2.3517789431685254,4.47213595499958,2.3517789431685254,830.5555555555555,235.88888888888889
424,18.0,6.831300510639732,3.265986323710904,6.324555320336759,3.265986323710904,339.5,238.0
425,25.0,6.688508998406512,5.351023021650639,7.211102550927978,5.351023021650639,2947.2,240.12
426,50.0,9.865733507799044,7.251710305375633,9.848857801796104,7.251710305375633,2964.28,239.54
427,55.0,14.729732264245419,9.247538639806917,15.033296378372908,9.247538639806917,303.8,244.98181818181817
428,8.0,4.47213595499958,2.0,4.123105625617661,2.0,899.5,238.5
429,14.0,4.981598792617912,3.625307868699863,5.0990195135927845,3.625307868699863,315.5,240.85714285714286
430,16.0,6.324555320336759,3.3726843908080104,6.4031242374328485,3.3726843908080104,826.6875,241.5625
431,16.0,6.790738345114385,2.959877147483174,7.0710678118654755,2.959877147483174,261.0625,242.5625
432,107.0,18.746674689755718,8.032450623409726,18.027756377319946,8.032450623409726,351.30841121495325,243.85981308411215
433,37.0,9.25698670918111,5.091415725097166,10.04987562112089,5.091415725097166,786.4324324324324,242.16216216216216
434,38.0,13.037184603335556,3.7812359879263893,13.038404810405298,3.7812359879263893,800.3421052631579,246.39473684210526
435,6.0,3.265986323710904,2.0,3.1622776601683795,2.0,1923.5,241.0
436,14.0,8.246211251235321,1.9794866372215747,8.0,1.9794866372215747,227.5,241.42857142857142
437,72.0,13.22793969895209,11.410684032358418,14.560219778561036,11.410684032358418,247.15277777777777,246.83333333333334
438,67.0,17.95155264178282,6.401275744017657,16.401219466856727,6.401275744017657,365.1044776119403,247.32835820895522
439,13.0,7.554371880072024,1.9753176197160076,7.0710678118654755,1.9753176197160076,2029.5384615384614,243.76923076923077
440,26.0,8.682496653793102,4.89403003294631,8.602325267042627,4.89403003294631,2985.346153846154,243.30769230769232
441,15.0,5.215498621614658,3.7283771738060287,5.385164807134504,3.7283771738060287,217.73333333333332,243.6
442,41.0,16.087785094213526,4.530083857617548,13.892443989449804,4.530083857617548,272.780487804878,247.9268292682927
443,33.0,13.27752301838617,4.263297087402434,11.661903789690601,4.263297087402434,287.45454545454544,249.1818181818182
444,10.0,4.5692001405127005,2.757246828983344,5.0,2.757246828983344,681.1,248.1
445,13.0,8.743340706610923,2.354179043444611,7.280109889280518,2.354179043444611,831.2307692307693,247.23076923076923
446,234.0,28.31691082898952,16.376189730961357,27.313000567495326,16.376189730961357,338.70940170940173,261.62393162393164
447,19.0,7.347338259627431,3.178877656956105,7.0710678118654755,3.178877656956105,2041.0,251.31578947368422
448,7.0,4.0456382356289255,2.415966245432733,4.123105625617661,2.415966245432733,2951.8571428571427,248.85714285714286
449,46.0,11.770772670825252,5.581916823085426,12.529964086141668,5.581916823085426,690.6521739130435,252.47826086956522
450,13.0,7.554371880072024,1.9753176197160076,7.0710678118654755,1.9753176197160076,2931.5384615384614,251.76923076923077
451,12.0,4.47213595499958,3.265986323710904,4.47213595499958,3.265986323710904,350.0,251.5
452,6.0,3.9999999999999996,1.632993161855452,4.123105625617661,1.632993161855452,207.5,252.5
453,56.0,22.517841120918458,5.518327037598459,19.1049731745428,5.518327037598459,809.6964285714286,260.7857142857143
454,10.0,4.09878030638384,2.9933259094191533,4.123105625617661,2.9933259094191533,2021.8,253.5
455,164.0,33.12288149032657,11.256128142770883,36.124783736376884,11.256128142770883,2970.432926829268,267.7073170731707
456,30.0,10.7367594000144,3.7180935717682853,10.0,3.7180935717682853,367.1,257.43333333333334
457,43.0,9.672687387636588,5.774841955383312,9.486832980505138,5.774841955383312,244.32558139534885,257.90697674418607
458,113.0,23.604636067420874,14.244278528340809,20.248456731316587,14.244278528340809,303.27433628318585,263.2566371681416
459,10.0,4.477016006518516,2.8768607330520872,4.47213595499958,2.8768607330520872,2071.3,256.2
460,154.0,19.430869719289408,15.056818678326286,19.72308292331602,15.056818678326286,318.74675324675326,264.8376623376623
461,31.0,8.497261952811176,4.679585068410191,8.246211251235321,4.679585068410191,2008.7096774193549,259.258064516129
462,38.0,15.327602980633417,3.7513860261755316,14.142135623730951,3.7513860261755316,2034.6315789473683,262.3421052631579
463,29.0,8.504440860756826,4.2611318058210035,8.246211251235321,4.2611318058210035,2978.448275862069,259.37931034482756
464,59.0,16.93203308408797,4.837938854970102,16.1245154965971,4.837938854970102,2983.5593220338983,262.1864406779661
465,12.0,6.831300510639732,2.0,6.082762530298219,2.0,3011.5,259.5
466,14.0,6.663945022680343,2.9277002188455996,6.082762530298219,2.9277002188455996,651.2857142857143,259.5
467,12.0,5.04402536508653,3.000375403313416,5.0990195135927845,3.000375403313416,2953.0833333333335,261.4166666666667
468,8.0,4.47213595499958,2.0,4.123105625617661,2.0,203.5,261.5
469,20.0,6.788312934921345,3.7254271563915413,7.0710678118654755,3.7254271563915413,361.25,264.2
470,32.0,11.508149286483905,5.291502622129181,10.44030650891055,5.291502622129181,2051.5,264.1875
471,14.0,8.246211251235321,1.9794866372215747,8.0,1.9794866372215747,2107.5,261.57142857142856
472,19.0,6.460538150799645,3.8375540078650547,6.324555320336759,3.8375540078650547,2795.0526315789475,263.6842105263158
473,15.0,8.701579641278252,1.9816549121722193,8.06225774829855,1.9816549121722193,2940.266666666667,261.46666666666664
474,22.0,7.781158471688972,3.767940351353178,7.615773105863909,3.767940351353178,2020.5,263.8181818181818
475,5.0,3.098386676965933,1.7888543819998317,3.1622776601683795,1.7888543819998317,2165.6,263.2
476,7.0,3.0237157840738176,2.799416848895061,3.1622776601683795,2.799416848895061,2087.714285714286,265.0
477,6.0,3.265986323710904,2.0,3.1622776601683795,2.0,2923.5,265.0
478,6.0,3.265986323710904,2.0,3.1622776601683795,2.0,3003.5,265.0
479,74.0,17.696577223442585,8.795869050533561,17.46424919657298,8.795869050533561,3012.527027027027,273.05405405405406
480,12.0,6.831300510639732,2.0,6.082762530298219,2.0,169.5,267.5
481,8.0,4.47213595499958,2.0,4.123105625617661,2.0,683.5,266.5
482,26.0,6.498065255982423,5.349334969450372,7.0710678118654755,5.349334969450372,2044.5,267.7692307692308
483,28.0,12.33875593239382,3.295017884191656,11.045361017187261,3.295017884191656,2099.5,270.64285714285717
484,7.0,3.0237157840738176,2.7994168488950604,3.1622776601683795,2.7994168488950604,2857.0,265.7142857142857
485,21.0,8.226004473807071,3.123601555590147,8.06225774829855,3.123601555590147,211.33333333333334,266.95238095238096
486,12.0,4.47213595499958,3.265986323710904,4.47213595499958,3.265986323710904,257.0,267.5
487,6.0,3.8297084310253524,1.8856180831641272,4.0,1.8856180831641272,350.6666666666667,267.5
488,7.0,3.0237157840738176,2.799416848895061,3.1622776601683795,2.799416848895061,2753.285714285714,268.0
489,43.0,20.883005009968233,3.6305363267334965,18.24828759089466,3.6305363267334965,2950.6511627906975,269.7674418604651
490,11.0,3.9999999999999996,3.468869823334348,4.123105625617661,3.468869823334348,267.6363636363636,269.54545454545456
491,20.0,7.848566748139434,3.0983866769659336,8.0,3.0983866769659336,235.5,270.0
492,21.0,8.422866176654306,3.389124425635691,8.246211251235321,3.389124425635691,2084.0476190476193,270.8095238095238
493,15.0,5.982593621313813,3.0484451785557387,6.082762530298219,3.0484451785557387,2993.6666666666665,269.93333333333334
494,91.0,15.14064409997082,11.413721236014645,16.278820596099706,11.413721236014645,2998.6153846153848,278.74725274725273
495,117.0,17.752410149446238,9.467748342249234,18.027756377319946,9.467748342249234,2023.820512820513,275.56410256410254
496,27.0,8.640089744175718,4.1021442209954175,8.54400374531753,4.1021442209954175,242.40740740740742,275.9259259259259
497,20.0,7.858279155774742,3.1949098124855113,8.06225774829855,3.1949098124855113,798.05,275.5
498,38.0,21.378662114643472,2.3097787028310655,19.0,2.3097787028310655,2061.6052631578946,281.39473684210526
499,11.0,6.410747983365109,1.9649396885733192,6.082762530298219,1.9649396885733192,355.45454545454544,275.27272727272725
500,39.0,8.130707798075925,6.523568229472441,9.055385138137417,6.523568229472441,2802.4102564102564,277.2564102564103
501,5.0,5.656854249492381,0.0,5.0,0.0,228.0,274.0
502,19.0,5.823023270641691,4.298861666059325,6.324555320336759,4.298861666059325,345.3157894736842,277.3157894736842
503,18.0,6.831300510639732,3.265986323710904,6.324555320336759,3.265986323710904,171.5,278.0
504,9.0,3.265986323710904,3.265986323710904,3.605551275463989,3.265986323710904,205.0,278.0
505,93.0,16.970063182225047,8.07654049025898,18.439088914585774,8.07654049025898,323.7741935483871,283.5698924731183
506,35.0,8.479184022308184,5.364639473737309,8.94427190999916,5.364639473737309,690.8857142857142,279.25714285714287
507,8.0,3.8888437389046198,2.6223833385648136,4.123105625617661,2.6223833385648136,301.75,278.75
508,16.0,5.291502622129181,3.872983346207417,6.0,3.872983346207417,2075.5,281.25
509,6.0,3.8297084310253524,1.8856180831641272,4.0,1.8856180831641272,2123.5,280.3333333333333
510,10.0,4.0,3.149603149604724,4.123105625617661,3.149603149604724,2142.7,281.7
511,18.0,7.097764472921567,3.0939225541184827,7.0710678118654755,3.0939225541184827,2950.0555555555557,283.1666666666667
512,7.0,4.155374705678736,1.9054711331003737,4.123105625617661,1.9054711331003737,2984.4285714285716,281.2857142857143
513,32.0,10.85920234494115,5.4356668801191885,10.295630140987,5.4356668801191885,2097.90625,285.84375
514,12.0,3.8297084310253524,3.8297084310253524,4.123105625617661,3.8297084310253524,347.5,283.5
515,117.0,21.14161069458984,11.052690323794996,19.72308292331602,11.052690323794996,2806.4529914529912,291.56410256410254
516,20.0,5.848892667774697,4.559655092312508,6.324555320336759,4.559655092312508,276.1,285.55
517,172.0,27.952012996530726,13.227519956761169,27.51363298439521,13.227519956761169,305.5988372093023,296.5406976744186
518,18.0,6.801997626427508,3.326584077309318,7.0710678118654755,3.326584077309318,340.0,284.5
519,38.0,9.057678628726812,5.5348313556705495,9.433981132056603,5.5348313556705495,266.1842105263158,287.05263157894734
520,5.0,3.098386676965933,1.7888543819998317,3.1622776601683795,1.7888543819998317,2990.6,285.2
521,23.0,7.7697371828720465,4.1450305942241235,7.615773105863909,4.1450305942241235,2050.521739130435,286.4782608695652
522,15.0,6.791134621996741,2.8402741439135504,6.324555320336759,2.8402741439135504,2899.2,285.8
523,6.0,3.8297084310253524,1.8856180831641272,4.0,1.8856180831641272,2123.5,286.6666666666667
524,13.0,4.919459827476725,3.3758773884632336,5.0990195135927845,3.3758773884632336,2085.153846153846,288.53846153846155
525,8.0,3.4641016151377544,2.7386127875258306,3.605551275463989,2.7386127875258306,680.875,288.875
526,9.0,3.885753375057407,2.7954428906961324,4.123105625617661,2.7954428906961324,686.3333333333334,288.8888888888889
527,22.0,8.504342120060915,3.27880241402971,8.246211251235321,3.27880241402971,698.0454545454545,291.1818181818182
528,68.0,33.99573861626666,3.969929995575519,29.427877939124322,3.969929995575519,2131.3676470588234,300.52941176470586
529,7.0,4.155374705678736,1.9054711331003737,4.123105625617661,1.9054711331003737,2966.5714285714284,289.2857142857143
530,54.0,12.004571602893565,7.571877794400364,12.36931687685298,7.571877794400364,2043.5,296.25925925925924
531,41.0,15.12583230768508,4.566297935223102,14.317821063276353,4.566297935223102,248.4390243902439,292.9024390243902
532,18.0,5.962847939999439,3.8297084310253524,6.082762530298219,3.8297084310253524,2900.3333333333335,291.5
533,5.0,3.098386676965933,1.7888543819998317,3.1622776601683795,1.7888543819998317,230.8,291.6
534,6.0,3.265986323710904,2.0,3.1622776601683795,2.0,278.5,292.0
535,20.0,6.331370505657219,3.938749486841458,6.324555320336759,3.938749486841458,3024.65,293.45
536,12.0,4.894994431930091,2.9693109114997,5.0990195135927845,2.9693109114997,2055.8333333333335,293.9166666666667
537,23.0,8.95741307213491,4.3694145135535605,8.602325267042627,4.3694145135535605,2962.217391304348,296.30434782608694
538,35.0,12.245503642929354,5.470541490974483,11.661903789690601,5.470541490974483,2986.4857142857145,295.48571428571427
539,10.0,6.0,1.959591794226542,6.0,1.959591794226542,2171.5,294.4
540,10.0,3.9191835884530852,3.0983866769659336,4.123105625617661,3.0983866769659336,228.0,296.8
541,6.0,3.265986323710904,2.0,3.1622776601683795,2.0,235.5,296.0
542,31.0,12.145288633067633,4.052308526517685,11.40175425099138,4.052308526517685,686.6774193548387,298.19354838709677
543,38.0,20.58625035549348,3.598427235948059,17.46424919657298,3.598427235948059,281.7368421052632,299.05263157894734
544,30.0,10.539546363954447,5.235155330163896,10.0,5.235155330163896,318.9,300.3666666666667
545,14.0,5.449353665897314,3.145851452097728,5.385164807134504,3.145851452097728,452.85714285714283,296.92857142857144
546,16.0,9.16515138991168,2.0,8.06225774829855,2.0,648.5,299.5
547,10.0,5.656854249492381,2.0,5.0990195135927845,2.0,259.5,299.0
548,33.0,16.91173594296192,3.2786956064051114,14.560219778561036,3.2786956064051114,677.0,304.24242424242425
549,12.0,6.831300510639732,2.0,6.082762530298219,2.0,635.5,299.5
550,62.0,16.579049248963734,8.032378292040878,15.264337522473747,8.032378292040878,2058.7419354838707,303.43548387096774
551,21.0,11.393281518594573,2.365268860461536,10.198039027185569,2.365268860461536,249.42857142857142,301.85714285714283
552,11.0,5.055959348388901,2.688989307749465,5.0990195135927845,2.688989307749465,695.0909090909091,301.8181818181818
553,34.0,13.699523725554117,3.601884052009688,12.36931687685298,3.601884052009688,2087.5,302.05882352941177
554,20.0,7.731010827707835,3.198667157092813,7.280109889280518,3.198667157092813,3003.85,302.05
555,6.0,3.265986323710904,2.0,3.1622776601683795,2.0,3035.5,302.0
556,184.0,35.012043922853735,10.504179274675382,31.400636936215164,10.504179274675382,3007.929347826087,313.5
557,6.0,3.265986323710904,2.0,3.1622776601683795,2.0,2019.5,305.0
558,28.0,9.141494976509193,6.7328321513409675,9.848857801796104,6.7328321513409675,2095.9285714285716,307.7142857142857
559,71.0,17.20164416253706,6.0996393643268405,15.811388300841896,6.0996393643268405,2112.6901408450703,310.6056338028169
560,38.0,8.21343123374205,5.952437662638169,8.54400374531753,5.952437662638169,2959.657894736842,307.2894736842105
561,23.0,7.39179666355037,3.8869054472910975,7.280109889280518,3.8869054472910975,2986.1304347826085,305.5652173913044
562,13.0,4.417038656910848,3.8174087729822177,5.0990195135927845,3.8174087729822177,201.30769230769232,306.9230769230769
563,67.0,15.969366731273297,8.021526442050225,17.72004514666935,8.021526442050225,283.8805970149254,309.4179104477612
564,52.0,11.276183534744234,7.7437735043084315,11.661903789690601,7.7437735043084315,704.5769230769231,310.1730769230769
565,12.0,6.831300510639732,2.0,6.082762530298219,2.0,2123.5,307.5
566,49.0,11.053178008324954,7.225505562598974,12.083045973594572,7.225505562598974,2804.612244897959,309.6938775510204
567,18.0,7.939210184863344,2.8770790075823065,7.615773105863909,2.8770790075823065,2938.4444444444443,308.1111111111111
568,23.0,7.966604448462667,3.752773385070465,8.246211251235321,3.752773385070465,318.30434782608694,308.8695652173913
569,20.0,7.848566748139434,3.0983866769659336,8.0,3.0983866769659336,2043.5,308.0
570,8.0,3.9722133299273006,2.6403638502198645,4.123105625617661,2.6403638502198645,654.375,309.75
571,8.0,4.1204045563213505,2.4025541184843804,4.123105625617661,2.4025541184843804,623.625,310.25
572,19.0,6.445157368745343,3.782171577066278,6.324555320336759,3.782171577066278,648.578947368421,311.7368421052632
573,36.0,9.574214136669083,4.871291963493972,9.486832980505138,4.871291963493972,734.9166666666666,311.44444444444446
574,15.0,5.258554520990449,3.5691337129452037,5.385164807134504,3.5691337129452037,304.93333333333334,313.26666666666665
575,13.0,7.554371880072024,1.9753176197160076,7.0710678118654755,1.9753176197160076,698.5384615384615,315.2307692307692
576,18.0,5.258737584977436,4.268749491621899,5.385164807134504,4.268749491621899,2148.5,313.77777777777777
577,51.0,20.276340684446428,7.604074566257269,14.866068747318506,7.604074566257269,2987.392156862745,315.54901960784315
578,21.0,5.425630528451305,4.962004663927373,6.324555320336759,4.962004663927373,626.0952380952381,315.57142857142856
579,35.0,16.97511409656567,2.949747720171884,15.132745950421556,2.949747720171884,2157.6,319.0285714285714
580,16.0,6.0,3.4641016151377544,6.082762530298219,3.4641016151377544,2937.5,315.5
581,22.0,6.402478858785095,4.306443375391641,6.324555320336759,4.306443375391641,2970.2727272727275,315.5
582,15.0,8.071560128676527,2.4415216976857885,7.280109889280518,2.4415216976857885,669.7333333333333,317.8666666666667
583,23.0,6.648858297178542,4.687256884986656,7.0710678118654755,4.687256884986656,688.6521739130435,317.7826086956522
584,6.0,3.265986323710904,2.0,3.1622776601683795,2.0,2766.5,317.0
585,6.0,3.265986323710904,2.0,3.1622776601683795,2.0,643.5,318.0
586,36.0,8.122897017306498,5.885221151057154,8.54400374531753,5.885221151057154,2956.1944444444443,319.0833333333333
587,25.0,8.307474260684488,3.827096994859773,8.246211251235321,3.827096994859773,2847.04,320.64
588,74.0,12.37507471595936,8.5405385214326,12.083045973594572,8.5405385214326,2908.554054054054,323.18918918918916
589,24.0,9.354901896977342,3.3395324769488903,8.54400374531753,3.3395324769488903,2939.5,323.5
590,20.0,7.731010827707835,3.198667157092813,7.280109889280518,3.198667157092813,2948.95,323.15
591,10.0,5.656854249492381,2.0,5.0990195135927845,2.0,2147.5,323.0
592,20.0,6.3118935352238,4.09878030638384,6.324555320336759,4.09878030638384,571.5,324.9
593,56.0,18.349575564112794,4.3958717976998045,17.029386365926403,4.3958717976998045,694.2321428571429,325.875
594,49.0,14.66184451246584,7.090824696455658,13.038404810405298,7.090824696455658,601.1020408163265,328.59183673469386
595,23.0,11.52353361520843,2.9389257476758757,10.44030650891055,2.9389257476758757,651.8260869565217,326.0
596,20.0,5.686046858244247,4.926344600801971,6.082762530298219,4.926344600801971,2139.75,326.5
597,9.0,4.0171906061502325,2.8906758369544234,4.123105625617661,2.8906758369544234,2164.8888888888887,325.8888888888889
598,24.0,7.8029951880935675,3.880426592403606,8.06225774829855,3.880426592403606,614.2916666666666,328.7083333333333
599,10.0,4.843508650621465,2.7240455119830576,5.0990195135927845,2.7240455119830576,2972.6,328.1
600,24.0,9.232297275741665,4.161759551906931,9.219544457292887,4.161759551906931,640.75,331.3333333333333
601,18.0,7.416721908507127,3.0395969654079673,7.0710678118654755,3.0395969654079673,710.8333333333334,331.1111111111111
602,118.0,25.666115315839804,10.17453372332844,22.02271554554524,10.17453372332844,2988.093220338983,336.27966101694915
603,12.0,6.831300510639732,2.0,6.082762530298219,2.0,561.5,331.5
604,13.0,4.296689244236598,3.904177704753699,4.47213595499958,3.904177704753699,664.6153846153846,330.2307692307692
605,14.0,8.246211251235321,1.9794866372215747,8.0,1.9794866372215747,2115.5,329.42857142857144
606,51.0,27.8104576311999,3.4157368661273906,24.186773244895647,3.4157368661273906,2955.3529411764707,340.94117647058823
607,72.0,14.906957792465,7.473319918766687,17.204650534085253,7.473319918766687,627.4305555555555,339.68055555555554
608,6.0,3.1269438398822857,2.309401076758503,3.1622776601683795,2.309401076758503,2094.1666666666665,334.1666666666667
609,31.0,7.03815689055286,5.716529333921642,7.280109889280518,5.716529333921642,2972.6129032258063,336.741935483871
610,14.0,4.20883424647321,4.120630029101703,4.47213595499958,4.120630029101703,715.5,336.7142857142857
611,103.0,14.202960294671838,10.475675172267417,16.1245154965971,10.475675172267417,2108.3106796116504,342.99029126213594
612,25.0,7.817898105420974,4.180008279089308,8.246211251235321,4.180008279089308,2152.64,338.28
613,15.0,8.701579641278252,1.9816549121722193,8.06225774829855,1.9816549121722193,558.5333333333333,339.73333333333335
614,48.0,9.898091847534161,7.118052168020874,9.848857801796104,7.118052168020874,2131.5,339.2916666666667
615,39.0,7.569379131982814,6.624201232044111,8.06225774829855,6.624201232044111,2141.5384615384614,339.2307692307692
616,12.0,4.894994431930091,2.9693109114996994,5.0990195135927845,2.9693109114996994,2896.1666666666665,337.0833333333333
617,7.0,3.6486656040768595,2.5058084612197162,4.0,2.5058084612197162,615.8571428571429,339.42857142857144
618,10.0,4.079215610874227,3.224903099319419,4.123105625617661,3.224903099319419,2169.4,339.5
619,9.0,6.545506211474515,1.7272836852629923,5.830951894845301,1.7272836852629923,2855.777777777778,340.44444444444446
620,12.0,4.379650052432559,3.672238021274514,4.47213595499958,3.672238021274514,646.25,345.25
621,88.0,29.253331715592218,4.799365150889849,29.154759474226502,4.799365150889849,2176.090909090909,359.35227272727275
622,8.0,3.4641016151377544,2.7386127875258306,3.605551275463989,2.7386127875258306,2238.125,345.125
623,23.0,7.085787030874366,4.1007556404009,7.280109889280518,4.1007556404009,587.7391304347826,346.7826086956522
624,210.0,34.621436363242225,12.47815138791807,34.92849839314596,12.47815138791807,2152.0809523809526,360.93809523809523
625,26.0,12.401049031226613,4.1525376246254595,11.40175425099138,4.1525376246254595,2900.8076923076924,347.65384615384613
626,12.0,6.831300510639732,2.0,6.082762530298219,2.0,2971.5,347.5
627,10.0,4.079215610874228,3.22490309931942,4.123105625617661,3.22490309931942,3006.5,346.6
628,8.0,3.4641016151377544,2.8284271247461903,4.0,2.8284271247461903,617.0,347.5
629,542.0,69.25358014583496,23.88812863181199,66.2117814289874,23.88812863181199,2986.0332103321034,373.5848708487085
630,10.0,5.075562357094394,2.560989410217544,5.0990195135927845,2.560989410217544,509.7,350.3
631,8.0,4.47213595499958,2.0,4.123105625617661,2.0,2207.5,349.5
632,7.0,3.0237157840738176,2.799416848895061,3.1622776601683795,2.799416848895061,2233.285714285714,350.0
633,15.0,7.734318207931477,2.650427569827944,7.0710678118654755,2.650427569827944,2979.4666666666667,349.73333333333335
634,48.0,10.061151013952033,6.035972373750081,10.198039027185569,6.035972373750081,3011.6666666666665,353.3125
635,17.0,9.261451458356774,2.4304686346783333,8.246211251235321,2.4304686346783333,548.6470588235294,353.29411764705884
636,12.0,6.831300510639732,2.0,6.082762530298219,2.0,2167.5,355.5
637,50.0,17.67991735617746,5.86376349102988,15.524174696260024,5.86376349102988,2197.72,360.42
638,57.0,14.826881379433472,5.544956010626062,15.132745950421556,5.544956010626062,2737.9298245614036,359.0175438596491
639,8.0,3.4641016151377544,2.7386127875258306,3.605551275463989,2.7386127875258306,31.125,357.875
640,12.0,6.831300510639732,2.0,6.082762530298219,2.0,2963.5,357.5
641,14.0,5.449353665897314,3.145851452097728,5.385164807134504,3.145851452097728,2241.0714285714284,361.85714285714283
642,6.0,3.265986323710904,2.0,3.1622776601683795,2.0,2726.0,360.5
643,8.0,4.47213595499958,2.0,4.123105625617661,2.0,2968.5,361.5
644,25.0,6.658544115095981,5.982624028578152,7.280109889280518,5.982624028578152,541.68,363.64
645,12.0,6.831300510639732,2.0,6.082762530298219,2.0,2163.5,363.5
646,5.0,3.098386676965933,1.7888543819998317,3.1622776601683795,1.7888543819998317,2913.6,362.2
647,30.0,11.585891874775106,3.3583062065766645,12.165525060596439,3.3583062065766645,2974.366666666667,367.06666666666666
648,20.0,8.601555790749929,2.9552052346015483,8.06225774829855,2.9552052346015483,2210.7,363.2
649,14.0,4.20883424647321,4.120630029101703,4.47213595499958,4.120630029101703,2936.285714285714,363.5
650,25.0,8.138267046388808,4.482388814199629,7.615773105863909,4.482388814199629,2949.52,365.12
651,8.0,4.507893913753563,2.104493398028036,4.47213595499958,2.104493398028036,693.875,365.75
652,101.0,19.219472987648754,7.187433921520682,18.788294228055936,7.187433921520682,2739.5247524752476,373.28712871287127
653,23.0,8.879990161010365,3.210955619125892,8.246211251235321,3.210955619125892,2924.3478260869565,365.95652173913044
654,33.0,10.845518956498696,4.251296838435097,11.40175425099138,4.251296838435097,2728.6969696969695,371.1818181818182
655,24.0,12.861195179073563,4.147381062415897,10.770329614269007,4.147381062415897,2944.5416666666665,369.7916666666667
656,129.0,20.654995036767072,10.340207204734167,21.95449840010015,10.340207204734167,2137.8527131782944,378.1860465116279
657,53.0,13.522919767290633,5.622007387234202,13.0,5.622007387234202,2190.698113207547,374.77358490566036
658,22.0,10.028769564637555,3.0346177661019476,9.848857801796104,3.0346177661019476,2215.4545454545455,373.5
659,8.0,3.4641016151377544,2.7386127875258306,3.605551275463989,2.7386127875258306,2873.875,369.875
660,9.0,4.277662731533559,2.643019518000728,4.123105625617661,2.643019518000728,2923.3333333333335,373.55555555555554
661,60.0,15.60237706914016,5.778624097398617,14.866068747318506,5.778624097398617,527.05,376.25
662,6.0,3.265986323710904,2.0,3.1622776601683795,2.0,543.0,373.5
663,5.0,2.5298221281347035,2.5298221281347035,3.0,2.5298221281347035,2225.0,374.0
664,5.0,3.098386676965933,1.7888543819998317,3.1622776601683795,1.7888543819998317,2715.6,376.8
665,24.0,9.16515138991168,3.265986323710904,8.246211251235321,3.265986323710904,2915.0,379.5
666,9.0,3.885753375057407,2.7954428906961324,4.123105625617661,2.7954428906961324,2968.3333333333335,377.1111111111111
667,23.0,7.221714596396268,4.0848693686452835,7.280109889280518,4.0848693686452835,2849.3478260869565,380.5217391304348
668,12.0,6.831300510639732,2.0,6.082762530298219,2.0,2891.5,379.5
669,25.0,6.624077294235025,4.8,7.0710678118654755,4.8,2722.0,381.76
670,9.0,3.885753375057407,2.7954428906961324,4.123105625617661,2.7954428906961324,2992.3333333333335,381.8888888888889
671,6.0,3.265986323710904,2.0,3.1622776601683795,2.0,2222.0,383.5
672,35.0,8.940842992479896,5.725355354103525,8.94427190999916,5.725355354103525,2956.8285714285716,385.2
673,28.0,10.388977435025831,3.517850238924859,9.219544457292887,3.517850238924859,2945.8928571428573,385.07142857142856
674,11.0,6.410747983365109,1.964939688573319,6.082762530298219,1.964939688573319,507.54545454545456,387.27272727272725
675,37.0,17.825827797556673,5.677115190763422,16.15549442140351,5.677115190763422,2198.189189189189,391.81081081081084
676,23.0,6.351993867043364,4.750087055216578,6.708203932499369,4.750087055216578,2133.6521739130435,389.6521739130435
677,13.0,7.554371880072024,1.9753176197160076,7.0710678118654755,1.9753176197160076,2891.769230769231,389.53846153846155
678,5.0,3.098386676965933,1.7888543819998317,3.1622776601683795,1.7888543819998317,2936.6,389.8
679,13.0,7.554371880072024,1.9753176197160076,7.0710678118654755,1.9753176197160076,2869.5384615384614,395.2307692307692
680,7.0,3.648665604076859,2.505808461219716,4.0,2.505808461219716,2967.5714285714284,392.85714285714283
681,10.0,5.656854249492381,2.0,5.0990195135927845,2.0,2227.5,396.0
682,9.0,4.277662731533559,2.643019518000728,4.123105625617661,2.643019518000728,2960.3333333333335,395.55555555555554
683,60.0,14.899052672223807,9.786408177970928,14.560219778561036,9.786408177970928,2190.4333333333334,399.95
684,29.0,13.145001626825076,3.3036412019962262,11.661903789690601,3.3036412019962262,2938.689655172414,400.7931034482759
685,26.0,8.867979744320925,4.2256332867905275,9.055385138137417,4.2256332867905275,506.4230769230769,400.53846153846155
686,61.0,16.366736574689803,6.024751509431318,15.524174696260024,6.024751509431318,517.7868852459017,405.0983606557377
687,17.0,6.585670706008097,3.1796084995103278,6.324555320336759,3.1796084995103278,491.05882352941177,403.3529411764706
688,17.0,5.8487650121869175,3.6612026138446656,6.082762530298219,3.6612026138446656,2865.705882352941,403.7647058823529
689,6.0,3.265986323710904,2.0,3.1622776601683795,2.0,497.0,403.5
690,98.0,23.53434851658038,9.001013182828746,21.470910553583888,9.001013182828746,2239.1326530612246,414.16326530612247
691,18.0,5.031134368678197,4.599654635597568,5.385164807134504,4.599654635597568,2971.8888888888887,409.1666666666667
692,14.0,8.246211251235321,1.9794866372215747,8.0,1.9794866372215747,2905.4285714285716,411.5
693,25.0,7.236119379022768,4.395290244401516,7.280109889280518,4.395290244401516,2920.48,411.36
694,6.0,3.265986323710904,2.0,3.1622776601683795,2.0,2955.5,409.0
695,109.0,17.686448656335074,10.822557674381661,19.4164878389476,10.822557674381661,2207.2844036697247,415.95412844036696
696,12.0,6.831300510639732,2.0,6.082762530298219,2.0,2947.5,411.5
697,18.0,6.831300510639733,3.555555555555555,6.708203932499369,3.555555555555555,2960.8888888888887,411.94444444444446
698,18.0,5.258737584977436,4.268749491621899,5.385164807134504,4.268749491621899,507.77777777777777,411.5
699,127.0,16.454784076252047,15.45488027227673,18.439088914585774,15.45488027227673,2193.2047244094488,423.7716535433071
700,5.0,3.098386676965933,1.7888543819998317,3.1622776601683795,1.7888543819998317,2862.8,413.4
701,6.0,6.831300510639732,0.0,6.0,0.0,2875.5,414.0
702,13.0,7.554371880072024,1.9753176197160076,7.0710678118654755,1.9753176197160076,541.5384615384615,419.2307692307692
703,21.0,8.74611528735609,3.920384287095768,8.06225774829855,3.920384287095768,518.2857142857143,420.2857142857143
704,11.0,6.1592216015262125,2.2740772369956574,5.830951894845301,2.2740772369956574,527.0,420.1818181818182
705,15.0,4.822171018673366,4.0,5.0990195135927845,4.0,2871.2,422.2
706,26.0,7.792104273996989,4.58376718802836,7.615773105863909,4.58376718802836,2933.423076923077,423.53846153846155
707,73.0,13.65369164547093,7.614149873206027,13.892443989449804,7.614149873206027,2962.917808219178,425.75342465753425
708,18.0,6.831300510639732,3.265986323710904,6.324555320336759,3.265986323710904,2915.5,425.0
709,15.0,8.701579641278252,1.9816549121722193,8.06225774829855,1.9816549121722193,2952.5333333333333,427.73333333333335
710,19.0,8.335562373246454,3.422729294290589,7.615773105863909,3.422729294290589,2211.3684210526317,428.0
711,32.0,11.508149286483905,5.291502622129181,10.44030650891055,5.291502622129181,2243.5,430.8125
712,31.0,7.8355068475253224,5.123170110832491,8.06225774829855,5.123170110832491,2938.7096774193546,430.2258064516129
713,36.0,13.344887164121292,7.136268790893671,12.806248474865697,7.136268790893671,504.02777777777777,435.8611111111111
714,31.0,14.05011783598526,3.5084282988134836,12.165525060596439,3.5084282988134836,2229.3225806451615,433.5806451612903
715,54.0,18.849629019704878,5.3651434541071215,17.08800749063506,5.3651434541071215,2924.722222222222,434.48148148148147
716,113.0,21.66672518043299,9.460005262698479,21.633307652783937,9.460005262698479,2975.380530973451,435.6106194690266
717,70.0,16.271157070465183,6.224675930953654,17.08800749063506,6.224675930953654,487.1,437.5
718,24.0,9.914730831329624,3.0190692620323314,10.04987562112089,3.0190692620323314,530.75,432.875
719,16.0,8.287431289320327,2.4507106366918165,7.615773105863909,2.4507106366918165,547.375,435.9375
720,35.0,17.44931220114429,3.2088960580047825,15.524174696260024,3.2088960580047825,572.3714285714286,440.4
721,218.0,34.36758994486045,12.729475175849174,36.61966684720111,12.729475175849174,2222.7155963302753,449.5275229357798
722,28.0,8.261789578657956,5.448083008562085,8.94427190999916,5.448083008562085,2909.6428571428573,437.0357142857143
723,12.0,5.485458865381723,2.6496890661577943,5.385164807134504,2.6496890661577943,519.9166666666666,435.0833333333333
724,150.0,18.64781405134169,11.967935308608075,21.95449840010015,11.967935308608075,2329.0866666666666,443.32666666666665
725,37.0,18.509597663027893,6.641254593660298,16.401219466856727,6.641254593660298,2935.5405405405404,441.43243243243245
726,69.0,10.128696048081853,9.266466606215163,11.661903789690601,9.266466606215163,2947.985507246377,440.7826086956522
727,26.0,10.196198095690336,3.3585931494803947,9.486832980505138,3.3585931494803947,556.6538461538462,442.15384615384613
728,72.0,20.191235052745803,5.802496472758442,19.72308292331602,5.802496472758442,2955.902777777778,446.55555555555554
729,12.0,5.294328785763616,2.862220279862641,5.0990195135927845,2.862220279862641,537.9166666666666,441.25
730,18.0,6.831300510639732,3.265986323710904,6.324555320336759,3.265986323710904,2894.0,443.5
731,5.0,5.656854249492381,0.0,5.0,0.0,2246.0,444.0
732,6.0,3.265986323710904,2.0,3.1622776601683795,2.0,2233.0,443.5
733,12.0,7.141921394560869,1.9130147570210732,7.0710678118654755,1.9130147570210732,500.0,447.5
734,10.0,5.0228248744557495,2.508232501294206,5.0990195135927845,2.508232501294206,2238.7,448.8
735,12.0,5.047568218478904,3.156976326209329,5.0990195135927845,3.156976326209329,2911.8333333333335,448.4166666666667
736,5.0,2.5298221281347035,2.5298221281347035,3.0,2.5298221281347035,545.0,449.0
737,14.0,7.223425730278744,2.471403448419801,6.708203932499369,2.471403448419801,491.5,451.5
738,66.0,11.954971406847724,10.100625919668296,13.038404810405298,10.100625919668296,2251.8636363636365,454.25757575757575
739,12.0,6.831300510639732,2.0,6.082762530298219,2.0,2923.5,451.5
740,27.0,16.79609454362185,2.5933043180671684,14.317821063276353,2.5933043180671684,2930.4444444444443,455.48148148148147
741,6.0,3.8297084310253524,1.8856180831641272,3.605551275463989,1.8856180831641272,511.0,451.1666666666667
742,8.0,3.4641016151377544,2.8284271247461903,4.0,2.8284271247461903,2905.0,451.5
743,16.0,4.69041575982343,4.415880433163924,5.0990195135927845,4.415880433163924,593.125,453.375
744,14.0,5.145572204288673,3.4835802830437244,5.0990195135927845,3.4835802830437244,2912.0714285714284,454.7142857142857
745,20.0,6.2906103577220325,3.9734394832840088,6.324555320336759,3.9734394832840088,2943.3,454.5
746,11.0,3.9999999999999996,3.468869823334348,4.123105625617661,3.468869823334348,2872.6363636363635,455.54545454545456
747,12.0,6.831300510639732,2.0,6.082762530298219,2.0,2856.5,459.5
748,12.0,6.831300510639732,2.0,6.082762530298219,2.0,2995.5,459.5
749,8.0,3.4641016151377544,3.3166247903554,4.123105625617661,3.3166247903554,2952.75,459.5
750,10.0,5.0228248744557495,2.5082325012942057,5.0990195135927845,2.5082325012942057,501.7,463.2
751,17.0,5.6871994758893925,3.8790160584420166,6.082762530298219,3.8790160584420166,510.6470588235294,462.1764705882353
752,15.0,8.701579641278252,1.9816549121722193,8.06225774829855,1.9816549121722193,2274.733333333333,461.53333333333336
753,16.0,6.97032909177562,2.879151325016879,7.0710678118654755,2.879151325016879,2323.8125,461.8125
754,98.0,12.768042914659597,9.986203923453486,13.92838827718412,9.986203923453486,2951.561224489796,468.31632653061223
755,5.0,3.098386676965933,1.7888543819998317,3.1622776601683795,1.7888543819998317,2808.4,464.8
756,19.0,7.347338259627431,3.178877656956105,7.0710678118654755,3.178877656956105,2939.684210526316,465.0
757,20.0,7.221277198380035,4.139221620565464,7.211102550927978,4.139221620565464,494.4,468.1
758,133.0,17.147239791379164,12.280029403120317,19.235384061671343,12.280029403120317,518.2481203007519,474.2481203007519
759,11.0,6.410747983365109,1.964939688573319,6.082762530298219,1.964939688573319,531.5454545454545,467.72727272727275
760,18.0,6.831300510639732,3.265986323710904,6.324555320336759,3.265986323710904,2265.0,467.5
761,18.0,6.831300510639732,3.265986323710904,6.324555320336759,3.265986323710904,2873.0,467.5
762,20.0,6.052571743000828,4.191225989591581,6.324555320336759,4.191225989591581,2222.4,469.05
763,49.0,10.721146022054766,6.346050340241923,10.816653826391969,6.346050340241923,2320.795918367347,471.3673469387755
764,7.0,3.5820700954176696,2.4713456540351717,3.605551275463989,2.4713456540351717,537.2857142857143,469.14285714285717
765,19.0,7.7277868459036325,3.279058491656196,7.615773105863909,3.279058491656196,2908.2105263157896,470.1578947368421
766,7.0,4.375345285424217,2.089630999709932,4.123105625617661,2.089630999709932,2899.1428571428573,471.2857142857143
767,5.0,2.5298221281347035,2.5298221281347035,3.0,2.5298221281347035,2249.0,472.0
768,219.0,23.205127411801698,16.188385815959894,24.186773244895647,16.188385815959894,2934.337899543379,483.12785388127855
769,12.0,4.47213595499958,3.265986323710904,4.47213595499958,3.265986323710904,462.0,475.5
770,99.0,21.009262783622145,8.201281304147319,18.601075237738275,8.201281304147319,503.45454545454544,487.1818181818182
771,55.0,10.725803948991386,7.069789461945138,11.40175425099138,7.069789461945138,530.4545454545455,483.45454545454544
772,38.0,11.907301115360728,5.013013821240862,10.770329614269007,5.013013821240862,430.2631578947368,483.1578947368421
773,13.0,7.554371880072024,1.9753176197160076,7.0710678118654755,1.9753176197160076,2885.5384615384614,483.7692307692308
774,12.0,6.831300510639732,2.0,6.082762530298219,2.0,2917.5,483.5
775,9.0,3.885753375057407,2.7954428906961324,4.123105625617661,2.7954428906961324,2954.1111111111113,483.6666666666667
776,35.0,15.01436662670181,4.8168728638752745,13.416407864998739,4.8168728638752745,467.0,487.65714285714284
777,9.0,4.312594463574638,2.660928660904759,4.47213595499958,2.660928660904759,2851.1111111111113,487.22222222222223
778,696.0,44.50897026114553,34.76723253041157,55.072679252057455,34.76723253041157,502.13649425287355,511.92097701149424
779,23.0,8.879990161010365,3.210955619125894,8.246211251235321,3.210955619125894,2944.0434782608695,491.6521739130435
780,12.0,6.831300510639732,2.0,6.082762530298219,2.0,2307.5,489.5
781,80.0,25.975766950482406,5.241853807025361,24.698178070456937,5.241853807025361,2876.4625,501.4
782,55.0,21.68815918005638,4.568228328162022,21.37755832643195,4.568228328162022,477.8727272727273,500.09090909090907
783,66.0,12.557295351677526,6.7114411809463,12.36931687685298,6.7114411809463,2912.2272727272725,493.6666666666667
784,22.0,5.565537405459625,4.972652484064488,6.082762530298219,4.972652484064488,2926.0,493.8636363636364
785,10.0,4.09878030638384,2.9933259094191533,4.123105625617661,2.9933259094191533,2859.5,492.8
786,13.0,7.554371880072024,1.9753176197160076,7.0710678118654755,1.9753176197160076,2885.5384615384614,499.2307692307692
787,18.0,6.831300510639732,3.265986323710904,6.324555320336759,3.265986323710904,465.0,499.5
788,11.0,6.410747983365109,1.964939688573319,6.082762530298219,1.964939688573319,2899.5454545454545,499.72727272727275
789,18.0,5.96284793999944,3.8297084310253524,6.082762530298219,3.8297084310253524,501.6666666666667,499.5
790,14.0,4.20883424647321,4.120630029101703,4.47213595499958,4.120630029101703,2844.714285714286,499.5
791,6.0,3.265986323710904,2.0,3.1622776601683795,2.0,2918.0,499.5
792,13.0,7.554371880072024,1.9753176197160076,7.0710678118654755,1.9753176197160076,2915.4615384615386,507.2307692307692
793,28.0,16.1245154965971,2.0,14.035668847618199,2.0,483.5,511.5
794,12.0,6.831300510639732,2.0,6.082762530298219,2.0,2923.5,507.5
795,13.0,5.731928671776636,2.9022577780997794,5.830951894845301,2.9022577780997794,2886.769230769231,509.46153846153845
796,14.0,4.9437078791371425,3.6321351113335303,5.0990195135927845,3.6321351113335303,433.14285714285717,511.35714285714283
797,7.0,3.0237157840738176,2.799416848895061,3.1622776601683795,2.799416848895061,438.2857142857143,510.0
798,12.0,6.831300510639732,2.0,6.082762530298219,2.0,451.5,515.5
799,22.0,10.787500398581354,3.6400095963267645,9.848857801796104,3.6400095963267645,476.3181818181818,517.4545454545455
800,12.0,6.831300510639732,2.0,6.082762530298219,2.0,2859.5,515.5
801,209.0,36.24968842688344,13.779889890338453,31.76476034853718,13.779889890338453,2891.8899521531102,530.244019138756
802,11.0,6.410747983365108,1.9649396885733192,6.082762530298219,1.9649396885733192,2867.7272727272725,517.5454545454545
803,10.0,6.957267505558825,1.8964252835519997,6.324555320336759,1.8964252835519997,436.8,518.9
804,57.0,20.35461295016707,8.821228803374947,19.209372712298546,8.821228803374947,470.4561403508772,526.2631578947369
805,20.0,7.848566748139434,3.0983866769659336,8.0,3.0983866769659336,2878.0,523.5
806,64.0,10.842293737222539,8.84586649321506,11.661903789690601,8.84586649321506,2914.359375,524.265625
807,43.0,8.55694300231233,6.443743542066553,9.219544457292887,6.443743542066553,2927.4651162790697,523.7674418604652
808,14.0,5.449353665897314,3.145851452097728,5.385164807134504,3.145851452097728,460.85714285714283,529.0714285714286
809,12.0,6.831300510639732,2.0,6.082762530298219,2.0,2281.5,531.5
810,12.0,6.831300510639732,2.0,6.082762530298219,2.0,2935.5,531.5
811,13.0,5.54896316106684,3.0579436998484173,5.385164807134504,3.0579436998484173,2904.076923076923,533.1538461538462
812,5.0,2.5298221281347035,2.5298221281347035,3.0,2.5298221281347035,550.0,534.0
813,7.0,4.155374705678736,1.9054711331003737,4.123105625617661,1.9054711331003737,2917.714285714286,534.5714285714286
814,113.0,17.190234804976427,11.71211847271472,19.209372712298546,11.71211847271472,475.4867256637168,542.2566371681415
815,16.0,9.16515138991168,2.0,8.06225774829855,2.0,2859.5,539.5
816,12.0,6.831300510639732,2.0,6.082762530298219,2.0,2291.5,539.5
817,8.0,3.4641016151377544,2.7386127875258306,3.605551275463989,2.7386127875258306,2846.125,537.875
818,36.0,7.649582782752767,6.036099778314061,8.246211251235321,6.036099778314061,2927.0833333333335,541.5555555555555
819,5.0,2.5298221281347035,2.5298221281347035,3.0,2.5298221281347035,561.0,542.0
820,6.0,3.126943839882286,2.309401076758503,3.1622776601683795,2.309401076758503,2917.8333333333335,541.8333333333334
821,19.0,5.54469823377709,4.2956952169149805,5.830951894845301,4.2956952169149805,2875.4210526315787,544.8947368421053
822,6.0,3.8297084310253524,1.8856180831641272,4.0,1.8856180831641272,459.5,544.3333333333334
823,250.0,38.354345929293885,13.582002957445486,34.92849839314596,13.582002957445486,2905.18,550.072
824,9.0,7.304867956990248,1.6545904517541183,6.324555320336759,1.6545904517541183,2297.0,547.7777777777778
825,12.0,6.831300510639732,2.0,6.082762530298219,2.0,555.5,547.5
826,43.0,14.109027291180023,5.457216463105077,12.529964086141668,5.457216463105077,2284.8837209302324,550.4418604651163
827,10.0,4.09878030638384,2.9933259094191533,4.123105625617661,2.9933259094191533,491.8,549.5
828,6.0,3.8297084310253524,1.8856180831641272,4.0,1.8856180831641272,459.5,550.6666666666666
829,13.0,4.296689244236598,3.9041777047536983,4.47213595499958,3.9041777047536983,2375.3846153846152,552.2307692307693
830,18.0,5.817261686517129,3.9486156100603145,6.324555320336759,3.9486156100603145,2780.6666666666665,553.7222222222222
831,26.0,8.28275585407243,4.2286123684278065,8.54400374531753,4.2286123684278065,2850.8076923076924,553.5
832,8.0,3.9722133299273006,2.6403638502198645,4.123105625617661,2.6403638502198645,432.625,557.75
833,53.0,10.32420725601007,6.570340744620263,10.44030650891055,6.570340744620263,468.52830188679246,563.5849056603773
834,28.0,8.47839985509376,4.129831886088123,8.246211251235321,4.129831886088123,488.60714285714283,563.5357142857143
835,99.0,30.46079989535091,7.110371453989481,24.698178070456937,7.110371453989481,2877.161616161616,570.8787878787879
836,5.0,2.5298221281347035,2.5298221281347035,3.0,2.5298221281347035,2889.0,561.0
837,12.0,6.831300510639732,2.0,6.082762530298219,2.0,2251.5,563.5
838,12.0,5.416025603090641,2.96273147243853,5.385164807134504,2.96273147243853,2207.8333333333335,566.4166666666666
839,13.0,7.554371880072024,1.9753176197160076,7.0710678118654755,1.9753176197160076,2315.230769230769,565.5384615384615
840,246.0,36.42403258690693,15.173446158490556,33.015148038438355,15.173446158490556,2894.451219512195,578.459349593496
841,8.0,4.898979485566356,2.0,4.47213595499958,2.0,412.0,567.5
842,48.0,9.16515138991168,6.831300510639732,9.433981132056603,6.831300510639732,475.5,571.5
843,5.0,2.5298221281347035,2.5298221281347035,3.0,2.5298221281347035,2233.0,569.0
844,6.0,6.831300510639732,0.0,6.0,0.0,483.5,570.0
845,153.0,16.907916965034637,14.564581798008103,20.223748416156685,14.564581798008103,2239.921568627451,580.8888888888889
846,24.0,8.004593223657121,4.201036722763171,7.615773105863909,4.201036722763171,2284.2916666666665,576.375
847,103.0,19.954567016142676,7.839720414326026,18.027756377319946,7.839720414326026,462.99029126213594,579.3689320388349
848,18.0,5.333333333333333,4.216370213557839,5.385164807134504,4.216370213557839,485.0,576.3333333333334
849,13.0,7.554371880072024,1.9753176197160076,7.0710678118654755,1.9753176197160076,2267.4615384615386,579.2307692307693
850,61.0,12.099574595162949,7.695611684647063,13.152946437965905,7.695611684647063,2260.8196721311474,582.4262295081967
851,13.0,7.554371880072024,1.9753176197160076,7.0710678118654755,1.9753176197160076,2325.5384615384614,579.7692307692307
852,36.0,14.022434437552961,4.661475853835005,12.649110640673518,4.661475853835005,2278.25,583.6111111111111
853,515.0,40.85479657342212,21.042777525810568,45.17742799230607,21.042777525810568,2923.9611650485435,599.0446601941748
854,5.0,2.5298221281347035,2.5298221281347035,3.0,2.5298221281347035,457.0,585.0
855,20.0,7.848566748139434,3.0983866769659336,8.0,3.0983866769659336,2299.5,585.0
856,22.0,9.71500882797364,4.248335619805705,9.219544457292887,4.248335619805705,2332.681818181818,592.0909090909091
857,8.0,3.4641016151377544,2.8284271247461903,4.0,2.8284271247461903,339.5,590.0
858,19.0,7.347338259627431,3.178877656956105,7.0710678118654755,3.178877656956105,2843.684210526316,590.0
859,11.0,4.854444919780395,2.858303992038103,5.0990195135927845,2.858303992038103,2313.7272727272725,592.1818181818181
860,26.0,6.789278463585179,4.812497876749759,7.211102550927978,4.812497876749759,2852.8846153846152,593.3461538461538
861,15.0,4.974602161647368,3.7712361663282534,5.0990195135927845,3.7712361663282534,2208.6,593.9333333333333
862,5.0,3.098386676965933,1.7888543819998317,3.1622776601683795,1.7888543819998317,2230.2,592.6
863,7.0,4.155374705678736,1.9054711331003737,4.123105625617661,1.9054711331003737,2294.714285714286,592.5714285714286
864,230.0,39.38780882487133,12.590745314801392,37.16180835212409,12.590745314801392,2888.2869565217393,609.7826086956521
865,12.0,5.047398899971206,2.9573614197104288,5.385164807134504,2.9573614197104288,2817.0,594.8333333333334
866,12.0,3.8297084310253524,3.8297084310253524,4.123105625617661,3.8297084310253524,459.5,595.5
867,14.0,4.981598792617913,3.625307868699863,5.0990195135927845,3.625307868699863,2303.1428571428573,595.5
868,16.0,9.16515138991168,2.0,8.06225774829855,2.0,2275.5,595.5
869,24.0,7.730943663344865,4.491876503047729,7.615773105863909,4.491876503047729,434.2083333333333,598.7916666666666
870,349.0,64.29860907936246,16.96727319843369,58.82176467941097,16.96727319843369,2268.3094555873927,619.458452722063
871,29.0,12.133552023240139,3.9487480167517397,11.40175425099138,3.9487480167517397,2904.1724137931033,601.9655172413793
872,6.0,3.265986323710904,2.0,3.1622776601683795,2.0,401.0,600.5
873,16.0,7.547998191815775,2.7207946075265954,7.0710678118654755,2.7207946075265954,409.3125,603.0625
874,13.0,5.255909692865794,3.1711018074512287,5.385164807134504,3.1711018074512287,464.84615384615387,603.9230769230769
875,16.0,4.898979485566356,4.0,5.0990195135927845,4.0,2849.0,603.5
876,6.0,3.1269438398822857,2.309401076758503,3.1622776601683795,2.309401076758503,438.1666666666667,606.1666666666666
877,6.0,3.265986323710904,2.0,3.1622776601683795,2.0,401.0,606.5
878,22.0,8.49696105130758,3.1908961408698624,8.06225774829855,3.1908961408698624,425.0,611.1818181818181
879,26.0,9.819278400634257,4.480938864898279,10.198039027185569,4.480938864898279,2308.423076923077,614.9615384615385
880,26.0,10.956485834069575,4.288739673880652,10.295630140987,4.288739673880652,2284.269230769231,618.9230769230769
881,21.0,6.763967256496578,3.8802065910038612,7.0710678118654755,3.8802065910038612,2905.1428571428573,616.4761904761905
882,16.0,6.324555320336759,3.122498999199199,6.082762530298219,3.122498999199199,421.875,619.5
883,18.0,6.800171096554536,3.359841849717805,6.708203932499369,3.359841849717805,2561.5555555555557,620.6111111111111
884,16.0,6.0,3.4641016151377544,6.082762530298219,3.4641016151377544,2895.5,619.5
885,10.0,4.09878030638384,2.9933259094191533,4.123105625617661,2.9933259094191533,2307.5,620.8
886,5.0,2.5298221281347035,2.5298221281347035,3.0,2.5298221281347035,2289.0,625.0
887,26.0,10.030794440757731,3.2195358994696512,9.219544457292887,3.2195358994696512,2916.153846153846,624.9615384615385
888,28.0,10.63302518053051,3.625307868699863,10.04987562112089,3.625307868699863,420.92857142857144,627.5
889,10.0,5.656854249492381,2.0,5.0990195135927845,2.0,2316.0,627.5
890,16.0,5.385164807134504,3.8078865529319543,5.385164807134504,3.8078865529319543,2897.625,629.375
891,34.0,11.182502447990698,4.498759410383704,11.40175425099138,4.498759410383704,2296.029411764706,634.3529411764706
892,15.0,5.281633700418865,3.5748987412450273,5.385164807134504,3.5748987412450273,414.2,633.8666666666667
893,17.0,5.224377249688121,4.280801270273,5.385164807134504,4.280801270273,2305.529411764706,633.5294117647059
894,20.0,7.848566748139434,3.0983866769659336,8.0,3.0983866769659336,2326.0,635.5
895,20.0,10.354463805295909,2.9231967612216847,9.219544457292887,2.9231967612216847,2869.55,636.75
896,6.0,3.265986323710904,2.0,3.1622776601683795,2.0,2902.5,633.0
897,12.0,6.831300510639732,2.0,6.082762530298219,2.0,2315.5,635.5
898,65.0,12.549953296117726,8.58010482992386,12.206555615733702,8.58010482992386,2899.0307692307692,641.7846153846153
899,17.0,5.955033681292135,3.7013786097158055,6.324555320336759,3.7013786097158055,2280.529411764706,642.0
900,16.0,5.326818938165629,3.7416573867739418,5.385164807134504,3.7416573867739418,2884.0625,641.3125
901,22.0,6.402478858785094,4.30644337539164,6.324555320336759,4.30644337539164,2316.7272727272725,643.5
902,26.0,10.740513318468492,3.2530296737299804,9.848857801796104,3.2530296737299804,425.3076923076923,647.2692307692307
903,15.0,5.148879227269528,3.609268690575713,5.385164807134504,3.609268690575713,2309.3333333333335,645.5333333333333
904,21.0,6.5723948658118845,4.600699677139643,6.708203932499369,4.600699677139643,2864.3333333333335,649.9047619047619
905,15.0,7.077106698246239,2.7152050676543755,7.0710678118654755,2.7152050676543755,2883.266666666667,649.2666666666667
906,69.0,16.099914417142365,5.919191003279266,14.866068747318506,5.919191003279266,2295.057971014493,654.7971014492754
907,11.0,4.346129984141888,3.067356324605907,4.47213595499958,3.067356324605907,2846.090909090909,652.6363636363636
908,79.0,13.56508005636607,9.189288189030373,13.892443989449804,9.189288189030373,2891.8227848101264,658.1139240506329
909,16.0,7.418458930101721,2.89895965863515,7.0710678118654755,2.89895965863515,400.8125,659.75
910,32.0,11.765946625750093,4.242640687119285,11.045361017187261,4.242640687119285,2875.5,662.8125
911,38.0,10.725958983387308,5.74825595689448,10.295630140987,5.74825595689448,2284.4473684210525,663.2105263157895
912,33.0,14.233364577889013,4.348980165166101,12.165525060596439,4.348980165166101,2270.787878787879,664.6666666666666
913,16.0,9.16515138991168,2.0,8.06225774829855,2.0,2306.5,659.5
914,6.0,3.265986323710904,2.0,3.1622776601683795,2.0,2902.0,659.5
915,19.0,7.347338259627431,3.178877656956105,7.0710678118654755,3.178877656956105,411.6842105263158,662.0
916,40.0,11.626043964012204,4.7312896494354915,11.40175425099138,4.7312896494354915,2845.275,671.45
917,64.0,12.451865884943807,7.0096098132044835,13.892443989449804,7.0096098132044835,2316.984375,673.1875
918,9.0,4.713432721951591,2.6491734327655063,4.47213595499958,2.6491734327655063,2350.222222222222,669.8888888888889
919,19.0,7.347338259627431,3.178877656956105,7.0710678118654755,3.178877656956105,2291.684210526316,670.0
920,59.0,9.047522041519949,8.612262901549231,10.0,8.612262901549231,408.3050847457627,675.0508474576271
921,41.0,12.92315537393288,6.729393591403239,13.92838827718412,6.729393591403239,2270.6585365853657,680.0731707317074
922,108.0,16.010600663127835,10.579091746500962,18.027756377319946,10.579091746500962,2301.6296296296296,681.0648148148148
923,37.0,10.920381293827697,5.42080764497208,11.045361017187261,5.42080764497208,2286.5945945945946,684.7567567567568
924,7.0,4.155374705678736,1.9054711331003737,4.123105625617661,1.9054711331003737,2815.714285714286,685.5714285714286
925,59.0,12.456795139049142,6.713729307360553,13.341664064126334,6.713729307360553,2274.9491525423728,691.7966101694915
926,20.0,9.650656844676973,2.9639201180682124,8.246211251235321,2.9639201180682124,2293.8,690.7
927,6.0,3.126943839882286,2.309401076758503,3.1622776601683795,2.309401076758503,2280.8333333333335,689.1666666666666
928,38.0,12.26848263169534,4.269275838741029,11.40175425099138,4.269275838741029,2298.5526315789475,696.7368421052631
929,7.0,3.7032803990902057,2.138089935299395,3.605551275463989,2.138089935299395,2310.0,694.0
930,23.0,10.46268105431971,3.153175081578554,9.486832980505138,3.153175081578554,382.0,698.5652173913044
931,58.0,14.502789372295759,8.443961844050248,15.297058540778355,8.443961844050248,2287.0862068965516,702.448275862069
932,8.0,3.4641016151377544,2.8284271247461903,4.0,2.8284271247461903,2798.0,701.5
933,24.0,8.387255992967484,3.6875983177232663,8.246211251235321,3.6875983177232663,2836.7916666666665,704.7916666666666
934,20.0,11.489125293076057,2.0,10.04987562112089,2.0,403.5,709.5
935,7.0,3.648665604076859,2.5058084612197167,4.0,2.5058084612197167,2302.1428571428573,706.5714285714286
936,14.0,7.017298793846583,2.6462077766235526,6.324555320336759,2.6462077766235526,2885.714285714286,707.2142857142857
937,34.0,13.630177648549564,6.631443488118399,13.0,6.631443488118399,395.52941176470586,712.6470588235294
938,10.0,4.079215610874227,3.224903099319419,4.123105625617661,3.224903099319419,2296.5,708.4
939,16.0,7.8829076380478735,2.595142996061391,7.280109889280518,2.595142996061391,2332.1875,710.8125
940,27.0,8.980111789442587,4.012956510891307,8.54400374531753,4.012956510891307,2306.8518518518517,715.925925925926
941,20.0,10.195642720516995,2.6624931015063327,9.219544457292887,2.6624931015063327,2324.1,713.5
942,48.0,12.360220082586409,5.568010173105415,12.529964086141668,5.568010173105415,2801.9166666666665,715.9166666666666
943,19.0,5.22246939772687,4.682145799746454,6.082762530298219,4.682145799746454,2299.4210526315787,714.8947368421053
944,7.0,3.0237157840738176,2.799416848895061,3.1622776601683795,2.799416848895061,232.28571428571428,718.0
945,49.0,8.0,8.0,9.219544457292887,8.0,2868.0,723.0
946,5.0,3.098386676965933,1.7888543819998317,3.1622776601683795,1.7888543819998317,377.4,722.8
947,15.0,4.77795383588526,3.981909289096598,5.0990195135927845,3.981909289096598,2854.266666666667,723.6666666666666
948,17.0,5.661053382547679,3.8023236200202857,6.082762530298219,3.8023236200202857,390.29411764705884,725.3529411764706
949,5.0,3.098386676965933,1.7888543819998317,3.1622776601683795,1.7888543819998317,381.8,726.6
950,6.0,3.8297084310253524,1.8856180831641272,3.605551275463989,1.8856180831641272,2305.1666666666665,727.0
951,18.0,9.935400328114293,2.4653486116361965,9.055385138137417,2.4653486116361965,2323.6111111111113,729.2777777777778
952,43.0,9.95826879335638,5.5237331495082875,9.486832980505138,5.5237331495082875,2844.186046511628,730.0
953,20.0,8.868310057494135,3.198918055241235,8.06225774829855,3.198918055241235,395.15,732.15
954,21.0,8.0,3.265986323710904,7.280109889280518,3.265986323710904,2357.0,732.0
955,79.0,18.9885616991851,6.4171955443858115,18.601075237738275,6.4171955443858115,2866.9620253164558,735.126582278481
956,18.0,6.0,3.9752319599996264,6.082762530298219,3.9752319599996264,2811.5,733.8888888888889
957,12.0,6.831300510639732,2.0,6.082762530298219,2.0,2883.5,739.5
958,10.0,4.09878030638384,2.9933259094191533,4.123105625617661,2.9933259094191533,2889.8,739.5
959,16.0,5.244535484642193,3.9204397139005818,5.385164807134504,3.9204397139005818,395.8125,745.1875
960,47.0,8.211839845718623,7.417376523252512,8.94427190999916,7.417376523252512,2303.68085106383,747.5744680851063
961,12.0,6.831300510639732,2.0,6.082762530298219,2.0,2867.5,745.5
962,18.0,5.258737584977436,4.268749491621899,5.385164807134504,4.268749491621899,2283.222222222222,747.5
963,21.0,5.425630528451305,4.962004663927373,6.324555320336759,4.962004663927373,2768.095238095238,748.4285714285714
964,28.0,8.0026605691368,5.430288763968358,8.54400374531753,5.430288763968358,2294.785714285714,750.0357142857143
965,41.0,11.927047369279284,5.322566780852205,11.704699910719626,5.322566780852205,2878.3658536585367,756.9024390243902
966,20.0,7.731010827707836,3.198667157092813,7.280109889280518,3.198667157092813,2891.15,752.95
967,10.0,5.656854249492381,2.0,5.0990195135927845,2.0,387.5,755.0
968,28.0,9.701672483628368,3.927922024247863,9.055385138137417,3.927922024247863,2284.785714285714,755.5
969,6.0,3.265986323710904,2.0,3.1622776601683795,2.0,2326.0,755.5
970,50.0,17.000443667496064,4.844059775466547,16.278820596099706,4.844059775466547,2909.48,761.86
971,23.0,10.296938358233183,3.180680390031748,9.433981132056603,3.180680390031748,2923.608695652174,763.3913043478261
972,11.0,5.529681747206153,2.539175685738357,5.0990195135927845,2.539175685738357,2321.3636363636365,765.0909090909091
973,16.0,4.69041575982343,4.415880433163924,5.0990195135927845,4.415880433163924,2901.375,765.875
974,13.0,5.233983625385598,3.6748909770521223,5.385164807134504,3.6748909770521223,367.53846153846155,769.0
975,12.0,4.894994431930091,2.9693109114997,5.0990195135927845,2.9693109114997,2294.9166666666665,769.1666666666666
976,67.0,13.969348568135564,7.553660746208286,13.892443989449804,7.553660746208286,401.74626865671644,772.3582089552239
977,28.0,7.725979059420502,4.800410550249523,7.615773105863909,4.800410550249523,2286.6785714285716,771.3928571428571
978,115.0,22.811069704831315,9.966805713145789,20.223748416156685,9.966805713145789,2919.191304347826,773.7391304347826
979,8.0,4.47213595499958,2.0,4.123105625617661,2.0,2307.5,770.5
980,34.0,10.346458456009362,4.479395524988106,10.44030650891055,4.479395524988106,2327.5882352941176,774.0588235294117
981,12.0,5.5377492419453835,2.98142396999972,6.0,2.98142396999972,2895.3333333333335,771.5
982,11.0,6.410747983365108,1.9649396885733192,6.082762530298219,1.9649396885733192,379.72727272727275,771.4545454545455
983,12.0,7.802728855440187,2.4733423556962455,7.280109889280518,2.4733423556962455,2872.75,775.0
984,7.0,4.155374705678736,1.9054711331003737,4.123105625617661,1.9054711331003737,2903.4285714285716,774.2857142857143
985,26.0,6.0451946782733845,6.0,6.708203932499369,6.0,2307.5,778.1538461538462
986,9.0,3.885753375057407,2.7954428906961324,4.123105625617661,2.7954428906961324,384.6666666666667,776.8888888888889
987,6.0,3.126943839882286,2.309401076758503,3.1622776601683795,2.309401076758503,408.8333333333333,776.8333333333334
988,8.0,9.16515138991168,0.0,8.0,0.0,2297.0,779.5
989,6.0,3.265986323710904,2.0,3.1622776601683795,2.0,2319.0,777.5
990,7.0,3.5820700954176696,2.4713456540351717,3.605551275463989,2.4713456540351717,2345.285714285714,778.1428571428571
991,13.0,7.554371880072024,1.9753176197160076,7.0710678118654755,1.9753176197160076,2885.5384615384614,779.7692307692307
992,6.0,3.265986323710904,2.0,3.1622776601683795,2.0,2795.5,779.0
993,126.0,20.325998986283476,9.867892741599725,21.213203435596427,9.867892741599725,2334.6428571428573,786.8571428571429
994,33.0,8.9190044821619,5.00610554701144,8.54400374531753,5.00610554701144,391.6060606060606,783.939393939394
995,8.0,3.8888437389046198,2.6223833385648136,4.123105625617661,2.6223833385648136,2286.25,782.25
996,7.0,3.5820700954176696,2.4713456540351717,3.605551275463989,2.4713456540351717,2313.285714285714,783.1428571428571
997,17.0,5.415619343554923,3.9808965967416245,5.385164807134504,3.9808965967416245,2294.235294117647,785.9411764705883
998,13.0,4.417038656910848,3.8174087729822177,5.0990195135927845,3.8174087729822177,2305.3076923076924,785.9230769230769
999,39.0,12.489481739588381,5.465301374835337,11.661903789690601,5.465301374835337,368.6666666666667,789.1282051282051
1000,11.0,6.410747983365109,1.9649396885733192,6.082762530298219,1.9649396885733192,407.45454545454544,787.2727272727273
1001,12.0,7.433273882013823,2.2783511229429942,6.708203932499369,2.2783511229429942,2346.3333333333335,786.6666666666666
1002,12.0,4.47213595499958,3.265986323710904,4.47213595499958,3.265986323710904,2934.0,787.5
1003,6.0,3.265986323710904,2.0,3.1622776601683795,2.0,2318.0,787.5
1004,6.0,3.265986323710904,2.0,3.1622776601683795,2.0,2283.5,790.0
1005,28.0,11.564129778498236,4.145994429927415,11.180339887498949,4.145994429927415,2891.0,792.3214285714286
1006,44.0,8.79826396831823,6.418887862529383,9.219544457292887,6.418887862529383,258.09090909090907,797.1818181818181
1007,19.0,7.347338259627431,3.178877656956105,7.0710678118654755,3.178877656956105,318.0,795.6842105263158
1008,28.0,10.28396011741913,3.6805280534608484,9.219544457292887,3.6805280534608484,2306.6071428571427,794.1785714285714
1009,25.0,10.867011073308706,3.5598975171465215,9.848857801796104,3.5598975171465215,2924.64,795.76
1010,15.0,5.9825936213138124,3.0484451785557387,6.082762530298219,3.0484451785557387,389.3333333333333,801.0666666666667
1011,17.0,5.133511583357983,4.261357712064667,5.385164807134504,4.261357712064667,2886.705882352941,801.8823529411765
1012,6.0,3.265986323710904,2.0,3.1622776601683795,2.0,2923.5,801.0
1013,33.0,9.3808435441565,5.722039802872643,9.848857801796104,5.722039802872643,2898.242424242424,806.030303030303
1014,15.0,5.258554520990449,3.5691337129452037,5.385164807134504,3.5691337129452037,363.93333333333334,805.7333333333333
1015,12.0,4.364045181411538,3.5213000580812746,4.47213595499958,3.5213000580812746,2928.3333333333335,805.9166666666666
1016,9.0,4.312594463574638,2.660928660904759,4.47213595499958,2.660928660904759,2934.222222222222,805.8888888888889
1017,50.0,15.13805574244979,8.006251828320352,13.92838827718412,8.006251828320352,2919.66,812.34
1018,25.0,9.652691776023222,3.280478848749626,9.219544457292887,3.280478848749626,2318.04,811.32
1019,8.0,3.4641016151377544,2.7386127875258306,3.605551275463989,2.7386127875258306,396.125,808.875
1020,19.0,7.3473382596274295,3.178877656956105,7.0710678118654755,3.178877656956105,2299.315789473684,809.0
1021,94.0,19.256809683357716,9.355321697313574,19.72308292331602,9.355321697313574,2279.627659574468,819.5851063829788
1022,24.0,7.686737867085648,4.054853726152075,7.615773105863909,4.054853726152075,2326.5416666666665,812.3333333333334
1023,22.0,11.206537955048994,3.180563849522484,9.848857801796104,3.180563849522484,363.5,813.3636363636364
1024,6.0,3.265986323710904,2.0,3.1622776601683795,2.0,417.0,811.5
1025,11.0,5.055959348388901,2.688989307749465,5.0990195135927845,2.688989307749465,2950.181818181818,814.9090909090909
1026,11.0,7.049811475828224,1.7868184403435534,7.0710678118654755,1.7868184403435534,398.45454545454544,818.8181818181819
1027,15.0,4.77795383588526,3.981909289096598,5.0990195135927845,3.981909289096598,427.6666666666667,817.2666666666667
1028,5.0,3.098386676965933,1.7888543819998317,3.1622776601683795,1.7888543819998317,2272.4,816.8
1029,19.0,7.347338259627431,3.178877656956105,7.0710678118654755,3.178877656956105,2931.684210526316,817.0
1030,12.0,6.831300510639732,2.0,6.082762530298219,2.0,2315.5,819.5
1031,16.0,7.437997551719226,2.945537713324818,6.708203932499369,2.945537713324818,419.5,819.5
1032,12.0,6.831300510639732,2.0,6.082762530298219,2.0,2859.5,821.5
1033,6.0,3.265986323710904,2.0,3.1622776601683795,2.0,427.5,825.0
1034,20.0,7.731010827707836,3.198667157092813,7.280109889280518,3.198667157092813,2291.15,824.95
1035,69.0,16.939441725130315,6.190702322220191,16.492422502470642,6.190702322220191,2306.4347826086955,832.9420289855072
1036,14.0,4.20883424647321,4.120630029101703,4.47213595499958,4.120630029101703,2363.5,825.2857142857143
1037,10.0,5.656854249492381,2.0,5.0990195135927845,2.0,2375.0,824.5
1038,14.0,8.246211251235321,1.9794866372215747,8.0,1.9794866372215747,2905.4285714285716,827.5
1039,43.0,11.036014239241606,5.176997767254662,11.40175425099138,5.176997767254662,2930.4651162790697,825.7209302325581
1040,7.0,4.155374705678736,1.9054711331003737,4.123105625617661,1.9054711331003737,2350.5714285714284,829.7142857142857
1041,229.0,23.40129603269379,17.375822508221585,25.0,17.375822508221585,429.646288209607,839.1004366812227
1042,7.0,3.0237157840738176,2.7994168488950604,3.1622776601683795,2.7994168488950604,2926.0,830.7142857142857
1043,45.0,11.22799288100267,7.913877672466928,11.704699910719626,7.913877672466928,398.84444444444443,837.2666666666667
1044,11.0,4.854444919780395,2.858303992038103,5.0990195135927845,2.858303992038103,71.18181818181819,835.2727272727273
1045,12.0,7.118052168020874,1.9720265943665378,7.0,1.9720265943665378,373.5833333333333,836.0
1046,12.0,6.831300510639732,2.0,6.082762530298219,2.0,2337.5,835.5
1047,11.0,6.410747983365109,1.964939688573319,6.082762530298219,1.964939688573319,2363.5454545454545,835.2727272727273
1048,12.0,6.831300510639732,2.0,6.082762530298219,2.0,2885.5,835.5
1049,16.0,4.921442838104066,4.412131048742115,5.385164807134504,4.412131048742115,2321.4375,837.375
1050,10.0,4.079215610874227,3.224903099319419,4.123105625617661,3.224903099319419,2795.5,837.4
1051,36.0,8.329724733062157,5.588646510742101,8.94427190999916,5.588646510742101,2935.5833333333335,842.6944444444445
1052,58.0,18.292552114366806,7.543351817578779,17.0,7.543351817578779,2894.6206896551726,849.1551724137931
1053,5.0,3.098386676965933,1.7888543819998317,3.1622776601683795,1.7888543819998317,2904.2,840.6
1054,15.0,7.734318207931477,2.6504275698279427,7.0710678118654755,2.6504275698279427,2925.733333333333,843.5333333333333
1055,12.0,6.831300510639732,2.0,6.082762530298219,2.0,411.5,843.5
1056,7.0,4.155374705678736,1.9054711331003737,4.123105625617661,1.9054711331003737,2910.4285714285716,844.2857142857143
1057,67.0,10.44093688481983,8.510550776870147,11.661903789690601,8.510550776870147,396.7164179104478,850.2388059701492
1058,18.0,6.831300510639732,3.265986323710904,6.324555320336759,3.265986323710904,2339.5,846.0
1059,457.0,64.66981960166623,18.272680993455946,56.824290580701486,18.272680993455946,2294.625820568928,872.4573304157549
1060,18.0,6.831300510639732,3.265986323710904,6.324555320336759,3.265986323710904,2334.0,851.5
1061,5.0,3.098386676965933,1.7888543819998317,3.1622776601683795,1.7888543819998317,2786.8,849.4
1062,51.0,15.035844451996308,4.917102714876276,14.866068747318506,4.917102714876276,2919.8627450980393,855.6470588235294
1063,32.0,11.992205802011284,5.525463781639228,11.180339887498949,5.525463781639228,2940.71875,854.84375
1064,14.0,4.981598792617913,3.625307868699863,5.0990195135927845,3.625307868699863,431.14285714285717,851.5
1065,6.0,3.265986323710904,2.0,3.1622776601683795,2.0,417.0,851.5
1066,26.0,8.710279153537467,3.926955295881654,9.219544457292887,3.926955295881654,421.96153846153845,855.8461538461538
1067,6.0,3.265986323710904,2.0,3.1622776601683795,2.0,2886.5,855.0
1068,51.0,10.034247546595102,6.488608061384609,10.44030650891055,6.488608061384609,2283.4313725490197,857.5490196078431
1069,24.0,9.616541025038353,3.1126845937905356,9.055385138137417,3.1126845937905356,2928.125,859.125
1070,6.0,3.265986323710904,2.0,3.1622776601683795,2.0,2961.0,859.5
1071,10.0,3.919183588453085,3.0983866769659336,4.123105625617661,3.0983866769659336,2361.8,862.0
1072,132.0,28.706482724447007,11.16206344842452,28.635642126552707,11.16206344842452,2278.939393939394,871.8030303030303
1073,16.0,5.149449337222181,3.918950308868696,5.385164807134504,3.918950308868696,2950.3125,865.8125
1074,55.0,19.823517474757516,3.9819497137739774,17.26267650163207,3.9819497137739774,369.74545454545455,872.2727272727273
1075,12.0,6.831300510639732,2.0,6.082762530298219,2.0,387.5,867.5
1076,47.0,14.576489518755379,4.937125313914554,13.416407864998739,4.937125313914554,2934.8297872340427,870.6170212765958
1077,16.0,5.385164807134504,3.8078865529319543,5.385164807134504,3.8078865529319543,2309.375,869.375
1078,11.0,4.51260859854213,2.9541957835039856,5.0,2.9541957835039856,2326.0,869.0
1079,7.0,4.155374705678736,1.9054711331003737,4.123105625617661,1.9054711331003737,2979.714285714286,870.5714285714286
1080,20.0,8.169990420649421,3.0085306258199673,8.06225774829855,3.0085306258199673,427.45,872.1
1081,48.0,8.082903768654761,7.69469514232587,9.219544457292887,7.69469514232587,443.9375,875.0625
1082,368.0,56.078886173886154,17.82071021710071,51.92301994298868,17.82071021710071,464.01630434782606,898.8695652173913
1083,20.0,5.6080087285383815,4.577143006356403,5.830951894845301,4.577143006356403,2362.15,873.55
1084,8.0,3.4641016151377544,2.7386127875258306,3.605551275463989,2.7386127875258306,2400.875,873.125
1085,21.0,6.081276256245482,4.510248566739277,6.324555320336759,4.510248566739277,2952.0,873.5238095238095
1086,12.0,6.831300510639732,2.0,6.082762530298219,2.0,435.5,875.5
1087,16.0,4.47213595499958,4.47213595499958,5.0,4.47213595499958,2315.5,875.5
1088,20.0,6.0,4.09878030638384,6.082762530298219,4.09878030638384,2332.5,875.5
1089,7.0,3.0237157840738176,2.799416848895061,3.1622776601683795,2.799416848895061,350.2857142857143,878.0
1090,8.0,3.4641016151377544,2.7386127875258306,3.605551275463989,2.7386127875258306,414.875,878.125
1091,29.0,11.52998925974715,3.897148472853117,10.44030650891055,3.897148472853117,2897.137931034483,880.5862068965517
1092,21.0,6.6862567814197105,3.9580111595455043,7.0710678118654755,3.9580111595455043,2962.1428571428573,878.3333333333334
1093,5.0,2.5298221281347035,2.5298221281347035,3.0,2.5298221281347035,358.0,879.0
1094,5.0,3.098386676965933,1.7888543819998317,3.1622776601683795,1.7888543819998317,2283.2,878.6
1095,16.0,9.16515138991168,2.0,8.06225774829855,2.0,2339.5,882.5
1096,61.0,22.48054925134132,4.893360870261506,21.213203435596427,4.893360870261506,2948.27868852459,891.655737704918
1097,5.0,5.656854249492381,0.0,5.0,0.0,388.0,883.0
1098,91.0,21.825615374830203,8.951206503019122,20.615528128088304,8.951206503019122,401.0,886.7032967032967
1099,151.0,28.34283926612323,8.855202678490938,28.635642126552707,8.855202678490938,442.2913907284768,894.3973509933775
1100,9.0,4.277662731533559,2.643019518000728,4.123105625617661,2.643019518000728,350.6666666666667,886.5555555555555
1101,14.0,7.017298793846583,2.6462077766235526,6.324555320336759,2.6462077766235526,2307.785714285714,885.7142857142857
1102,22.0,6.501113306574174,4.281421153939221,6.708203932499369,4.281421153939221,2332.5,886.9090909090909
1103,6.0,3.126943839882286,2.309401076758503,3.1622776601683795,2.309401076758503,2924.8333333333335,885.8333333333334
1104,125.0,16.508496815871087,13.231640747857918,17.204650534085253,13.231640747857918,2958.824,890.84
1105,12.0,4.464216783173839,3.409739589526534,4.47213595499958,3.409739589526534,2320.5,887.3333333333334
1106,40.0,12.633481917806476,5.885162243511796,11.661903789690601,5.885162243511796,424.6,890.0
1107,6.0,3.265986323710904,2.0,3.1622776601683795,2.0,2940.5,889.0
1108,9.0,3.885753375057407,2.7954428906961324,4.123105625617661,2.7954428906961324,335.1111111111111,892.6666666666666
1109,17.0,5.224377249688121,4.280801270273,5.385164807134504,4.280801270273,2309.470588235294,893.4705882352941
1110,14.0,7.664041867217211,2.3293191201860197,7.0710678118654755,2.3293191201860197,379.92857142857144,893.6428571428571
1111,48.0,14.205129830383266,7.200432691609574,13.601470508735444,7.200432691609574,2296.3541666666665,895.7083333333334
1112,10.0,4.09878030638384,2.9933259094191533,4.123105625617661,2.9933259094191533,404.5,894.8
1113,113.0,23.90322154036514,13.389883782050575,20.808652046684813,13.389883782050575,2321.8849557522126,903.4513274336283
1114,12.0,5.033222956847167,2.9059326290271157,5.0,2.9059326290271157,2332.6666666666665,895.3333333333334
1115,31.0,16.689016380942242,3.0512684248405932,15.297058540778355,3.0512684248405932,388.96774193548384,903.0967741935484
1116,11.0,4.51260859854213,2.9541957835039856,5.0,2.9541957835039856,454.0,901.0
1117,22.0,7.603826787755086,3.848365543366678,7.211102550927978,3.848365543366678,2281.318181818182,901.3636363636364
1118,10.0,3.919183588453085,3.0983866769659336,4.123105625617661,3.0983866769659336,166.8,901.0
1119,14.0,8.0,2.0,7.0710678118654755,2.0,395.5,907.0
1120,6.0,3.8297084310253524,1.8856180831641272,4.0,1.8856180831641272,403.5,904.3333333333334
1121,14.0,5.606119105813881,3.0237157840738176,6.0,3.0237157840738176,431.5,905.0
1122,19.0,7.347338259627431,3.178877656956105,7.0710678118654755,3.178877656956105,2305.0,907.3157894736842
1123,90.0,13.552987728031432,9.610512772094673,13.601470508735444,9.610512772094673,2338.733333333333,910.1777777777778
1124,8.0,4.100618600451318,2.4869513653533066,4.123105625617661,2.4869513653533066,2902.75,905.0
1125,7.0,3.582070095417669,2.4713456540351713,3.605551275463989,2.4713456540351713,2558.1428571428573,907.7142857142857
1126,37.0,9.667675422534655,6.056940376431227,10.44030650891055,6.056940376431227,2932.2162162162163,911.3783783783783
1127,10.0,4.09878030638384,2.9933259094191533,4.123105625617661,2.9933259094191533,403.5,908.8
1128,22.0,8.591750800516843,3.1701083225750346,8.06225774829855,3.1701083225750346,2291.5,909.0909090909091
1129,25.0,9.483031186611102,5.097932866737385,9.219544457292887,5.097932866737385,422.44,913.04
1130,10.0,3.9191835884530852,3.0983866769659336,4.123105625617661,3.0983866769659336,2270.2,910.0
1131,6.0,3.0550504633038935,2.6666666666666665,3.1622776601683795,2.6666666666666665,2943.8333333333335,911.3333333333334
1132,16.0,8.807934488628215,2.8474181364937636,8.06225774829855,2.8474181364937636,331.625,913.5625
1133,8.0,5.321869122843981,1.7826129808008924,5.0990195135927845,1.7826129808008924,433.625,912.375
1134,180.0,25.85986397293828,13.000675319302399,24.331050121192877,13.000675319302399,454.77777777777777,923.5888888888888
1135,16.0,5.244535484642193,3.9204397139005818,5.385164807134504,3.9204397139005818,2275.1875,913.1875
1136,55.0,19.437697383085503,6.226420893081819,17.4928556845359,6.226420893081819,2291.9636363636364,917.1272727272727
1137,48.0,11.384835300128199,5.5343094189347966,11.661903789690601,5.5343094189347966,2323.9375,915.7916666666666
1138,29.0,6.941096149089779,5.464577962745357,7.280109889280518,5.464577962745357,2894.5172413793102,914.3103448275862
1139,7.0,3.0237157840738176,2.7994168488950604,3.1622776601683795,2.7994168488950604,369.0,914.7142857142857
1140,13.0,6.932327517510464,2.6893820885790056,6.708203932499369,2.6893820885790056,2279.846153846154,919.4615384615385
1141,8.0,4.47213595499958,2.0,4.123105625617661,2.0,2987.5,918.5
1142,8.0,4.898979485566356,1.9364916731037085,5.0,1.9364916731037085,409.0,918.625
1143,6.0,3.9999999999999996,1.632993161855452,4.123105625617661,1.632993161855452,433.5,918.5
1144,77.0,17.755128240853757,7.248229752335425,17.11724276862369,7.248229752335425,2314.1428571428573,925.4025974025974
1145,6.0,3.1269438398822857,2.309401076758503,3.1622776601683795,2.309401076758503,2898.1666666666665,921.1666666666666
1146,12.0,6.831300510639732,2.0,6.082762530298219,2.0,443.5,923.5
1147,13.0,7.470939259235104,2.470268476933883,6.708203932499369,2.470268476933883,479.61538461538464,924.5384615384615
1148,14.0,7.017298793846583,2.6462077766235543,6.324555320336759,2.6462077766235543,2291.214285714286,925.7142857142857
1149,6.0,4.363338213437162,1.65500979239906,4.123105625617661,1.65500979239906,2282.1666666666665,926.3333333333334
1150,6.0,6.831300510639732,0.0,6.0,0.0,2883.5,926.0
1151,109.0,23.472390004904543,10.851649431674721,24.331050121192877,10.851649431674721,2304.440366972477,939.5688073394496
1152,5.0,3.098386676965933,1.7888543819998317,3.1622776601683795,1.7888543819998317,2307.6,929.2
1153,7.0,8.0,0.0,7.0,0.0,2934.0,931.0
1154,12.0,6.831300510639732,2.0,6.082762530298219,2.0,411.5,931.5
1155,20.0,5.808305664709609,4.523669451374875,6.324555320336759,4.523669451374875,2289.65,933.8
1156,14.0,5.606119105813881,3.0237157840738176,6.0,3.0237157840738176,2977.0,933.5
1157,41.0,14.934635300280352,4.095830039484469,13.601470508735444,4.095830039484469,2285.8048780487807,940.439024390244
1158,37.0,18.477542493198012,3.2455621947371354,17.26267650163207,3.2455621947371354,431.2432432432432,943.5675675675676
1159,20.0,7.848566748139434,3.0983866769659336,8.0,3.0983866769659336,470.0,939.5
1160,5.0,3.098386676965933,1.7888543819998317,3.1622776601683795,1.7888543819998317,2296.8,936.6
1161,39.0,12.232198695876583,5.774744499885181,10.770329614269007,5.774744499885181,483.61538461538464,942.0769230769231
1162,12.0,6.831300510639732,2.0,6.082762530298219,2.0,2275.5,943.5
1163,231.0,35.986825644540296,11.883001368911465,35.34119409414458,11.883001368911465,2983.4848484848485,950.91341991342
1164,40.0,16.46418751336518,3.6715840620568896,15.132745950421556,3.6715840620568896,2955.0,951.375
1165,28.0,12.949801835262623,3.352820892566862,12.083045973594572,3.352820892566862,449.85714285714283,949.7142857142857
1166,19.0,7.3473382596274295,3.178877656956105,7.0710678118654755,3.178877656956105,2923.315789473684,947.0
1167,14.0,4.20883424647321,4.120630029101703,4.47213595499958,4.120630029101703,2944.714285714286,947.5
1168,51.0,10.370589314717712,7.696090465020411,10.770329614269007,7.696090465020411,476.6862745098039,954.5490196078431
1169,95.0,19.824114115304123,9.540905422165224,18.973665961010276,9.540905422165224,2291.3473684210526,958.3789473684211
1170,14.0,9.768754855587861,1.9794866372215747,8.06225774829855,1.9794866372215747,439.42857142857144,955.5
1171,40.0,7.951774886673052,6.509168622157193,8.54400374531753,6.509168622157193,455.5,955.5
1172,7.0,3.6486656040768595,2.5058084612197162,4.0,2.5058084612197162,2389.8571428571427,953.4285714285714
1173,16.0,8.12670840368157,3.760865661191759,8.06225774829855,3.760865661191759,2943.125,956.1875
1174,12.0,6.831300510639732,2.0,6.082762530298219,2.0,2347.5,955.5
1175,14.0,7.223425730278744,2.471403448419801,6.708203932499369,2.471403448419801,2963.5,955.5
1176,33.0,14.174808981001119,3.8759988426184337,13.92838827718412,3.8759988426184337,414.3939393939394,963.2121212121212
1177,9.0,3.885753375057407,2.7954428906961324,4.123105625617661,2.7954428906961324,2920.8888888888887,958.6666666666666
1178,24.0,9.616541025038353,3.1126845937905356,9.055385138137417,3.1126845937905356,446.875,963.125
1179,16.0,9.16515138991168,2.0,8.06225774829855,2.0,2283.5,962.5
1180,29.0,9.640651738389396,3.9418542030997274,9.219544457292887,3.9418542030997274,462.2758620689655,963.3793103448276
1181,45.0,10.352508186791571,5.925454104216736,10.816653826391969,5.925454104216736,475.2,963.9777777777778
1182,46.0,9.66882849441052,6.125001706517596,9.486832980505138,6.125001706517596,2253.3695652173915,964.0434782608696
1183,19.0,7.455128930368747,3.15086937833595,7.0710678118654755,3.15086937833595,2304.1052631578946,963.0
1184,15.0,7.503608953854994,2.560873852779435,7.0710678118654755,2.560873852779435,2341.733333333333,963.0
1185,11.0,5.196736578748781,2.5652886368981065,5.385164807134504,2.5652886368981065,2351.090909090909,961.7272727272727
1186,5.0,5.656854249492381,0.0,5.0,0.0,429.0,963.0
1187,22.0,11.862606679837082,3.308773828337013,10.770329614269007,3.308773828337013,2950.6363636363635,965.4545454545455
1188,17.0,5.661053382547679,3.802323620020285,6.082762530298219,3.802323620020285,3005.705882352941,963.3529411764706
1189,18.0,10.485513823250193,2.8073404418161054,9.486832980505138,2.8073404418161054,2979.6111111111113,965.3888888888889
1190,90.0,17.32588624814679,9.446056674821094,17.804493814764857,9.446056674821094,469.1333333333333,973.2777777777778
1191,28.0,11.374873849939647,3.625307868699863,10.198039027185569,3.625307868699863,2299.5,968.6428571428571
1192,22.0,9.477460573771431,3.1954340744017498,8.54400374531753,3.1954340744017498,453.6818181818182,971.6818181818181
1193,12.0,3.8297084310253524,3.8297084310253524,4.123105625617661,3.8297084310253524,2323.5,969.5
1194,11.0,4.51260859854213,2.9541957835039856,5.0,2.9541957835039856,2997.0,969.0
1195,117.0,27.527401777363902,7.990409961388534,23.08679276123039,7.990409961388534,2273.4017094017095,980.1880341880342
1196,6.0,3.265986323710904,2.0,3.1622776601683795,2.0,2294.0,971.5
1197,28.0,7.413388413789715,5.170643071931075,8.06225774829855,5.170643071931075,3005.4285714285716,974.6785714285714
1198,26.0,6.201736729460423,5.203549084703927,6.324555320336759,5.203549084703927,3018.5,973.0
1199,15.0,5.258554520990449,3.5691337129452037,5.385164807134504,3.5691337129452037,2315.9333333333334,973.7333333333333
1200,13.0,4.574174999174925,3.679464844031199,5.0990195135927845,3.679464844031199,2963.3076923076924,973.5384615384615
1201,94.0,18.56232841397036,8.37992384528186,20.223748416156685,8.37992384528186,2339.2127659574467,979.3404255319149
1202,24.0,6.966113435764658,4.346254740201703,7.280109889280518,4.346254740201703,430.25,977.875
1203,5.0,3.098386676965933,1.7888543819998317,3.1622776601683795,1.7888543819998317,2990.4,976.8
1204,8.0,6.0,1.7320508075688772,6.0,1.7320508075688772,2408.75,979.5
1205,21.0,7.172606639928247,3.7904845265181226,7.0710678118654755,3.7904845265181226,2952.809523809524,979.5714285714286
1206,6.0,3.265986323710904,2.0,3.1622776601683795,2.0,2373.0,979.5
1207,7.0,3.0237157840738176,2.799416848895061,3.1622776601683795,2.799416848895061,2969.0,982.2857142857143
1208,5.0,3.098386676965933,1.7888543819998317,3.1622776601683795,1.7888543819998317,484.8,982.4
1209,10.0,4.09878030638384,2.9933259094191533,4.123105625617661,2.9933259094191533,3001.5,982.8
1210,261.0,59.95529784655867,10.78192406576301,53.85164807134504,10.78192406576301,480.90421455938696,993.0536398467433
1211,8.0,4.47213595499958,2.0,4.123105625617661,2.0,491.5,984.5
1212,28.0,11.583718001492452,3.5457833129953182,10.770329614269007,3.5457833129953182,525.2142857142857,985.6785714285714
1213,405.0,41.755535823376356,26.807796331517384,45.89117562233506,26.807796331517384,2259.0222222222224,1003.4
1214,17.0,5.6871994758893925,3.8790160584420166,6.082762530298219,3.8790160584420166,2283.6470588235293,985.1764705882352
1215,14.0,8.0,2.0,7.0710678118654755,2.0,441.5,988.0
1216,88.0,18.669662249799938,8.871995633436558,21.02379604162864,8.871995633436558,2299.0113636363635,995.2613636363636
1217,12.0,6.831300510639732,2.0,6.082762530298219,2.0,2347.5,985.5
1218,12.0,6.831300510639732,2.0,6.082762530298219,2.0,2941.5,987.5
1219,6.0,3.265986323710904,2.0,3.1622776601683795,2.0,2977.0,987.5
1220,90.0,14.11922012238257,9.193863676852443,14.317821063276353,9.193863676852443,3011.8333333333335,992.5444444444445
1221,6.0,3.8297084310253524,1.8856180831641272,4.0,1.8856180831641272,2947.3333333333335,989.5
1222,7.0,3.7032803990902057,2.138089935299395,3.605551275463989,2.138089935299395,422.0,991.0
1223,19.0,9.952461234723959,3.479426692453653,8.94427190999916,3.479426692453653,2244.0,994.0
1224,6.0,3.265986323710904,2.0,3.1622776601683795,2.0,2352.5,993.0
1225,92.0,21.956150811810744,9.622517755569143,19.313207915827967,9.622517755569143,514.0760869565217,999.6847826086956
1226,12.0,6.831300510639732,2.0,6.082762530298219,2.0,2336.5,995.5
1227,16.0,7.437997551719226,2.945537713324818,6.708203932499369,2.945537713324818,2963.5,995.5
1228,33.0,14.990150877592214,3.558853880981428,13.0,3.558853880981428,479.4848484848485,1000.6666666666666
1229,13.0,5.055900530816918,3.1378581622109447,5.0990195135927845,3.1378581622109447,2354.6923076923076,999.0
1230,20.0,6.507942061192764,4.210307604933168,6.324555320336759,4.210307604933168,2989.85,1001.15
1231,32.0,13.135624347409037,5.412866431361016,12.083045973594572,5.412866431361016,2306.53125,1006.59375
1232,40.0,9.569360839141147,5.299748402548163,9.486832980505138,5.299748402548163,3060.875,1003.925
1233,12.0,6.831300510639732,2.0,6.082762530298219,2.0,2315.5,1001.5
1234,31.0,14.699781766754164,4.274610543921582,13.601470508735444,4.274610543921582,2955.967741935484,1007.3548387096774
1235,6.0,3.265986323710904,2.0,3.1622776601683795,2.0,523.5,1009.0
1236,293.0,28.89821255807157,14.818324154361607,29.68164415931166,14.818324154361607,543.4402730375426,1018.7576791808874
1237,19.0,5.212526051472713,4.66479582459468,5.385164807134504,4.66479582459468,2985.7368421052633,1010.3684210526316
1238,31.0,8.608138033649995,5.67062103691516,8.54400374531753,5.67062103691516,3063.6774193548385,1012.3548387096774
1239,20.0,7.731010827707836,3.198667157092813,7.280109889280518,3.198667157092813,2995.15,1010.05
1240,32.0,11.11529580756926,4.101853131236328,10.44030650891055,4.101853131236328,209.4375,1012.6875
1241,11.0,9.134742787196474,2.0232805772820104,7.211102550927978,2.0232805772820104,3018.6363636363635,1012.8181818181819
1242,13.0,5.203549084703927,3.076923076923076,5.0990195135927845,3.076923076923076,2317.0,1013.8461538461538
1243,6.0,3.8297084310253524,1.8856180831641272,4.0,1.8856180831641272,2351.5,1013.6666666666666
1244,15.0,6.689596662859233,2.8056226956746744,6.4031242374328485,2.8056226956746744,520.9333333333333,1016.2
1245,18.0,10.327955589886445,2.0,9.055385138137417,2.0,3003.5,1018.0
1246,120.0,24.478411451900328,10.747073788417802,24.351591323771842,10.747073788417802,477.96666666666664,1024.925
1247,22.0,7.94396994276723,4.271851290627668,8.06225774829855,4.271851290627668,512.3636363636364,1018.6818181818181
1248,19.0,7.3473382596274295,3.178877656956105,7.0710678118654755,3.178877656956105,2299.315789473684,1017.0
1249,22.0,7.680343722242551,3.565781772213832,7.615773105863909,3.565781772213832,2924.409090909091,1018.8181818181819
1250,45.0,13.256227582691338,4.563281865829078,12.649110640673518,4.563281865829078,527.6666666666666,1022.0666666666667
1251,12.0,6.831300510639732,2.0,6.082762530298219,2.0,2275.5,1019.5
1252,5.0,3.098386676965933,1.7888543819998317,3.1622776601683795,1.7888543819998317,2985.4,1017.8
1253,183.0,19.10882150441993,12.471940056254418,20.396078054371138,12.471940056254418,303.9726775956284,1026.9125683060108
1254,18.0,10.71355964262077,2.6359125261919987,9.486832980505138,2.6359125261919987,202.0,1020.0555555555555
1255,12.0,6.831300510639732,2.0,6.082762530298219,2.0,467.5,1019.5
1256,12.0,6.831300510639732,2.0,6.082762530298219,2.0,2307.5,1021.5
1257,6.0,3.265986323710904,2.0,3.1622776601683795,2.0,2265.0,1022.5
1258,15.0,5.9825936213138124,3.0484451785557374,6.082762530298219,3.0484451785557374,2248.9333333333334,1025.6666666666667
1259,50.0,10.542093332635282,6.627961086639443,12.083045973594572,6.627961086639443,3061.22,1027.4
1260,23.0,9.863416093822641,3.5618194692832343,8.94427190999916,3.5618194692832343,499.69565217391306,1027.3478260869565
1261,28.0,11.28933516356278,5.2876341429840865,10.44030650891055,5.2876341429840865,555.0357142857143,1029.5
1262,33.0,7.657961318578538,5.6132042425263275,8.06225774829855,5.6132042425263275,3079.3030303030305,1026.969696969697
1263,34.0,16.27127780866822,3.7081948148067765,14.142135623730951,3.7081948148067765,2961.676470588235,1032.4411764705883
1264,6.0,3.8297084310253524,1.8856180831641272,4.0,1.8856180831641272,512.3333333333334,1027.5
1265,26.0,11.135009948698162,3.4348996624230055,10.04987562112089,3.4348996624230055,234.23076923076923,1033.1923076923076
1266,6.0,3.265986323710904,2.0,3.1622776601683795,2.0,531.5,1030.0
1267,9.0,4.0171906061502325,2.8906758369544234,4.123105625617661,2.8906758369544234,209.11111111111111,1032.888888888889
1268,20.0,5.8451849951455905,4.551242948088449,6.324555320336759,4.551242948088449,504.1,1033.6
1269,54.0,24.954861597913595,3.6602655380007048,22.02271554554524,3.6602655380007048,2266.8333333333335,1033.5185185185185
1270,50.0,13.586566158344556,5.80816838813463,12.649110640673518,5.80816838813463,3015.38,1033.9
1271,18.0,7.118052168020874,3.384788047050625,6.708203932499369,3.384788047050625,218.38888888888889,1035.2777777777778
1272,25.0,14.415644812721037,3.0120399455301223,12.36931687685298,3.0120399455301223,2252.68,1038.68
1273,12.0,5.294328785763617,2.862220279862641,5.0990195135927845,2.862220279862641,2973.0833333333335,1038.25
1274,18.0,7.232458110232543,3.187583016362182,7.280109889280518,3.187583016362182,3047.3888888888887,1039.6666666666667
1275,127.0,23.498140988549412,10.156372221975097,25.179356624028344,10.156372221975097,3064.3464566929133,1040.9606299212599
1276,20.0,6.0,4.09878030638384,6.082762530298219,4.09878030638384,506.5,1040.5
1277,137.0,21.514338131364692,12.503728590401698,20.808652046684813,12.503728590401698,520.6715328467153,1046.094890510949
1278,370.0,47.70812644149425,25.580418534910926,43.32435804486894,25.580418534910926,552.6513513513513,1057.3675675675677
1279,21.0,8.21928746516549,3.2435183166805728,8.06225774829855,3.2435183166805728,2290.095238095238,1043.6666666666667
1280,20.0,5.138093031466052,4.9396356140913875,5.385164807134504,4.9396356140913875,2980.25,1041.75
1281,21.0,8.555282809665952,3.003379425592425,8.246211251235321,3.003379425592425,3008.0476190476193,1043.3809523809523
1282,12.0,6.831300510639732,2.0,6.082762530298219,2.0,251.5,1043.5
1283,16.0,8.197779857957917,3.9665987193639185,8.06225774829855,3.9665987193639185,476.5,1044.9375
1284,5.0,3.098386676965933,1.7888543819998317,3.1622776601683795,1.7888543819998317,386.8,1043.4
1285,18.0,6.0,3.9752319599996264,6.082762530298219,3.9752319599996264,2259.5,1045.888888888889
1286,16.0,6.324555320336759,3.122498999199199,6.082762530298219,3.122498999199199,2283.125,1049.5
1287,26.0,11.265521199184578,3.324534426373563,10.770329614269007,3.324534426373563,3052.6923076923076,1049.1153846153845
1288,33.0,12.692432066899908,3.8774217763985397,11.704699910719626,3.8774217763985397,237.0909090909091,1051.2727272727273
1289,7.0,3.0237157840738176,2.7994168488950604,3.1622776601683795,2.7994168488950604,513.0,1049.7142857142858
1290,48.0,9.03879658726019,7.634999136194391,10.04987562112089,7.634999136194391,3081.6875,1054.5833333333333
1291,6.0,3.265986323710904,2.0,3.1622776601683795,2.0,3062.0,1051.5
1292,7.0,5.672452304781605,1.5606183863895253,5.0990195135927845,1.5606183863895253,218.57142857142858,1053.7142857142858
1293,5.0,3.098386676965933,1.7888543819998317,3.1622776601683795,1.7888543819998317,2286.4,1054.2
1294,45.0,13.21900987992218,6.606655829639525,12.529964086141668,6.606655829639525,3020.688888888889,1056.6222222222223
1295,11.0,3.9999999999999996,3.468869823334348,4.123105625617661,3.468869823334348,2258.5454545454545,1056.3636363636363
1296,40.0,8.538626765178009,6.315208069809399,9.219544457292887,6.315208069809399,3055.875,1059.1
1297,43.0,9.650051626266828,8.191549919860275,10.770329614269007,8.191549919860275,228.97674418604652,1060.093023255814
1298,12.0,4.364045181411537,3.5213000580812737,4.47213595499958,3.5213000580812737,2279.6666666666665,1057.0833333333333
1299,12.0,6.831300510639732,2.0,6.082762530298219,2.0,2267.5,1059.5
1300,6.0,3.8297084310253524,1.8856180831641272,4.0,1.8856180831641272,542.3333333333334,1059.5
1301,11.0,6.410747983365109,1.9649396885733192,6.082762530298219,1.9649396885733192,2251.2727272727275,1059.4545454545455
1302,6.0,3.265986323710904,2.0,3.1622776601683795,2.0,3073.0,1059.5
1303,12.0,5.047398899971205,2.9573614197104288,5.385164807134504,2.9573614197104288,525.1666666666666,1061.0
1304,9.0,4.277662731533559,2.643019518000728,4.123105625617661,2.643019518000728,2260.4444444444443,1062.3333333333333
1305,74.0,29.47657660127454,9.411419723106372,25.298221281347036,9.411419723106372,3081.2162162162163,1071.3918918918919
1306,14241.0,156.47186569070627,119.58400413544483,188.4489320744482,119.58400413544483,2291.7119584298857,1161.158626500948
1307,16.0,4.898979485566356,4.0,5.0990195135927845,4.0,2307.5,1066.0
1308,23.0,8.879990161010365,3.210955619125894,8.246211251235321,3.210955619125894,3047.0434782608695,1067.3478260869565
1309,14.0,7.017298793846583,2.6462077766235543,6.324555320336759,2.6462077766235543,529.2857142857143,1067.7857142857142
1310,26.0,7.549442551621722,4.332347027793453,7.280109889280518,4.332347027793453,2232.5,1067.7692307692307
1311,12.0,6.831300510639732,2.0,6.082762530298219,2.0,2299.5,1067.5
1312,10.0,4.079215610874227,3.224903099319419,4.123105625617661,3.224903099319419,2277.6,1067.5
1313,10.0,5.656854249492381,2.0,5.0990195135927845,2.0,2979.5,1068.0
1314,20.0,7.848566748139434,3.0983866769659336,8.0,3.0983866769659336,547.5,1068.0
1315,12.0,6.831300510639732,2.0,6.082762530298219,2.0,3035.5,1067.5
1316,78.0,16.255525569629828,7.477327041434337,16.278820596099706,7.477327041434337,3061.474358974359,1071.7820512820513
1317,12.0,6.831300510639732,2.0,6.082762530298219,2.0,2987.5,1069.5
1318,54.0,9.776046241548803,7.235854427311985,10.295630140987,7.235854427311985,550.8888888888889,1075.037037037037
1319,18.0,5.900439563226915,3.893600082530547,6.082762530298219,3.893600082530547,2305.777777777778,1072.7777777777778
1320,23.0,8.822790137228184,3.409588378233486,8.246211251235321,3.409588378233486,3016.0,1075.1304347826087
1321,19.0,7.3473382596274295,3.178877656956105,7.0710678118654755,3.178877656956105,3115.315789473684,1073.0
1322,6.0,3.0550504633038935,2.666666666666667,3.1622776601683795,2.666666666666667,2950.1666666666665,1073.6666666666667
1323,513.0,45.483746107640954,28.659968706439326,43.174066289845804,28.659968706439326,3090.0428849902532,1095.82261208577
1324,91.0,14.55137754965718,9.313079022126539,15.652475842498529,9.313079022126539,3027.3736263736264,1080.5714285714287
1325,6.0,5.39192040212807,1.4276923647012265,5.0,1.4276923647012265,227.83333333333334,1077.8333333333333
1326,27.0,8.169012571720279,4.492306072607882,8.06225774829855,4.492306072607882,398.1111111111111,1079.0
1327,30.0,9.639029572594966,4.128518433311794,9.433981132056603,4.128518433311794,3075.4,1078.0333333333333
1328,12.0,6.831300510639732,2.0,6.082762530298219,2.0,491.5,1077.5
1329,20.0,7.731010827707836,3.198667157092813,7.280109889280518,3.198667157092813,2243.15,1078.05
1330,12.0,6.831300510639732,2.0,6.082762530298219,2.0,2987.5,1077.5
1331,33.0,9.138393253725317,4.67898395708539,9.219544457292887,4.67898395708539,567.6666666666666,1083.5757575757575
1332,16.0,6.199798383818623,3.1622776601683795,6.082762530298219,3.1622776601683795,577.0,1081.8125
1333,21.0,8.226004473807071,3.123601555590147,8.06225774829855,3.123601555590147,2296.9523809523807,1083.3333333333333
1334,19.0,7.347338259627431,3.178877656956105,7.0710678118654755,3.178877656956105,2309.0,1083.3157894736842
1335,14.0,8.0,2.0,7.0710678118654755,2.0,475.5,1084.0
1336,21.0,6.756143226746822,4.146508286167621,6.708203932499369,4.146508286167621,509.5238095238095,1083.5238095238096
1337,22.0,10.142782313440984,3.1333978072025612,9.055385138137417,3.1333978072025612,2267.5,1085.4545454545455
1338,21.0,7.457861174043899,3.578632499092894,7.280109889280518,3.578632499092894,3089.809523809524,1084.142857142857
1339,14.0,4.20883424647321,4.120630029101703,4.47213595499958,4.120630029101703,2232.714285714286,1083.5
1340,22.0,10.15360850030638,3.2996523296987204,8.94427190999916,3.2996523296987204,523.8181818181819,1085.4545454545455
1341,14.0,5.449353665897314,3.1458514520977277,5.385164807134504,3.1458514520977277,397.14285714285717,1086.0714285714287
1342,6.0,3.1269438398822857,2.309401076758503,3.1622776601683795,2.309401076758503,486.1666666666667,1087.1666666666667
1343,25.0,8.296814275098617,4.797465256207678,8.246211251235321,4.797465256207678,576.36,1092.36
1344,43.0,17.19116397526123,8.551618986314352,14.560219778561036,8.551618986314352,3041.2093023255816,1091.7674418604652
1345,10.0,6.0,1.959591794226542,6.0,1.959591794226542,466.6,1091.5
1346,9.0,3.885753375057407,2.7954428906961324,4.123105625617661,2.7954428906961324,3021.3333333333335,1090.111111111111
1347,6.0,3.265986323710904,2.0,3.1622776601683795,2.0,553.0,1091.5
1348,6.0,3.265986323710904,2.0,3.1622776601683795,2.0,558.0,1091.5
1349,5.0,3.098386676965933,1.7888543819998317,3.1622776601683795,1.7888543819998317,568.8,1093.4
1350,6.0,3.265986323710904,2.0,3.1622776601683795,2.0,2270.5,1095.0
1351,47.0,11.484112484136043,6.981654464843452,12.165525060596439,6.981654464843452,3026.1702127659573,1096.8510638297873
1352,17.0,5.679011000338238,4.003205049336573,6.324555320336759,4.003205049336573,3009.8823529411766,1097.2941176470588
1353,5.0,3.098386676965933,1.7888543819998317,3.1622776601683795,1.7888543819998317,3055.2,1095.4
1354,24.0,12.784429945013857,3.158325133310325,11.045361017187261,3.158325133310325,528.25,1101.625
1355,131.0,25.524486814250224,7.475377023282313,26.30589287593181,7.475377023282313,596.0229007633587,1109.496183206107
1356,33.0,12.631437206099502,4.6826329372465185,12.083045973594572,4.6826329372465185,518.4848484848485,1098.5757575757575
1357,72.0,10.447181711241123,9.038407716262608,11.40175425099138,9.038407716262608,406.44444444444446,1104.763888888889
1358,119.0,25.427981769270296,10.57720066807912,21.840329667841555,10.57720066807912,2208.470588235294,1108.5546218487395
1359,5.0,2.5298221281347035,2.5298221281347035,3.0,2.5298221281347035,2198.0,1102.0
1360,45.0,12.181792857905327,5.6698441463262474,11.40175425099138,5.6698441463262474,3033.5333333333333,1104.8222222222223
1361,18.0,7.571877794400365,3.3847880470506264,6.708203932499369,3.3847880470506264,551.6111111111111,1104.2222222222222
1362,22.0,6.243966050509481,4.719013276861218,6.708203932499369,4.719013276861218,537.4545454545455,1105.3181818181818
1363,61.0,17.700885098947488,6.048165511799519,15.811388300841896,6.048165511799519,574.983606557377,1112.1803278688524
1364,51.0,10.696643100550697,6.7805251354328195,10.816653826391969,6.7805251354328195,3051.7843137254904,1108.549019607843
1365,14.0,4.74024689744533,3.7660484032669737,5.0,3.7660484032669737,2342.6428571428573,1106.7142857142858
1366,6.0,3.265986323710904,2.0,3.1622776601683795,2.0,582.0,1107.5
1367,5.0,3.098386676965933,1.7888543819998317,3.1622776601683795,1.7888543819998317,3022.6,1107.8
1368,8.0,3.4641016151377544,2.7386127875258306,3.605551275463989,2.7386127875258306,532.125,1110.125
1369,27.0,7.894435871090724,4.591274628705359,8.246211251235321,4.591274628705359,2950.777777777778,1110.8148148148148
1370,28.0,8.408233446048015,4.1864185305196,8.246211251235321,4.1864185305196,3064.6071428571427,1112.2857142857142
1371,293.0,26.79919469398081,21.71571267052097,28.844410203711913,21.71571267052097,3132.0,1124.3890784982934
1372,12.0,6.831300510639732,2.0,6.082762530298219,2.0,2335.5,1110.5
1373,6.0,3.8297084310253524,1.8856180831641272,4.0,1.8856180831641272,563.5,1111.6666666666667
1374,288.0,47.36729026897842,12.356347306027864,41.14608122288197,12.356347306027864,3097.5694444444443,1124.5416666666667
1375,58.0,15.585362786555425,6.160567382454326,14.866068747318506,6.160567382454326,3104.9827586206898,1115.7413793103449
1376,80.0,17.971451455389293,6.672850409426699,18.027756377319946,6.672850409426699,610.625,1118.125
1377,5.0,3.098386676965933,1.7888543819998317,3.1622776601683795,1.7888543819998317,2995.6,1113.2
1378,5.0,3.098386676965933,1.7888543819998317,3.1622776601683795,1.7888543819998317,2342.6,1113.8
1379,10.0,4.09878030638384,2.9933259094191533,4.123105625617661,2.9933259094191533,2216.8,1115.5
1380,38.0,10.063708837545093,5.284838754948328,10.198039027185569,5.284838754948328,3054.9736842105262,1119.0526315789473
1381,15.0,4.9746021616473675,3.771236166328254,5.0990195135927845,3.771236166328254,512.9333333333333,1120.6
1382,19.0,7.347338259627431,3.178877656956105,7.0710678118654755,3.178877656956105,627.6842105263158,1121.0
1383,8.0,3.4641016151377544,2.7386127875258306,3.605551275463989,2.7386127875258306,3062.125,1120.875
1384,30.0,8.69840342949338,4.351245032554859,8.246211251235321,4.351245032554859,3071.5,1123.2666666666667
1385,10.0,3.9191835884530852,3.0983866769659336,4.123105625617661,3.0983866769659336,553.0,1124.2
1386,8.0,3.4641016151377544,2.7386127875258306,3.605551275463989,2.7386127875258306,3150.125,1124.125
1387,17.0,5.133511583357983,4.261357712064667,5.385164807134504,4.261357712064667,3048.294117647059,1126.1176470588234
1388,16.0,5.149449337222181,3.918950308868696,5.385164807134504,3.918950308868696,523.8125,1129.3125
1389,5.0,2.5298221281347035,2.5298221281347035,3.0,2.5298221281347035,633.0,1129.0
1390,6.0,3.6514837167011076,2.10818510677892,3.605551275463989,2.10818510677892,2205.3333333333335,1128.6666666666667
1391,21.0,6.484286382199249,4.38139937681021,6.708203932499369,4.38139937681021,653.5714285714286,1131.1904761904761
1392,110.0,17.046427085607302,10.581153586371366,18.24828759089466,10.581153586371366,679.3,1135.8454545454545
1393,5.0,3.335641688875783,2.0575457524521585,3.1622776601683795,2.0575457524521585,566.2,1131.0
1394,16.0,4.69041575982343,4.415880433163924,5.0990195135927845,4.415880433163924,3077.375,1133.875
1395,37.0,9.522795501620237,6.345201440464861,9.486832980505138,6.345201440464861,3092.7027027027025,1137.5675675675675
1396,10.0,4.09878030638384,2.9933259094191533,4.123105625617661,2.9933259094191533,3014.5,1134.8
1397,95.0,20.43827854856175,8.39068107927901,20.223748416156685,8.39068107927901,3116.305263157895,1144.6315789473683
1398,7.0,3.0237157840738176,2.7994168488950604,3.1622776601683795,2.7994168488950604,593.0,1137.7142857142858
1399,10.0,6.0,1.959591794226542,6.0,1.959591794226542,605.4,1139.5
1400,10.0,5.366563145999495,2.1908902300206647,5.0,2.1908902300206647,2215.5,1138.5
1401,15.0,4.77795383588526,3.981909289096598,5.0990195135927845,3.981909289096598,3056.733333333333,1139.3333333333333
1402,21.0,7.714067090431346,3.770480729747118,7.615773105863909,3.770480729747118,3143.3809523809523,1141.7619047619048
1403,6.0,3.8297084310253524,1.8856180831641272,4.0,1.8856180831641272,572.5,1141.3333333333333
1404,12.0,5.416025603090641,2.96273147243853,5.385164807134504,2.96273147243853,702.1666666666666,1143.5833333333333
1405,16.0,6.6332495807108,4.175823272122517,6.708203932499369,4.175823272122517,2357.3125,1144.5
1406,8.0,4.802940558043421,2.163737968401339,4.47213595499958,2.163737968401339,710.5,1144.375
1407,42.0,10.16219648412929,5.691586923778012,10.295630140987,5.691586923778012,2183.809523809524,1146.642857142857
1408,3440.0,120.05082483971799,41.338947730140795,134.39121995130486,41.338947730140795,3067.6363372093024,1214.428488372093
1409,6.0,3.1269438398822857,2.309401076758503,3.1622776601683795,2.309401076758503,3103.1666666666665,1144.1666666666667
1410,22.0,8.591750800516843,3.1701083225750346,8.06225774829855,3.1701083225750346,3053.090909090909,1147.5
1411,44.0,8.250355581690254,7.1128608731273415,9.219544457292887,7.1128608731273415,3067.340909090909,1147.1136363636363
1412,19.0,7.347338259627431,3.178877656956105,7.0710678118654755,3.178877656956105,649.0,1147.6842105263158
1413,8.0,6.264845376455404,1.6588286255986004,6.0,1.6588286255986004,665.25,1148.75
1414,22.0,6.692826229366638,4.267826323353831,7.0710678118654755,4.267826323353831,678.6818181818181,1147.7727272727273
1415,6.0,3.265986323710904,2.0,3.1622776601683795,2.0,3097.0,1147.5
1416,72.0,19.042892919813223,9.863467054284063,17.88854381999832,9.863467054284063,737.9305555555555,1152.236111111111
1417,6.0,6.831300510639732,0.0,6.0,0.0,547.5,1150.0
1418,53.0,16.48958251659253,8.383626641399115,13.92838827718412,8.383626641399115,581.8490566037735,1155.7924528301887
1419,7.0,4.993927366567251,1.772659614960501,5.0,1.772659614960501,597.8571428571429,1150.7142857142858
1420,49.0,10.266042556044138,6.075284213582781,10.198039027185569,6.075284213582781,2173.6530612244896,1154.8367346938776
1421,17.0,5.5093100474046794,4.797681212429472,6.082762530298219,4.797681212429472,3104.0588235294117,1152.1176470588234
1422,312.0,38.674833415571285,16.333897725678302,38.48376280978771,16.333897725678302,1810.8846153846155,1162.4134615384614
1423,5.0,3.098386676965933,1.7888543819998317,3.1622776601683795,1.7888543819998317,1846.6,1151.8
1424,10.0,4.09878030638384,2.9933259094191533,4.123105625617661,2.9933259094191533,552.8,1153.5
1425,123.0,42.613891914422965,11.319393073709511,38.118237105091836,11.319393073709511,749.6178861788618,1172.5772357723577
1426,11.0,4.346129984141888,3.067356324605907,4.47213595499958,3.067356324605907,452.3636363636364,1157.090909090909
1427,12.0,7.118052168020874,1.9720265943665378,7.0,1.9720265943665378,603.0,1157.5833333333333
1428,23.0,14.099137463276708,3.1287364827950612,12.36931687685298,3.1287364827950612,620.1304347826087,1162.6521739130435
1429,83.0,18.366311533342525,6.742865349222856,19.924858845171276,6.742865349222856,1844.421686746988,1165.301204819277
1430,26.0,6.593437007762377,5.130828879695446,7.211102550927978,5.130828879695446,2995.846153846154,1159.1923076923076
1431,11.0,6.1592216015262125,2.2740772369956574,5.830951894845301,2.2740772369956574,1788.1818181818182,1160.0
1432,7.0,4.796702691401646,1.7646790841090736,4.47213595499958,1.7646790841090736,539.7142857142857,1160.0
1433,35.0,8.23035309146542,5.473504103723601,8.54400374531753,5.473504103723601,2183.0857142857144,1162.9714285714285
1434,12.0,6.831300510639732,2.0,6.082762530298219,2.0,1835.5,1163.5
1435,11.0,6.410747983365109,1.9649396885733192,6.082762530298219,1.9649396885733192,2195.4545454545455,1163.2727272727273
1436,16.0,9.597568933577463,1.9395026592476672,9.055385138137417,1.9395026592476672,3033.4375,1164.5625
1437,52.0,15.503055110576323,5.75677768712889,15.524174696260024,5.75677768712889,3128.9423076923076,1169.0
1438,10.0,3.9191835884530852,3.0983866769659336,4.123105625617661,3.0983866769659336,3160.2,1166.0
1439,49.0,19.276012560126553,4.876195303699306,18.027756377319946,4.876195303699306,1789.8163265306123,1174.6326530612246
1440,12.0,4.47213595499958,3.265986323710904,4.47213595499958,3.265986323710904,755.5,1168.0
1441,12.0,3.8297084310253524,3.8297084310253524,4.123105625617661,3.8297084310253524,579.5,1169.5
1442,15.0,5.433874815756726,3.464374889583068,5.830951894845301,3.464374889583068,604.4,1169.6666666666667
1443,72.0,17.178262138441678,6.14459724758913,17.4928556845359,6.14459724758913,769.9722222222222,1172.5416666666667
1444,21.0,8.226004473807071,3.1236015555901466,8.06225774829855,3.1236015555901466,640.047619047619,1172.3333333333333
1445,19.0,7.829320047560576,3.688467796291406,7.615773105863909,3.688467796291406,696.8421052631579,1172.3684210526317
1446,18.0,6.831300510639732,3.265986323710904,6.324555320336759,3.265986323710904,1862.0,1171.5
1447,19.0,7.347338259627431,3.178877656956105,7.0710678118654755,3.178877656956105,2161.0,1171.6842105263158
1448,19.0,7.347338259627431,3.178877656956105,7.0710678118654755,3.178877656956105,2169.0,1171.6842105263158
1449,19.0,7.347338259627431,3.178877656956105,7.0710678118654755,3.178877656956105,2174.0,1171.6842105263158
1450,97.0,29.26299897120238,15.648845692134698,26.419689627245813,15.648845692134698,1695.1752577319587,1180.7525773195875
1451,11.0,6.410747983365109,1.9649396885733192,6.082762530298219,1.9649396885733192,651.2727272727273,1171.4545454545455
1452,6.0,3.265986323710904,2.0,3.1622776601683795,2.0,2209.0,1171.5
1453,13.0,5.055900530816918,3.1378581622109447,5.0990195135927845,3.1378581622109447,3139.0,1173.6923076923076
1454,43.0,17.54415574469516,6.5896737290156615,16.1245154965971,6.5896737290156615,727.6744186046511,1176.4186046511627
1455,24.0,11.929413963781823,3.495262545003601,10.770329614269007,3.495262545003601,1802.5416666666667,1177.0833333333333
1456,26.0,11.622944740467668,3.844083511741403,10.770329614269007,3.844083511741403,3118.6923076923076,1178.0
1457,7.0,3.7032803990902057,2.138089935299395,3.605551275463989,2.138089935299395,3006.0,1175.0
1458,5.0,3.098386676965933,1.7888543819998317,3.1622776601683795,1.7888543819998317,3190.8,1174.4
1459,39.0,13.905008998565773,3.6460557836404908,13.152946437965905,3.6460557836404908,790.2307692307693,1181.076923076923
1460,5.0,2.5298221281347035,2.5298221281347035,3.0,2.5298221281347035,825.0,1177.0
1461,10.0,3.9191835884530852,3.0983866769659336,4.123105625617661,3.0983866769659336,3105.0,1177.2
1462,34.0,12.437253010832785,4.37670743760167,12.206555615733702,4.37670743760167,3157.0588235294117,1181.1176470588234
1463,78.0,12.891959641936797,8.495263397538986,13.601470508735444,8.495263397538986,778.1923076923077,1182.025641025641
1464,33.0,11.287705916919094,5.57048499058233,10.44030650891055,5.57048499058233,1843.090909090909,1182.2424242424242
1465,108.0,27.10798424300151,14.06284111745913,28.231188426986208,14.06284111745913,2157.064814814815,1192.5648148148148
1466,12.0,6.831300510639732,2.0,6.082762530298219,2.0,3203.5,1179.5
1467,8.0,4.47213595499958,2.0,4.123105625617661,2.0,648.5,1179.5
1468,555.0,53.97487270527534,25.542195392266294,55.362442142665635,25.542195392266294,3191.7207207207207,1200.7801801801802
1469,5.0,3.098386676965933,1.7888543819998317,3.1622776601683795,1.7888543819998317,3249.2,1179.4
1470,16.0,4.69041575982343,4.415880433163924,5.0990195135927845,4.415880433163924,1669.375,1181.875
1471,13.0,5.571304993630558,2.8888018368456154,6.0,2.8888018368456154,679.3846153846154,1181.923076923077
1472,13.0,7.554371880072024,1.9753176197160076,7.0710678118654755,1.9753176197160076,691.7692307692307,1181.5384615384614
1473,9.0,3.885753375057407,2.7954428906961324,4.123105625617661,2.7954428906961324,1614.3333333333333,1182.111111111111
1474,34.0,11.489671255234816,6.039195601433583,10.770329614269007,6.039195601433583,1651.7058823529412,1184.0294117647059
1475,32.0,12.461248631367722,4.951177389998876,11.40175425099138,4.951177389998876,1862.40625,1182.5625
1476,6.0,3.9999999999999996,1.632993161855452,4.123105625617661,1.632993161855452,633.5,1182.5
1477,28.0,8.223262113993297,4.752056590279158,8.06225774829855,4.752056590279158,1798.5,1186.5714285714287
1478,88.0,19.008482546870624,7.100656786699732,17.88854381999832,7.100656786699732,1854.375,1188.4772727272727
1479,21.0,10.708799269697119,3.381567223365775,9.486832980505138,3.381567223365775,2165.3809523809523,1186.857142857143
1480,11.0,6.093817050591153,2.2758390410355025,6.082762530298219,2.2758390410355025,3167.3636363636365,1185.3636363636363
1481,13.0,7.11244549846606,2.41643426029107,6.324555320336759,2.41643426029107,729.3846153846154,1187.3076923076924
1482,12.0,6.831300510639732,2.0,6.082762530298219,2.0,1659.5,1187.5
1483,14.0,4.742873420478221,3.686025552052299,5.0990195135927845,3.686025552052299,760.6428571428571,1189.2142857142858
1484,15.0,5.7971874436928506,3.2375155029094183,5.830951894845301,3.2375155029094183,810.7333333333333,1190.2
1485,18.0,6.0,3.9752319599996264,6.082762530298219,3.9752319599996264,1987.5,1189.888888888889
1486,11.0,3.9999999999999996,3.468869823334348,4.123105625617661,3.468869823334348,2195.6363636363635,1189.5454545454545
1487,5.0,2.5298221281347035,2.5298221281347035,3.0,2.5298221281347035,1614.0,1190.0
1488,6.0,3.265986323710904,2.0,3.1622776601683795,2.0,2211.5,1190.0
1489,8.0,4.47213595499958,2.0,4.123105625617661,2.0,3159.5,1189.5
1490,18.0,5.900439563226915,3.893600082530547,6.082762530298219,3.893600082530547,1832.7777777777778,1193.7777777777778
1491,10.0,3.9597979746446663,3.3466401061363023,4.123105625617661,3.3466401061363023,793.6,1193.6
1492,19.0,6.89874465216269,3.7788752826128063,6.708203932499369,3.7788752826128063,1602.1052631578948,1194.2631578947369
1493,45.0,15.808381426718475,4.716481752765775,13.416407864998739,4.716481752765775,1621.4444444444443,1197.2444444444445
1494,11.0,4.271760045262083,3.411211461689767,4.47213595499958,3.411211461689767,1672.090909090909,1193.1818181818182
1495,32.0,9.012039949682661,5.949160524420546,9.433981132056603,5.949160524420546,1681.75,1195.65625
1496,30.0,11.417671611458749,3.7406323701273503,10.770329614269007,3.7406323701273503,1706.6,1193.5333333333333
1497,16.0,4.69041575982343,4.415880433163924,5.0990195135927845,4.415880433163924,3109.875,1193.625
1498,14.0,7.017298793846583,2.6462077766235543,6.324555320336759,2.6462077766235543,905.2857142857143,1195.7857142857142
1499,16.0,9.16515138991168,2.0,8.06225774829855,2.0,1595.5,1196.5
1500,60.0,16.411893263104666,5.9565821266537355,15.297058540778355,5.9565821266537355,1798.2833333333333,1197.1333333333334
1501,19.0,7.492235046858282,3.0904084728307817,7.280109889280518,3.0904084728307817,1842.0,1196.0
1502,13.0,7.554371880072024,1.9753176197160076,7.0710678118654755,1.9753176197160076,2147.4615384615386,1195.7692307692307
1503,15.0,5.215498621614657,3.7283771738060283,5.385164807134504,3.7283771738060283,893.2666666666667,1195.4
1504,38.0,17.519452910450312,5.234084401746709,14.422205101855956,5.234084401746709,1654.7105263157894,1201.3157894736842
1505,152.0,19.532899673396212,13.334801775140086,20.223748416156685,13.334801775140086,2003.0,1205.782894736842
1506,5.0,3.098386676965933,1.7888543819998317,3.1622776601683795,1.7888543819998317,648.8,1198.6
1507,24.0,8.387255992967484,3.6875983177232663,8.246211251235321,3.6875983177232663,918.7916666666666,1202.2083333333333
1508,28.0,6.842072737246033,5.438179452746608,7.280109889280518,5.438179452746608,1662.7857142857142,1201.5357142857142
1509,147.0,21.471400407962463,15.250924574325074,20.591260281974,15.250924574325074,1870.2789115646258,1206.9931972789116
1510,26.0,12.149744970409328,4.6056595098722966,11.180339887498949,4.6056595098722966,826.0384615384615,1204.8461538461538
1511,40.0,10.172942733819164,5.106000013164505,10.295630140987,5.106000013164505,844.25,1203.7
1512,25.0,6.229132290364385,5.019752076461521,6.324555320336759,5.019752076461521,893.08,1202.56
1513,40.0,11.562287463893144,8.474285138128138,11.180339887498949,8.474285138128138,905.025,1203.675
1514,98.0,14.816745910127324,8.914844528252965,15.297058540778355,8.914844528252965,1675.408163265306,1207.8877551020407
1515,20.0,7.731010827707835,3.198667157092813,7.280109889280518,3.198667157092813,1778.05,1203.15
1516,21.0,10.421009697415377,2.9922528794435004,8.94427190999916,2.9922528794435004,1825.4285714285713,1203.4285714285713
1517,30.0,8.37456466530251,4.814792022738077,8.246211251235321,4.814792022738077,2366.4666666666667,1203.5
1518,35.0,8.240705579676296,5.358890773714476,8.246211251235321,5.358890773714476,3161.9714285714285,1203.6
1519,6.0,3.8297084310253524,1.8856180831641272,4.0,1.8856180831641272,3203.5,1200.3333333333333
1520,223.0,21.76701142246962,14.524910278429644,23.430749027719962,14.524910278429644,3257.0448430493275,1208.206278026906
1521,17.0,5.6871994758893925,3.8790160584420166,6.082762530298219,3.8790160584420166,757.8235294117648,1203.6470588235295
1522,12.0,6.831300510639732,2.0,6.082762530298219,2.0,1611.5,1203.5
1523,12.0,6.831300510639732,2.0,6.082762530298219,2.0,1705.5,1203.5
1524,12.0,6.831300510639732,2.0,6.082762530298219,2.0,1715.5,1203.5
1525,20.0,6.0,4.09878030638384,6.082762530298219,4.09878030638384,1840.5,1203.5
1526,26.0,17.104739971541772,2.426810451493819,14.317821063276353,2.426810451493819,1852.5,1207.5
1527,13.0,7.554371880072024,1.9753176197160076,7.0710678118654755,1.9753176197160076,1907.2307692307693,1201.4615384615386
1528,10.0,4.09878030638384,2.9933259094191533,4.123105625617661,2.9933259094191533,694.2,1203.5
1529,9.0,6.545506211474516,1.7272836852629914,5.830951894845301,1.7272836852629914,831.4444444444445,1204.7777777777778
1530,27.0,13.470455878995704,2.8517630150593223,13.152946437965905,2.8517630150593223,1601.5185185185185,1204.2592592592594
1531,33.0,7.480767886879839,5.99613464218717,8.06225774829855,5.99613464218717,1990.7878787878788,1206.2424242424242
1532,5.0,3.335641688875783,2.0575457524521585,3.1622776601683795,2.0575457524521585,815.8,1205.0
1533,16.0,4.69041575982343,4.415880433163924,5.0990195135927845,4.415880433163924,1685.375,1205.875
1534,11.0,6.410747983365108,1.9649396885733192,6.082762530298219,1.9649396885733192,651.7272727272727,1205.5454545454545
1535,14.0,5.957108448150149,2.8895663395837934,6.082762530298219,2.8895663395837934,2208.214285714286,1206.0
1536,9.0,3.885753375057407,2.7954428906961324,4.123105625617661,2.7954428906961324,2700.3333333333335,1205.888888888889
1537,8.0,3.4641016151377544,2.7386127875258306,3.605551275463989,2.7386127875258306,1700.125,1207.125
1538,22.0,10.142782313440984,3.1333978072025612,9.055385138137417,3.1333978072025612,3203.5,1209.5454545454545
1539,42.0,9.167363668984414,6.062807048028798,9.433981132056603,6.062807048028798,1895.6904761904761,1210.2619047619048
1540,107.0,18.86558739200321,9.425742028689777,17.46424919657298,9.425742028689777,1602.1028037383178,1214.2990654205607
1541,5.0,2.5298221281347035,2.5298221281347035,3.0,2.5298221281347035,1625.0,1209.0
1542,744.0,88.39260685422109,22.333372202046807,82.60750571225353,22.333372202046807,1686.893817204301,1249.8091397849462
1543,46.0,17.841883186194874,5.380415215041013,15.811388300841896,5.380415215041013,3238.1739130434785,1214.7826086956522
1544,11.0,6.410747983365109,1.9649396885733192,6.082762530298219,1.9649396885733192,691.4545454545455,1211.7272727272727
1545,22.0,5.684918356215259,4.913706666104739,6.324555320336759,4.913706666104739,722.8181818181819,1211.2727272727273
1546,12.0,6.831300510639732,2.0,6.082762530298219,2.0,1179.5,1211.5
1547,6.0,6.831300510639732,0.0,6.0,0.0,1841.0,1211.5
1548,18.0,11.394335290245996,3.0137524019680697,9.848857801796104,3.0137524019680697,1908.1666666666667,1213.111111111111
1549,12.0,4.268749491621899,3.8297084310253524,4.47213595499958,3.8297084310253524,1046.8333333333333,1211.5
1550,16.0,5.244535484642193,3.9204397139005818,5.385164807134504,3.9204397139005818,1825.1875,1212.1875
1551,25.0,6.221217064120305,5.150267783435958,6.708203932499369,5.150267783435958,2379.36,1212.44
1552,17.0,4.752708206288037,4.538188593408449,5.0990195135927845,4.538188593408449,459.3529411764706,1213.0
1553,58.0,18.66150499904095,4.902408155679403,17.08800749063506,4.902408155679403,747.6034482758621,1218.3793103448277
1554,6.0,3.265986323710904,2.0,3.1622776601683795,2.0,1705.0,1211.5
1555,6.0,3.265986323710904,2.0,3.1622776601683795,2.0,1886.0,1211.5
1556,31.0,8.430656115571425,5.611049007782942,8.54400374531753,5.611049007782942,1934.3870967741937,1214.3870967741937
1557,5.0,3.098386676965933,1.7888543819998317,3.1622776601683795,1.7888543819998317,2369.2,1211.4
1558,1783.0,64.85212866065388,43.59547613619607,71.84010022264724,43.59547613619607,2455.0992708917556,1248.614133482894
1559,7.0,3.0237157840738176,2.799416848895061,3.1622776601683795,2.799416848895061,564.0,1213.2857142857142
1560,127.0,37.030245163816794,9.887422773806865,29.832867780352597,9.887422773806865,1517.3307086614172,1223.1968503937007
1561,66.0,21.956944498814504,5.785024572501478,19.697715603592208,5.785024572501478,2427.757575757576,1219.7424242424242
1562,36.0,19.63952533063965,3.2440118200151655,18.681541692269406,3.2440118200151655,963.3888888888889,1221.4722222222222
1563,15.0,7.734318207931478,2.6504275698279427,7.0710678118654755,2.6504275698279427,1651.5333333333333,1213.7333333333333
1564,20.0,10.98427217851017,2.354944735743796,10.04987562112089,2.354944735743796,1991.55,1217.6
1565,38.0,20.800239819329114,4.51938222572099,19.0,4.51938222572099,2159.8684210526317,1222.1842105263158
1566,12.0,5.294328785763617,2.862220279862641,5.0990195135927845,2.862220279862641,1592.0833333333333,1214.75
1567,77.0,20.69157194653975,5.447601082065923,19.235384061671343,5.447601082065923,1879.2857142857142,1222.6493506493507
1568,46.0,10.535786867289586,5.807809780315315,10.295630140987,5.807809780315315,2195.891304347826,1218.9130434782608
1569,18.0,5.28913906753229,4.283222569354137,5.385164807134504,4.283222569354137,882.8333333333334,1217.7222222222222
1570,7.0,3.7032803990902057,2.138089935299395,3.605551275463989,2.138089935299395,1832.0,1217.0
1571,18.0,8.749943491576735,3.232775057628709,8.246211251235321,3.232775057628709,1888.9444444444443,1218.9444444444443
1572,55.0,19.989541470934828,4.63522806556413,17.11724276862369,4.63522806556413,984.6545454545454,1225.6181818181817
1573,33.0,6.678776879493775,6.344849613722376,7.211102550927978,6.344849613722376,1044.6969696969697,1219.4242424242425
1574,26.0,11.762197591100373,5.427831861386878,10.0,5.427831861386878,1055.423076923077,1221.423076923077
1575,38.0,20.573078604354844,3.632031117079769,16.76305461424021,3.632031117079769,1098.3157894736842,1224.8684210526317
1576,12.0,6.831300510639732,2.0,6.082762530298219,2.0,1643.5,1219.5
1577,12.0,6.831300510639732,2.0,6.082762530298219,2.0,1843.5,1219.5
1578,12.0,6.831300510639732,2.0,6.082762530298219,2.0,1849.5,1219.5
1579,13.0,5.055900530816918,3.1378581622109447,5.0990195135927845,3.1378581622109447,3153.0,1219.3076923076924
1580,7.0,3.0237157840738176,2.799416848895061,3.1622776601683795,2.799416848895061,90.0,1219.2857142857142
1581,14.0,4.20883424647321,4.120630029101703,4.47213595499958,4.120630029101703,866.2857142857143,1219.5
1582,41.0,9.720881340861943,5.621462190969235,9.848857801796104,5.621462190969235,1387.4878048780488,1221.3170731707316
1583,14.0,4.20883424647321,4.120630029101703,4.47213595499958,4.120630029101703,1408.7142857142858,1219.5
1584,12.0,5.163977794943222,3.0550504633038935,5.0990195135927845,3.0550504633038935,1504.0,1219.5
1585,6.0,3.265986323710904,2.0,3.1622776601683795,2.0,1425.0,1219.5
1586,8.0,4.487387140792187,2.3158921927958827,4.47213595499958,2.3158921927958827,1824.625,1219.875
1587,6.0,3.8297084310253524,1.8856180831641272,4.0,1.8856180831641272,161.5,1220.6666666666667
1588,14.0,5.449353665897314,3.145851452097728,5.385164807134504,3.145851452097728,1011.0714285714286,1221.857142857143
1589,8.0,3.8888437389046198,2.6223833385648136,4.123105625617661,2.6223833385648136,1534.75,1221.75
1590,10.0,3.9191835884530852,3.0983866769659336,4.123105625617661,3.0983866769659336,1585.2,1221.0
1591,13.0,5.055900530816918,3.1378581622109447,5.0990195135927845,3.1378581622109447,724.6923076923077,1222.0
1592,13.0,7.554371880072024,1.9753176197160076,7.0710678118654755,1.9753176197160076,1035.7692307692307,1221.5384615384614
1593,8.0,3.4641016151377544,2.7386127875258306,3.605551275463989,2.7386127875258306,1208.875,1222.125
1594,35.0,12.919578264830696,4.325577407456007,12.36931687685298,4.325577407456007,1553.057142857143,1222.6285714285714
1595,30.0,11.066860255714445,6.791836903587454,11.180339887498949,6.791836903587454,1677.3333333333333,1223.4666666666667
1596,25.0,9.910166553355277,3.1419418971009603,9.219544457292887,3.1419418971009603,1900.72,1221.92
1597,96.0,16.30485704511101,10.46375546375012,17.08800749063506,10.46375546375012,1341.78125,1229.5625
1598,94.0,28.913517625187914,8.067808294647815,27.313000567495326,8.067808294647815,1501.287234042553,1232.840425531915
1599,115.0,21.001542225818188,9.855233184080472,19.697715603592208,9.855233184080472,2419.4434782608696,1231.9652173913043
1600,6.0,3.8297084310253524,1.8856180831641272,4.0,1.8856180831641272,3126.5,1222.6666666666667
1601,72.0,13.30712386750979,7.461263591024733,13.0,7.461263591024733,1330.0833333333333,1229.125
1602,444.0,41.97597565675317,24.511666314125005,41.48493702538308,24.511666314125005,1427.5585585585586,1238.6396396396397
1603,21.0,9.800380818661374,3.8032890324747877,8.94427190999916,3.8032890324747877,2096.7619047619046,1226.5238095238096
1604,7.0,4.505936460652527,1.964637859424637,4.47213595499958,1.964637859424637,3172.5714285714284,1223.857142857143
1605,67.0,14.96729586873135,5.893962841188681,15.132745950421556,5.893962841188681,3216.5522388059703,1229.9850746268658
1606,30.0,10.323420823115464,3.993923754068233,10.198039027185569,3.993923754068233,3237.9333333333334,1224.9333333333334
1607,6.0,3.126943839882286,2.309401076758503,3.1622776601683795,2.309401076758503,888.8333333333334,1225.1666666666667
1608,11.0,3.8138503569823694,3.6725472503134826,4.123105625617661,3.6725472503134826,894.8181818181819,1225.1818181818182
1609,20.0,7.848566748139434,3.0983866769659336,8.0,3.0983866769659336,947.5,1225.0
1610,15.0,7.7343182079314765,2.6504275698279427,7.0710678118654755,2.6504275698279427,969.2666666666667,1227.5333333333333
1611,50.0,9.280311016369506,7.114199001957339,10.0,7.114199001957339,1019.34,1227.72
1612,48.0,16.371691227183838,4.289321848183842,15.297058540778355,4.289321848183842,1236.4375,1229.7291666666667
1613,20.0,7.848566748139434,3.0983866769659336,8.0,3.0983866769659336,1739.5,1225.0
1614,13.0,7.554371880072024,1.9753176197160076,7.0710678118654755,1.9753176197160076,2169.4615384615386,1227.2307692307693
1615,47.0,11.607988839667122,6.077044226694588,11.180339887498949,6.077044226694588,2377.4893617021276,1229.659574468085
1616,7.0,3.0237157840738176,2.7994168488950604,3.1622776601683795,2.7994168488950604,3246.0,1224.7142857142858
1617,12.0,6.831300510639732,2.0,6.082762530298219,2.0,1027.5,1227.5
1618,13.0,7.554371880072024,1.9753176197160076,7.0710678118654755,1.9753176197160076,1085.5384615384614,1227.7692307692307
1619,28.0,16.1245154965971,2.0,14.035668847618199,2.0,1091.5,1231.5
1620,12.0,6.831300510639732,2.0,6.082762530298219,2.0,1787.5,1227.5
1621,19.0,7.347338259627431,3.178877656956105,7.0710678118654755,3.178877656956105,867.6842105263158,1227.0
1622,17.0,5.181899763382574,4.041201040002321,5.385164807134504,4.041201040002321,1112.5882352941176,1228.1176470588234
1623,23.0,6.673943743508311,4.479217548001403,7.0710678118654755,4.479217548001403,1184.695652173913,1229.0
1624,10.0,5.656854249492381,2.0,5.0990195135927845,2.0,2211.5,1228.0
1625,14.0,6.771094492852682,2.561336103319166,6.708203932499369,2.561336103319166,1199.7857142857142,1228.5
1626,30.0,16.029309375456357,3.9444922009917556,13.601470508735444,3.9444922009917556,1207.8666666666666,1233.5333333333333
1627,35.0,11.873623395719244,5.488087852153533,11.40175425099138,5.488087852153533,1482.4,1230.057142857143
1628,17.0,5.415619343554922,3.980896596741624,5.385164807134504,3.980896596741624,1536.764705882353,1229.0588235294117
1629,6.0,3.265986323710904,2.0,3.1622776601683795,2.0,1990.0,1227.5
1630,6.0,3.265986323710904,2.0,3.1622776601683795,2.0,2038.0,1227.5
1631,19.0,8.7515619786829,3.093675444065916,8.06225774829855,3.093675444065916,3251.2105263157896,1229.7894736842106
1632,15.0,7.15733956975279,2.661503596533745,7.0710678118654755,2.661503596533745,1392.2666666666667,1231.1333333333334
1633,13.0,4.318667337728677,3.6794648440311994,4.47213595499958,3.6794648440311994,1627.6153846153845,1229.6153846153845
1634,27.0,6.2387375039009205,5.524601982021155,6.708203932499369,5.524601982021155,322.4074074074074,1231.5555555555557
1635,14.0,7.017298793846583,2.6462077766235526,6.324555320336759,2.6462077766235526,1123.7857142857142,1229.7142857142858
1636,6.0,3.265986323710904,2.0,3.1622776601683795,2.0,2139.5,1230.0
1637,5.0,3.098386676965933,1.7888543819998317,3.1622776601683795,1.7888543819998317,3262.2,1229.6
1638,31.0,7.410732060877671,5.347341171643986,7.615773105863909,5.347341171643986,2435.3548387096776,1232.0967741935483
1639,14.0,4.20883424647321,4.120630029101703,4.47213595499958,4.120630029101703,1379.5,1232.7142857142858
1640,171.0,29.341862480481556,13.337629296265439,31.622776601683793,13.337629296265439,1461.421052631579,1237.888888888889
1641,23.0,8.33122911917611,3.5859520863617864,8.246211251235321,3.5859520863617864,2034.9130434782608,1232.7391304347825
1642,30.0,11.918496260978765,5.408892080981268,11.180339887498949,5.408892080981268,823.0,1236.4
1643,11.0,4.346129984141888,3.067356324605906,4.47213595499958,3.067356324605906,1117.909090909091,1233.3636363636363
1644,6.0,3.265986323710904,2.0,3.1622776601683795,2.0,1166.0,1232.5
1645,20.0,6.0,4.09878030638384,6.082762530298219,4.09878030638384,1179.5,1233.5
1646,27.0,7.973190480658249,4.333203901931148,8.246211251235321,4.333203901931148,1194.5555555555557,1235.3703703703704
1647,22.0,8.343947877998735,3.654277003842299,8.06225774829855,3.654277003842299,1244.8636363636363,1234.5
1648,32.0,9.39063805454615,4.328717122717734,9.219544457292887,4.328717122717734,1416.4375,1235.53125
1649,62.0,17.416212415738283,6.406064929318574,16.15549442140351,6.406064929318574,1488.6451612903227,1240.1129032258063
1650,19.0,7.347338259627431,3.178877656956105,7.0710678118654755,3.178877656956105,1894.0,1235.3157894736842
1651,39.0,8.207198234852026,6.715223832802398,8.94427190999916,6.715223832802398,1938.7948717948718,1235.4871794871794
1652,22.0,10.453693236576932,4.078927933593158,10.198039027185569,4.078927933593158,2087.2272727272725,1233.8181818181818
1653,6.0,3.1269438398822857,2.309401076758503,3.1622776601683795,2.309401076758503,2110.1666666666665,1232.8333333333333
1654,17.0,5.6871994758893925,3.879016058442018,6.082762530298219,3.879016058442018,2131.3529411764707,1233.1764705882354
1655,25.0,8.641129887834628,3.929742264013137,8.246211251235321,3.929742264013137,2154.88,1233.56
1656,6.0,3.8297084310253524,1.8856180831641272,4.0,1.8856180831641272,2362.3333333333335,1233.5
1657,6.0,6.831300510639732,0.0,6.0,0.0,843.5,1233.0
1658,17.0,9.850849153622065,1.985817190609744,9.055385138137417,1.985817190609744,865.4705882352941,1236.764705882353
1659,18.0,6.831300510639732,3.265986323710904,6.324555320336759,3.265986323710904,1566.0,1235.5
1660,5.0,5.656854249492381,0.0,5.0,0.0,1619.0,1235.0
1661,35.0,11.71899893072221,4.141645485436658,11.661903789690601,4.141645485436658,1957.6,1238.1142857142856
1662,15.0,6.791134621996741,2.8402741439135504,6.324555320336759,2.8402741439135504,2125.8,1235.2
1663,18.0,7.299235808993211,3.1356447049725413,7.280109889280518,3.1356447049725413,2234.8333333333335,1236.1666666666667
1664,13.0,7.554371880072024,1.9753176197160076,7.0710678118654755,1.9753176197160076,3133.5384615384614,1235.7692307692307
1665,12.0,6.831300510639732,2.0,6.082762530298219,2.0,3187.5,1235.5
1666,18.0,6.831300510639732,3.265986323710904,6.324555320336759,3.265986323710904,3198.0,1235.5
1667,9.0,3.885753375057407,2.7954428906961324,4.123105625617661,2.7954428906961324,2441.8888888888887,1235.3333333333333
1668,17.0,5.79093571445421,3.692507782533316,6.082762530298219,3.692507782533316,341.6470588235294,1236.4705882352941
1669,20.0,5.808305664709609,4.523669451374876,6.324555320336759,4.523669451374876,1221.8,1237.35
1670,42.0,9.5840872634053,7.054704394506705,10.295630140987,7.054704394506705,1265.9285714285713,1238.6904761904761
1671,40.0,15.507066470075973,4.280290818699764,14.7648230602334,4.280290818699764,3147.375,1240.9
1672,54.0,10.346357704424108,7.1452355572386566,10.770329614269007,7.1452355572386566,1169.2037037037037,1240.2777777777778
1673,16.0,6.38837916069811,3.0312722905008225,6.324555320336759,3.0312722905008225,1253.5,1238.0
1674,19.0,7.3473382596274295,3.178877656956105,7.0710678118654755,3.178877656956105,1515.3157894736842,1238.0
1675,53.0,17.385703276115695,4.71441954445506,15.524174696260024,4.71441954445506,1910.6037735849056,1239.3584905660377
1676,40.0,9.023390703462779,6.366193541878968,10.295630140987,6.366193541878968,2107.15,1241.425
1677,186.0,25.84133951354718,16.426234955313546,28.600699292150182,16.426234955313546,3251.7688172043013,1245.505376344086
1678,24.0,7.241505181365678,4.266086215390277,7.615773105863909,4.266086215390277,1670.8333333333333,1239.875
1679,26.0,8.510427070147172,3.910064886298844,8.54400374531753,3.910064886298844,1215.6538461538462,1242.1153846153845
1680,57.0,12.212985921627393,6.498640276822304,11.661903789690601,6.498640276822304,1372.3508771929824,1243.9473684210527
1681,19.0,6.275364142840501,3.8214113068520565,6.324555320336759,3.8214113068520565,2086.2631578947367,1241.3684210526317
1682,15.0,7.734318207931477,2.650427569827944,7.0710678118654755,2.650427569827944,1067.4666666666667,1241.2666666666667
1683,22.0,9.107811520362453,4.140886724274403,8.246211251235321,4.140886724274403,1111.8181818181818,1242.7272727272727
1684,6.0,3.265986323710904,2.0,3.1622776601683795,2.0,1145.0,1240.5
1685,8.0,3.4641016151377544,2.7386127875258306,3.605551275463989,2.7386127875258306,1187.125,1241.125
1686,17.0,5.224377249688121,4.280801270273,5.385164807134504,4.280801270273,1525.4705882352941,1241.5294117647059
1687,39.0,10.601219692954329,5.442974861345951,11.661903789690601,5.442974861345951,1544.1538461538462,1242.8461538461538
1688,16.0,6.960729697365796,2.9976227381393192,7.0710678118654755,2.9976227381393192,1562.25,1242.8125
1689,27.0,17.36940618799903,2.557277521046179,14.317821063276353,2.557277521046179,1607.7037037037037,1242.4074074074074
1690,17.0,6.96434421707008,3.030922457114571,7.0710678118654755,3.030922457114571,1659.7058823529412,1241.1176470588234
1691,59.0,22.56260321555264,5.044007047393498,19.235384061671343,5.044007047393498,1966.3389830508474,1248.6271186440679
1692,21.0,8.0,3.265986323710904,7.280109889280518,3.265986323710904,1974.0,1243.0
1693,25.0,9.402696541002362,3.528923030872481,8.54400374531753,3.528923030872481,2026.36,1241.08
1694,34.0,12.357582217919841,5.172075921697989,11.180339887498949,5.172075921697989,3168.735294117647,1242.0882352941176
1695,25.0,10.300786084413327,3.2760045853381836,9.433981132056603,3.2760045853381836,3181.76,1243.4
1696,11.0,6.410747983365109,1.964939688573319,6.082762530298219,1.964939688573319,1595.5454545454545,1243.2727272727273
1697,11.0,6.410747983365109,1.964939688573319,6.082762530298219,1.964939688573319,1795.5454545454545,1243.2727272727273
1698,41.0,13.977190411176123,5.838024199671385,12.806248474865697,5.838024199671385,1945.0,1246.5853658536585
1699,26.0,8.384978347655974,4.077627907490342,8.246211251235321,4.077627907490342,2008.2307692307693,1244.1153846153845
1700,51.0,9.572698966878868,6.918576621196911,10.198039027185569,6.918576621196911,1275.4313725490197,1245.3921568627452
1701,10.0,4.09878030638384,2.9933259094191533,4.123105625617661,2.9933259094191533,2128.8,1243.5
1702,13.0,4.907725735659753,3.279400065550629,5.0,3.279400065550629,1207.3846153846155,1244.5384615384614
1703,18.0,9.282362396913014,2.6778875379127913,8.54400374531753,2.6778875379127913,2171.5,1245.5
1704,6.0,3.265986323710904,2.0,3.1622776601683795,2.0,2209.0,1243.5
1705,49.0,18.568779639580093,7.510431864747066,16.55294535724685,7.510431864747066,3129.183673469388,1248.8163265306123
1706,56.0,11.090125304515436,7.528106404419967,11.40175425099138,7.528106404419967,2420.7321428571427,1249.5535714285713
1707,18.0,7.18624321145043,3.3128828015038376,6.708203932499369,3.3128828015038376,1161.6666666666667,1247.4444444444443
1708,11.0,4.346129984141888,3.067356324605906,4.47213595499958,3.067356324605906,1196.6363636363637,1245.909090909091
1709,59.0,18.205620444479123,7.611382873145866,17.804493814764857,7.611382873145866,1285.7457627118645,1252.457627118644
1710,29.0,7.407411110262906,4.965343531591401,7.280109889280518,4.965343531591401,2141.862068965517,1247.896551724138
1711,6.0,3.1269438398822857,2.309401076758503,3.1622776601683795,2.309401076758503,2204.1666666666665,1245.8333333333333
1712,5.0,3.098386676965933,1.7888543819998317,3.1622776601683795,1.7888543819998317,1144.8,1246.4
1713,25.0,9.652691776023222,3.280478848749626,9.219544457292887,3.280478848749626,1334.04,1250.32
1714,5.0,3.098386676965933,1.7888543819998317,3.1622776601683795,1.7888543819998317,1566.2,1246.6
1715,6.0,3.265986323710904,2.0,3.1622776601683795,2.0,1931.0,1246.5
1716,7.0,4.155374705678736,1.9054711331003737,4.123105625617661,1.9054711331003737,1077.5714285714287,1248.2857142857142
1717,21.0,7.4254100806606615,3.704721735644685,7.280109889280518,3.704721735644685,1294.2380952380952,1251.142857142857
1718,30.0,7.2898947622343595,5.346202278252525,7.615773105863909,5.346202278252525,1482.2333333333333,1251.2666666666667
1719,15.0,5.257918562251533,3.7260141279415007,6.0,3.7260141279415007,1531.6,1249.3333333333333
1720,52.0,19.33457216112794,4.797965526375762,18.439088914585774,4.797965526375762,2042.0961538461538,1255.7692307692307
1721,62.0,24.38365134769877,6.089300985828472,20.615528128088304,6.089300985828472,2063.935483870968,1258.258064516129
1722,238.0,33.37370377154194,13.85187023873869,35.77708763999664,13.85187023873869,2082.0084033613443,1268.579831932773
1723,11.0,4.51260859854213,2.9541957835039856,5.0,2.9541957835039856,3169.0,1250.0
1724,25.0,7.374269390775276,4.220444402225297,7.280109889280518,4.220444402225297,1354.56,1251.88
1725,8.0,3.4641016151377544,2.8284271247461903,4.0,2.8284271247461903,1416.0,1250.5
1726,13.0,7.554371880072024,1.9753176197160076,7.0710678118654755,1.9753176197160076,1645.5384615384614,1251.7692307692307
1727,14.0,8.0,2.0,7.0710678118654755,2.0,1717.5,1252.0
1728,13.0,7.554371880072024,1.9753176197160076,7.0710678118654755,1.9753176197160076,1739.2307692307693,1249.4615384615386
1729,29.0,11.347102268760242,3.9886268391350046,10.198039027185569,3.9886268391350046,2019.4137931034484,1254.448275862069
1730,21.0,12.152864211305683,1.990783830492757,11.045361017187261,1.990783830492757,2096.4761904761904,1253.7619047619048
1731,6.0,6.831300510639732,0.0,6.0,0.0,2158.0,1251.5
1732,8.0,6.264845376455404,1.6588286255986004,6.0,1.6588286255986004,3110.25,1251.75
1733,5.0,3.098386676965933,1.7888543819998317,3.1622776601683795,1.7888543819998317,153.4,1250.8
1734,17.0,7.478063678398477,3.067129495962117,7.211102550927978,3.067129495962117,1391.7058823529412,1252.6470588235295
1735,11.0,6.410747983365108,1.9649396885733192,6.082762530298219,1.9649396885733192,1915.7272727272727,1251.5454545454545
1736,12.0,4.594384266697253,3.4804964347269425,5.0990195135927845,3.4804964347269425,2408.4166666666665,1253.0
1737,23.0,6.351993867043365,4.7500870552165795,6.708203932499369,4.7500870552165795,3193.3478260869565,1253.6521739130435
1738,9.0,4.312594463574638,2.660928660904759,4.47213595499958,2.660928660904759,1398.2222222222222,1253.888888888889
1739,8.0,3.4641016151377544,2.7386127875258306,3.605551275463989,2.7386127875258306,3137.875,1253.125
1740,38.0,7.675057617269858,6.537077310867895,8.06225774829855,6.537077310867895,3202.7894736842104,1255.3947368421052
1741,49.0,13.832313119211232,5.7931058196994725,14.035668847618199,5.7931058196994725,3255.612244897959,1259.3469387755101
1742,6.0,3.265986323710904,2.0,3.1622776601683795,2.0,1139.5,1254.0
1743,14.0,7.017298793846583,2.6462077766235543,6.324555320336759,2.6462077766235543,1467.2142857142858,1253.7142857142858
1744,15.0,7.057648354567073,3.860143885192339,6.708203932499369,3.860143885192339,1316.2666666666667,1256.8666666666666
1745,8.0,3.4641016151377544,2.7386127875258306,3.605551275463989,2.7386127875258306,155.125,1256.875
1746,10.0,5.084731745767612,3.0830995886579893,5.385164807134504,3.0830995886579893,1207.0,1258.3
1747,28.0,15.850731232208384,2.5393300209531917,14.035668847618199,2.5393300209531917,1248.0357142857142,1257.0
1748,13.0,7.554371880072024,1.9753176197160076,7.0710678118654755,1.9753176197160076,1369.4615384615386,1259.2307692307693
1749,6.0,3.265986323710904,2.0,3.1622776601683795,2.0,1803.5,1257.0
1750,48.0,9.009977851275552,7.2077904772522645,9.848857801796104,7.2077904772522645,2115.3958333333335,1259.5416666666667
1751,32.0,12.526458259401899,4.93017174908359,11.180339887498949,4.93017174908359,1326.53125,1260.71875
1752,13.0,5.9514999799658765,4.103657273463753,6.082762530298219,4.103657273463753,1690.8461538461538,1259.3076923076924
1753,12.0,6.831300510639732,2.0,6.082762530298219,2.0,2147.5,1259.5
1754,21.0,7.53010909835586,3.4556400125828377,7.615773105863909,3.4556400125828377,2250.5714285714284,1260.047619047619
1755,18.0,10.044108877421731,3.6588907877619903,8.54400374531753,3.6588907877619903,3035.3888888888887,1259.388888888889
1756,5.0,2.5298221281347035,2.5298221281347035,3.0,2.5298221281347035,1046.0,1260.0
1757,5.0,3.098386676965933,1.7888543819998317,3.1622776601683795,1.7888543819998317,1881.4,1260.2
1758,18.0,9.607978270961981,2.85152555471047,8.54400374531753,2.85152555471047,1946.1666666666667,1259.8333333333333
1759,8.0,4.683926736946213,2.358141285614668,5.0,2.358141285614668,1935.875,1262.125
1760,19.0,7.721650028059587,3.3994376367024928,7.615773105863909,3.3994376367024928,2055.5263157894738,1262.8947368421052
1761,14.0,5.3909797661462155,3.2448688564710864,5.385164807134504,3.2448688564710864,1469.0714285714287,1262.142857142857
1762,78.0,16.428287614772906,9.112467987222765,16.64331697709324,9.112467987222765,1965.051282051282,1267.128205128205
1763,6.0,3.265986323710904,2.0,3.1622776601683795,2.0,2102.5,1262.0
1764,10.0,6.040895836088439,1.8728527698485424,6.082762530298219,1.8728527698485424,2265.5,1265.5
1765,26.0,8.262218427902447,4.658352035972524,8.246211251235321,4.658352035972524,3168.6923076923076,1266.8846153846155
1766,19.0,7.3473382596274295,3.178877656956105,7.0710678118654755,3.178877656956105,1387.3157894736842,1265.0
1767,24.0,9.563406873269713,3.533510070842028,9.486832980505138,3.533510070842028,1411.4583333333333,1265.2083333333333
1768,35.0,10.622025863603325,4.375291852875648,10.44030650891055,4.375291852875648,2094.1428571428573,1268.4
1769,7.0,4.155374705678736,1.9054711331003737,4.123105625617661,1.9054711331003737,3197.714285714286,1264.4285714285713
1770,6.0,3.265986323710904,2.0,3.1622776601683795,2.0,3214.5,1265.0
1771,6.0,6.831300510639732,0.0,6.0,0.0,1267.5,1265.0
1772,11.0,6.410747983365109,1.9649396885733192,6.082762530298219,1.9649396885733192,3227.4545454545455,1267.2727272727273
1773,8.0,4.976979969245306,1.7971283720789095,5.0990195135927845,1.7971283720789095,1840.5,1268.0
1774,10.0,8.308159483966595,2.0234836270590213,6.708203932499369,2.0234836270590213,2250.2,1268.7
1775,10.0,5.656854249492381,2.0,5.0990195135927845,2.0,1107.0,1267.5
1776,7.0,4.155374705678736,1.9054711331003737,4.123105625617661,1.9054711331003737,3254.285714285714,1267.5714285714287
1777,5.0,3.098386676965933,1.7888543819998317,3.1622776601683795,1.7888543819998317,3208.4,1269.2
1778,29.0,9.254816326931332,5.6094644805304235,9.219544457292887,5.6094644805304235,3260.9655172413795,1271.7586206896551
1779,45.0,21.045999041552033,9.29947554062299,17.46424919657298,9.29947554062299,1944.8666666666666,1276.7777777777778
1780,13.0,7.554371880072024,1.9753176197160076,7.0710678118654755,1.9753176197160076,1900.2307692307693,1270.4615384615386
1781,24.0,6.5845193471767205,4.601291421376529,6.708203932499369,4.601291421376529,2028.5833333333333,1271.7083333333333
1782,27.0,12.406958014332131,5.711770314733237,11.661903789690601,5.711770314733237,3194.4074074074074,1273.6296296296296
1783,7.0,4.155374705678736,1.9054711331003737,4.123105625617661,1.9054711331003737,1305.4285714285713,1272.2857142857142
1784,14.0,4.742873420478221,3.6860255520522984,5.0990195135927845,3.6860255520522984,136.21428571428572,1273.642857142857
1785,8.0,3.4641016151377544,2.8284271247461903,4.0,2.8284271247461903,1589.5,1273.0
1786,25.0,6.520656228315952,6.006083778313817,7.0710678118654755,6.006083778313817,2101.72,1275.36
1787,18.0,6.0,3.9752319599996264,6.082762530298219,3.9752319599996264,3187.5,1273.111111111111
1788,125.0,25.178730711280227,7.836156185837164,23.769728648009426,7.836156185837164,3243.144,1282.68
1789,13.0,7.554371880072024,1.9753176197160076,7.0710678118654755,1.9753176197160076,3251.4615384615386,1275.2307692307693
1790,12.0,6.831300510639732,2.0,6.082762530298219,2.0,1475.5,1273.5
1791,25.0,6.013280646736604,5.212950782770064,6.324555320336759,5.212950782770064,1666.6,1275.04
1792,14.0,5.606119105813881,3.0237157840738176,6.0,3.0237157840738176,1700.0,1275.5
1793,56.0,9.539177846580644,8.256352179832659,11.180339887498949,8.256352179832659,3214.4285714285716,1278.392857142857
1794,12.0,6.831300510639732,2.0,6.082762530298219,2.0,2139.5,1275.5
1795,17.0,5.487954724560282,3.880570000581328,5.830951894845301,3.880570000581328,351.47058823529414,1278.8823529411766
1796,19.0,7.347338259627431,3.178877656956105,7.0710678118654755,3.178877656956105,3171.684210526316,1278.0
1797,26.0,6.887945464064673,4.7976812884568885,7.0710678118654755,4.7976812884568885,2092.3076923076924,1280.9615384615386
1798,24.0,6.235516440639984,4.84842485838415,6.708203932499369,4.84842485838415,3044.9583333333335,1281.125
1799,9.0,4.713432721951591,2.6491734327655068,4.47213595499958,2.6491734327655068,3232.5555555555557,1280.5555555555557
1800,19.0,8.527177008313954,2.9278952898692676,8.246211251235321,2.9278952898692676,2204.5263157894738,1283.1052631578948
1801,18.0,7.097764472921567,3.0939225541184827,7.0710678118654755,3.0939225541184827,1918.0555555555557,1283.8333333333333
1802,28.0,6.233549779791836,6.0,6.708203932499369,6.0,3183.0,1283.5
1803,25.0,7.374269390775276,4.220444402225297,7.280109889280518,4.220444402225297,3258.56,1283.88
1804,116.0,15.898850140573595,10.38684229513207,16.401219466856727,10.38684229513207,3195.655172413793,1288.4396551724137
1805,6.0,3.265986323710904,2.0,3.1622776601683795,2.0,2015.0,1285.5
1806,7.0,3.0237157840738176,2.799416848895061,3.1622776601683795,2.799416848895061,2078.0,1288.2857142857142
1807,279.0,30.124804817571096,12.245095542258325,30.59411708155671,12.245095542258325,1703.3082437275987,1295.4910394265232
1808,18.0,10.21492825744194,2.981578205673757,8.94427190999916,2.981578205673757,2134.9444444444443,1291.4444444444443
1809,17.0,9.850849153622065,1.985817190609744,9.055385138137417,1.985817190609744,3251.470588235294,1291.764705882353
1810,10.0,5.656854249492381,2.0,5.0990195135927845,2.0,2107.5,1291.0
1811,14.0,8.0,2.0,7.0710678118654755,2.0,1987.0,1291.5
1812,12.0,6.831300510639732,2.0,6.082762530298219,2.0,2099.5,1291.5
1813,45.0,8.257863431146117,7.557861589064282,9.219544457292887,7.557861589064282,1931.2888888888888,1294.8
1814,19.0,9.515294447670605,2.7543774971567765,8.54400374531753,2.7543774971567765,100.10526315789474,1294.5263157894738
1815,6.0,3.265986323710904,2.0,3.1622776601683795,2.0,3211.5,1294.0
1816,6.0,3.265986323710904,2.0,3.1622776601683795,2.0,2113.0,1294.5
1817,10.0,3.919183588453085,3.0983866769659336,4.123105625617661,3.0983866769659336,3044.8,1295.0
1818,33.0,9.651686362914871,4.485887567307459,9.848857801796104,4.485887567307459,3183.909090909091,1297.8181818181818
1819,6.0,3.265986323710904,2.0,3.1622776601683795,2.0,92.5,1296.0
1820,12.0,7.406234318634389,1.8952935556073236,7.0710678118654755,1.8952935556073236,2051.4166666666665,1298.4166666666667
1821,19.0,6.007929625764467,3.9363446638591837,6.082762530298219,3.9363446638591837,1659.421052631579,1298.578947368421
1822,19.0,6.007929625764467,3.9363446638591837,6.082762530298219,3.9363446638591837,1667.578947368421,1298.578947368421
1823,10.0,4.09878030638384,2.9933259094191533,4.123105625617661,2.9933259094191533,1233.8,1299.5
1824,10.0,5.656854249492381,2.0,5.0990195135927845,2.0,2019.5,1300.0
1825,8.0,3.4641016151377544,2.7386127875258306,3.605551275463989,2.7386127875258306,3256.875,1298.875
1826,26.0,7.609447729500605,4.570470945130504,8.06225774829855,4.570470945130504,3157.6153846153848,1302.3461538461538
1827,58.0,11.092982159710063,6.825092984558807,12.083045973594572,6.825092984558807,2058.7758620689656,1305.051724137931
1828,506.0,72.35536625878218,10.318725644694707,69.35416353759881,10.318725644694707,1721.3300395256917,1333.1422924901185
1829,20.0,11.393030232297281,3.2060664568845354,9.848857801796104,3.2060664568845354,3260.35,1305.65
1830,17.0,7.457272386123811,3.0816156468874314,7.280109889280518,3.0816156468874314,3224.9411764705883,1307.5294117647059
1831,13.0,7.554371880072024,1.9753176197160076,7.0710678118654755,1.9753176197160076,2033.4615384615386,1307.7692307692307
1832,12.0,6.831300510639732,2.0,6.082762530298219,2.0,2165.5,1307.5
1833,8.0,4.47213595499958,2.0,4.123105625617661,2.0,2001.5,1307.5
1834,27.0,8.414526449901082,4.931311151400414,8.246211251235321,4.931311151400414,3213.0,1312.5925925925926
1835,6.0,6.831300510639732,0.0,6.0,0.0,1953.0,1315.5
1836,7.0,3.0237157840738176,2.7994168488950604,3.1622776601683795,2.7994168488950604,2100.0,1313.7142857142858
1837,18.0,10.327955589886445,2.0,9.055385138137417,2.0,2035.5,1321.0
1838,34.0,14.155761696495656,3.9357138257218347,13.416407864998739,3.9357138257218347,3234.764705882353,1323.264705882353
1839,20.0,7.731010827707836,3.198667157092813,7.280109889280518,3.198667157092813,3242.95,1323.85
1840,12.0,6.831300510639732,2.0,6.082762530298219,2.0,3227.5,1325.5
1841,12.0,5.983324141660063,3.0513838380215255,6.324555320336759,3.0513838380215255,2023.0833333333333,1330.0833333333333
1842,26.0,7.878831038307234,4.1546720178993,8.06225774829855,4.1546720178993,2068.4615384615386,1331.5384615384614
1843,19.0,5.127073205848132,4.711757099842152,5.385164807134504,4.711757099842152,3194.3684210526317,1329.7894736842106
1844,12.0,5.5377492419453835,2.98142396999972,6.0,2.98142396999972,2031.6666666666667,1331.5
1845,12.0,4.894994431930092,2.9693109114997,5.0990195135927845,2.9693109114997,922.8333333333334,1331.0833333333333
1846,18.0,5.9773909134582395,3.9156769865207983,6.324555320336759,3.9156769865207983,2672.0555555555557,1334.1666666666667
1847,29.0,7.2505147519902104,5.235552584102162,7.615773105863909,5.235552584102162,3238.310344827586,1337.2068965517242
1848,11.0,6.410747983365109,1.964939688573319,6.082762530298219,1.964939688573319,3224.5454545454545,1339.2727272727273
1849,10.0,4.09878030638384,2.9933259094191533,4.123105625617661,2.9933259094191533,3094.8,1344.5
1850,16.0,8.21059149218198,2.566356824081348,8.0,2.566356824081348,3237.75,1347.75
1851,12.0,6.831300510639732,2.0,6.082762530298219,2.0,3259.5,1347.5
1852,15.0,6.152745168664296,3.240259626177155,6.324555320336759,3.240259626177155,1817.6666666666667,1349.0
1853,20.0,6.211554638518171,4.051739005995252,6.324555320336759,4.051739005995252,3220.35,1355.7
1854,10.0,4.09878030638384,2.9933259094191533,4.123105625617661,2.9933259094191533,223.5,1356.8
1855,20.0,5.656854249492381,4.47213595499958,5.830951894845301,4.47213595499958,2101.0,1363.5
1856,25.0,6.229132290364385,5.019752076461521,6.324555320336759,5.019752076461521,1905.08,1368.56
1857,208.0,27.546291264008808,13.469184214242844,26.92582403567252,13.469184214242844,1889.5336538461538,1378.5673076923076
1858,37.0,7.380096766501142,6.386405912765149,7.615773105863909,6.386405912765149,2045.5135135135135,1371.837837837838
1859,18.0,5.258737584977436,4.268749491621899,5.385164807134504,4.268749491621899,3203.777777777778,1371.5
1860,6.0,3.126943839882286,2.309401076758503,3.1622776601683795,2.309401076758503,1715.8333333333333,1374.1666666666667
1861,12.0,7.118052168020874,1.9720265943665378,7.0,1.9720265943665378,2163.0,1374.4166666666667
1862,8.0,3.4641016151377544,2.7386127875258306,3.605551275463989,2.7386127875258306,2725.875,1376.125
1863,19.0,6.200221537891111,4.096538735612432,6.708203932499369,4.096538735612432,2114.1052631578946,1384.1052631578948
1864,5.0,2.5298221281347035,2.5298221281347035,3.0,2.5298221281347035,2855.0,1385.0
1865,6.0,3.8297084310253524,1.8856180831641272,4.0,1.8856180831641272,2667.5,1385.3333333333333
1866,16.0,4.898979485566356,4.0,5.0990195135927845,4.0,3068.0,1387.5
1867,14.0,5.515640344574322,3.236614090832815,5.830951894845301,3.236614090832815,2085.214285714286,1388.5714285714287
1868,10.0,3.9191835884530852,3.0983866769659336,4.123105625617661,3.0983866769659336,1108.2,1391.0
1869,42.0,15.530230308319709,6.6714385026967395,15.297058540778355,6.6714385026967395,1103.595238095238,1410.1666666666667
1870,6.0,3.265986323710904,2.0,3.1622776601683795,2.0,1160.5,1410.0
1871,49.0,8.744239673314338,7.1427228080097045,9.219544457292887,7.1427228080097045,3255.183673469388,1414.2448979591836
1872,7.0,3.7032803990902057,2.138089935299395,3.605551275463989,2.138089935299395,2200.0,1413.0
1873,200.0,33.37742686148049,10.50377913450777,31.78049716414141,10.50377913450777,1076.895,1432.49
1874,52.0,10.348087803783729,6.628781746613452,10.295630140987,6.628781746613452,1126.8461538461538,1418.8653846153845
1875,22.0,10.088791472729653,3.3379494385757518,9.219544457292887,3.3379494385757518,1157.909090909091,1417.5454545454545
1876,7.0,3.0237157840738176,2.799416848895061,3.1622776601683795,2.799416848895061,3212.0,1417.2857142857142
1877,26.0,8.924081594576663,4.154536794561062,9.433981132056603,4.154536794561062,1148.576923076923,1421.2692307692307
1878,12.0,7.790860108282814,2.326716545752531,6.708203932499369,2.326716545752531,1164.0833333333333,1419.3333333333333
1879,5.0,3.098386676965933,1.7888543819998317,3.1622776601683795,1.7888543819998317,1024.2,1418.6
1880,25.0,7.77842679894517,4.265029487993207,8.06225774829855,4.265029487993207,1119.2,1424.04
1881,6.0,3.265986323710904,2.0,3.1622776601683795,2.0,1141.5,1423.0
1882,71.0,15.539717446582527,7.882859813775706,14.317821063276353,7.882859813775706,1063.2112676056338,1430.0845070422536
1883,8.0,3.4641016151377544,2.8284271247461903,4.0,2.8284271247461903,1179.5,1427.0
1884,21.0,5.602338368222782,4.7002407233912535,5.830951894845301,4.7002407233912535,614.047619047619,1428.8095238095239
1885,23.0,8.78975790811837,3.3615029719561753,8.602325267042627,3.3615029719561753,1123.391304347826,1430.0869565217392
1886,27.0,9.791422263712965,4.241888650901006,9.848857801796104,4.241888650901006,1150.0740740740741,1430.3703703703704
1887,22.0,6.443791657671941,4.6884625735866186,6.708203932499369,4.6884625735866186,1136.0454545454545,1435.2727272727273
1888,8.0,3.4641016151377544,2.7386127875258306,3.605551275463989,2.7386127875258306,1626.125,1434.125
1889,19.0,5.271572221283753,4.842105263157895,6.082762530298219,4.842105263157895,1745.6315789473683,1435.6315789473683
1890,10.0,5.656854249492381,2.0,5.0990195135927845,2.0,1110.0,1434.5
1891,15.0,4.77795383588526,3.981909289096598,5.0990195135927845,3.981909289096598,1183.3333333333333,1436.2666666666667
1892,8.0,4.100618600451318,2.4869513653533066,4.123105625617661,2.4869513653533066,1932.0,1437.75
1893,5.0,2.5298221281347035,2.5298221281347035,3.0,2.5298221281347035,1158.0,1438.0
1894,8.0,4.47213595499958,2.0,4.123105625617661,2.0,1104.5,1438.5
1895,295419.0,1626.074357141756,325.2274737205004,1642.2058336274415,325.2274737205004,1225.7264258561568,1730.2918024906996
1896,31.0,7.907696432958814,5.2193380892438075,8.246211251235321,5.2193380892438075,1164.967741935484,1440.967741935484
1897,16.0,9.16515138991168,2.0,8.06225774829855,2.0,1099.5,1444.5
1898,8.0,4.47213595499958,2.0,4.123105625617661,2.0,1189.5,1443.5
1899,19.0,7.347338259627431,3.178877656956105,7.0710678118654755,3.178877656956105,1107.6842105263158,1446.0
1900,16.0,5.149449337222181,3.918950308868696,5.385164807134504,3.918950308868696,1187.8125,1448.3125
1901,20.0,6.8713750275544,3.845023436950907,7.211102550927978,3.845023436950907,2085.95,1449.85
1902,8.0,4.47213595499958,2.0,4.123105625617661,2.0,1095.5,1451.5
1903,8.0,4.47213595499958,2.0,4.123105625617661,2.0,1103.5,1451.5
1904,20.0,6.0,4.09878030638384,6.082762530298219,4.09878030638384,1179.5,1451.5
1905,10.0,4.0,3.149603149604724,4.123105625617661,3.149603149604724,942.7,1459.3
1906,7.0,3.5820700954176696,2.4713456540351717,3.605551275463989,2.4713456540351717,1995.142857142857,1464.2857142857142
1907,7.0,3.0237157840738176,2.799416848895061,3.1622776601683795,2.799416848895061,1269.2857142857142,1465.0
1908,5.0,3.098386676965933,1.7888543819998317,3.1622776601683795,1.7888543819998317,1404.4,1464.8
1909,19.0,6.007929625764467,3.9363446638591837,6.082762530298219,3.9363446638591837,2202.4210526315787,1489.421052631579
1910,6.0,3.265986323710904,2.0,3.1622776601683795,2.0,504.5,1498.0
1911,7.0,3.7032803990902057,2.138089935299395,3.605551275463989,2.138089935299395,929.0,1500.0
1912,98.0,12.34950279415724,10.18821140457111,12.649110640673518,10.18821140457111,2439.112244897959,1505.561224489796
1913,12.0,3.8297084310253524,3.8297084310253524,4.123105625617661,3.8297084310253524,1314.5,1505.5
1914,17.0,5.661582612012688,3.9304214063077016,5.830951894845301,3.9304214063077016,1566.0588235294117,1507.7058823529412
1915,5.0,3.098386676965933,1.7888543819998317,3.1622776601683795,1.7888543819998317,1573.6,1509.2
1916,68.0,11.884315784845132,8.65776010018633,13.152946437965905,8.65776010018633,2235.6176470588234,1514.4411764705883
1917,30.0,6.491019437140313,5.793482928640115,6.708203932499369,5.793482928640115,826.3666666666667,1513.6333333333334
1918,23.0,6.013934515175301,4.820294404911254,6.324555320336759,4.820294404911254,923.6086956521739,1513.7826086956522
1919,20.0,6.0,4.09878030638384,6.082762530298219,4.09878030638384,1473.5,1515.5
1920,5.0,3.098386676965933,1.7888543819998317,3.1622776601683795,1.7888543819998317,2373.6,1514.8
1921,12.0,3.8297084310253524,3.8297084310253524,4.123105625617661,3.8297084310253524,1211.5,1517.5
1922,22.0,8.029881141384461,3.6613257675191018,7.615773105863909,3.6613257675191018,1479.0,1521.3636363636363
1923,16.0,5.569482439427539,3.829930202615744,5.830951894845301,3.829930202615744,1437.5625,1521.875
1924,34.0,13.623797763032147,3.4012652205077436,13.038404810405298,3.4012652205077436,1457.0294117647059,1527.6176470588234
1925,10.0,4.09878030638384,2.9933259094191533,4.123105625617661,2.9933259094191533,653.5,1524.2
1926,30.0,6.641132748731742,5.73195916015831,7.211102550927978,5.73195916015831,2233.5,1525.2
1927,9.0,3.265986323710904,3.265986323710904,3.605551275463989,3.265986323710904,1796.0,1525.0
1928,5.0,3.098386676965933,1.7888543819998317,3.1622776601683795,1.7888543819998317,752.4,1526.2
1929,11.0,4.0,3.4688698233343476,4.123105625617661,3.4688698233343476,926.3636363636364,1526.4545454545455
1930,55.0,10.503301682641021,6.658716468141567,10.295630140987,6.658716468141567,2125.9454545454546,1528.8
1931,37.0,16.109418129237064,6.11493402850011,13.601470508735444,6.11493402850011,1475.4054054054054,1530.1891891891892
1932,13.0,4.919459827476725,3.3758773884632336,5.0990195135927845,3.3758773884632336,2278.153846153846,1527.5384615384614
1933,25.0,6.229132290364385,5.019752076461521,6.324555320336759,5.019752076461521,1341.08,1532.44
1934,86.0,12.049278330656595,9.113215395632881,12.36931687685298,9.113215395632881,929.8953488372093,1536.0581395348838
1935,14.0,6.369570517030843,2.79941684889506,6.082762530298219,2.79941684889506,1003.5,1534.7142857142858
1936,30.0,10.432839074777235,3.777165597496676,10.198039027185569,3.777165597496676,1424.6666666666667,1539.1666666666667
1937,30.0,8.698403429493382,4.351245032554859,8.246211251235321,4.351245032554859,1430.5,1539.7333333333333
1938,25.0,7.236119379022768,4.395290244401516,7.280109889280518,4.395290244401516,1440.48,1539.36
1939,6.0,3.265986323710904,2.0,3.1622776601683795,2.0,1609.5,1537.0
1940,8.0,3.9722133299273006,2.6403638502198645,4.123105625617661,2.6403638502198645,871.25,1537.625
1941,12.0,6.831300510639732,2.0,6.082762530298219,2.0,1243.5,1537.5
1942,9.0,3.885753375057407,2.7954428906961324,4.123105625617661,2.7954428906961324,1939.888888888889,1539.6666666666667
1943,23.0,6.312677077575076,4.70036140516992,6.324555320336759,4.70036140516992,955.0869565217391,1541.6521739130435
1944,18.0,5.3903892081831195,4.289579735563818,5.830951894845301,4.289579735563818,1348.9444444444443,1541.4444444444443
1945,28.0,8.05371720224447,4.4897714184061535,8.06225774829855,4.4897714184061535,1535.392857142857,1541.6785714285713
1946,6.0,3.265986323710904,2.0,3.1622776601683795,2.0,802.0,1540.5
1947,88.0,14.64052427699294,8.225645703644656,15.132745950421556,8.225645703644656,681.3068181818181,1548.2045454545455
1948,7.0,3.0237157840738176,2.799416848895061,3.1622776601683795,2.799416848895061,752.7142857142857,1542.0
1949,6.0,3.126943839882286,2.309401076758503,3.1622776601683795,2.309401076758503,1325.8333333333333,1541.8333333333333
1950,9.0,4.618802153517007,2.3517789431685254,4.47213595499958,2.3517789431685254,603.8888888888889,1543.4444444444443
1951,6.0,6.831300510639732,0.0,6.0,0.0,899.5,1542.0
1952,7.0,3.0237157840738176,2.799416848895061,3.1622776601683795,2.799416848895061,1398.0,1544.2857142857142
1953,60.0,10.474674516782098,7.605632006080767,11.180339887498949,7.605632006080767,1418.2833333333333,1547.7833333333333
1954,15.0,4.77795383588526,3.981909289096598,5.0990195135927845,3.981909289096598,2315.266666666667,1545.6666666666667
1955,14.0,5.606119105813881,3.0237157840738176,6.0,3.0237157840738176,931.5,1546.0
1956,13.0,6.094800346590387,2.7801345974920215,6.082762530298219,2.7801345974920215,1253.6923076923076,1547.1538461538462
1957,6.0,3.265986323710904,2.0,3.1622776601683795,2.0,1445.0,1545.5
1958,21.0,6.844455372120418,3.8511602400055165,7.0710678118654755,3.8511602400055165,1042.3333333333333,1549.2857142857142
1959,21.0,5.0896720822428145,5.0896720822428145,5.385164807134504,5.0896720822428145,11.0,1550.0
1960,39.0,8.415274245119742,6.158950095818071,8.54400374531753,6.158950095818071,1543.8461538461538,1552.0
1961,15.0,8.701579641278252,1.9816549121722193,8.06225774829855,1.9816549121722193,1202.7333333333333,1549.5333333333333
1962,103.0,13.071616746038286,10.160249854214193,13.601470508735444,10.160249854214193,624.2330097087379,1554.8640776699028
1963,64.0,19.488212910501954,5.245774614386794,17.46424919657298,5.245774614386794,1295.625,1557.109375
1964,37.0,9.600489340803355,5.448215437990446,10.295630140987,5.448215437990446,1359.162162162162,1553.918918918919
1965,10.0,4.09878030638384,2.9933259094191533,4.123105625617661,2.9933259094191533,755.5,1552.8
1966,17.0,5.181899763382574,4.0412010400023215,5.385164807134504,4.0412010400023215,844.1176470588235,1553.5882352941176
1967,42.0,12.717375737108922,5.390077444718162,11.704699910719626,5.390077444718162,1384.1190476190477,1554.452380952381
1968,13.0,5.203549084703927,3.076923076923077,5.0990195135927845,3.076923076923077,382.15384615384613,1555.0
1969,8.0,3.4641016151377544,2.8284271247461903,4.0,2.8284271247461903,899.5,1554.0
1970,10.0,3.9191835884530852,3.0983866769659336,4.123105625617661,3.0983866769659336,1268.0,1554.8
1971,107.0,20.605756370300647,9.049676605535693,20.0,9.049676605535693,1318.056074766355,1561.607476635514
1972,11.0,4.346129984141888,3.067356324605906,4.47213595499958,3.067356324605906,417.3636363636364,1554.909090909091
1973,42.0,7.74655382321893,6.8756345580601,8.06225774829855,6.8756345580601,2394.809523809524,1557.857142857143
1974,10.0,4.09878030638384,2.9933259094191533,4.123105625617661,2.9933259094191533,771.5,1557.2
1975,20.0,6.297731811282584,4.115649891956238,6.324555320336759,4.115649891956238,1027.7,1557.85
1976,32.0,9.486832980505138,4.9180788932265,8.94427190999916,4.9180788932265,1238.375,1559.1875
1977,45.0,11.104655177361167,6.5868718148667575,11.40175425099138,6.5868718148667575,1414.2,1559.6888888888889
1978,14.0,4.9437078791371425,3.6321351113335303,5.0990195135927845,3.6321351113335303,812.3571428571429,1558.142857142857
1979,6.0,3.8297084310253524,1.8856180831641272,4.0,1.8856180831641272,892.5,1557.3333333333333
1980,52.0,14.725114622427947,5.770717188630166,13.892443989449804,5.770717188630166,1277.7692307692307,1561.923076923077
1981,9.0,5.971098560847527,1.8593259767334247,6.0,1.8593259767334247,1213.6666666666667,1560.3333333333333
1982,625.0,33.614964946222905,23.91990446436201,34.713109915419565,23.91990446436201,1496.0992,1573.8768
1983,15.0,7.819586331846596,3.353383471944272,7.615773105863909,3.353383471944272,1652.0666666666666,1558.9333333333334
1984,18.0,5.96570925226535,3.8701698091948735,6.082762530298219,3.8701698091948735,955.8888888888889,1560.7777777777778
1985,17.0,5.181899763382574,4.041201040002321,5.385164807134504,4.041201040002321,912.5882352941177,1562.1176470588234
1986,6.0,3.1269438398822857,2.309401076758503,3.1622776601683795,2.309401076758503,990.1666666666666,1560.8333333333333
1987,14.0,7.017298793846583,2.6462077766235543,6.324555320336759,2.6462077766235543,1339.2142857142858,1561.2857142857142
1988,22.0,6.69178077565832,4.135742686772339,6.708203932499369,4.135742686772339,1367.0,1562.3636363636363
1989,11.0,6.248066750375133,2.5395403498747267,5.830951894845301,2.5395403498747267,1431.3636363636363,1561.4545454545455
1990,11.0,4.596473335205269,3.0472374405751204,5.0990195135927845,3.0472374405751204,1886.0,1560.909090909091
1991,64.0,13.20650437450456,6.734237964030669,15.524174696260024,6.734237964030669,827.828125,1569.03125
1992,25.0,13.115329011053769,3.902120568589773,11.661903789690601,3.902120568589773,870.2,1563.76
1993,14.0,4.9437078791371425,3.6321351113335303,5.0990195135927845,3.6321351113335303,1048.142857142857,1563.357142857143
1994,6.0,3.265986323710904,2.0,3.1622776601683795,2.0,1208.5,1562.0
1995,18.0,10.327955589886445,2.0,9.055385138137417,2.0,1387.5,1565.0
1996,10.0,4.09878030638384,2.9933259094191533,4.123105625617661,2.9933259094191533,1005.8,1563.5
1997,44.0,15.124413041840313,3.8884313977299434,13.341664064126334,3.8884313977299434,1246.2272727272727,1567.5454545454545
1998,22.0,6.4666979068286325,4.271760045262084,6.324555320336759,4.271760045262084,1604.5,1563.6363636363637
1999,31.0,9.642703375033538,5.503622780740708,10.04987562112089,5.503622780740708,1375.9354838709678,1567.032258064516
2000,15.0,8.711700947575162,2.67657325283576,8.06225774829855,2.67657325283576,843.2666666666667,1565.0666666666666
2001,83.0,16.93939175041282,11.931688043813306,17.0,11.931688043813306,1040.9277108433735,1570.301204819277
2002,75.0,10.290209336872847,9.30289994350635,10.770329614269007,9.30289994350635,58.17333333333333,1569.36
2003,16.0,7.485060421338153,2.856811244887753,7.0710678118654755,2.856811244887753,883.125,1566.1875
2004,33.0,12.019794580227792,4.558992179288774,11.180339887498949,4.558992179288774,988.6969696969697,1570.3939393939395
2005,5.0,3.098386676965933,1.7888543819998317,3.1622776601683795,1.7888543819998317,918.2,1566.4
2006,25.0,8.357889131945292,3.9881937337735702,9.055385138137417,3.9881937337735702,943.12,1567.16
2007,164.0,21.78360415181275,15.918120093952005,23.021728866442675,15.918120093952005,1231.5731707317073,1574.5121951219512
2008,66.0,10.458205988209414,8.095143316995042,11.40175425099138,8.095143316995042,2269.681818181818,1571.1666666666667
2009,12.0,4.894994431930091,2.9693109114997,5.0990195135927845,2.9693109114997,1024.9166666666667,1569.1666666666667
2010,17.0,7.576406536951105,3.114227032123032,7.211102550927978,3.114227032123032,1409.5294117647059,1569.764705882353
2011,169.0,25.422719141235444,10.49196244647817,23.40939982143925,10.49196244647817,1298.1360946745563,1573.7514792899408
2012,26.0,17.104739971541772,2.426810451493819,14.317821063276353,2.426810451493819,1263.5,1570.5
2013,18.0,6.788331005055769,3.3617373804598794,6.708203932499369,3.3617373804598794,692.7222222222222,1571.9444444444443
2014,28.0,10.388977435025831,3.517850238924859,9.219544457292887,3.517850238924859,1061.107142857143,1571.9285714285713
2015,6.0,3.265986323710904,2.0,3.1622776601683795,2.0,1400.0,1571.5
2016,16.0,4.837183752516743,4.165531580049303,5.385164807134504,4.165531580049303,1552.375,1572.75
2017,14.0,4.20883424647321,4.120630029101703,4.47213595499958,4.120630029101703,865.2857142857143,1573.5
2018,31.0,7.08080638407105,5.63709616449284,7.280109889280518,5.63709616449284,1069.516129032258,1576.032258064516
2019,12.0,5.294328785763616,2.862220279862641,5.0990195135927845,2.862220279862641,398.9166666666667,1574.75
2020,6.0,3.265986323710904,2.0,3.1622776601683795,2.0,1327.5,1575.0
2021,44.0,10.665923978971186,5.2213847840622885,10.198039027185569,5.2213847840622885,1758.3636363636363,1576.090909090909
2022,9.0,4.277662731533559,2.643019518000728,4.123105625617661,2.643019518000728,1051.3333333333333,1576.4444444444443
2023,23.0,7.078622165629161,4.038906779267536,7.0710678118654755,4.038906779267536,1086.4347826086957,1577.9130434782608
2024,29.0,10.853397876300068,3.4242885626950095,11.045361017187261,3.4242885626950095,1312.6896551724137,1580.344827586207
2025,32.0,7.018083230840515,5.795710289946794,7.280109889280518,5.795710289946794,1739.65625,1578.28125
2026,54.0,10.241604583320205,6.863238928557322,10.44030650891055,6.863238928557322,692.5555555555555,1580.3148148148148
2027,19.0,7.681908611257368,3.9304088697365507,7.615773105863909,3.9304088697365507,875.578947368421,1577.8947368421052
2028,15.0,5.428386351084466,3.8051660003246295,5.385164807134504,3.8051660003246295,902.4,1577.6
2029,7.0,3.0237157840738176,2.799416848895061,3.1622776601683795,2.799416848895061,1062.2857142857142,1577.0
2030,187.0,29.42799452043802,12.160834702677313,27.80287754891569,12.160834702677313,1267.9839572192514,1583.5989304812833
2031,121.0,21.839335418132567,12.618443250790785,21.37755832643195,12.618443250790785,1372.206611570248,1587.297520661157
2032,16.0,4.712429170543843,4.3566628642353615,5.0990195135927845,4.3566628642353615,1865.6875,1577.875
2033,12.0,6.831300510639732,2.0,6.082762530298219,2.0,678.5,1579.5
2034,21.0,5.990380585048608,5.014008751182063,6.324555320336759,5.014008751182063,856.5714285714286,1579.6190476190477
2035,14.0,8.0,2.0,7.0710678118654755,2.0,1396.5,1580.0
2036,28.0,11.172192281247737,4.321101196361391,9.486832980505138,4.321101196361391,912.6428571428571,1580.107142857143
2037,12.0,3.8297084310253524,3.8297084310253524,4.123105625617661,3.8297084310253524,1011.5,1579.5
2038,18.0,7.097764472921567,3.0939225541184827,7.0710678118654755,3.0939225541184827,1080.9444444444443,1581.1666666666667
2039,8.0,3.4641016151377544,2.7386127875258306,3.605551275463989,2.7386127875258306,1402.875,1578.875
2040,18.0,6.831300510639732,3.265986323710904,6.324555320336759,3.265986323710904,1579.5,1579.0
2041,10.0,5.656854249492381,2.0,5.0990195135927845,2.0,971.0,1579.5
2042,51.0,9.375950229583506,6.894552076406412,9.848857801796104,6.894552076406412,370.01960784313724,1584.1568627450981
2043,6.0,3.6514837167011076,2.10818510677892,3.605551275463989,2.10818510677892,1016.6666666666666,1581.3333333333333
2044,27.0,11.85900456404431,3.205868212651573,11.40175425099138,3.205868212651573,1021.1111111111111,1585.0
2045,36.0,8.493561414565498,5.527275325302286,8.54400374531753,5.527275325302286,986.3611111111111,1584.0833333333333
2046,14.0,4.780914437337574,3.5456210417116734,5.0,3.5456210417116734,1056.5,1582.5
2047,19.0,6.155870112510925,4.130824604283913,6.4031242374328485,4.130824604283913,1251.578947368421,1582.578947368421
2048,8.0,3.4641016151377544,2.7386127875258306,3.605551275463989,2.7386127875258306,1303.125,1581.875
2049,9.0,4.277662731533559,2.643019518000728,4.123105625617661,2.643019518000728,1005.3333333333334,1583.5555555555557
2050,27.0,6.10737294880025,5.575802222479568,6.324555320336759,5.575802222479568,1756.4814814814815,1584.888888888889
2051,26.0,8.018296168948346,4.298390084236079,8.06225774829855,4.298390084236079,537.5384615384615,1586.8076923076924
2052,32.0,9.195045405733602,4.83941008662186,9.219544457292887,4.83941008662186,653.03125,1585.03125
2053,353.0,36.97134010989966,20.662737152655218,40.0,20.662737152655218,1036.2889518413597,1601.9773371104816
2054,12.0,4.894994431930091,2.9693109114997,5.0990195135927845,2.9693109114997,1283.0833333333333,1585.1666666666667
2055,14.0,5.449353665897314,3.145851452097728,5.385164807134504,3.145851452097728,929.8571428571429,1585.0714285714287
2056,5.0,3.098386676965933,1.7888543819998317,3.1622776601683795,1.7888543819998317,1029.6,1584.8
2057,6.0,6.831300510639732,0.0,6.0,0.0,737.0,1587.5
2058,12.0,6.831300510639732,2.0,6.082762530298219,2.0,923.5,1587.5
2059,20.0,8.068109040320387,3.1473189405429554,8.06225774829855,3.1473189405429554,978.15,1588.2
2060,43.0,18.578198750833284,5.1100719292996954,16.1245154965971,5.1100719292996954,1087.3488372093022,1594.0
2061,27.0,8.400216205821248,5.277369971247789,8.602325267042627,5.277369971247789,1289.148148148148,1588.5555555555557
2062,12.0,3.8297084310253524,3.8297084310253524,4.123105625617661,3.8297084310253524,814.5,1587.5
2063,23.0,6.322271594730876,4.7642490518461305,7.0710678118654755,4.7642490518461305,1637.695652173913,1589.3478260869565
2064,50.0,17.46049952701863,4.960781820135019,15.811388300841896,4.960781820135019,886.0,1591.74
2065,20.0,6.0,4.09878030638384,6.082762530298219,4.09878030638384,1011.5,1588.5
2066,9.0,3.885753375057407,2.7954428906961324,4.123105625617661,2.7954428906961324,481.6666666666667,1590.111111111111
2067,8.0,3.9722133299273006,2.6403638502198645,4.123105625617661,2.6403638502198645,1029.75,1590.375
2068,7.0,3.7032803990902057,2.138089935299395,3.605551275463989,2.138089935299395,1074.0,1590.0
2069,38.0,9.668436577909002,5.283697192554451,10.0,5.283697192554451,1594.578947368421,1591.842105263158
2070,6.0,3.9999999999999996,1.632993161855452,4.123105625617661,1.632993161855452,1001.5,1590.5
2071,9.0,3.265986323710904,3.265986323710904,3.605551275463989,3.265986323710904,1064.0,1591.0
2072,30.0,7.784840258835807,4.93700718271576,8.246211251235321,4.93700718271576,1384.8666666666666,1591.7333333333333
2073,100.0,14.972860282456628,9.10678071340432,15.264337522473747,9.10678071340432,688.21,1597.47
2074,28.0,8.68761937901797,4.397908145462298,8.54400374531753,4.397908145462298,1057.9642857142858,1594.4642857142858
2075,5.0,4.0,1.3856406460551023,3.605551275463989,1.3856406460551023,1648.8,1592.2
2076,36.0,13.983158721959262,5.504401207245142,13.0,5.504401207245142,943.2777777777778,1594.5555555555557
2077,34.0,9.237080871212383,4.660613658912765,9.486832980505138,4.660613658912765,1565.0882352941176,1597.0882352941176
2078,32.0,7.748281690544466,5.35126207954473,8.06225774829855,5.35126207954473,1631.21875,1596.0625
2079,14.0,8.0,2.0,7.0710678118654755,2.0,900.0,1595.5
2080,10.0,5.656854249492381,2.0,5.0990195135927845,2.0,971.0,1595.5
2081,28.0,9.28006373265841,4.046011991599305,9.486832980505138,4.046011991599305,1018.1785714285714,1596.25
2082,15.0,8.701579641278252,1.9816549121722193,8.06225774829855,1.9816549121722193,1075.7333333333333,1595.4666666666667
2083,18.0,5.575402064401405,4.195980200734974,6.082762530298219,4.195980200734974,1787.1666666666667,1598.611111111111
2084,6.0,3.265986323710904,2.0,3.1622776601683795,2.0,1288.5,1598.0
2085,5.0,3.098386676965933,1.7888543819998317,3.1622776601683795,1.7888543819998317,633.4,1599.2
2086,10.0,6.360774902178881,2.0833969002115866,5.830951894845301,2.0833969002115866,1385.2,1599.6
2087,10.0,4.381780460041329,2.6832815729997477,4.47213595499958,2.6832815729997477,1967.5,1599.0
2088,230.0,38.56551380836076,14.297631933737692,34.36568055487916,14.297631933737692,755.895652173913,1616.604347826087
2089,12.0,5.294328785763616,2.862220279862641,5.0990195135927845,2.862220279862641,853.75,1601.9166666666667
2090,6.0,3.265986323710904,2.0,3.1622776601683795,2.0,963.5,1601.0
2091,68.0,18.704599536427555,5.856965609193214,16.1245154965971,5.856965609193214,978.9411764705883,1606.4705882352941
2092,18.0,5.693388843125944,3.935296437229382,6.082762530298219,3.935296437229382,989.7222222222222,1601.611111111111
2093,44.0,9.477175563478744,5.948928887560287,9.486832980505138,5.948928887560287,1591.2954545454545,1604.2045454545455
2094,631.0,48.09145658887717,32.81889090688103,44.721359549995796,32.81889090688103,404.2868462757528,1623.9413629160063
2095,12.0,6.831300510639732,2.0,6.082762530298219,2.0,736.5,1603.5
2096,15.0,4.9746021616473675,3.771236166328254,5.0990195135927845,3.771236166328254,2159.0666666666666,1602.6
2097,12.0,4.47213595499958,3.265986323710904,4.47213595499958,3.265986323710904,518.0,1603.5
2098,18.0,5.258737584977436,4.268749491621899,5.385164807134504,4.268749491621899,866.7777777777778,1603.5
2099,13.0,4.3616645597524775,3.756591133295642,4.47213595499958,3.756591133295642,2416.846153846154,1603.5384615384614
2100,12.0,6.831300510639732,2.0,6.082762530298219,2.0,875.5,1603.5
2101,19.0,7.3473382596274295,3.178877656956105,7.0710678118654755,3.178877656956105,923.3157894736842,1604.0
2102,17.0,5.166921144962693,4.298766854572682,6.0,4.298766854572682,1011.5294117647059,1605.8823529411766
2103,21.0,6.746548434033485,4.839248349697722,7.280109889280518,4.839248349697722,1702.4761904761904,1606.1904761904761
2104,16.0,9.560091892370247,2.911982659535712,8.246211251235321,2.911982659535712,1769.0625,1607.9375
2105,86.0,17.328887006102107,14.427813812897357,18.027756377319946,14.427813812897357,670.3953488372093,1614.2558139534883
2106,14.0,5.449353665897314,3.1458514520977277,5.385164807134504,3.1458514520977277,688.0714285714286,1610.142857142857
2107,25.0,8.923889010098149,3.8374216520274986,8.54400374531753,3.8374216520274986,719.32,1611.0
2108,27.0,9.000347016458457,3.9618285607681916,8.246211251235321,3.9618285607681916,938.7777777777778,1611.5925925925926
2109,13.0,7.554371880072024,1.9753176197160076,7.0710678118654755,1.9753176197160076,961.4615384615385,1611.2307692307693
2110,5.0,3.098386676965933,1.7888543819998317,3.1622776601683795,1.7888543819998317,1687.8,1608.4
2111,20.0,8.601555790749929,2.9552052346015483,8.06225774829855,2.9552052346015483,1697.2,1611.7
2112,128.0,25.236836257568623,12.516533831143898,25.632011235952593,12.516533831143898,1720.9921875,1621.1875
2113,8.0,6.984716318104124,1.4878635540969356,6.082762530298219,1.4878635540969356,534.25,1611.0
2114,10.0,6.0,1.959591794226542,6.0,1.959591794226542,651.5,1609.4
2115,109.0,16.3418484511992,12.447791942911401,18.35755975068582,12.447791942911401,865.4678899082569,1615.6788990825687
2116,14.0,8.0,2.0,7.0710678118654755,2.0,892.5,1612.0
2117,45.0,9.412075651575032,6.3617291172390535,10.0,6.3617291172390535,901.2222222222222,1612.1333333333334
2118,40.0,19.083217178813044,3.414794592102832,17.46424919657298,3.414794592102832,1757.275,1617.4
2119,14.0,4.20883424647321,4.120630029101703,4.47213595499958,4.120630029101703,1014.2857142857143,1611.5
2120,68.0,21.70709809511572,7.235711817576508,21.18962010041709,7.235711817576508,738.8235294117648,1615.3382352941176
2121,17.0,5.695306516473482,3.706277656090747,5.830951894845301,3.706277656090747,846.5882352941177,1613.0588235294117
2122,5.0,3.098386676965933,1.7888543819998317,3.1622776601683795,1.7888543819998317,969.2,1611.6
2123,41.0,11.281358398452262,4.833745858765644,11.180339887498949,4.833745858765644,1404.7317073170732,1613.4146341463415
2124,6.0,3.265986323710904,2.0,3.1622776601683795,2.0,1710.0,1611.5
2125,9.0,4.618802153517007,2.3517789431685254,4.47213595499958,2.3517789431685254,254.88888888888889,1614.4444444444443
2126,7.0,3.0237157840738176,2.799416848895061,3.1622776601683795,2.799416848895061,585.7142857142857,1614.0
2127,24.0,6.798328968070088,4.873904539906514,7.280109889280518,4.873904539906514,813.9583333333334,1614.5
2128,20.0,5.727128425310542,4.800000000000001,6.082762530298219,4.800000000000001,771.5,1616.4
2129,13.0,5.055900530816918,3.1378581622109447,5.0990195135927845,3.1378581622109447,882.3076923076923,1615.0
2130,55.0,16.65769659774533,5.762072078339192,16.15549442140351,5.762072078339192,799.3454545454546,1620.4363636363637
2131,24.0,7.386225784115815,4.33003743882409,7.615773105863909,4.33003743882409,1022.1666666666666,1617.875
2132,25.0,10.313336981161589,3.2599202924312087,9.486832980505138,3.2599202924312087,1670.96,1618.92
2133,10.0,4.09878030638384,3.098386676965933,4.47213595499958,3.098386676965933,559.9,1617.2
2134,45.0,8.459011804389602,6.881765728365864,8.94427190999916,6.881765728365864,691.1333333333333,1619.4888888888888
2135,91.0,15.27709211319606,8.081259139712913,16.76305461424021,8.081259139712913,838.6153846153846,1622.3736263736264
2136,45.0,9.535648254523128,6.14546344940602,9.848857801796104,6.14546344940602,1583.5777777777778,1618.9777777777779
2137,9.0,3.265986323710904,3.265986323710904,3.605551275463989,3.265986323710904,1688.0,1617.0
2138,294.0,43.498909784636695,16.2106135995636,39.408120990476064,16.2106135995636,1731.0272108843537,1631.530612244898
2139,13.0,7.554371880072024,1.9753176197160076,7.0710678118654755,1.9753176197160076,651.7692307692307,1617.5384615384614
2140,14.0,8.0,2.0,7.0710678118654755,2.0,875.5,1620.0
2141,80.0,15.694399357682121,11.22589991054557,17.0,11.22589991054557,909.6875,1624.3625
2142,28.0,8.261497032856473,4.301484489908109,8.246211251235321,4.301484489908109,1044.0357142857142,1618.4285714285713
2143,7.0,3.582070095417669,2.4713456540351713,3.605551275463989,2.4713456540351713,1606.2857142857142,1619.857142857143
2144,36.0,13.119429796231316,4.32952183879723,12.649110640673518,4.32952183879723,1692.5555555555557,1623.611111111111
2145,6.0,3.265986323710904,2.0,3.1622776601683795,2.0,593.0,1620.5
2146,5.0,3.098386676965933,1.7888543819998317,3.1622776601683795,1.7888543819998317,744.6,1622.2
2147,53.0,16.029841637141185,8.835732283417325,15.264337522473747,8.835732283417325,822.1698113207547,1623.2641509433963
2148,83.0,16.58235309382681,10.015788981837616,18.24828759089466,10.015788981837616,1594.3614457831325,1625.6144578313254
2149,14.0,5.97001906121746,3.0155540595802957,5.830951894845301,3.0155540595802957,1675.5714285714287,1622.857142857143
2150,10.0,4.09878030638384,2.9933259094191533,4.123105625617661,2.9933259094191533,1806.5,1622.8
2151,9.0,4.241779442363347,3.3528905534744573,4.47213595499958,3.3528905534744573,564.2222222222222,1625.111111111111
2152,9.0,4.312594463574638,2.660928660904759,4.47213595499958,2.660928660904759,609.1111111111111,1624.2222222222222
2153,14.0,4.886449919442067,3.65336789561399,5.0990195135927845,3.65336789561399,519.7142857142857,1625.142857142857
2154,16.0,7.267137657458658,2.761559390552063,7.0710678118654755,2.761559390552063,625.1875,1627.0
2155,16.0,5.477225575051661,3.7080992435478315,5.385164807134504,3.7080992435478315,854.0,1625.875
2156,8.0,3.4641016151377544,2.7386127875258306,3.605551275463989,2.7386127875258306,1644.125,1624.875
2157,15.0,5.258554520990449,3.5691337129452037,5.385164807134504,3.5691337129452037,1707.0666666666666,1625.2666666666667
2158,29.0,11.680663639086266,5.263985227006961,10.816653826391969,5.263985227006961,552.8965517241379,1629.6206896551723
2159,43.0,15.836058242186105,4.3880467545758535,14.317821063276353,4.3880467545758535,618.3255813953489,1631.3953488372092
2160,21.0,7.11264415645268,4.011869933075522,7.615773105863909,4.011869933075522,1657.2857142857142,1626.4761904761904
2161,20.0,6.23197079847183,4.020266156238212,6.4031242374328485,4.020266156238212,540.1,1629.05
2162,49.0,12.050664584031587,7.7194222420607215,12.36931687685298,7.7194222420607215,605.9387755102041,1631.6938775510205
2163,21.0,7.527546521415493,3.7140400178978723,7.280109889280518,3.7140400178978723,1576.8095238095239,1630.5238095238096
2164,17.0,5.181899763382574,4.041201040002321,5.385164807134504,4.041201040002321,3073.5882352941176,1628.8823529411766
2165,12.0,4.47213595499958,3.265986323710904,4.47213595499958,3.265986323710904,499.5,1629.0
2166,15.0,4.77795383588526,3.981909289096598,5.0990195135927845,3.981909289096598,643.6666666666666,1629.7333333333333
2167,95.0,16.553633830164816,7.583158868806937,15.811388300841896,7.583158868806937,780.4526315789474,1633.9684210526316
2168,18.0,7.383126900025359,3.221540946039772,7.280109889280518,3.221540946039772,1783.1666666666667,1631.1666666666667
2169,26.0,7.568775247222425,5.104010125728787,8.246211251235321,5.104010125728787,593.1923076923077,1632.1538461538462
2170,39.0,15.887284829686827,3.052332172900407,15.033296378372908,3.052332172900407,654.7948717948718,1629.8974358974358
2171,5.0,3.098386676965933,1.7888543819998317,3.1622776601683795,1.7888543819998317,1640.6,1629.8
2172,14.0,5.449353665897314,3.145851452097728,5.385164807134504,3.145851452097728,1833.857142857143,1629.9285714285713
2173,24.0,5.5377492419453835,5.5377492419453835,6.082762530298219,5.5377492419453835,694.5,1633.5
2174,6.0,3.1269438398822857,2.309401076758503,3.1622776601683795,2.309401076758503,671.1666666666666,1633.1666666666667
2175,9.0,9.20493942654585,1.180062262656173,8.0,1.180062262656173,730.2222222222222,1632.888888888889
2176,31.0,9.860642970479708,4.477226350840258,9.219544457292887,4.477226350840258,771.0645161290323,1633.6129032258063
2177,44.0,13.237633649498623,5.04162155696411,15.297058540778355,5.04162155696411,804.3181818181819,1637.75
2178,16.0,6.053850893495273,3.3691080955241675,6.708203932499369,3.3691080955241675,563.5,1635.5
2179,12.0,6.831300510639732,2.0,6.082762530298219,2.0,715.5,1635.5
2180,32.0,9.585157105732543,5.086724216863437,9.433981132056603,5.086724216863437,792.625,1636.75
2181,175.0,27.1000019447618,11.953065386959416,27.892651361962706,11.953065386959416,1666.24,1638.8057142857142
2182,20.0,5.138093031466052,4.9396356140913875,5.385164807134504,4.9396356140913875,1748.75,1635.25
2183,12.0,4.47213595499958,3.265986323710904,4.47213595499958,3.265986323710904,743.0,1635.5
2184,8.0,3.4641016151377544,3.3166247903554,4.123105625617661,3.3166247903554,912.75,1635.5
2185,5.0,5.656854249492381,0.0,5.0,0.0,1771.0,1634.0
2186,17.0,5.8708134405647785,3.7162300998566393,5.830951894845301,3.7162300998566393,1580.5294117647059,1636.764705882353
2187,108.0,22.537100296761317,13.08218567721036,20.615528128088304,13.08218567721036,639.3796296296297,1643.0833333333333
2188,6.0,3.1269438398822857,2.309401076758503,3.1622776601683795,2.309401076758503,1782.1666666666667,1638.1666666666667
2189,6.0,4.363338213437162,1.65500979239906,4.123105625617661,1.65500979239906,575.3333333333334,1639.8333333333333
2190,6.0,3.1269438398822857,2.309401076758503,3.1622776601683795,2.309401076758503,768.1666666666666,1639.1666666666667
2191,27.0,6.556236779631799,5.530373609990886,7.280109889280518,5.530373609990886,1822.7037037037037,1640.5925925925926
2192,16.0,5.491121612710071,3.6874901266889313,5.385164807134504,3.6874901266889313,490.0,1641.125
2193,64.0,12.19838350850704,7.644201382707251,13.038404810405298,7.644201382707251,1643.03125,1642.875
2194,61.0,9.980678502640966,7.88455599566623,10.816653826391969,7.88455599566623,1771.0655737704917,1642.5573770491803
2195,17.0,9.850849153622065,1.985817190609744,9.055385138137417,1.985817190609744,1793.4705882352941,1642.764705882353
2196,25.0,7.740709077667087,4.409242902690027,8.246211251235321,4.409242902690027,2960.0,1642.6
2197,51.0,10.56963638180387,7.184489475586025,11.661903789690601,7.184489475586025,652.3137254901961,1643.6470588235295
2198,22.0,8.546940799216484,3.3733596073950345,8.06225774829855,3.3733596073950345,664.5,1642.8636363636363
2199,8.0,3.4641016151377544,2.7386127875258306,3.605551275463989,2.7386127875258306,1759.125,1640.875
2200,22.0,6.853336137805966,4.1747428659881365,6.708203932499369,4.1747428659881365,555.3636363636364,1643.5454545454545
2201,31.0,12.449057443443117,4.231730763255615,11.40175425099138,4.231730763255615,590.7741935483871,1642.5806451612902
2202,22.0,8.220586888342678,3.6352908605723013,8.06225774829855,3.6352908605723013,1837.0,1644.3636363636363
2203,19.0,9.412718061237225,3.1436814659714405,8.06225774829855,3.1436814659714405,619.3684210526316,1645.157894736842
2204,38.0,12.532906792795366,4.884362317185477,12.165525060596439,4.884362317185477,628.2105263157895,1647.5526315789473
2205,157.0,23.353497663578786,16.774608327408934,25.495097567963924,16.774608327408934,682.4904458598726,1651.7961783439491
2206,25.0,10.601259779803325,3.951365723534632,10.198039027185569,3.951365723534632,545.4,1650.2
2207,32.0,11.616670412635893,5.394427080255128,12.041594578792296,5.394427080255128,1764.1875,1649.65625
2208,18.0,6.0,3.7712361663282534,6.082762530298219,3.7712361663282534,1819.5,1646.3333333333333
2209,1826.0,110.05532043555743,45.2673830113281,119.10079764636339,45.2673830113281,1452.5460021905806,1673.2710843373493
2210,10.0,4.09878030638384,2.9933259094191533,4.123105625617661,2.9933259094191533,1826.5,1646.8
2211,5.0,3.098386676965933,1.7888543819998317,3.1622776601683795,1.7888543819998317,1918.4,1646.8
2212,22.0,7.759785301043095,3.611361298571905,7.615773105863909,3.611361298571905,1802.7272727272727,1648.7272727272727
2213,72.0,15.197413829888692,10.986454984662775,15.811388300841896,10.986454984662775,1851.986111111111,1652.75
2214,32.0,8.703669580298335,4.8149388196517515,9.219544457292887,4.8149388196517515,2960.5625,1652.25
2215,6.0,3.8297084310253524,1.8856180831641272,4.0,1.8856180831641272,449.5,1649.3333333333333
2216,33.0,11.898836166331156,5.720845599996938,10.770329614269007,5.720845599996938,647.6060606060606,1653.6363636363637
2217,13.0,5.055900530816918,3.1378581622109447,5.0990195135927845,3.1378581622109447,1410.3076923076924,1650.0
2218,13.0,7.370845273753845,2.888805317669981,7.280109889280518,2.888805317669981,1868.8461538461538,1652.5384615384614
2219,14.0,4.20883424647321,4.120630029101703,4.47213595499958,4.120630029101703,605.7142857142857,1651.5
2220,29.0,6.341063442449137,5.829948411900614,6.708203932499369,5.829948411900614,432.86206896551727,1653.5862068965516
2221,6.0,3.265986323710904,2.0,3.1622776601683795,2.0,593.0,1651.5
2222,12.0,6.831300510639732,2.0,6.082762530298219,2.0,1723.5,1651.5
2223,37.0,8.835466196455716,5.466170699571544,9.219544457292887,5.466170699571544,522.6216216216217,1655.4054054054054
2224,89.0,19.731256215633607,6.211854435337861,20.024984394500787,6.211854435337861,1513.943820224719,1661.2696629213483
2225,42.0,11.595918364148396,4.749696895872789,12.165525060596439,4.749696895872789,1614.5714285714287,1657.6190476190477
2226,6.0,3.1269438398822857,2.309401076758503,3.1622776601683795,2.309401076758503,1629.1666666666667,1652.8333333333333
2227,5.0,3.098386676965933,1.7888543819998317,3.1622776601683795,1.7888543819998317,662.6,1654.2
2228,234.0,25.681147386563485,17.009724863016466,25.96150997149434,17.009724863016466,1836.525641025641,1664.076923076923
2229,61.0,14.449616801506455,5.650368202648383,14.422205101855956,5.650368202648383,1385.0983606557377,1659.377049180328
2230,26.0,7.286735034185556,4.953446137412557,7.615773105863909,4.953446137412557,1415.3076923076924,1656.7692307692307
2231,11.0,6.594798011142963,2.2737185879123643,6.324555320336759,2.2737185879123643,1876.4545454545455,1655.5454545454545
2232,29.0,6.258786926641891,5.892416376081055,7.0710678118654755,5.892416376081055,1961.103448275862,1656.4827586206898
2233,27.0,8.810068216084655,5.092422470204194,8.602325267042627,5.092422470204194,598.0,1658.4814814814815
2234,5.0,3.098386676965933,1.7888543819998317,3.1622776601683795,1.7888543819998317,652.8,1655.4
2235,13.0,5.055900530816918,3.1378581622109447,5.0990195135927845,3.1378581622109447,621.6923076923077,1657.0
2236,15.0,7.503608953854994,2.560873852779435,7.0710678118654755,2.560873852779435,1636.0,1657.2666666666667
2237,6.0,3.265986323710904,2.0,3.1622776601683795,2.0,1768.5,1657.0
2238,15.0,5.656854249492381,3.265986323710904,5.385164807134504,3.265986323710904,1801.0,1658.0
2239,12.0,6.945942873816464,2.4217738756517675,6.324555320336759,2.4217738756517675,1815.5833333333333,1658.1666666666667
2240,19.0,6.27506632630675,3.833479458809703,6.324555320336759,3.833479458809703,1823.842105263158,1658.2631578947369
2241,12.0,6.831300510639732,2.0,6.082762530298219,2.0,301.5,1659.5
2242,25.0,10.862623264583071,3.162817701312963,9.848857801796104,3.162817701312963,340.32,1659.24
2243,60.0,16.472701124768133,6.2600235967479,15.811388300841896,6.2600235967479,532.8333333333334,1662.8833333333334
2244,43.0,8.090814725763192,7.048395168812711,8.54400374531753,7.048395168812711,667.7209302325581,1661.0697674418604
2245,11.0,6.410747983365109,1.964939688573319,6.082762530298219,1.964939688573319,1779.5454545454545,1659.7272727272727
2246,27.0,6.421500681256116,5.2654105708259085,6.708203932499369,5.2654105708259085,2352.925925925926,1659.5925925925926
2247,8.0,4.47213595499958,2.0,4.123105625617661,2.0,467.5,1659.5
2248,15.0,5.215498621614658,3.7283771738060287,5.385164807134504,3.7283771738060287,552.7333333333333,1659.6
2249,11.0,4.346129984141888,3.067356324605907,4.47213595499958,3.067356324605907,640.0909090909091,1660.3636363636363
2250,12.0,4.894994431930091,2.9693109114997,5.0990195135927845,2.9693109114997,653.0833333333334,1661.1666666666667
2251,7.0,4.155374705678736,1.9054711331003737,4.123105625617661,1.9054711331003737,1364.7142857142858,1659.5714285714287
2252,18.0,9.120192302030514,2.745567656551084,8.246211251235321,2.745567656551084,1883.7222222222222,1660.5555555555557
2253,22.0,5.803252125075943,4.896443335195968,6.324555320336759,4.896443335195968,1809.0,1663.1818181818182
2254,158.0,30.935783107169655,9.379238410617628,30.083217912982647,9.379238410617628,541.373417721519,1675.76582278481
2255,30.0,8.7391837910261,4.550946177566937,9.055385138137417,4.550946177566937,1372.8333333333333,1664.0666666666666
2256,21.0,6.640342806169359,4.079281958152179,6.708203932499369,4.079281958152179,1860.142857142857,1664.5714285714287
2257,5.0,3.098386676965933,1.7888543819998317,3.1622776601683795,1.7888543819998317,1875.2,1662.6
2258,7.0,6.679120530303046,1.3254040442294808,6.0,1.3254040442294808,1907.2857142857142,1662.142857142857
2259,45.0,10.456570945525854,5.516607976588277,10.44030650891055,5.516607976588277,625.9555555555555,1667.8
2260,11.0,4.854444919780395,2.858303992038103,5.0990195135927845,2.858303992038103,353.72727272727275,1664.8181818181818
2261,18.0,5.3272578009432285,4.50684838295908,6.082762530298219,4.50684838295908,581.6111111111111,1665.5
2262,5.0,2.5298221281347035,2.5298221281347035,3.0,2.5298221281347035,633.0,1665.0
2263,9.0,4.312594463574638,2.660928660904759,4.47213595499958,2.660928660904759,1758.2222222222222,1665.111111111111
2264,21.0,9.843431244377957,2.7297495377814167,10.0,2.7297495377814167,461.76190476190476,1669.5714285714287
2265,12.0,6.831300510639732,2.0,6.082762530298219,2.0,603.5,1667.5
2266,12.0,6.831300510639732,2.0,6.082762530298219,2.0,611.5,1667.5
2267,5.0,3.098386676965933,1.7888543819998317,3.1622776601683795,1.7888543819998317,517.6,1666.8
2268,38.0,9.470576913819096,5.215906425986234,9.433981132056603,5.215906425986234,1414.2368421052631,1669.078947368421
2269,17.0,7.831351348290859,3.362530930759593,7.280109889280518,3.362530930759593,1503.764705882353,1668.5882352941176
2270,26.0,8.058954371513103,4.038278384125134,8.06225774829855,4.038278384125134,1891.5,1669.3076923076924
2271,6.0,3.265986323710904,2.0,3.1622776601683795,2.0,569.0,1667.5
2272,38.0,10.012966170813963,4.974818460149343,9.848857801796104,4.974818460149343,1812.1315789473683,1669.342105263158
2273,6.0,3.265986323710904,2.0,3.1622776601683795,2.0,1865.0,1667.5
2274,12.0,6.476553910947835,2.549253593315257,6.324555320336759,2.549253593315257,1497.1666666666667,1669.3333333333333
2275,12.0,6.831300510639732,2.0,6.082762530298219,2.0,299.5,1669.5
2276,62.0,11.698824615760785,7.063789917592968,11.661903789690601,7.063789917592968,509.5806451612903,1671.9193548387098
2277,14.0,6.05122561235416,2.849098535667036,6.082762530298219,2.849098535667036,673.5714285714286,1670.142857142857
2278,44.0,10.597536170230855,6.265318075861998,11.40175425099138,6.265318075861998,1882.7045454545455,1672.090909090909
2279,16.0,8.21059149218198,2.566356824081348,8.0,2.566356824081348,1923.75,1669.75
2280,79.0,19.784218661143715,5.40980526836214,18.027756377319946,5.40980526836214,1382.126582278481,1674.0886075949368
2281,14.0,4.20883424647321,4.120630029101703,4.47213595499958,4.120630029101703,1803.5,1672.7142857142858
2282,8.0,3.4641016151377544,2.7386127875258306,3.605551275463989,2.7386127875258306,1869.875,1671.875
2283,11.0,4.972652484064487,2.7453943400984544,5.0990195135927845,2.7453943400984544,527.0,1673.7272727272727
2284,12.0,6.831300510639732,2.0,6.082762530298219,2.0,659.5,1672.5
2285,9.0,4.618802153517006,2.351778943168525,4.47213595499958,2.351778943168525,1489.4444444444443,1673.111111111111
2286,14.0,8.246211251235321,1.9794866372215747,8.0,1.9794866372215747,1913.4285714285713,1675.5
2287,7.0,3.0237157840738176,2.7994168488950604,3.1622776601683795,2.7994168488950604,553.0,1674.7142857142858
2288,6.0,3.8297084310253524,1.8856180831641272,4.0,1.8856180831641272,1846.6666666666667,1675.5
2289,5.0,3.098386676965933,1.7888543819998317,3.1622776601683795,1.7888543819998317,476.6,1675.8
2290,88.0,19.082341382257933,7.397969305850446,18.601075237738275,7.397969305850446,1464.5113636363637,1681.659090909091
2291,14.0,7.017298793846583,2.6462077766235526,6.324555320336759,2.6462077766235526,499.7857142857143,1677.7142857142858
2292,39.0,22.920987295939398,3.270583655520949,20.223748416156685,3.270583655520949,1867.128205128205,1686.6923076923076
2293,13.0,4.3616645597524775,3.756591133295642,4.47213595499958,3.756591133295642,557.8461538461538,1679.5384615384614
2294,15.0,6.453653545640349,2.8259355032270834,6.324555320336759,2.8259355032270834,1397.9333333333334,1680.6
2295,8.0,9.16515138991168,0.0,8.0,0.0,238.0,1682.5
2296,11.0,3.9999999999999996,3.468869823334348,4.123105625617661,3.468869823334348,477.54545454545456,1680.6363636363637
2297,12.0,4.270320962938327,3.813415352576645,5.0990195135927845,3.813415352576645,1381.8333333333333,1680.4166666666667
2298,9.0,3.885753375057407,2.7954428906961324,4.123105625617661,2.7954428906961324,440.8888888888889,1681.3333333333333
2299,6.0,3.265986323710904,2.0,3.1622776601683795,2.0,1875.5,1681.0
2300,92.0,15.277543548859871,10.235103499329682,15.811388300841896,10.235103499329682,1884.6739130434783,1684.7717391304348
2301,6.0,3.265986323710904,2.0,3.1622776601683795,2.0,1340.0,1681.5
2302,10.0,4.09878030638384,2.9933259094191533,4.123105625617661,2.9933259094191533,1493.5,1681.8
2303,14.0,7.223425730278744,2.471403448419801,6.708203932499369,2.471403448419801,1899.5,1683.5
2304,14.0,6.596731519365874,2.739259283943401,6.324555320336759,2.739259283943401,343.64285714285717,1684.5714285714287
2305,14.0,5.302790716312392,3.3507237120510704,5.385164807134504,3.3507237120510704,350.35714285714283,1683.357142857143
2306,140.0,26.82730218526907,12.839048390854613,26.076809620810597,12.839048390854613,499.3857142857143,1692.1
2307,28.0,7.674922404983994,4.728728391430796,8.06225774829855,4.728728391430796,1387.5357142857142,1684.25
2308,6.0,3.265986323710904,2.0,3.1622776601683795,2.0,1905.0,1683.5
2309,18.0,8.87265978619066,3.3762945826213917,8.246211251235321,3.3762945826213917,1374.111111111111,1688.2777777777778
2310,16.0,8.21059149218198,2.566356824081348,8.0,2.566356824081348,459.75,1685.75
2311,102.0,37.131645886651505,5.827704076371541,33.015148038438355,5.827704076371541,1348.1274509803923,1689.7156862745098
2312,18.0,5.033222956847167,4.575835618216445,5.385164807134504,4.575835618216445,415.77777777777777,1688.9444444444443
2313,5.0,3.098386676965933,1.7888543819998317,3.1622776601683795,1.7888543819998317,421.6,1688.8
2314,6.0,3.8297084310253524,1.8856180831641265,3.605551275463989,1.8856180831641265,1383.8333333333333,1689.0
2315,17.0,4.995710434037936,4.384382288885431,5.385164807134504,4.384382288885431,510.1764705882353,1690.8235294117646
2316,9.0,3.885753375057407,2.7954428906961324,4.123105625617661,2.7954428906961324,3171.8888888888887,1690.3333333333333
2317,8.0,8.493618765183317,1.1655214591442762,7.0710678118654755,1.1655214591442762,485.375,1690.125
2318,38.0,9.81718973034436,5.168577999876129,9.486832980505138,5.168577999876129,540.3684210526316,1693.5
2319,13.0,5.203549084703927,3.076923076923077,5.0990195135927845,3.076923076923077,1368.0,1692.1538461538462
2320,22.0,5.752469825293227,4.851514205136848,6.082762530298219,4.851514205136848,1924.5,1693.2727272727273
2321,351.0,39.15986868303717,13.172912898541648,39.0,13.172912898541648,1476.0398860398861,1701.6638176638176
2322,22.0,8.864674640247516,3.3122896206124572,8.54400374531753,3.3122896206124572,1906.7727272727273,1693.8181818181818
2323,7.0,3.0237157840738176,2.799416848895061,3.1622776601683795,2.799416848895061,1880.7142857142858,1694.0
2324,6.0,3.1269438398822857,2.309401076758503,3.1622776601683795,2.309401076758503,1886.1666666666667,1693.8333333333333
2325,149.0,17.8793127300256,11.232201299123393,19.924858845171276,11.232201299123393,1378.8523489932886,1699.8859060402685
2326,8.0,4.47213595499958,2.345207879911715,4.47213595499958,2.345207879911715,354.875,1696.375
2327,68.0,15.961928891448792,5.68816616923509,16.15549442140351,5.68816616923509,477.36764705882354,1697.8529411764705
2328,10.0,4.477016006518517,2.876860733052088,4.47213595499958,2.876860733052088,1337.2,1696.7
2329,20.0,7.013479721280262,3.629201316982916,7.0710678118654755,3.629201316982916,1943.3,1697.25
2330,12.0,3.8297084310253524,3.8297084310253524,4.123105625617661,3.8297084310253524,371.5,1699.5
2331,12.0,6.831300510639732,2.0,6.082762530298219,2.0,395.5,1699.5
2332,181.0,32.71262805651174,11.186087575189676,29.154759474226502,11.186087575189676,482.0055248618784,1710.9005524861877
2333,12.0,5.294328785763616,2.862220279862641,5.0990195135927845,2.862220279862641,1461.9166666666667,1700.25
2334,53.0,16.167516182616723,6.252759594171045,14.317821063276353,6.252759594171045,3054.867924528302,1706.2264150943397
2335,49.0,13.262241838962177,5.713089244751951,13.152946437965905,5.713089244751951,544.3061224489796,1705.469387755102
2336,37.0,14.405973223000148,5.161001970730514,13.152946437965905,5.161001970730514,1345.2162162162163,1702.5135135135135
2337,5.0,3.098386676965933,1.7888543819998317,3.1622776601683795,1.7888543819998317,1408.2,1701.4
2338,18.0,8.44483884368578,2.8877357725093424,8.54400374531753,2.8877357725093424,1396.7777777777778,1704.8333333333333
2339,8.0,4.100618600451318,2.4869513653533066,4.123105625617661,2.4869513653533066,338.75,1704.0
2340,538.0,33.649704972385074,30.775640342400287,39.05124837953327,30.775640342400287,441.228624535316,1724.485130111524
2341,30.0,10.691371387833415,3.556077749224294,10.198039027185569,3.556077749224294,1916.5666666666666,1704.3333333333333
2342,17.0,5.415619343554923,3.9808965967416245,5.385164807134504,3.9808965967416245,422.2352941176471,1705.9411764705883
2343,6.0,3.265986323710904,2.0,3.1622776601683795,2.0,467.5,1705.0
2344,122.0,15.006666197104064,12.423403448944724,16.15549442140351,12.423403448944724,1416.2131147540983,1710.655737704918
2345,19.0,7.892394963594785,2.9964645500265,7.615773105863909,2.9964645500265,330.42105263157896,1708.0
2346,74.0,18.405797129871463,16.02479951767207,19.1049731745428,16.02479951767207,369.2432432432432,1710.9594594594594
2347,51.0,19.795695768768404,6.262096971508509,16.401219466856727,6.262096971508509,384.62745098039215,1711.2745098039215
2348,16.0,5.291502622129181,4.2130748865881795,6.082762530298219,4.2130748865881795,413.125,1707.5
2349,14.0,5.018775010702015,3.5736649346885305,5.385164807134504,3.5736649346885305,1985.7857142857142,1706.7142857142858
2350,24.0,6.809439783974742,4.671827722943823,7.211102550927978,4.671827722943823,1946.3333333333333,1708.9583333333333
2351,13.0,4.318667337728677,3.6794648440311994,4.47213595499958,3.6794648440311994,2008.3846153846155,1707.6153846153845
2352,13.0,5.327693424801688,2.9221156196156555,5.385164807134504,2.9221156196156555,340.0,1709.0
2353,19.0,5.231690963010274,4.802820296216645,6.082762530298219,4.802820296216645,1933.6842105263158,1709.8947368421052
2354,171.0,28.52768929740283,18.571162782318787,27.202941017470888,18.571162782318787,305.43859649122805,1718.7543859649122
2355,32.0,7.910259412600992,5.371188976880018,8.246211251235321,5.371188976880018,321.4375,1711.96875
2356,7.0,3.0237157840738176,2.799416848895061,3.1622776601683795,2.799416848895061,1957.0,1710.2857142857142
2357,55.0,19.082503880486787,6.391073012119954,17.46424919657298,6.391073012119954,461.8,1716.8909090909092
2358,28.0,7.504853068916596,5.079333558013788,7.615773105863909,5.079333558013788,265.92857142857144,1712.9285714285713
2359,39.0,8.276611693059287,6.008540929590486,8.54400374531753,6.008540929590486,431.28205128205127,1715.8461538461538
2360,44.0,13.299213989648926,7.04755967269316,12.806248474865697,7.04755967269316,333.8181818181818,1718.1136363636363
2361,14.0,5.449353665897314,3.145851452097728,5.385164807134504,3.145851452097728,551.9285714285714,1714.857142857143
2362,27.0,7.502483629065889,4.506752595455052,7.615773105863909,4.506752595455052,1373.9259259259259,1715.148148148148
2363,38.0,8.584869030930642,7.1343087732384065,9.219544457292887,7.1343087732384065,1397.342105263158,1716.2631578947369
2364,24.0,5.773502691896258,5.280993172584954,6.324555320336759,5.280993172584954,3064.0833333333335,1715.5
2365,82.0,14.639928899240479,7.792346721558964,13.92838827718412,7.792346721558964,347.1951219512195,1720.3536585365853
2366,13.0,5.055900530816918,3.1378581622109447,5.0990195135927845,3.1378581622109447,366.0,1717.3076923076924
2367,28.0,8.559904499723432,4.455388191303468,8.602325267042627,4.455388191303468,1385.2857142857142,1718.25
2368,9.0,5.274258481434536,1.946056459258261,5.0990195135927845,1.946056459258261,3049.5555555555557,1718.2222222222222
2369,24.0,5.773502691896257,5.270462766947298,6.4031242374328485,5.270462766947298,411.9166666666667,1719.0833333333333
2370,18.0,6.831300510639732,3.265986323710904,6.324555320336759,3.265986323710904,419.5,1718.0
2371,10.0,7.429670248402684,1.959591794226542,6.082762530298219,1.959591794226542,1979.5,1717.6
2372,44.0,15.86371287569875,3.8606472603002726,14.422205101855956,3.8606472603002726,2104.340909090909,1723.7954545454545
2373,30.0,11.240127462045754,3.7578926087884836,10.44030650891055,3.7578926087884836,404.76666666666665,1723.0
2374,9.0,3.265986323710904,3.265986323710904,3.605551275463989,3.265986323710904,1375.0,1722.0
2375,19.0,7.492235046858282,3.0904084728307817,7.280109889280518,3.0904084728307817,1934.0,1724.0
2376,12.0,3.8297084310253524,3.8297084310253524,4.123105625617661,3.8297084310253524,160.5,1723.5
2377,5.0,3.098386676965933,1.7888543819998317,3.1622776601683795,1.7888543819998317,325.8,1723.4
2378,7.0,3.648665604076859,2.505808461219716,4.0,2.505808461219716,339.57142857142856,1723.857142857143
2379,36.0,9.75611999928285,6.698321078870628,10.44030650891055,6.698321078870628,1977.2777777777778,1726.0555555555557
2380,26.0,6.000000000000001,5.555529257005474,6.324555320336759,5.555529257005474,1988.5,1725.6153846153845
2381,12.0,4.47213595499958,3.265986323710904,4.47213595499958,3.265986323710904,3086.0,1724.5
2382,5.0,5.656854249492381,0.0,5.0,0.0,484.0,1725.0
2383,50.0,9.494037977891393,7.360492026648484,10.44030650891055,7.360492026648484,1965.02,1728.0
2384,5.0,3.098386676965933,1.7888543819998317,3.1622776601683795,1.7888543819998317,213.8,1726.6
2385,28.0,7.957449005236635,4.479593779696919,8.246211251235321,4.479593779696919,278.5357142857143,1727.9642857142858
2386,10.0,4.09878030638384,2.9933259094191533,4.123105625617661,2.9933259094191533,470.5,1726.8
2387,15.0,5.9825936213138124,3.0484451785557387,6.082762530298219,3.0484451785557387,413.3333333333333,1727.9333333333334
2388,9.0,3.885753375057407,2.7954428906961324,4.123105625617661,2.7954428906961324,288.6666666666667,1728.888888888889
2389,11.0,3.9999999999999996,3.468869823334348,4.123105625617661,3.468869823334348,304.54545454545456,1729.6363636363637
2390,264.0,34.26536826099711,18.713047745795333,36.359317925395686,18.713047745795333,486.9848484848485,1740.2310606060605
2391,5.0,3.098386676965933,1.7888543819998317,3.1622776601683795,1.7888543819998317,358.6,1729.8
2392,26.0,11.622944740467668,3.844083511741403,10.770329614269007,3.844083511741403,2056.3076923076924,1733.0
2393,38.0,13.122055692864892,5.018527235373798,11.661903789690601,5.018527235373798,463.1842105263158,1734.157894736842
2394,46.0,13.976102342234554,4.679858704820002,13.038404810405298,4.679858704820002,354.2173913043478,1737.3695652173913
2395,8.0,3.4641016151377544,2.7386127875258306,3.605551275463989,2.7386127875258306,1982.125,1732.125
2396,7.0,3.0237157840738176,2.799416848895061,3.1622776601683795,2.799416848895061,225.0,1733.2857142857142
2397,240.0,38.58904617079714,12.604693308679277,35.4682957019364,12.604693308679277,226.14583333333334,1745.1708333333333
2398,9.0,3.265986323710904,3.265986323710904,3.605551275463989,3.265986323710904,275.0,1737.0
2399,13.0,7.554371880072024,1.9753176197160076,7.0710678118654755,1.9753176197160076,211.23076923076923,1737.4615384615386
2400,17.0,6.585670706008097,3.1796084995103278,6.324555320336759,3.1796084995103278,2027.9411764705883,1739.6470588235295
2401,10.0,4.7504310473449705,2.6520567234546397,5.0990195135927845,2.6520567234546397,1975.2,1741.1
2402,21.0,6.0795957277493695,4.414977975750349,6.324555320336759,4.414977975750349,2146.904761904762,1741.2857142857142
2403,30.0,8.982309370935173,4.7246759475391125,9.219544457292887,4.7246759475391125,248.83333333333334,1744.9666666666667
2404,31.0,8.481327599126292,5.215089164826378,8.602325267042627,5.215089164826378,1963.032258064516,1742.6451612903227
2405,19.0,6.959750593711585,3.592017802703361,7.211102550927978,3.592017802703361,2037.3684210526317,1742.6315789473683
2406,9.0,3.885753375057407,2.7954428906961324,4.123105625617661,2.7954428906961324,2077.6666666666665,1741.888888888889
2407,16.0,6.324555320336759,3.122498999199199,6.082762530298219,3.122498999199199,2013.875,1745.5
2408,33.0,9.538913049403266,4.415407440776406,9.219544457292887,4.415407440776406,2023.4848484848485,1747.3636363636363
2409,19.0,10.177223152083945,2.5530984583778364,9.055385138137417,2.5530984583778364,201.31578947368422,1748.578947368421
2410,9.0,4.618802153517006,2.3517789431685254,4.47213595499958,2.3517789431685254,2006.111111111111,1745.4444444444443
2411,6.0,3.126943839882286,2.309401076758503,3.1622776601683795,2.309401076758503,2137.8333333333335,1748.8333333333333
2412,19.0,5.733405886701423,4.2227547935406715,5.830951894845301,4.2227547935406715,468.2631578947368,1751.157894736842
2413,13.0,7.554371880072024,1.9753176197160076,7.0710678118654755,1.9753176197160076,2059.230769230769,1749.5384615384614
2414,10.0,3.9191835884530852,3.0983866769659336,4.123105625617661,3.0983866769659336,2144.0,1750.8
2415,22.0,6.536476678284265,4.877178418764356,7.0710678118654755,4.877178418764356,2079.5454545454545,1755.0
2416,12.0,6.831300510639732,2.0,6.082762530298219,2.0,2067.5,1755.5
2417,23.0,7.640780490262299,4.350471473765856,8.06225774829855,4.350471473765856,228.91304347826087,1757.1739130434783
2418,85.0,12.85121569164041,8.569715682170143,13.0,8.569715682170143,2136.258823529412,1759.4823529411765
2419,7.0,3.0237157840738176,2.799416848895061,3.1622776601683795,2.799416848895061,142.28571428571428,1757.0
2420,10.0,3.9191835884530852,3.0983866769659336,4.123105625617661,3.0983866769659336,180.0,1757.8
2421,14.0,6.540472681096179,2.7549163411272692,6.082762530298219,2.7549163411272692,2073.285714285714,1763.642857142857
2422,20.0,6.0525717430008275,4.19122598959158,6.324555320336759,4.19122598959158,2154.6,1764.95
2423,10.0,4.09878030638384,2.9933259094191533,4.123105625617661,2.9933259094191533,171.5,1766.2
2424,17.0,5.415619343554923,3.9808965967416245,5.385164807134504,3.9808965967416245,2078.235294117647,1769.9411764705883
2425,5.0,4.0,1.3856406460551023,3.605551275463989,1.3856406460551023,130.2,1770.2
2426,10.0,5.656854249492381,2.0,5.0990195135927845,2.0,2099.5,1772.0
2427,21.0,5.989583656261387,4.4961751047409475,6.324555320336759,4.4961751047409475,485.9047619047619,1773.2380952380952
2428,6.0,3.265986323710904,2.0,3.1622776601683795,2.0,2115.5,1777.0
2429,6.0,3.1269438398822857,2.309401076758503,3.1622776601683795,2.309401076758503,327.1666666666667,1781.1666666666667
2430,9.0,4.132908103676026,2.864091692640616,4.123105625617661,2.864091692640616,2159.3333333333335,1781.4444444444443
2431,20.0,8.39327246632046,3.02538878594254,8.246211251235321,3.02538878594254,2112.15,1787.05
2432,6.0,3.265986323710904,2.0,3.1622776601683795,2.0,155.5,1785.0
2433,14.0,7.017298793846583,2.6462077766235543,6.324555320336759,2.6462077766235543,2153.285714285714,1787.7857142857142
2434,10.0,5.5458250040261445,2.2899399609418625,5.385164807134504,2.2899399609418625,160.2,1788.9
2435,12.0,4.894994431930092,2.9693109114997,5.0990195135927845,2.9693109114997,2105.8333333333335,1790.0833333333333
2436,8.0,3.4641016151377544,2.7386127875258306,3.605551275463989,2.7386127875258306,2314.125,1791.125
2437,14.0,4.780914437337574,3.5456210417116734,5.0,3.5456210417116734,113.5,1792.5
2438,15.0,5.215498621614657,3.7283771738060283,5.385164807134504,3.7283771738060283,2119.266666666667,1792.6
2439,29.0,6.9353489989359085,5.485759937053181,7.211102550927978,5.485759937053181,309.7931034482759,1794.9655172413793
2440,47.0,9.397273406464114,6.393678154055974,9.486832980505138,6.393678154055974,2098.340425531915,1795.7446808510638
2441,27.0,7.595731148020589,5.223699424692003,8.246211251235321,5.223699424692003,2111.5185185185187,1796.111111111111
2442,10.0,4.665713454632891,3.198611880059477,5.0990195135927845,3.198611880059477,2191.2,1797.6
2443,15.0,5.982593621313813,3.0484451785557387,6.082762530298219,3.0484451785557387,2105.6666666666665,1801.0666666666666
2444,25.0,6.454073276628772,4.933734705059277,6.708203932499369,4.933734705059277,2142.44,1804.04
2445,8.0,3.4641016151377544,2.8284271247461903,4.0,2.8284271247461903,2151.0,1803.5
2446,14.0,5.018775010702015,3.5736649346885314,5.385164807134504,3.5736649346885314,2205.214285714286,1804.7142857142858
2447,15.0,4.618802153517006,4.026578365477733,5.0,4.026578365477733,2932.6,1805.6
2448,11.0,4.346129984141888,3.067356324605906,4.47213595499958,3.067356324605906,159.36363636363637,1813.909090909091
2449,25.0,9.647880596276055,3.2,9.055385138137417,3.2,2129.0,1818.32
2450,70.0,14.358667603681209,7.8774342757934015,13.416407864998739,7.8774342757934015,2139.9142857142856,1820.0
2451,7.0,4.634736211286691,1.826347935745029,4.47213595499958,1.826347935745029,153.71428571428572,1817.7142857142858
2452,213.0,18.425770743431972,14.968454807742965,19.697715603592208,14.968454807742965,372.15023474178406,1824.4976525821596
2453,14.0,4.20883424647321,4.120630029101703,4.47213595499958,4.120630029101703,2941.5,1817.7142857142858
2454,131.0,27.825653633833443,9.60800370723868,24.698178070456937,9.60800370723868,2152.8931297709923,1825.9465648854962
2455,21.0,6.0795957277493695,4.414977975750349,6.324555320336759,4.414977975750349,2920.285714285714,1821.904761904762
2456,6.0,3.265986323710904,2.0,3.1622776601683795,2.0,2235.5,1822.0
2457,151.0,21.74265537099204,9.946714376297598,23.259406699226016,9.946714376297598,2118.158940397351,1833.9205298013244
2458,5.0,3.098386676965933,1.7888543819998317,3.1622776601683795,1.7888543819998317,2222.6,1829.2
2459,11.0,4.51260859854213,2.9541957835039856,5.0,2.9541957835039856,2910.0,1830.0
2460,33.0,12.04204707351021,3.7987882150591084,10.770329614269007,3.7987882150591084,2212.3939393939395,1834.6969696969697
2461,21.0,8.329590259738866,3.12785213600036,8.06225774829855,3.12785213600036,2136.0476190476193,1835.952380952381
2462,31.0,8.961678621092808,4.395209760827776,8.54400374531753,4.395209760827776,2240.548387096774,1835.6129032258063
2463,21.0,8.0,3.265986323710904,7.280109889280518,3.265986323710904,2145.0,1836.0
2464,9.0,3.885753375057407,2.7954428906961324,4.123105625617661,2.7954428906961324,3257.3333333333335,1835.111111111111
2465,37.0,10.11154556906353,5.098077428357279,11.045361017187261,5.098077428357279,2514.2702702702704,1837.5135135135135
2466,17.0,5.552178461271106,3.9174385400182166,5.830951894845301,3.9174385400182166,3118.705882352941,1837.2941176470588
2467,8.0,3.9722133299273006,2.6403638502198645,4.123105625617661,2.6403638502198645,3129.25,1838.375
2468,5.0,3.098386676965933,1.7888543819998317,3.1622776601683795,1.7888543819998317,3060.8,1838.6
