,Area,Major,Minor,Feret,MinFeret,CentroidX,CentroidY
1,212658.0,851.8790812121335,515.5422472169402,969.2393925135317,515.5422472169402,252.22537125337396,211.32815600635763
2,1285563.0,2561.438172834489,811.2810495030403,2947.8183458279786,811.2810495030403,2504.5449923496553,694.6460399062512
3,14.0,5.2610165929475805,3.5334076632696476,5.385164807134504,3.5334076632696476,1610.142857142857,1.5714285714285714
4,636.0,50.0280154845639,27.483155721163627,56.08029957123981,27.483155721163627,1758.380503144654,14.80817610062893
5,16.0,9.16515138991168,2.0,8.06225774829855,2.0,1779.5,3.5
6,70.0,14.014605655223539,7.304165135631608,14.212670403551895,7.304165135631608,1792.5,5.2
7,49.0,11.537105744936172,5.552196516442046,11.40175425099138,5.552196516442046,1819.8163265306123,1.836734693877551
8,15.0,5.202077201401587,3.766010785314122,5.385164807134504,3.766010785314122,1854.2666666666667,1.5333333333333334
9,29.0,6.718718145605143,5.679120138934275,7.280109889280518,5.679120138934275,1893.5862068965516,2.4827586206896552
10,14.0,8.0,2.0,7.0710678118654755,2.0,1907.5,3.0
11,78.0,16.223242966769,12.021636083485369,16.55294535724685,12.021636083485369,1919.3461538461538,7.0256410256410255
12,28.0,8.0,4.47213595499958,7.615773105863909,4.47213595499958,1946.5,3.0
13,21.0,5.999424055126756,4.555290899503789,6.4031242374328485,4.555290899503789,1954.6666666666667,1.7619047619047619
14,23.0,8.956127240809069,3.6973750929553706,8.246211251235321,3.6973750929553706,1973.4347826086957,4.173913043478261
15,14.0,8.0,2.0,7.0710678118654755,2.0,2651.5,3.0
16,5.0,5.656854249492381,0.0,5.0,0.0,2717.0,0.0
17,57.0,10.855297287429575,7.119133744827894,11.40175425099138,7.119133744827894,2764.877192982456,3.526315789473684
18,38175.0,493.3889494732188,142.81336251404088,516.9758214849123,142.81336251404088,3105.5902030124425,56.98299934512115
19,9.0,4.708788181923399,2.504347879633133,4.47213595499958,2.504347879633133,3148.3333333333335,1.3333333333333333
20,9.0,3.885753375057407,2.7954428906961324,4.123105625617661,2.7954428906961324,3152.8888888888887,1.3333333333333333
21,232.0,57.767120929348664,8.971559035069609,54.12947441089743,8.971559035069609,3161.1810344827586,31.163793103448278
22,24.0,6.182412330330469,5.033222956847166,6.324555320336759,5.033222956847166,1804.6666666666667,3.5
23,11.0,6.235064799811727,2.4120907566221086,6.082762530298219,2.4120907566221086,2714.0,4.454545454545454
24,14.0,8.0,2.0,7.0710678118654755,2.0,2724.0,3.5
25,9.0,4.277662731533559,2.643019518000728,4.123105625617661,2.643019518000728,2658.5555555555557,5.333333333333333
26,8.0,4.47213595499958,2.0,4.123105625617661,2.0,1827.5,6.5
27,78.0,13.861942898576922,9.455337622556915,13.892443989449804,9.455337622556915,2751.7820512820513,9.782051282051283
28,22.0,5.752469825293227,4.959338798903947,6.324555320336759,4.959338798903947,1883.5,8.909090909090908
29,13.0,5.953263528840301,2.880676713307852,6.082762530298219,2.880676713307852,2014.6923076923076,9.692307692307692
30,41.0,10.077834958985472,5.1620385223875145,10.04987562112089,5.1620385223875145,2776.8048780487807,11.560975609756097
31,8.0,3.4641016151377544,2.7386127875258306,3.605551275463989,2.7386127875258306,1774.125,8.875
32,22.0,8.615270212787717,3.1268385248766326,8.246211251235321,3.1268385248766326,2723.5,9.0
33,18.0,6.831300510639732,3.265986323710904,6.324555320336759,3.265986323710904,2697.0,11.5
34,52.0,17.409234312634425,4.569798429822935,15.132745950421556,4.569798429822935,1807.326923076923,13.826923076923077
35,18.0,5.96284793999944,3.8297084310253524,6.082762530298219,3.8297084310253524,1875.5,17.333333333333332
36,14.0,4.981598792617912,3.625307868699863,5.0990195135927845,3.625307868699863,2715.5,17.142857142857142
37,8.0,3.4641016151377544,2.7386127875258306,3.605551275463989,2.7386127875258306,824.875,16.875
38,9.0,7.302967433402214,1.4054567378526148,6.4031242374328485,1.4054567378526148,1786.7777777777778,17.77777777777778
39,54.0,9.332844537495571,7.839145148061883,10.63014581273465,7.839145148061883,1899.1666666666667,19.24074074074074
40,30.0,8.748333174572933,4.332820482472512,8.246211251235321,4.332820482472512,2768.4,19.5
41,17.0,8.047030104772455,2.767766501419623,7.280109889280518,2.767766501419623,1797.764705882353,19.647058823529413
42,12.0,6.831300510639732,2.0,6.082762530298219,2.0,1891.5,19.5
43,94.0,18.17626877318949,9.274881916347356,18.027756377319946,9.274881916347356,2842.446808510638,25.56382978723404
44,8.0,3.4641016151377544,2.7386127875258306,3.605551275463989,2.7386127875258306,1880.875,19.875
45,6.0,3.265986323710904,2.0,3.1622776601683795,2.0,1886.0,19.5
46,14.0,8.0,2.0,7.0710678118654755,2.0,2779.0,19.5
47,86.0,22.356656023734384,5.996965756394256,19.924858845171276,5.996965756394256,1921.8488372093022,29.22093023255814
48,6.0,3.265986323710904,2.0,3.1622776601683795,2.0,1974.5,22.0
49,28.0,8.62626566914736,4.2180116450695975,8.602325267042627,4.2180116450695975,2708.6071428571427,24.892857142857142
50,10.0,5.440588203494177,2.5298221281347026,5.0990195135927845,2.5298221281347026,2751.3,24.4
51,33.0,13.068595557110134,4.832897412596049,12.083045973594572,4.832897412596049,1950.2727272727273,26.060606060606062
52,14.0,8.261297173761164,1.9367418534244054,8.06225774829855,1.9367418534244054,2691.5,27.5
53,14.0,8.0,2.0,7.0710678118654755,2.0,1803.0,25.5
54,11.0,6.235064799811727,2.4120907566221086,6.082762530298219,2.4120907566221086,1996.0,25.545454545454547
55,23.0,5.814167475253484,5.029477667275335,6.324555320336759,5.029477667275335,1933.5652173913043,29.17391304347826
56,6.0,3.265986323710904,2.0,3.1622776601683795,2.0,1985.0,27.5
57,8.0,4.47213595499958,2.0,4.123105625617661,2.0,1747.5,30.5
58,8.0,3.4641016151377544,2.7386127875258306,3.605551275463989,2.7386127875258306,2014.125,30.125
59,37.0,7.157934718870777,6.584943962991532,7.615773105863909,6.584943962991532,998.081081081081,33.0
60,173.0,23.97055126018,12.525785984776201,24.041630560342615,12.525785984776201,1762.6300578034682,36.45086705202312
61,40.0,10.797807624398635,7.763848949231219,10.816653826391969,7.763848949231219,1793.2,35.425
62,41.0,14.230933873589516,5.267206072717369,13.601470508735444,5.267206072717369,1962.0975609756097,39.19512195121951
63,10.0,3.9191835884530852,3.0983866769659336,4.123105625617661,3.0983866769659336,1904.0,36.2
64,52.0,14.028847044923092,5.637656123468688,13.601470508735444,5.637656123468688,1910.9615384615386,40.5
65,43.0,8.463853217430122,6.851888053143708,8.94427190999916,6.851888053143708,1939.7441860465117,39.81395348837209
66,18.0,6.831300510639732,3.265986323710904,6.324555320336759,3.265986323710904,2707.5,38.0
67,11.0,4.346129984141888,3.067356324605906,4.47213595499958,3.067356324605906,2792.909090909091,40.63636363636363
68,17.0,9.495591442239004,2.3455411382624463,8.246211251235321,2.3455411382624463,1745.4117647058824,43.705882352941174
69,53.0,8.73317417620951,8.102631493787316,9.433981132056603,8.102631493787316,2840.9811320754716,43.54716981132076
70,13.0,4.318667337728677,3.6794648440311994,4.47213595499958,3.6794648440311994,2340.3846153846152,42.61538461538461
71,7.0,4.155374705678736,1.9054711331003737,4.123105625617661,1.9054711331003737,2576.4285714285716,42.285714285714285
72,6.0,3.265986323710904,2.0,3.1622776601683795,2.0,1758.0,43.5
73,24.0,6.9289517509711755,4.4084092456528925,7.211102550927978,4.4084092456528925,2032.1666666666667,46.416666666666664
74,6.0,3.1269438398822857,2.309401076758503,3.1622776601683795,2.309401076758503,2784.1666666666665,48.833333333333336
75,6.0,3.265986323710904,2.0,3.1622776601683795,2.0,2838.0,48.5
76,19.0,5.212526051472713,4.66479582459468,5.385164807134504,4.66479582459468,2933.2631578947367,51.36842105263158
77,18.0,6.831300510639732,3.265986323710904,6.324555320336759,3.265986323710904,2843.5,51.0
78,47.0,9.925760044879599,7.364522462980926,11.180339887498949,7.364522462980926,1980.212765957447,55.361702127659576
79,33.0,11.726027081888418,4.4888203731292995,11.40175425099138,4.4888203731292995,2550.6969696969695,54.45454545454545
80,49.0,23.150117808020042,6.031604296487985,18.681541692269406,6.031604296487985,2925.1632653061224,60.42857142857143
81,6.0,6.831300510639732,0.0,6.0,0.0,1779.5,53.0
82,25.0,7.627453554669362,4.309379569191106,7.615773105863909,4.309379569191106,2100.36,56.44
83,18.0,5.809194269421537,4.431250161015815,6.082762530298219,4.431250161015815,1968.4444444444443,57.27777777777778
84,11.0,7.816067367347156,1.7056057308448835,7.280109889280518,1.7056057308448835,2118.0,59.0
85,26.0,7.549442551621722,4.332347027793453,7.280109889280518,4.332347027793453,2918.5,59.23076923076923
86,17.0,8.047030104772455,2.767766501419623,7.280109889280518,2.767766501419623,2957.764705882353,59.35294117647059
87,5.0,3.098386676965933,1.7888543819998317,3.1622776601683795,1.7888543819998317,2064.2,57.4
88,5.0,3.098386676965933,1.7888543819998317,3.1622776601683795,1.7888543819998317,2454.2,57.4
89,14.0,8.0,2.0,7.0710678118654755,2.0,2851.5,60.0
90,37.0,10.078401529702278,7.428104447389803,10.295630140987,7.428104447389803,2941.2432432432433,60.189189189189186
91,16.0,4.47213595499958,4.47213595499958,5.0,4.47213595499958,1758.5,59.5
92,7.0,3.0237157840738176,2.7994168488950604,3.1622776601683795,2.7994168488950604,1041.0,59.714285714285715
93,38.0,12.51628994866919,6.008912452110677,12.36931687685298,6.008912452110677,2473.4210526315787,63.3421052631579
94,61.0,16.529408460838347,8.780756651788392,15.524174696260024,8.780756651788392,2230.098360655738,64.88524590163935
95,9.0,3.885753375057407,2.7954428906961324,4.123105625617661,2.7954428906961324,2504.1111111111113,62.666666666666664
96,10.0,4.09878030638384,2.9933259094191533,4.123105625617661,2.9933259094191533,2987.5,61.8
97,5.0,3.098386676965933,1.7888543819998317,3.1622776601683795,1.7888543819998317,1965.8,62.6
98,24.0,5.734883511361751,5.5377492419453835,6.324555320336759,5.5377492419453835,1995.5,65.33333333333333
99,18.0,7.574093185582194,3.1996954054600764,7.280109889280518,3.1996954054600764,2535.8888888888887,64.38888888888889
100,57.0,11.51687473362809,6.444732164358656,11.40175425099138,6.444732164358656,2514.0175438596493,66.71929824561404
101,23.0,6.835494822449722,5.097723568370692,7.0710678118654755,5.097723568370692,2823.782608695652,67.1304347826087
102,14.0,8.0,2.0,7.0710678118654755,2.0,3011.5,68.0
103,23.0,6.723069216292854,4.7614909313675,7.0710678118654755,4.7614909313675,2950.1304347826085,70.04347826086956
104,6.0,3.265986323710904,2.0,3.1622776601683795,2.0,2958.0,67.5
105,8.0,3.4641016151377544,3.3166247903554,4.123105625617661,3.3166247903554,1942.5,69.25
106,5.0,3.098386676965933,1.7888543819998317,3.1622776601683795,1.7888543819998317,2808.6,69.8
107,10.0,4.09878030638384,2.9933259094191533,4.123105625617661,2.9933259094191533,1963.5,72.2
108,39.0,8.730827355015348,6.0951369516666185,8.94427190999916,6.0951369516666185,1991.7435897435898,74.76923076923077
109,148.0,27.814255197834893,12.858751314361232,27.313000567495326,12.858751314361232,2049.0675675675675,82.25675675675676
110,24.0,5.734883511361751,5.5377492419453835,6.324555320336759,5.5377492419453835,2939.5,73.33333333333333
111,13.0,5.327693424801688,2.9221156196156555,5.385164807134504,2.9221156196156555,2505.0,73.0
112,16.0,6.324555320336759,3.122498999199199,6.082762530298219,3.122498999199199,2029.875,75.5
113,24.0,11.430952132988164,3.0550504633038935,10.04987562112089,3.0550504633038935,2035.5,78.0
114,21.0,8.0,3.265986323710904,7.280109889280518,3.265986323710904,2878.0,76.0
115,11.0,9.7999958942036,2.1109117087617983,8.246211251235321,2.1109117087617983,2064.3636363636365,78.36363636363636
116,6.0,6.831300510639732,0.0,6.0,0.0,2987.5,74.0
117,46.0,9.492028206599555,7.660795646609241,10.0,7.660795646609241,2947.4347826086955,79.1086956521739
118,13.0,7.814961358868776,2.321188794761504,7.211102550927978,2.321188794761504,2012.8461538461538,79.23076923076923
119,20.0,11.791101912374952,2.714758864427512,10.44030650891055,2.714758864427512,723.0,82.5
120,16.0,5.656854249492381,3.588175023601831,5.830951894845301,3.588175023601831,901.0625,80.5625
121,8.0,3.4641016151377544,2.7386127875258306,3.605551275463989,2.7386127875258306,2292.125,79.875
122,120.0,22.267095582326853,8.353163665127656,20.8806130178211,8.353163665127656,2976.825,82.83333333333333
123,5.0,3.098386676965933,1.7888543819998317,3.1622776601683795,1.7888543819998317,2990.8,79.6
124,18.0,5.28913906753229,4.283222569354137,5.385164807134504,4.283222569354137,3006.1666666666665,80.72222222222223
125,35.0,17.599323079569892,3.264301437614545,15.297058540778355,3.264301437614545,711.5714285714286,82.14285714285714
126,15.0,5.603215293755568,3.522559128853361,6.082762530298219,3.522559128853361,2086.4666666666667,83.66666666666667
127,24.0,6.18241233033047,5.033222956847167,6.324555320336759,5.033222956847167,3026.3333333333335,83.5
128,6.0,3.651483716701107,2.1081851067789197,3.605551275463989,2.1081851067789197,1022.3333333333334,83.33333333333333
129,16.0,4.47213595499958,4.47213595499958,5.0,4.47213595499958,3056.5,83.5
130,7.0,3.5820700954176696,2.4713456540351717,3.605551275463989,2.4713456540351717,899.1428571428571,86.28571428571429
131,18.0,10.327955589886445,2.0,9.055385138137417,2.0,2028.0,85.5
132,27.0,13.569430215795629,3.3080607537671023,13.341664064126334,3.3080607537671023,697.5555555555555,88.5925925925926
133,26.0,9.417873182174182,3.7101486743825824,8.54400374531753,3.7101486743825824,3005.846153846154,90.26923076923077
134,21.0,8.226004473807071,3.123601555590147,8.06225774829855,3.123601555590147,3051.3333333333335,87.95238095238095
135,19.0,10.551617931342404,2.7926856434256173,9.486832980505138,2.7926856434256173,2033.842105263158,91.94736842105263
136,10.0,5.075562357094393,2.560989410217543,5.0990195135927845,2.560989410217543,2088.7,88.7
137,9.0,3.265986323710904,3.265986323710904,3.605551275463989,3.265986323710904,3017.0,89.0
138,16.0,9.16515138991168,2.0,8.06225774829855,2.0,3059.5,91.5
139,16.0,9.16515138991168,2.0,8.06225774829855,2.0,3067.5,91.5
140,24.0,6.831300510639732,4.47213595499958,6.708203932499369,4.47213595499958,2076.5,91.5
141,11.0,6.410747983365109,1.9649396885733192,6.082762530298219,1.9649396885733192,2131.4545454545455,91.72727272727273
142,15.0,6.822412295180274,2.764300479549879,7.0710678118654755,2.764300479549879,655.2,93.2
143,20.0,6.151651724998727,4.435896871470323,6.4031242374328485,4.435896871470323,2957.45,92.45
144,17.0,6.585670706008096,3.1796084995103278,6.324555320336759,3.1796084995103278,907.6470588235294,93.94117647058823
145,29.0,7.864831164671299,4.687051287983242,8.54400374531753,4.687051287983242,3022.9655172413795,96.03448275862068
146,5.0,3.098386676965933,1.7888543819998317,3.1622776601683795,1.7888543819998317,2089.8,94.4
147,8.0,4.47213595499958,2.0,4.123105625617661,2.0,3011.5,96.5
148,8.0,3.4641016151377544,2.7386127875258306,3.605551275463989,2.7386127875258306,742.125,96.875
149,130.0,25.509214321414508,12.441616890821996,24.186773244895647,12.441616890821996,904.5076923076923,103.53846153846153
150,76.0,17.382077625641255,8.750255911927086,17.69180601295413,8.750255911927086,921.3947368421053,102.13157894736842
151,30.0,8.937816846363637,4.192041006316156,9.055385138137417,4.192041006316156,2997.5666666666666,99.76666666666667
152,9.0,5.530487440723888,2.0442946868689864,5.385164807134504,2.0442946868689864,1561.7777777777778,97.66666666666667
153,26.0,10.546825146318971,3.112483936673524,10.198039027185569,3.112483936673524,3032.8846153846152,102.07692307692308
154,12.0,6.831300510639732,2.0,6.082762530298219,2.0,3043.5,99.5
155,8.0,4.47213595499958,2.0,4.123105625617661,2.0,952.5,99.5
156,24.0,9.662674324844385,3.390256037986549,9.486832980505138,3.390256037986549,610.4583333333334,101.66666666666667
157,56.0,17.872617194785402,6.023183401004041,16.1245154965971,6.023183401004041,502.125,106.14285714285714
158,41.0,13.082806984150935,5.311045550735123,11.704699910719626,5.311045550735123,717.390243902439,104.14634146341463
159,16.0,5.621217243914944,3.6523166205455517,6.082762530298219,3.6523166205455517,883.75,102.4375
160,23.0,8.879990161010365,3.210955619125892,8.246211251235321,3.210955619125892,2106.6521739130435,102.04347826086956
161,18.0,7.01404777699279,3.7565643555476513,6.708203932499369,3.7565643555476513,3015.3888888888887,103.05555555555556
162,8.0,3.4641016151377544,2.7386127875258306,3.605551275463989,2.7386127875258306,737.875,103.125
163,20.0,9.54148835350125,3.22490309931942,8.246211251235321,3.22490309931942,643.5,105.9
164,38.0,15.439565315129324,6.1560402199875925,15.297058540778355,6.1560402199875925,649.921052631579,108.44736842105263
165,19.0,6.017518285455349,3.921670738988875,6.324555320336759,3.921670738988875,949.4736842105264,105.15789473684211
166,26.0,6.000000000000001,5.555529257005474,6.324555320336759,5.555529257005474,3075.5,105.38461538461539
167,409.0,32.10550195339991,24.95449482419993,35.22782990761707,24.95449482419993,1016.7383863080685,120.13691931540342
168,27.0,9.392520458903498,4.686030932857996,8.54400374531753,4.686030932857996,2048.5925925925926,107.85185185185185
169,28.0,8.0,4.47213595499958,7.615773105863909,4.47213595499958,2082.5,107.0
170,7.0,3.6486656040768595,2.5058084612197167,4.0,2.5058084612197167,2134.5714285714284,105.14285714285714
171,8.0,3.4641016151377544,2.7386127875258306,3.605551275463989,2.7386127875258306,3096.875,104.875
172,53.0,15.03869358487287,6.133384068969109,16.1245154965971,6.133384068969109,732.433962264151,110.28301886792453
173,6.0,4.363338213437162,1.65500979239906,4.123105625617661,1.65500979239906,2301.6666666666665,106.16666666666667
174,12.0,4.47213595499958,3.265986323710904,4.47213595499958,3.265986323710904,665.0,107.5
175,9.0,3.885753375057407,2.7954428906961324,4.123105625617661,2.7954428906961324,3008.1111111111113,109.66666666666667
176,26.0,10.267554643138995,3.5547845571550445,10.44030650891055,3.5547845571550445,634.9230769230769,111.0
177,112.0,20.691392574165192,8.087464971689952,20.09975124224178,8.087464971689952,993.8392857142857,119.55357142857143
178,5.0,3.098386676965933,1.7888543819998317,3.1622776601683795,1.7888543819998317,2185.4,110.2
179,6.0,3.8297084310253524,1.8856180831641272,4.0,1.8856180831641272,2235.5,109.33333333333333
180,17.0,6.009968118606307,3.805569515578876,6.324555320336759,3.805569515578876,2198.0,111.88235294117646
181,6.0,3.265986323710904,2.0,3.1622776601683795,2.0,3046.0,110.5
182,23.0,8.20723304945355,3.6931606129153316,8.06225774829855,3.6931606129153316,924.0869565217391,112.8695652173913
183,6.0,3.265986323710904,2.0,3.1622776601683795,2.0,770.5,113.0
184,86.0,17.211307246223097,7.042496339217971,15.811388300841896,7.042496339217971,948.2906976744187,119.56976744186046
185,48.0,9.613358760946491,6.324555320336759,9.486832980505138,6.324555320336759,1035.5,115.875
186,54.0,17.463738391187576,4.428986448974943,16.76305461424021,4.428986448974943,2055.6481481481483,119.57407407407408
187,15.0,7.730132345456496,2.6626111932033365,7.211102550927978,2.6626111932033365,659.3333333333334,115.33333333333333
188,80.0,17.927423359017983,7.787489435404473,17.0,7.787489435404473,873.05,121.0875
189,16.0,6.324555320336759,3.122498999199199,6.082762530298219,3.122498999199199,889.125,115.5
190,33.0,16.91173594296192,3.2786956064051114,14.560219778561036,3.2786956064051114,2965.0,120.24242424242425
191,14.0,8.261297173761164,1.9367418534244054,8.06225774829855,1.9367418534244054,2977.5,116.5
192,12.0,6.831300510639732,2.0,6.082762530298219,2.0,2995.5,115.5
193,20.0,6.0,4.09878030638384,6.082762530298219,4.09878030638384,787.5,115.5
194,18.0,5.370242654930921,5.033222956847166,6.082762530298219,5.033222956847166,459.5,116.44444444444444
195,38.0,8.427200527180714,6.290873473423115,9.433981132056603,6.290873473423115,626.578947368421,119.55263157894737
196,8.0,4.47213595499958,2.0,4.123105625617661,2.0,1136.5,115.5
197,62.0,13.785736456678174,7.818524721951291,13.416407864998739,7.818524721951291,3108.7580645161293,121.03225806451613
198,18.0,6.0,3.7712361663282534,6.082762530298219,3.7712361663282534,2971.5,117.66666666666667
199,94.0,13.975954103745975,11.305022570483418,14.7648230602334,11.305022570483418,593.936170212766,123.32978723404256
200,5.0,3.098386676965933,1.7888543819998317,3.1622776601683795,1.7888543819998317,616.4,118.2
201,6.0,6.831300510639732,0.0,6.0,0.0,915.5,117.0
202,16.0,6.602897716712576,3.025184579927621,6.324555320336759,3.025184579927621,2065.125,119.75
203,40.0,10.953134208074138,4.9049822649950645,10.295630140987,4.9049822649950645,2082.775,120.35
204,34.0,14.747424134718889,4.771018375442264,13.152946437965905,4.771018375442264,3065.970588235294,118.79411764705883
205,22.0,10.823909866281614,3.1333978072025612,9.219544457292887,3.1333978072025612,931.5,122.36363636363636
206,41.0,11.833997841625196,5.889871130803612,12.083045973594572,5.889871130803612,499.5853658536585,122.82926829268293
207,8.0,4.47213595499958,2.0,4.123105625617661,2.0,789.5,120.5
208,198.0,23.715586245313705,13.870952854276904,25.495097567963924,13.870952854276904,1193.080808080808,132.26262626262627
209,41.0,13.994185276299433,5.645782018264244,12.529964086141668,5.645782018264244,1210.0487804878048,126.09756097560975
210,72.0,17.253593795270678,6.215664791646838,16.76305461424021,6.215664791646838,467.02777777777777,129.58333333333334
211,20.0,10.551858347722373,2.908313155353404,9.486832980505138,2.908313155353404,901.25,123.0
212,14.0,8.0,2.0,7.0710678118654755,2.0,3091.5,124.0
213,18.0,9.483871342888664,2.5496330708514905,8.246211251235321,2.5496330708514905,716.8333333333334,123.33333333333333
214,6.0,3.8297084310253524,1.8856180831641272,4.0,1.8856180831641272,808.6666666666666,123.5
215,26.0,9.417873182174182,3.7101486743825824,8.54400374531753,3.7101486743825824,676.7307692307693,124.15384615384616
216,100.0,15.25757884257727,10.715068262150197,15.652475842498529,10.715068262150197,3155.05,131.11
217,25.0,11.364075241260494,3.221458351580889,10.198039027185569,3.221458351580889,782.96,127.28
218,12.0,5.537749241945383,2.748737083745107,5.385164807134504,2.748737083745107,397.5,129.16666666666666
219,27.0,8.218638618610973,4.133398193789031,8.246211251235321,4.133398193789031,566.6296296296297,130.40740740740742
220,80.0,19.561850562353495,7.3667497973088665,17.26267650163207,7.3667497973088665,664.4375,135.3875
221,7.0,3.0237157840738176,2.799416848895061,3.1622776601683795,2.799416848895061,813.7142857142857,129.0
222,13.0,6.016266814676309,2.6412366890834824,5.830951894845301,2.6412366890834824,2092.6153846153848,130.0
223,28.0,9.453967946424687,3.985949847956394,9.486832980505138,3.985949847956394,2972.8214285714284,132.17857142857142
224,48.0,11.822024389711117,9.107964487570934,10.770329614269007,9.107964487570934,3103.6666666666665,131.27083333333334
225,12.0,4.418071998329192,3.3718731747306854,4.47213595499958,3.3718731747306854,454.25,130.41666666666666
226,18.0,6.831300510639732,3.265986323710904,6.324555320336759,3.265986323710904,583.0,131.5
227,17.0,10.58682551693139,2.0984648054695456,9.433981132056603,2.0984648054695456,824.3529411764706,131.35294117647058
228,244.0,28.13087341392762,19.038034525775622,30.14962686336267,19.038034525775622,986.4180327868852,142.85655737704917
229,24.0,9.036719645764965,3.7124308058588746,8.602325267042627,3.7124308058588746,1227.3333333333333,132.08333333333334
230,6.0,3.265986323710904,2.0,3.1622776601683795,2.0,1254.5,130.0
231,12.0,6.831300510639732,2.0,6.082762530298219,2.0,3043.5,131.5
232,29.0,7.405832080434374,5.1185959560655565,7.615773105863909,5.1185959560655565,559.9310344827586,132.41379310344828
233,7.0,3.0237157840738176,2.799416848895061,3.1622776601683795,2.799416848895061,758.2857142857143,131.0
234,23.0,6.211601494667216,4.667602946740805,6.324555320336759,4.667602946740805,945.304347826087,131.7826086956522
235,28.0,9.09995264750191,4.355039841069725,9.219544457292887,4.355039841069725,2145.6071428571427,133.14285714285714
236,39.0,11.967372514762328,5.053130895301247,11.180339887498949,5.053130895301247,425.56410256410254,133.48717948717947
237,18.0,6.520474290808672,3.4998352992203188,6.708203932499369,3.4998352992203188,502.3333333333333,133.72222222222223
238,139.0,20.132770771786983,14.625743300594346,22.47220505424423,14.625743300594346,966.1726618705036,138.41726618705036
239,19.0,5.078879192343082,4.855815829335072,5.385164807134504,4.855815829335072,2165.157894736842,133.31578947368422
240,6.0,3.265986323710904,2.0,3.1622776601683795,2.0,2175.0,131.5
241,18.0,6.684155494010997,3.7401513336427006,6.708203932499369,3.7401513336427006,416.0,134.33333333333334
242,28.0,8.370822156436288,4.634690586595678,8.246211251235321,4.634690586595678,401.67857142857144,135.82142857142858
243,50.0,10.033436397303651,6.518079016187384,10.44030650891055,6.518079016187384,523.88,135.72
244,57.0,17.70413128332984,6.777962421817649,16.401219466856727,6.777962421817649,615.5438596491229,136.5438596491228
245,18.0,6.183074608744687,4.096575894782017,6.4031242374328485,4.096575894782017,815.2777777777778,134.38888888888889
246,18.0,6.390010716815036,3.6048472273892758,6.324555320336759,3.6048472273892758,2087.9444444444443,135.27777777777777
247,9.0,5.274258481434536,1.946056459258261,5.0990195135927845,1.946056459258261,856.7777777777778,134.55555555555554
248,27.0,7.949463685694863,4.42644406746361,7.615773105863909,4.42644406746361,892.1481481481482,137.37037037037038
249,15.0,9.470253793738879,3.4232641625528686,8.54400374531753,3.4232641625528686,2120.4666666666667,136.33333333333334
250,14.0,4.74024689744533,3.7660484032669737,5.0,3.7660484032669737,393.64285714285717,136.71428571428572
251,29.0,8.061115259786007,4.694532436714092,8.246211251235321,4.694532436714092,591.3448275862069,136.55172413793105
252,6.0,3.1269438398822857,2.309401076758503,3.1622776601683795,2.309401076758503,996.1666666666666,136.16666666666666
253,149.0,23.42365203782873,11.197546399433751,25.317977802344327,11.197546399433751,1010.5302013422819,146.0
254,7.0,4.155374705678736,1.9054711331003737,4.123105625617661,1.9054711331003737,600.4285714285714,137.28571428571428
255,36.0,18.961950204437187,2.748737083745107,16.0312195418814,2.748737083745107,651.5,144.16666666666666
256,30.0,10.036934381269301,4.380506490690673,9.219544457292887,4.380506490690673,697.7666666666667,139.5
257,5.0,3.098386676965933,1.7888543819998317,3.1622776601683795,1.7888543819998317,871.8,136.6
258,10.0,3.919183588453085,3.0983866769659336,4.123105625617661,3.0983866769659336,905.8,137.0
259,14.0,8.0,2.0,7.0710678118654755,2.0,937.5,139.0
260,7.0,3.7032803990902057,2.138089935299395,3.605551275463989,2.138089935299395,1649.0,137.0
261,5.0,3.098386676965933,1.7888543819998317,3.1622776601683795,1.7888543819998317,382.2,137.4
262,76.0,12.655746136923842,7.9705803213797095,12.649110640673518,7.9705803213797095,507.67105263157896,142.94736842105263
263,43.0,15.697580606720436,4.433783339518083,14.317821063276353,4.433783339518083,626.9302325581396,142.3953488372093
264,17.0,6.585670706008097,3.1796084995103278,6.324555320336759,3.1796084995103278,773.9411764705883,139.64705882352942
265,12.0,6.831300510639732,2.0,6.082762530298219,2.0,779.5,139.5
266,19.0,6.275364142840501,3.8214113068520565,6.324555320336759,3.8214113068520565,1232.2631578947369,139.6315789473684
267,5.0,3.098386676965933,1.7888543819998317,3.1622776601683795,1.7888543819998317,1240.8,137.4
268,21.0,8.0,3.265986323710904,7.280109889280518,3.265986323710904,2070.0,140.0
269,24.0,6.831300510639732,4.47213595499958,6.708203932499369,4.47213595499958,3082.5,139.5
270,65.0,17.624971887747837,5.866433372357642,15.524174696260024,5.866433372357642,559.3076923076923,145.56923076923076
271,6.0,6.831300510639732,0.0,6.0,0.0,947.5,138.0
272,25.0,10.872105858258292,3.551522801113025,11.180339887498949,3.551522801113025,3110.48,144.44
273,10.0,5.138093031466052,2.529822128134703,5.0990195135927845,2.529822128134703,409.7,140.4
274,6.0,3.265986323710904,2.0,3.1622776601683795,2.0,609.0,139.5
275,240.0,28.029442914415863,17.748053004852622,27.65863337187866,17.748053004852622,1057.325,146.79583333333332
276,69.0,25.065880347795282,10.675165165781104,21.470910553583888,10.675165165781104,1212.1304347826087,144.20289855072463
277,22.0,6.107778821811488,4.658680320288245,6.324555320336759,4.658680320288245,2131.681818181818,141.27272727272728
278,82.0,12.9174569709992,9.393099736190397,13.0,9.393099736190397,465.3780487804878,145.4268292682927
279,78.0,13.723823525887084,8.381195561103674,13.892443989449804,8.381195561103674,1647.6153846153845,145.84615384615384
280,21.0,6.724282596460397,4.40051388239521,7.211102550927978,4.40051388239521,447.6190476190476,144.23809523809524
281,10.0,4.09878030638384,2.9933259094191533,4.123105625617661,2.9933259094191533,598.2,142.5
282,7.0,3.0237157840738176,2.7994168488950604,3.1622776601683795,2.7994168488950604,657.0,141.71428571428572
283,64.0,11.349558535428681,10.277023331241299,13.341664064126334,10.277023331241299,1241.453125,146.546875
284,5.0,3.098386676965933,1.7888543819998317,3.1622776601683795,1.7888543819998317,2149.6,142.2
285,126.0,16.18526596952539,12.102542370710857,18.110770276274835,12.102542370710857,3154.0476190476193,148.13492063492063
286,22.0,8.793665518099813,3.1165315769027484,8.246211251235321,3.1165315769027484,418.77272727272725,142.9090909090909
287,262.0,33.714030035248136,18.440935455265617,35.6931365951495,18.440935455265617,498.85114503816794,161.61832061068702
288,25.0,9.714022827549618,5.364117868377329,9.848857801796104,5.364117868377329,591.52,145.44
289,64.0,10.677078252031311,7.677076266392044,10.770329614269007,7.677076266392044,3172.9375,147.5
290,11.0,4.51260859854213,2.9541957835039856,5.0,2.9541957835039856,738.0,145.0
291,6.0,3.265986323710904,2.0,3.1622776601683795,2.0,744.5,145.0
292,68.0,20.283573670794848,4.315277724596636,19.235384061671343,4.315277724596636,942.4117647058823,152.33823529411765
293,8.0,3.4641016151377544,2.7386127875258306,3.605551275463989,2.7386127875258306,977.125,145.125
294,8.0,3.4641016151377544,2.7386127875258306,3.605551275463989,2.7386127875258306,1168.875,144.875
295,26.0,9.9428669356703,3.5622595297847766,9.219544457292887,3.5622595297847766,1225.2692307692307,148.3846153846154
296,19.0,5.212526051472712,4.66479582459468,5.385164807134504,4.66479582459468,2306.3684210526317,145.73684210526315
297,14.0,8.0,2.0,7.0710678118654755,2.0,1195.5,148.0
298,14.0,8.0,2.0,7.0710678118654755,2.0,2083.5,148.0
299,14.0,8.0,2.0,7.0710678118654755,2.0,2107.5,148.0
300,5.0,3.098386676965933,1.7888543819998317,3.1622776601683795,1.7888543819998317,2192.8,145.4
301,53.0,20.434202694029786,4.033828075869264,18.384776310850235,4.033828075869264,637.9811320754717,148.8679245283019
302,20.0,6.3118935352238,4.09878030638384,6.324555320336759,4.09878030638384,953.1,147.5
303,102.0,19.484247251727872,9.985977242242893,19.4164878389476,9.985977242242893,2130.921568627451,154.59803921568627
304,7.0,3.5820700954176696,2.4713456540351717,3.605551275463989,2.4713456540351717,775.1428571428571,149.28571428571428
305,20.0,7.258246732682521,3.6273756860164776,7.0710678118654755,3.6273756860164776,1089.75,149.35
306,18.0,9.26162932629987,2.6666666666666665,8.06225774829855,2.6666666666666665,411.5,149.66666666666666
307,18.0,7.416721908507127,3.0395969654079673,7.0710678118654755,3.0395969654079673,427.1111111111111,149.83333333333334
308,20.0,8.438009243891594,2.9933259094191533,8.06225774829855,2.9933259094191533,1035.5,149.8
309,98.0,19.715669591075923,8.473713833765006,21.095023109728988,8.473713833765006,1180.9285714285713,152.4387755102041
310,14.0,6.673938919081462,2.6858222847362963,7.0,2.6858222847362963,2235.0714285714284,150.21428571428572
311,45.0,8.866202926307432,6.526513919478185,9.486832980505138,6.526513919478185,961.6222222222223,155.24444444444444
312,35.0,12.058664699445776,3.9802617021196847,11.180339887498949,3.9802617021196847,995.2,155.71428571428572
313,196.0,23.66737047343219,15.573303913482262,26.248809496813376,15.573303913482262,1636.408163265306,163.81632653061226
314,26.0,6.000000000000001,5.555529257005474,6.324555320336759,5.555529257005474,2115.5,153.3846153846154
315,20.0,8.438009243891594,2.9933259094191533,8.06225774829855,2.9933259094191533,401.2,155.5
316,48.0,19.188156584491693,4.052013518695946,16.76305461424021,4.052013518695946,575.4375,159.5
317,17.0,5.181899763382574,4.041201040002321,5.385164807134504,4.041201040002321,749.8823529411765,153.41176470588235
318,275.0,31.737364208720606,25.277678730623986,34.48187929913333,25.277678730623986,1024.1854545454546,171.14909090909092
319,23.0,8.879990161010365,3.210955619125894,8.246211251235321,3.210955619125894,1103.0434782608695,155.34782608695653
320,21.0,8.0,3.265986323710904,7.280109889280518,3.265986323710904,1121.0,155.0
321,6.0,3.265986323710904,2.0,3.1622776601683795,2.0,1166.5,153.0
322,9.0,3.265986323710904,3.265986323710904,3.605551275463989,3.265986323710904,2103.0,153.0
323,127.0,18.56316004031273,14.123827295197039,20.615528128088304,14.123827295197039,2157.740157480315,159.8503937007874
324,32.0,9.38083151964686,4.242640687119285,9.055385138137417,4.242640687119285,2176.5,156.0
325,11.0,4.972652484064487,2.7453943400984544,5.0990195135927845,2.7453943400984544,3085.2727272727275,153.0
326,6.0,3.265986323710904,2.0,3.1622776601683795,2.0,3109.0,152.5
327,14.0,8.0,2.0,7.0710678118654755,2.0,3139.5,155.0
328,29.0,8.317986114191573,4.979403594319995,8.602325267042627,4.979403594319995,534.8275862068965,156.68965517241378
329,12.0,6.831300510639732,2.0,6.082762530298219,2.0,602.5,155.5
330,15.0,5.162854072296581,3.686980704731108,5.385164807134504,3.686980704731108,623.6666666666666,155.2
331,27.0,6.08167276575676,5.650626522907974,6.324555320336759,5.650626522907974,969.2962962962963,155.55555555555554
332,47.0,15.489841488535399,5.328467019060996,13.892443989449804,5.328467019060996,3187.340425531915,159.08510638297872
333,9.0,4.25044367047193,2.612014068307059,4.47213595499958,2.612014068307059,510.3333333333333,155.0
334,5.0,3.098386676965933,1.7888543819998317,3.1622776601683795,1.7888543819998317,670.4,154.8
335,46.0,12.966578310045492,5.147739979024833,14.317821063276353,5.147739979024833,952.695652173913,162.2173913043478
336,57.0,20.68588494356894,5.091648185525418,17.46424919657298,5.091648185525418,460.4736842105263,162.08771929824562
337,168.0,28.640497483020212,9.328486305911586,25.80697580112788,9.328486305911586,471.32142857142856,164.92261904761904
338,149.0,21.308721857534465,10.863335729532636,22.20360331117452,10.863335729532636,634.1879194630873,165.36912751677852
339,16.0,5.291502622129181,3.872983346207417,6.0,3.872983346207417,987.5,156.75
340,8.0,4.47213595499958,2.0,4.123105625617661,2.0,1142.5,155.5
341,14.0,4.742873420478221,3.6860255520522984,5.0990195135927845,3.6860255520522984,1171.2142857142858,156.64285714285714
342,8.0,4.47213595499958,2.0,4.123105625617661,2.0,2144.5,155.5
343,33.0,11.741605183152883,3.780076413964292,10.44030650891055,3.780076413964292,1156.8181818181818,157.8181818181818
344,40.0,14.060483342817658,4.7804610830281975,12.806248474865697,4.7804610830281975,2101.9,162.575
345,34.0,12.82202465900053,4.743654502432283,11.704699910719626,4.743654502432283,2194.764705882353,160.7058823529412
346,10.0,4.244901238393524,3.108184916681298,4.47213595499958,3.108184916681298,2473.6,158.1
347,9.0,3.885753375057407,2.7954428906961324,4.123105625617661,2.7954428906961324,3121.6666666666665,157.88888888888889
348,19.0,7.829320047560577,3.688467796291406,7.615773105863909,3.688467796291406,1034.6315789473683,160.8421052631579
349,46.0,14.660226984554155,4.4207208820211354,13.601470508735444,4.4207208820211354,2206.2608695652175,160.1304347826087
350,6.0,3.8297084310253524,1.8856180831641272,4.0,1.8856180831641272,2283.5,158.66666666666666
351,23.0,7.156138677580158,4.0371011683506755,7.280109889280518,4.0371011683506755,557.0869565217391,160.34782608695653
352,18.0,7.416721908507127,3.0395969654079673,7.0710678118654755,3.0395969654079673,365.8333333333333,163.11111111111111
353,14.0,4.20883424647321,4.120630029101703,4.47213595499958,4.120630029101703,699.2857142857143,161.5
354,36.0,9.149237285692962,7.908120552339383,9.486832980505138,7.908120552339383,1005.8611111111111,163.75
355,11.0,6.410747983365109,1.9649396885733192,6.082762530298219,1.9649396885733192,1045.4545454545455,162.27272727272728
356,17.0,7.560662487438352,2.8767740818188203,7.0710678118654755,2.8767740818188203,1060.1764705882354,161.23529411764707
357,13.0,5.055900530816918,3.1378581622109447,5.0990195135927845,3.1378581622109447,1089.6923076923076,161.0
358,6.0,3.265986323710904,2.0,3.1622776601683795,2.0,1216.5,161.0
359,158.0,29.5560678151328,10.39539493503061,28.635642126552707,10.39539493503061,1231.4050632911392,173.5126582278481
360,14.0,8.0,2.0,7.0710678118654755,2.0,1241.5,163.0
361,25.0,9.994473239191768,3.7114019818768793,9.848857801796104,3.7114019818768793,2182.76,163.28
362,22.0,8.615270212787717,3.1268385248766326,8.246211251235321,3.1268385248766326,2317.0,163.5
363,24.0,9.16515138991168,3.265986323710904,8.246211251235321,3.265986323710904,3174.0,163.5
364,13.0,5.178126215393372,3.4095276388293323,5.385164807134504,3.4095276388293323,517.4615384615385,162.0
365,12.0,6.831300510639732,2.0,6.082762530298219,2.0,611.5,163.5
366,14.0,8.0,2.0,7.0710678118654755,2.0,891.5,164.0
367,6.0,3.265986323710904,2.0,3.1622776601683795,2.0,1116.5,162.0
368,24.0,6.831300510639732,4.47213595499958,6.708203932499369,4.47213595499958,1204.5,163.5
369,14.0,8.0,2.0,7.0710678118654755,2.0,2243.5,164.0
370,12.0,4.47213595499958,3.265986323710904,4.47213595499958,3.265986323710904,1015.0,163.5
371,12.0,6.831300510639732,2.0,6.082762530298219,2.0,1179.5,163.5
372,59.0,18.126400323369815,4.439655756143129,16.492422502470642,4.439655756143129,2108.64406779661,171.4915254237288
373,70.0,12.995353305239426,10.594991915829503,14.560219778561036,10.594991915829503,2135.614285714286,168.45714285714286
374,39.0,14.674305995040369,5.667715122911629,12.206555615733702,5.667715122911629,435.4102564102564,168.48717948717947
375,15.0,6.791134621996741,2.8402741439135504,6.324555320336759,2.8402741439135504,603.8,165.8
376,26.0,6.50390544857834,5.069439211190225,6.708203932499369,5.069439211190225,946.2692307692307,167.15384615384616
377,9.0,3.265986323710904,3.265986323710904,3.605551275463989,3.265986323710904,971.0,166.0
378,28.0,11.031259658901856,4.276786430793473,10.44030650891055,4.276786430793473,1076.4285714285713,168.32142857142858
379,20.0,5.8123212597709975,4.429099408820498,6.324555320336759,4.429099408820498,1184.9,167.55
380,61.0,9.659312097100367,8.033624977791883,10.44030650891055,8.033624977791883,2974.6721311475408,169.37704918032787
381,28.0,7.387137029253142,5.103180518950534,7.615773105863909,5.103180518950534,383.82142857142856,169.53571428571428
382,28.0,6.0,5.969309261650337,6.708203932499369,5.969309261650337,1273.392857142857,169.39285714285714
383,10.0,4.09878030638384,2.9933259094191533,4.123105625617661,2.9933259094191533,2991.2,168.5
384,50.0,10.906092019889313,7.665060786041207,10.816653826391969,7.665060786041207,486.96,171.18
385,30.0,8.69840342949338,4.351245032554859,8.246211251235321,4.351245032554859,540.5,171.26666666666668
386,14.0,8.0,2.0,7.0710678118654755,2.0,587.5,171.0
387,18.0,7.416721908507127,3.0395969654079673,7.0710678118654755,3.0395969654079673,993.1666666666666,171.11111111111111
388,15.0,6.791134621996741,2.8402741439135504,6.324555320336759,2.8402741439135504,1220.8,168.8
389,70.0,17.481192456575624,5.875837073691859,16.76305461424021,5.875837073691859,1260.4285714285713,176.75714285714287
390,5.0,3.098386676965933,1.7888543819998317,3.1622776601683795,1.7888543819998317,2115.8,168.4
391,16.0,9.16515138991168,2.0,8.06225774829855,2.0,2123.5,171.5
392,13.0,5.178126215393372,3.4095276388293323,5.385164807134504,3.4095276388293323,2365.0,169.53846153846155
393,27.0,7.811725553869515,4.378866832323126,7.615773105863909,4.378866832323126,3188.5555555555557,171.11111111111111
394,38.0,12.209204835215896,4.080780417430773,12.041594578792296,4.080780417430773,3198.7368421052633,172.68421052631578
395,18.0,10.349449797506683,2.9481109247603543,8.246211251235321,2.9481109247603543,371.5,169.88888888888889
396,15.0,6.342284798713821,2.9735652336328955,6.082762530298219,2.9735652336328955,656.8,171.6
397,18.0,6.831300510639732,3.265986323710904,6.324555320336759,3.265986323710904,1049.0,171.5
398,35.0,12.197110337869143,5.990833935486812,11.180339887498949,5.990833935486812,2165.114285714286,171.4
399,8.0,3.4641016151377544,2.8284271247461903,4.0,2.8284271247461903,598.0,171.5
400,18.0,5.661327482875315,4.048927706947247,5.830951894845301,4.048927706947247,679.1666666666666,171.33333333333334
401,10.0,4.079215610874227,3.224903099319419,4.123105625617661,3.224903099319419,2190.6,171.5
402,6.0,3.265986323710904,2.0,3.1622776601683795,2.0,2238.0,171.5
403,12.0,4.167620293867669,3.631321610887408,4.47213595499958,3.631321610887408,399.3333333333333,173.25
404,25.0,8.42925098277896,3.692225327538926,8.54400374531753,3.692225327538926,364.56,174.44
405,29.0,10.87098262042454,3.5118418162735447,10.198039027185569,3.5118418162735447,376.2068965517241,177.72413793103448
406,5.0,3.098386676965933,1.7888543819998317,3.1622776601683795,1.7888543819998317,455.4,174.2
407,9.0,4.277662731533559,2.643019518000728,4.123105625617661,2.643019518000728,946.5555555555555,174.33333333333334
408,15.0,7.435747266068637,2.6995259533722917,8.0,2.6995259533722917,971.1333333333333,173.93333333333334
409,16.0,6.324555320336759,3.122498999199199,6.082762530298219,3.122498999199199,1083.5,173.875
410,30.0,7.31115819125517,5.609938533253897,7.810249675906654,5.609938533253897,1284.2333333333333,175.06666666666666
411,19.0,12.140020947580755,2.618800973559255,10.44030650891055,2.618800973559255,2306.842105263158,177.57894736842104
412,11.0,4.346129984141888,3.067356324605906,4.47213595499958,3.067356324605906,2174.3636363636365,174.9090909090909
413,60.0,11.098533841220137,7.9875105228768986,12.083045973594572,7.9875105228768986,2372.983333333333,178.78333333333333
414,11.0,4.346129984141888,3.067356324605907,4.47213595499958,3.067356324605907,646.0909090909091,176.63636363636363
415,24.0,5.5377492419453835,5.5377492419453835,6.082762530298219,5.5377492419453835,1331.5,177.5
416,7.0,4.155374705678736,1.9054711331003737,4.123105625617661,1.9054711331003737,2185.285714285714,175.57142857142858
417,37.0,15.11287465568653,3.8216059376206437,15.524174696260024,3.8216059376206437,2237.837837837838,180.59459459459458
418,6.0,3.8297084310253524,1.8856180831641272,4.0,1.8856180831641272,3211.5,175.33333333333334
419,34.0,10.30784751300533,4.143303605788151,10.198039027185569,4.143303605788151,304.44117647058823,180.05882352941177
420,7.0,3.7032803990902057,2.138089935299395,3.605551275463989,2.138089935299395,350.0,177.0
421,26.0,9.250287245819154,4.190041315412664,8.94427190999916,4.190041315412664,612.4615384615385,179.73076923076923
422,28.0,11.227229102639264,3.7621015814971024,10.295630140987,3.7621015814971024,1275.107142857143,179.89285714285714
423,16.0,9.16515138991168,2.0,8.06225774829855,2.0,1635.5,179.5
424,16.0,9.16515138991168,2.0,8.06225774829855,2.0,2195.5,179.5
425,29.0,14.072166113658039,3.5037354741341353,12.649110640673518,3.5037354741341353,2229.551724137931,182.0
426,30.0,17.281975195754296,2.0,15.033296378372908,2.0,2283.5,183.0
427,41.0,9.909589965122878,5.821754772125392,10.295630140987,5.821754772125392,2350.8048780487807,180.73170731707316
428,20.0,8.438009243891594,2.9933259094191533,8.06225774829855,2.9933259094191533,3173.8,179.5
429,12.0,3.8297084310253524,3.8297084310253524,4.123105625617661,3.8297084310253524,3246.5,177.5
430,12.0,6.831300510639732,2.0,6.082762530298219,2.0,2315.5,179.5
431,11.0,3.9999999999999996,3.468869823334348,4.123105625617661,3.468869823334348,360.54545454545456,179.63636363636363
432,17.0,8.46331936858669,2.7259950100315926,7.615773105863909,2.7259950100315926,578.9411764705883,179.76470588235293
433,24.0,6.21825270205921,4.85340659285368,6.324555320336759,4.85340659285368,1251.5,180.16666666666666
434,21.0,8.0,3.265986323710904,7.280109889280518,3.265986323710904,1372.0,179.0
435,32.0,9.197688754524192,4.731479322040753,8.94427190999916,4.731479322040753,404.28125,182.375
436,27.0,11.670872963285353,3.7065614893834695,10.44030650891055,3.7065614893834695,464.7037037037037,180.14814814814815
437,29.0,7.016818889874863,5.3063953621293605,7.211102550927978,5.3063953621293605,2164.3793103448274,181.86206896551724
438,41.0,14.697678285962763,4.19196160716693,14.035668847618199,4.19196160716693,2269.878048780488,181.53658536585365
439,6.0,3.265986323710904,2.0,3.1622776601683795,2.0,2342.0,179.5
440,24.0,6.081140986576509,4.932066489508719,6.324555320336759,4.932066489508719,343.3333333333333,182.125
441,39.0,9.196485174300554,5.587679489960535,9.486832980505138,5.587679489960535,2204.2051282051284,184.28205128205127
442,32.0,14.969846743369876,3.4817292370341386,15.132745950421556,3.4817292370341386,482.90625,182.59375
443,9.0,4.312594463574638,2.660928660904759,4.47213595499958,2.660928660904759,569.1111111111111,182.22222222222223
444,65.0,25.027243170557984,3.251098838924579,22.090722034374522,3.251098838924579,995.3384615384615,181.98461538461538
445,53.0,22.116888202848614,7.469189275990192,19.4164878389476,7.469189275990192,2218.8867924528304,188.24528301886792
446,26.0,9.417873182174182,3.7101486743825824,8.54400374531753,3.7101486743825824,3235.730769230769,182.15384615384616
447,5.0,3.098386676965933,1.7888543819998317,3.1622776601683795,1.7888543819998317,504.8,182.4
448,20.0,7.0771552661558275,3.531837105349399,7.280109889280518,3.531837105349399,3216.5,184.8
449,6.0,3.1269438398822857,2.309401076758503,3.1622776601683795,2.309401076758503,1164.1666666666667,184.16666666666666
450,26.0,6.000000000000001,5.555529257005474,6.324555320336759,5.555529257005474,1379.5,185.3846153846154
451,12.0,4.167620293867669,3.631321610887408,4.47213595499958,3.631321610887408,2178.6666666666665,184.75
452,9.0,4.312594463574638,2.660928660904759,4.47213595499958,2.660928660904759,2185.777777777778,184.11111111111111
453,47.0,13.917924227627326,5.217308914600188,12.649110640673518,5.217308914600188,2256.127659574468,186.51063829787233
454,28.0,8.087664023118302,4.724868731161632,8.06225774829855,4.724868731161632,358.60714285714283,186.57142857142858
455,30.0,7.721687507917375,5.278256006913383,8.06225774829855,5.278256006913383,390.76666666666665,186.66666666666666
456,10.0,4.541385054734408,2.774134420794162,4.47213595499958,2.774134420794162,398.2,185.3
457,21.0,8.0,3.265986323710904,7.280109889280518,3.265986323710904,2158.0,187.0
458,16.0,6.324555320336759,3.122498999199199,6.082762530298219,3.122498999199199,434.125,187.5
459,14.0,8.0,2.0,7.0710678118654755,2.0,467.5,188.0
460,12.0,5.5377492419453835,2.7487370837451066,6.0,2.7487370837451066,1072.8333333333333,187.5
461,12.0,6.831300510639732,2.0,6.082762530298219,2.0,1091.5,185.5
462,90.0,21.785753684915175,8.95575947300002,22.090722034374522,8.95575947300002,2374.5333333333333,190.48888888888888
463,42.0,20.34994930144271,3.3701663873758534,18.24828759089466,3.3701663873758534,3201.809523809524,194.11904761904762
464,7.0,4.155374705678736,1.9054711331003737,4.123105625617661,1.9054711331003737,1328.7142857142858,186.57142857142858
465,16.0,5.267826876426369,4.0,5.385164807134504,4.0,323.5,189.375
466,16.0,5.149449337222181,3.918950308868696,5.385164807134504,3.918950308868696,480.6875,189.1875
467,15.0,4.974602161647368,3.7712361663282534,5.0990195135927845,3.7712361663282534,1640.6,189.06666666666666
468,14.0,5.0142653642240695,3.7032803990902057,5.0990195135927845,3.7032803990902057,496.0,190.0
469,23.0,7.313697980167731,3.963847914071924,7.280109889280518,3.963847914071924,1425.8695652173913,189.30434782608697
470,56.0,13.510506454839911,5.522855205366455,13.341664064126334,5.522855205366455,1629.375,194.25
471,122.0,18.680315676452576,14.058745763072672,20.248456731316587,14.058745763072672,305.9016393442623,197.77868852459017
472,7.0,3.5820700954176696,2.4713456540351717,3.605551275463989,2.4713456540351717,366.2857142857143,190.14285714285714
473,5.0,3.098386676965933,1.7888543819998317,3.1622776601683795,1.7888543819998317,400.8,189.6
474,27.0,8.607632251558913,5.64561792251285,8.54400374531753,5.64561792251285,1224.2592592592594,193.2962962962963
475,15.0,6.696462916284929,3.03345164050215,6.324555320336759,3.03345164050215,1295.0666666666666,191.53333333333333
476,12.0,4.464216783173839,3.409739589526534,4.47213595499958,3.409739589526534,1615.3333333333333,190.5
477,8.0,4.47213595499958,2.0,4.123105625617661,2.0,2182.5,190.5
478,31.0,7.793962047117058,5.867000036393172,8.246211251235321,5.867000036393172,2227.2258064516127,192.03225806451613
479,22.0,11.035553658893434,3.5305083665077537,9.848857801796104,3.5305083665077537,338.6363636363636,193.5
480,24.0,9.698110796437762,3.574909832897982,10.198039027185569,3.574909832897982,3234.125,192.375
481,24.0,7.170379459376109,4.422429268035772,7.211102550927978,4.422429268035772,328.875,194.08333333333334
482,5.0,3.098386676965933,1.7888543819998317,3.1622776601683795,1.7888543819998317,349.6,192.8
483,45.0,8.758512470483776,6.5411566950592475,8.94427190999916,6.5411566950592475,488.44444444444446,195.57777777777778
484,16.0,9.16515138991168,2.0,8.06225774829855,2.0,1364.5,195.5
485,32.0,10.931166456947233,6.919869933063168,10.816653826391969,6.919869933063168,1375.8125,195.0625
486,42.0,16.235218134989744,3.201545198148129,15.033296378372908,3.201545198148129,1381.9761904761904,199.16666666666666
487,14.0,8.0,2.0,7.0710678118654755,2.0,1387.5,195.0
488,15.0,4.618802153517006,4.026578365477733,5.0,4.026578365477733,1435.6,193.6
489,29.0,9.062157621816079,4.001011860516159,9.055385138137417,4.001011860516159,2267.551724137931,195.89655172413794
490,101.0,16.207807613404164,11.12192996982771,18.35755975068582,11.12192996982771,2311.70297029703,198.0
491,28.0,8.81592199724963,6.0249421160435555,8.602325267042627,6.0249421160435555,2392.1428571428573,195.32142857142858
492,12.0,5.294328785763616,2.862220279862641,5.0990195135927845,2.862220279862641,2473.25,193.91666666666666
493,14.0,8.0,2.0,7.0710678118654755,2.0,3251.5,195.0
494,68.0,11.197853924432573,8.429584478293659,11.661903789690601,8.429584478293659,792.4264705882352,198.60294117647058
495,18.0,7.416721908507126,3.0395969654079673,7.0710678118654755,3.0395969654079673,1249.1666666666667,195.88888888888889
496,32.0,9.837234563426351,5.0569324836436165,9.433981132056603,5.0569324836436165,1285.84375,196.28125
497,42.0,13.313809798192047,6.045449306684902,12.206555615733702,6.045449306684902,1300.3809523809523,198.33333333333334
498,74.0,14.138406453726795,10.383739422555234,14.142135623730951,10.383739422555234,2343.054054054054,199.6216216216216
499,26.0,9.34323393339357,3.879068822817547,9.219544457292887,3.879068822817547,2408.5384615384614,197.92307692307693
500,5.0,5.656854249492381,0.0,5.0,0.0,320.0,196.0
501,12.0,3.8297084310253524,3.8297084310253524,4.123105625617661,3.8297084310253524,2403.5,195.5
502,26.0,6.838803314120883,4.867474467555808,7.0710678118654755,4.867474467555808,275.5,198.0
503,12.0,6.831300510639732,2.0,6.082762530298219,2.0,411.5,195.5
504,17.0,5.224377249688121,4.280801270273,5.385164807134504,4.280801270273,1237.4705882352941,197.47058823529412
505,49.0,9.46704287351402,7.342703236403213,10.198039027185569,7.342703236403213,2354.3673469387754,199.53061224489795
506,7.0,3.6486656040768595,2.5058084612197162,4.0,2.5058084612197162,1014.8571428571429,197.57142857142858
507,9.0,3.885753375057407,2.7954428906961324,4.123105625617661,2.7954428906961324,1056.888888888889,197.66666666666666
508,33.0,10.040244469485863,4.998963316893537,10.0,4.998963316893537,1258.7272727272727,199.8181818181818
509,25.0,7.305723360141443,4.3966357803533835,7.280109889280518,4.3966357803533835,2149.96,197.88
510,5.0,3.098386676965933,1.7888543819998317,3.1622776601683795,1.7888543819998317,3006.6,196.8
511,6.0,3.265986323710904,2.0,3.1622776601683795,2.0,559.5,198.0
512,209.0,21.31148370007842,18.792192583921413,23.600847442411894,18.792192583921413,2281.177033492823,208.88516746411483
513,5.0,3.335641688875783,2.0575457524521585,3.1622776601683795,2.0575457524521585,2430.2,198.0
514,5.0,3.098386676965933,1.7888543819998317,3.1622776601683795,1.7888543819998317,2481.6,198.2
515,11.0,4.51260859854213,2.9541957835039856,5.0,2.9541957835039856,2385.0,200.0
516,5.0,3.098386676965933,1.7888543819998317,3.1622776601683795,1.7888543819998317,3238.4,198.8
517,49.0,13.136358474141495,6.383353852432502,13.038404810405298,6.383353852432502,456.8775510204082,203.57142857142858
518,56.0,15.171958738434725,7.142531041016707,14.422205101855956,7.142531041016707,1311.5,202.17857142857142
519,20.0,6.511528238439882,3.9191835884530852,6.324555320336759,3.9191835884530852,2435.5,200.8
520,10.0,4.09878030638384,2.9933259094191533,4.123105625617661,2.9933259094191533,3245.5,200.2
521,26.0,7.712090052518965,4.6463701724286315,8.246211251235321,4.6463701724286315,468.15384615384613,204.42307692307693
522,17265.0,172.97639278412495,142.52509569113832,188.80677953929515,142.52509569113832,1189.98517231393,278.26458152331304
523,15.0,6.791134621996741,2.8402741439135504,6.324555320336759,2.8402741439135504,1227.8,201.2
524,9.0,3.265986323710904,3.265986323710904,3.605551275463989,3.265986323710904,2246.0,201.0
525,7.0,3.7032803990902057,2.138089935299395,3.605551275463989,2.138089935299395,2273.0,201.0
526,10.0,3.9191835884530852,3.0983866769659336,4.123105625617661,3.0983866769659336,3233.0,201.2
527,118.0,35.25907708761528,6.75580629709845,29.274562336608895,6.75580629709845,3260.9322033898306,212.32203389830508
528,194.0,19.586690935771,17.200565854145434,23.08679276123039,17.200565854145434,283.0360824742268,209.35051546391753
529,20.0,7.731010827707836,3.198667157092813,7.280109889280518,3.198667157092813,475.05,203.85
530,6.0,4.363338213437162,1.65500979239906,4.123105625617661,1.65500979239906,976.6666666666666,202.16666666666666
531,16.0,6.324555320336759,3.122498999199199,6.082762530298219,3.122498999199199,1241.125,203.5
532,20.0,7.8383671769061705,3.687817782917155,7.280109889280518,3.687817782917155,347.4,203.5
533,166.0,26.49075119776717,11.827177981650651,27.202941017470888,11.827177981650651,2370.620481927711,211.01807228915663
534,29.0,11.083172002249475,4.614810197664449,10.770329614269007,4.614810197664449,2426.2758620689656,204.86206896551724
535,14.0,8.0,2.0,7.0710678118654755,2.0,1324.0,203.5
536,29.0,10.76606297936019,3.94391081468941,10.198039027185569,3.94391081468941,1346.5172413793102,205.41379310344828
537,22.0,5.715172676462992,4.908882954066357,6.324555320336759,4.908882954066357,1373.1363636363637,205.45454545454547
538,8.0,4.47213595499958,2.0,4.123105625617661,2.0,2262.5,203.5
539,10.0,4.09878030638384,2.9933259094191533,4.123105625617661,2.9933259094191533,1275.5,205.8
540,21.0,8.875025725111195,2.9936281557797195,8.246211251235321,2.9936281557797195,1283.857142857143,205.85714285714286
541,25.0,9.639002506671064,3.657981776388303,9.848857801796104,3.657981776388303,1614.52,207.92
542,16.0,6.324555320336759,3.122498999199199,6.082762530298219,3.122498999199199,2303.5,206.125
543,20.0,7.731010827707835,3.198667157092813,7.280109889280518,3.198667157092813,2323.85,205.95
544,6.0,3.8297084310253524,1.8856180831641265,3.605551275463989,1.8856180831641265,2390.0,205.83333333333334
545,19.0,9.195448042801235,3.6597641722244973,8.602325267042627,3.6597641722244973,3241.7368421052633,207.42105263157896
546,46.0,9.140863840485126,6.5965560362159,9.433981132056603,6.5965560362159,515.9565217391304,209.54347826086956
547,25.0,10.266006970136303,3.936026027494338,9.486832980505138,3.936026027494338,2401.28,208.92
548,9.0,4.277662731533559,2.643019518000728,4.123105625617661,2.643019518000728,1627.3333333333333,208.55555555555554
549,18.0,6.831300510639732,3.265986323710904,6.324555320336759,3.265986323710904,363.5,209.0
550,26.0,11.090957322140126,3.1183959801662846,10.04987562112089,3.1183959801662846,1305.923076923077,209.07692307692307
551,13.0,4.912098103441027,3.65546392165565,5.0990195135927845,3.65546392165565,1335.5384615384614,209.46153846153845
552,12.0,3.8297084310253524,3.8297084310253524,4.123105625617661,3.8297084310253524,1387.5,209.5
553,1958.0,86.34281695497938,45.3154841835868,89.20201791439474,45.3154841835868,1582.1338100102146,239.13381001021452
554,7.0,4.0456382356289255,2.415966245432733,4.123105625617661,2.415966245432733,377.85714285714283,210.14285714285714
555,12.0,6.3314459076037055,2.4543642415500204,6.082762530298219,2.4543642415500204,3215.5833333333335,212.83333333333334
556,12.0,4.925250326854339,3.538316972177452,5.385164807134504,3.538316972177452,3237.0833333333335,213.33333333333334
557,20.0,6.696698259293357,3.928642567602366,7.280109889280518,3.928642567602366,1315.15,213.4
558,36.0,12.013170399466759,6.047530557365095,10.816653826391969,6.047530557365095,1626.8333333333333,216.0
559,13.0,4.318667337728677,3.6794648440311994,4.47213595499958,3.6794648440311994,3206.6153846153848,213.3846153846154
560,8.0,4.47213595499958,2.0,4.123105625617661,2.0,448.5,214.5
561,5.0,3.098386676965933,1.7888543819998317,3.1622776601683795,1.7888543819998317,488.2,213.6
562,7.0,3.0237157840738176,2.799416848895061,3.1622776601683795,2.799416848895061,294.0,216.28571428571428
563,38.0,12.111324792048663,6.975026296503053,12.529964086141668,6.975026296503053,301.36842105263156,219.39473684210526
564,140.0,20.737690225533242,13.786167277073632,19.6468827043885,13.786167277073632,317.1142857142857,222.90714285714284
565,14.0,8.0,2.0,7.0710678118654755,2.0,465.5,219.0
566,17.0,9.065122541440626,2.3492669151820174,8.246211251235321,2.3492669151820174,1297.0588235294117,219.52941176470588
567,20.0,9.068893962167577,2.8557244795253776,8.246211251235321,2.8557244795253776,1483.1,217.2
568,24.0,9.16515138991168,3.265986323710904,8.246211251235321,3.265986323710904,2350.0,219.5
569,51.0,20.138567215721793,4.55094302664041,18.788294228055936,4.55094302664041,2359.823529411765,224.66666666666666
570,63.0,26.57846091671196,5.6714557443183935,21.587033144922902,5.6714557443183935,2403.031746031746,218.88888888888889
571,17.0,5.224377249688121,4.122685992455349,5.385164807134504,4.122685992455349,2503.294117647059,217.7058823529412
572,36.0,15.018683255675558,3.2214010726124944,14.035668847618199,3.2214010726124944,336.72222222222223,222.69444444444446
573,40.0,13.434952900288698,5.786366784695239,12.083045973594572,5.786366784695239,358.025,221.275
574,5.0,3.098386676965933,1.7888543819998317,3.1622776601683795,1.7888543819998317,1327.4,217.8
575,7.0,3.0237157840738176,2.799416848895061,3.1622776601683795,2.799416848895061,1566.0,220.28571428571428
576,20.0,11.489125293076057,2.0,10.04987562112089,2.0,1610.5,219.5
577,17.0,5.982648738068608,3.595502365494577,5.830951894845301,3.595502365494577,2493.1176470588234,221.0
578,121.0,23.787032030626946,8.949627286805823,21.93171219946131,8.949627286805823,1429.7768595041323,231.43801652892563
579,217.0,22.785346961134696,17.649442303180745,27.16615541441225,17.649442303180745,1520.5253456221199,233.3963133640553
580,36.0,12.968065940742228,5.1257887394044825,11.661903789690601,5.1257887394044825,1540.5833333333333,224.58333333333334
581,58.0,15.285903377807465,8.209570255166387,13.601470508735444,8.209570255166387,2370.5689655172414,227.3448275862069
582,5.0,3.098386676965933,1.7888543819998317,3.1622776601683795,1.7888543819998317,2385.4,222.2
583,191.0,27.008441206307886,17.22134575737784,28.792360097775937,17.22134575737784,2460.2722513089006,236.23560209424085
584,7.0,3.0237157840738176,2.7994168488950604,3.1622776601683795,2.7994168488950604,2470.0,221.71428571428572
585,22.0,7.7177054210229725,3.8835101562228678,7.615773105863909,3.8835101562228678,1511.409090909091,224.5909090909091
586,51.0,14.41839873783988,6.974152646296953,13.416407864998739,6.974152646296953,1363.4313725490197,229.76470588235293
587,31.0,9.118128915480556,4.4368849168511035,9.486832980505138,4.4368849168511035,1464.483870967742,226.8709677419355
588,133.0,18.36902008777578,10.439691145602898,18.973665961010276,10.439691145602898,1474.345864661654,230.3609022556391
589,13.0,5.055900530816918,3.1378581622109447,5.0990195135927845,3.1378581622109447,1534.0,225.69230769230768
590,55.0,10.381508358590832,7.024736922377085,11.180339887498949,7.024736922377085,2401.7272727272725,227.4
591,22.0,6.4219979376853225,4.42915868090057,6.708203932499369,4.42915868090057,494.77272727272725,227.0909090909091
592,6.0,3.265986323710904,2.0,3.1622776601683795,2.0,592.5,227.0
593,12.0,4.47213595499958,3.265986323710904,4.47213595499958,3.265986323710904,638.0,227.5
594,23.0,5.814167475253484,5.029477667275335,6.324555320336759,5.029477667275335,1353.8260869565217,229.56521739130434
595,22.0,10.823909866281614,3.1333978072025612,9.219544457292887,3.1333978072025612,300.6363636363636,229.5
596,10.0,4.09878030638384,2.9933259094191533,4.123105625617661,2.9933259094191533,1454.8,229.5
597,20.0,6.226614492335321,4.246089019773345,6.324555320336759,4.246089019773345,2392.1,230.8
598,10.0,5.656854249492381,2.0,5.0990195135927845,2.0,2411.5,230.0
599,9.0,4.618802153517007,2.3517789431685254,4.47213595499958,2.3517789431685254,3022.8888888888887,229.55555555555554
600,14.0,6.771094492852683,2.561336103319165,6.708203932499369,2.561336103319165,266.5,231.21428571428572
601,17.0,8.047030104772455,2.767766501419623,7.280109889280518,2.767766501419623,1371.6470588235295,229.76470588235293
602,7.0,3.0237157840738176,2.799416848895061,3.1622776601683795,2.799416848895061,2382.285714285714,230.0
603,29.0,7.005965142014112,5.2920347671798345,7.280109889280518,5.2920347671798345,3243.206896551724,233.0344827586207
604,24.0,12.452228526351798,3.3867067344676203,11.704699910719626,3.3867067344676203,1462.5833333333333,236.79166666666666
605,18.0,6.831300510639732,3.265986323710904,6.324555320336759,3.265986323710904,2422.0,235.5
606,17.0,8.335783842058328,2.793189032327242,7.615773105863909,2.793189032327242,3026.529411764706,236.35294117647058
607,24.0,9.777426110372803,3.615052603056675,8.54400374531753,3.615052603056675,1307.25,236.75
608,47.0,15.142762226802002,5.152852628793501,13.892443989449804,5.152852628793501,1323.1702127659576,239.25531914893617
609,6.0,3.265986323710904,2.0,3.1622776601683795,2.0,1382.0,235.5
610,8.0,4.237378738251683,2.6066494640846076,4.123105625617661,2.6066494640846076,286.875,236.75
611,7.0,3.0237157840738176,2.7994168488950604,3.1622776601683795,2.7994168488950604,3259.0,236.71428571428572
612,7.0,3.0237157840738176,2.799416848895061,3.1622776601683795,2.799416848895061,270.0,238.28571428571428
613,5.0,3.098386676965933,1.7888543819998317,3.1622776601683795,1.7888543819998317,457.4,238.2
614,5.0,3.098386676965933,1.7888543819998317,3.1622776601683795,1.7888543819998317,2446.2,237.6
615,14.0,5.606119105813881,3.0237157840738176,6.0,3.0237157840738176,2491.5,238.0
616,6.0,3.6514837167011076,2.10818510677892,3.605551275463989,2.10818510677892,390.3333333333333,238.66666666666666
617,49.0,9.656747908338362,6.470259222297997,10.198039027185569,6.470259222297997,1531.5102040816328,243.26530612244898
618,6.0,3.126943839882286,2.309401076758503,3.1622776601683795,2.309401076758503,277.8333333333333,240.83333333333334
619,6.0,3.265986323710904,2.0,3.1622776601683795,2.0,315.5,241.0
620,58.0,11.193845366932502,7.001008215393011,11.40175425099138,7.001008215393011,2426.362068965517,243.5
621,6.0,3.9999999999999996,1.632993161855452,4.123105625617661,1.632993161855452,2470.5,241.5
622,11.0,4.51260859854213,2.9541957835039856,5.0,2.9541957835039856,2553.0,242.0
623,26.0,7.878831038307233,4.1546720178992995,8.06225774829855,4.1546720178992995,2662.5384615384614,243.46153846153845
624,26.0,8.763289784251405,4.14928746615146,8.54400374531753,4.14928746615146,287.15384615384613,244.84615384615384
625,43.0,14.062618648421221,5.637453810657944,12.36931687685298,5.637453810657944,298.3488372093023,244.7906976744186
626,26.0,10.141555625933151,3.8416554949298884,9.433981132056603,3.8416554949298884,1376.5,244.23076923076923
627,16.0,6.324555320336759,3.122498999199199,6.082762530298219,3.122498999199199,1441.125,243.5
628,30.0,7.721687507917375,5.278256006913383,8.06225774829855,5.278256006913383,1496.2333333333333,244.33333333333334
629,13.0,7.554371880072024,1.9753176197160076,7.0710678118654755,1.9753176197160076,1507.5384615384614,243.76923076923077
630,6.0,3.8297084310253524,1.8856180831641272,4.0,1.8856180831641272,742.5,243.33333333333334
631,49.0,9.992652985910569,6.959293613767933,10.816653826391969,6.959293613767933,731.4489795918367,248.28571428571428
632,8.0,3.4641016151377544,3.3166247903554,4.123105625617661,3.3166247903554,1488.5,245.25
633,191.0,26.920437452239465,17.0283289620317,29.614185789921695,17.0283289620317,2469.413612565445,259.63350785340316
634,29.0,9.73785334969842,4.214734418471142,9.433981132056603,4.214734418471142,275.41379310344826,248.58620689655172
635,5.0,3.098386676965933,1.7888543819998317,3.1622776601683795,1.7888543819998317,311.6,246.2
636,8.0,3.4641016151377544,2.7386127875258306,3.605551275463989,2.7386127875258306,868.875,245.875
637,69.0,16.36593780292753,6.302516743478518,15.620499351813308,6.302516743478518,2440.8115942028985,250.1304347826087
638,43.0,9.042290428412592,6.422823986521394,9.433981132056603,6.422823986521394,2474.4883720930234,247.8372093023256
639,22.0,6.107778821811488,4.658680320288244,6.324555320336759,4.658680320288244,2491.318181818182,246.72727272727272
640,18.0,7.427168545915948,3.046573786239426,7.280109889280518,3.046573786239426,3032.6666666666665,248.16666666666666
641,31.0,7.843610549655249,5.156160795482901,8.06225774829855,5.156160795482901,1321.741935483871,248.32258064516128
642,9.0,4.25044367047193,2.612014068307059,4.47213595499958,2.612014068307059,2521.3333333333335,247.0
643,5.0,3.098386676965933,1.7888543819998317,3.1622776601683795,1.7888543819998317,364.2,247.6
644,9.0,3.885753375057407,2.7954428906961324,4.123105625617661,2.7954428906961324,1453.888888888889,248.66666666666666
645,29.0,8.504440860756825,4.261131805821004,8.246211251235321,4.261131805821004,1515.6206896551723,248.55172413793105
646,20.0,8.504664916834681,3.830231670847255,8.06225774829855,3.830231670847255,264.85,250.3
647,40.0,7.844699845832523,6.977154457857097,8.246211251235321,6.977154457857097,1365.325,251.675
648,105.0,20.087764367376895,8.078587879770454,20.248456731316587,8.078587879770454,1438.0761904761905,254.27619047619046
649,13.0,7.554371880072024,1.9753176197160076,7.0710678118654755,1.9753176197160076,1475.4615384615386,251.23076923076923
650,21.0,9.514352028163371,2.7926870481735273,9.055385138137417,2.7926870481735273,2430.809523809524,252.0952380952381
651,8.0,3.4641016151377544,2.7386127875258306,3.605551275463989,2.7386127875258306,2553.125,249.125
652,5.0,3.098386676965933,1.7888543819998317,3.1622776601683795,1.7888543819998317,1464.8,249.4
653,70.0,17.78590262767019,6.130655187266455,17.08800749063506,6.130655187266455,2483.6428571428573,257.77142857142854
654,24.0,7.554100903073209,4.66869046492693,7.810249675906654,4.66869046492693,2654.6666666666665,251.95833333333334
655,52.0,13.415695829982578,6.569261760041553,12.165525060596439,6.569261760041553,855.7115384615385,252.40384615384616
656,24.0,5.8878405775518985,5.312459150169743,6.324555320336759,5.312459150169743,1531.75,253.91666666666666
657,106.0,23.518200595560433,6.947750948254461,22.360679774997898,6.947750948254461,1641.9811320754718,259.4433962264151
658,17.0,5.172256137442799,4.227363696079095,5.385164807134504,4.227363696079095,2533.176470588235,252.94117647058823
659,25.0,6.919738013409592,4.851930113447046,7.280109889280518,4.851930113447046,221.36,254.92
660,5.0,3.098386676965933,1.7888543819998317,3.1622776601683795,1.7888543819998317,1417.4,254.2
661,35.0,8.81301054849846,5.485065825755532,8.94427190999916,5.485065825755532,1456.0857142857142,254.82857142857142
662,72.0,18.263953181424284,5.445769849017696,18.439088914585774,5.445769849017696,1471.8194444444443,261.125
663,50.0,18.051897783690922,6.185740570632985,15.524174696260024,6.185740570632985,1503.8,258.96
664,38.0,16.669400253905042,3.142649762490427,14.142135623730951,3.142649762490427,2503.7105263157896,253.89473684210526
665,6.0,3.1269438398822857,2.309401076758503,3.1622776601683795,2.309401076758503,2617.1666666666665,253.83333333333334
666,7.0,3.7032803990902057,2.138089935299395,3.605551275463989,2.138089935299395,2622.0,254.0
667,16.0,6.928203230275509,2.8284271247461903,6.708203932499369,2.8284271247461903,3036.5,255.5
668,16.0,6.324555320336759,3.122498999199199,6.082762530298219,3.122498999199199,779.5,254.875
669,5.0,3.098386676965933,1.7888543819998317,3.1622776601683795,1.7888543819998317,792.4,254.8
670,25.0,6.9753512341625274,4.717676881693712,7.280109889280518,4.717676881693712,1486.44,256.88
671,8.0,4.100618600451318,2.4869513653533066,4.123105625617661,2.4869513653533066,1480.0,256.25
672,21.0,7.019778747235307,3.8275506504273538,7.0710678118654755,3.8275506504273538,1595.6666666666667,256.8095238095238
673,39.0,9.595960916328059,5.246242157463772,10.0,5.246242157463772,2519.6153846153848,258.3076923076923
674,23.0,8.879990161010365,3.210955619125894,8.246211251235321,3.210955619125894,1525.9565217391305,259.3478260869565
675,28.0,10.433776584777576,3.5676522971894378,9.486832980505138,3.5676522971894378,1537.1785714285713,260.10714285714283
676,51.0,12.279559744270479,5.385896004403033,12.36931687685298,5.385896004403033,1626.7450980392157,257.8235294117647
677,104.0,18.823748092730487,7.472489904614222,17.72004514666935,7.472489904614222,2454.6153846153848,263.75
678,5.0,3.098386676965933,1.7888543819998317,3.1622776601683795,1.7888543819998317,2601.4,256.8
679,21.0,6.940360779793432,4.024202285880809,7.280109889280518,4.024202285880809,1496.1904761904761,260.5238095238095
680,70.0,13.558355106127175,6.944766542250305,13.416407864998739,6.944766542250305,2496.942857142857,262.51428571428573
681,24.0,7.301708518712256,4.132062632227852,7.280109889280518,4.132062632227852,2636.625,259.7916666666667
682,66.0,14.999593334166367,8.881646328201503,15.0,8.881646328201503,2694.651515151515,260.5151515151515
683,5.0,3.098386676965933,1.7888543819998317,3.1622776601683795,1.7888543819998317,304.8,258.6
684,20.0,7.081096021430353,3.701091614008392,7.280109889280518,3.701091614008392,274.0,261.9
685,6.0,3.0550504633038935,2.666666666666667,3.1622776601683795,2.666666666666667,1415.3333333333333,261.1666666666667
686,5.0,3.098386676965933,1.7888543819998317,3.1622776601683795,1.7888543819998317,313.4,262.2
687,725.0,44.76644012545732,31.588430816403555,47.50789408087881,31.588430816403555,1587.2634482758622,275.8965517241379
688,8.0,3.4641016151377544,2.7386127875258306,3.605551275463989,2.7386127875258306,1616.875,262.125
689,57.0,11.066690897531567,6.930193583945796,11.180339887498949,6.930193583945796,2443.0526315789475,265.2456140350877
690,599.0,153.42002551999215,5.461855805738082,142.35167719419397,5.461855805738082,3069.4106844741236,327.36393989983304
691,17.0,5.6871994758893925,3.8790160584420166,6.082762530298219,3.8790160584420166,853.6470588235294,263.1764705882353
692,13.0,5.203549084703927,3.076923076923076,5.0990195135927845,3.076923076923076,1433.0,262.84615384615387
693,5.0,3.098386676965933,1.7888543819998317,3.1622776601683795,1.7888543819998317,2617.4,263.2
694,9.0,4.0171906061502325,2.8906758369544234,4.123105625617661,2.8906758369544234,732.8888888888889,263.8888888888889
695,21.0,5.453041275270223,4.9538858324681865,6.082762530298219,4.9538858324681865,322.3809523809524,265.7142857142857
696,6.0,3.265986323710904,2.0,3.1622776601683795,2.0,1461.5,265.0
697,14.0,5.957108448150149,2.8895663395837943,6.082762530298219,2.8895663395837943,1485.7857142857142,265.0
698,22.0,8.731726797116888,4.092515446238533,7.615773105863909,4.092515446238533,2656.818181818182,266.8636363636364
699,16.0,5.704023176428519,3.6522759483322598,5.830951894845301,3.6522759483322598,207.6875,266.8125
700,16.0,6.324555320336759,3.122498999199199,6.082762530298219,3.122498999199199,749.875,267.5
701,28.0,16.1245154965971,2.0,14.035668847618199,2.0,1547.5,271.5
702,22.0,5.752469825293227,4.851514205136848,6.082762530298219,4.851514205136848,2635.7272727272725,267.5
703,57.0,13.278276783141433,7.548188294281953,12.649110640673518,7.548188294281953,1632.1052631578948,269.5964912280702
704,12.0,3.8297084310253524,3.8297084310253524,4.123105625617661,3.8297084310253524,2651.5,267.5
705,15.0,4.974602161647368,3.7712361663282534,5.0990195135927845,3.7712361663282534,726.6,269.06666666666666
706,279.0,32.006591984154205,18.722418557027645,32.31098884280702,18.722418557027645,1537.616487455197,281.83870967741933
707,8.0,4.47213595499958,2.0,4.123105625617661,2.0,2488.5,267.5
708,69.0,15.376075374296118,6.916108354502199,16.0312195418814,6.916108354502199,2615.695652173913,270.84057971014494
709,12.0,4.47213595499958,3.265986323710904,4.47213595499958,3.265986323710904,308.5,270.0
710,32.0,16.139314867308777,2.8102518772995912,15.033296378372908,2.8102518772995912,1503.4375,276.3125
711,149.0,27.30532768954724,7.933141383747851,27.892651361962706,7.933141383747851,1611.5973154362416,281.1744966442953
712,5.0,3.098386676965933,1.7888543819998317,3.1622776601683795,1.7888543819998317,2535.6,270.2
713,77.0,17.54969875411199,11.689089935209811,15.652475842498529,11.689089935209811,2644.974025974026,274.6363636363636
714,6.0,3.265986323710904,2.0,3.1622776601683795,2.0,3120.5,270.0
715,5.0,3.098386676965933,1.7888543819998317,3.1622776601683795,1.7888543819998317,531.8,270.6
716,6.0,3.6514837167011076,2.10818510677892,3.605551275463989,2.10818510677892,713.6666666666666,271.3333333333333
717,5.0,3.098386676965933,1.7888543819998317,3.1622776601683795,1.7888543819998317,1392.8,270.6
718,43.0,10.237575026791223,5.401866274483536,10.44030650891055,5.401866274483536,1510.093023255814,275.5813953488372
719,33.0,9.013889411137136,4.66612842996509,9.055385138137417,4.66612842996509,2481.3030303030305,275.1212121212121
720,10.0,5.138093031466052,2.529822128134703,5.0990195135927845,2.529822128134703,0.6,273.7
721,10.0,4.079215610874227,3.224903099319419,4.123105625617661,3.224903099319419,6.5,273.4
722,30.0,11.86748644716674,4.595467438886853,10.816653826391969,4.595467438886853,1482.2333333333333,274.7
723,27.0,8.172165640169155,4.108649860257362,8.06225774829855,4.108649860257362,1490.4444444444443,275.5925925925926
724,10.0,3.9191835884530852,3.0983866769659336,4.123105625617661,3.0983866769659336,1497.0,273.2
725,28.0,11.268264235155916,3.0781813979268318,11.045361017187261,3.0781813979268318,2549.8928571428573,276.82142857142856
726,22.0,8.295448828746316,3.3935390438372823,8.06225774829855,3.3935390438372823,2688.8636363636365,275.77272727272725
727,14.0,5.449353665897314,3.145851452097728,5.385164807134504,3.145851452097728,3129.0714285714284,273.85714285714283
728,31.0,10.230232073762478,4.1890795047091425,9.219544457292887,4.1890795047091425,1526.0,277.3225806451613
729,67.0,22.843311407716758,5.8323661057245655,19.924858845171276,5.8323661057245655,2586.6716417910447,277.32835820895525
730,20.0,6.0,4.09878030638384,6.082762530298219,4.09878030638384,1643.5,275.5
731,14.0,8.0,2.0,7.0710678118654755,2.0,2499.0,274.5
732,266.0,24.061670087399303,19.376998026126905,25.80697580112788,19.376998026126905,1631.3796992481202,286.0676691729323
733,8.0,3.4641016151377544,2.7386127875258306,3.605551275463989,2.7386127875258306,1662.125,278.125
734,5.0,3.098386676965933,1.7888543819998317,3.1622776601683795,1.7888543819998317,2744.6,278.8
735,11.0,4.51260859854213,2.9541957835039856,5.0,2.9541957835039856,2443.0,281.0
736,30.0,9.614875720245879,4.925979699038296,9.433981132056603,4.925979699038296,1518.6333333333334,284.26666666666665
737,9.0,3.265986323710904,3.265986323710904,3.605551275463989,3.265986323710904,1553.0,281.0
738,6.0,3.265986323710904,2.0,3.1622776601683795,2.0,1557.5,281.0
739,6.0,3.265986323710904,2.0,3.1622776601683795,2.0,1643.5,281.0
740,5.0,3.098386676965933,1.7888543819998317,3.1622776601683795,1.7888543819998317,2457.4,280.8
741,33.0,8.713759602749622,4.988937129020179,8.94427190999916,4.988937129020179,2509.6969696969695,284.030303030303
742,190.0,29.087371635222,18.28145427358702,28.600699292150182,18.28145427358702,2531.5421052631577,290.56315789473683
743,9.0,6.545506211474516,1.7272836852629914,5.830951894845301,1.7272836852629914,2614.4444444444443,281.77777777777777
744,23.0,8.879990161010365,3.210955619125894,8.246211251235321,3.210955619125894,3133.9565217391305,283.3478260869565
745,9.0,3.885753375057407,2.7954428906961324,4.123105625617661,2.7954428906961324,5.666666666666667,281.8888888888889
746,15.0,6.791134621996741,2.8402741439135504,6.324555320336759,2.8402741439135504,1425.2,283.2
747,27.0,7.691397499199485,4.6250514974755745,8.06225774829855,4.6250514974755745,1494.8148148148148,284.0740740740741
748,21.0,7.076695213335892,4.20637937993405,7.211102550927978,4.20637937993405,2607.0476190476193,284.0
749,28.0,8.261497032856473,4.301484489908107,8.246211251235321,4.301484489908107,2706.5714285714284,284.0357142857143
750,44.0,9.961500900009405,5.827399288167915,10.198039027185569,5.827399288167915,2595.181818181818,285.22727272727275
751,5.0,3.098386676965933,1.7888543819998317,3.1622776601683795,1.7888543819998317,2640.8,284.6
752,38.0,10.788334730063497,5.26838476892448,10.816653826391969,5.26838476892448,2644.5789473684213,287.39473684210526
753,40.0,11.31491673853622,6.010212908041849,12.165525060596439,6.010212908041849,2793.675,289.9
754,137.0,17.262503365180454,12.852300944304787,18.24828759089466,12.852300944304787,444.4379562043796,292.3284671532847
755,26.0,10.2893345416273,3.1226425452848825,10.04987562112089,3.1226425452848825,761.0769230769231,289.8076923076923
756,119.0,15.011812164184542,11.70796298763003,18.24828759089466,11.70796298763003,2461.2268907563025,292.70588235294116
757,5.0,3.098386676965933,1.7888543819998317,3.1622776601683795,1.7888543819998317,2553.4,286.2
758,7.0,3.7032803990902057,2.138089935299395,3.605551275463989,2.138089935299395,3151.0,288.0
759,12.0,6.831300510639732,2.0,6.082762530298219,2.0,1571.5,291.5
760,11.0,4.346129984141888,3.067356324605907,4.47213595499958,3.067356324605907,1513.090909090909,291.3636363636364
761,20.0,6.0,4.09878030638384,6.082762530298219,4.09878030638384,2489.5,291.5
762,58.0,12.83508567644497,6.977979986457173,13.038404810405298,6.977979986457173,2756.810344827586,294.67241379310343
763,6.0,3.8297084310253524,1.8856180831641272,4.0,1.8856180831641272,3144.6666666666665,291.5
764,89.0,20.359966358011203,6.523919933170195,20.09975124224178,6.523919933170195,1584.2134831460673,301.5842696629214
765,30.0,11.344947091474577,3.9036959613050333,10.44030650891055,3.9036959613050333,1461.4,294.1
766,18.0,7.097764472921567,3.0939225541184827,7.0710678118654755,3.0939225541184827,1483.1666666666667,294.05555555555554
767,17.0,5.661053382547679,3.8023236200202857,6.082762530298219,3.8023236200202857,1549.3529411764705,294.29411764705884
768,10.0,4.244901238393524,3.108184916681298,4.47213595499958,3.108184916681298,2766.6,294.1
769,13.0,7.105896266049847,2.6586403355199537,7.0710678118654755,2.6586403355199537,2859.3076923076924,294.0
770,60.0,10.949405430031096,8.967067441844257,13.038404810405298,8.967067441844257,3149.133333333333,298.71666666666664
771,123.0,21.118198608889745,9.697364232264151,20.248456731316587,9.697364232264151,2591.040650406504,302.4634146341463
772,8.0,3.4641016151377544,2.8284271247461903,4.0,2.8284271247461903,2723.5,296.0
773,15.0,5.40599920284407,3.568014598401305,5.385164807134504,3.568014598401305,2884.8,296.93333333333334
774,8.0,3.4641016151377544,2.7386127875258306,3.605551275463989,2.7386127875258306,730.125,296.875
775,16.0,9.16515138991168,2.0,8.06225774829855,2.0,1557.5,299.5
776,27.0,7.811725553869515,4.378866832323126,7.615773105863909,4.378866832323126,1564.5555555555557,299.1111111111111
777,749.0,45.9869186473367,32.754880467894395,47.41307836451879,32.754880467894395,1619.894526034713,314.14819759679574
778,20.0,6.151651724998727,4.435896871470323,6.4031242374328485,4.435896871470323,2537.55,298.55
779,5.0,4.0,1.3856406460551023,3.605551275463989,1.3856406460551023,3159.8,296.8
780,16.0,6.324555320336759,3.122498999199199,6.082762530298219,3.122498999199199,1493.875,299.5
781,12.0,6.831300510639732,2.0,6.082762530298219,2.0,2571.5,299.5
782,86.0,16.017852073433133,7.746634826512329,16.492422502470642,7.746634826512329,2774.5116279069766,305.69767441860466
783,12.0,3.8297084310253524,3.8297084310253524,4.123105625617661,3.8297084310253524,1459.5,299.5
784,16.0,4.47213595499958,4.47213595499958,5.0,4.47213595499958,1536.5,299.5
785,9.0,4.277662731533559,2.643019518000728,4.123105625617661,2.643019518000728,1680.5555555555557,299.3333333333333
786,15.0,5.215498621614658,3.7283771738060287,5.385164807134504,3.7283771738060287,657.4,301.26666666666665
787,538.0,38.3152103580466,30.392601394779643,40.607881008493905,30.392601394779643,3127.022304832714,317.6561338289963
788,80.0,11.980157647925077,9.869818779028432,12.529964086141668,9.869818779028432,3161.2625,304.9
789,10.0,4.09878030638384,2.9933259094191533,4.123105625617661,2.9933259094191533,2736.8,301.5
790,13.0,6.145000277630614,2.7026025133778218,6.082762530298219,2.7026025133778218,2439.846153846154,301.9230769230769
791,15.0,5.215498621614658,3.7283771738060287,5.385164807134504,3.7283771738060287,2601.733333333333,302.4
792,10.0,4.09878030638384,2.9933259094191533,4.123105625617661,2.9933259094191533,2723.5,302.2
793,69.0,20.763603438658617,7.260670954568385,19.4164878389476,7.260670954568385,2742.2753623188405,310.2463768115942
794,10.0,5.656854249492381,2.0,5.0990195135927845,2.0,2894.5,304.0
795,108.0,21.784799483294766,7.9253210969949235,20.12461179749811,7.9253210969949235,1678.5185185185185,311.5740740740741
796,18.0,5.661327482875315,4.048927706947247,5.830951894845301,4.048927706947247,1487.1666666666667,305.6666666666667
797,109.0,18.20428350739054,9.200535276503345,19.235384061671343,9.200535276503345,1593.3211009174313,312.9357798165138
798,14.0,6.078082465112322,2.8204383934004995,6.324555320336759,2.8204383934004995,2711.0714285714284,306.2142857142857
799,9.0,4.445924037198835,2.8085726700785107,4.47213595499958,2.8085726700785107,3239.777777777778,306.6666666666667
800,14.0,4.886449919442066,3.6533678956139886,5.0990195135927845,3.6533678956139886,1453.857142857143,308.2857142857143
801,17.0,6.96434421707008,3.030922457114571,7.0710678118654755,3.030922457114571,1504.8823529411766,309.29411764705884
802,13.0,5.055900530816918,3.1378581622109447,5.0990195135927845,3.1378581622109447,2905.0,308.3076923076923
803,84.0,11.302953647785039,9.594413095418954,12.206555615733702,9.594413095418954,2683.5,311.5
804,27.0,9.388882589959525,3.8048839140599418,9.219544457292887,3.8048839140599418,2733.777777777778,310.5925925925926
805,10.0,3.919183588453085,3.0983866769659336,4.123105625617661,3.0983866769659336,1480.8,309.0
806,33.0,8.628478663550982,5.523740284732625,8.54400374531753,5.523740284732625,2702.212121212121,311.6969696969697
807,35.0,7.807377413123423,5.7724151181630345,8.06225774829855,5.7724151181630345,2793.7428571428572,310.6857142857143
808,18.0,5.929628472945037,3.7712361663282534,5.830951894845301,3.7712361663282534,953.8888888888889,311.1111111111111
809,6.0,3.265986323710904,2.0,3.1622776601683795,2.0,1494.5,310.0
810,22.0,9.492415255395088,4.159208013171327,8.54400374531753,4.159208013171327,2763.590909090909,310.72727272727275
811,92.0,24.230950425164558,6.023032501176695,22.02271554554524,6.023032501176695,677.3804347826087,319.4782608695652
812,11.0,6.725332619209728,2.2400524648523636,5.830951894845301,2.2400524648523636,1577.8181818181818,313.09090909090907
813,10.0,3.9191835884530852,3.0983866769659336,4.123105625617661,3.0983866769659336,2529.2,312.0
814,16.0,9.16515138991168,2.0,8.06225774829855,2.0,1571.5,315.5
815,35.0,8.911442017185395,5.958091492715362,8.94427190999916,5.958091492715362,2648.2571428571428,315.45714285714286
816,69.0,14.499373456164781,8.718981439800078,13.92838827718412,8.718981439800078,2723.2028985507245,316.7391304347826
817,10.0,5.656854249492381,2.0,5.0990195135927845,2.0,2822.5,314.0
818,18.0,5.96284793999944,3.8297084310253524,6.082762530298219,3.8297084310253524,3157.5,314.6666666666667
819,11.0,5.189483704979297,2.6306840451061073,5.0,2.6306840451061073,943.5454545454545,314.6363636363636
820,6.0,3.1269438398822857,2.309401076758503,3.1622776601683795,2.309401076758503,1566.1666666666667,313.8333333333333
821,9.0,6.586417573021535,1.685623260404093,6.082762530298219,1.685623260404093,2770.3333333333335,316.0
822,10.0,4.09878030638384,2.9933259094191533,4.123105625617661,2.9933259094191533,2600.8,315.5
823,41.0,14.022410925071162,6.065884467310019,13.038404810405298,6.065884467310019,2604.951219512195,319.5121951219512
824,6.0,3.265986323710904,2.0,3.1622776601683795,2.0,1526.0,315.5
825,39.0,11.26079669036256,5.0387564644774265,11.180339887498949,5.0387564644774265,1481.2820512820513,320.15384615384613
826,97.0,21.80540980329033,9.12752141337249,19.697715603592208,9.12752141337249,2791.5670103092784,325.9587628865979
827,50.0,14.015846808345175,6.222864151257075,14.422205101855956,6.222864151257075,3158.86,321.68
828,27.0,6.279895262539075,5.525643597361729,6.708203932499369,5.525643597361729,1614.7777777777778,321.14814814814815
829,17.0,5.820855000871991,3.8230768962992756,6.082762530298219,3.8230768962992756,2705.0,320.29411764705884
830,27.0,9.001526388159725,3.8466790472908343,8.94427190999916,3.8466790472908343,1558.851851851852,323.6296296296296
831,5.0,3.098386676965933,1.7888543819998317,3.1622776601683795,1.7888543819998317,1566.4,320.8
832,16.0,7.745966692414834,2.6457513110645907,8.0,2.6457513110645907,2691.5,321.25
833,6.0,3.265986323710904,2.0,3.1622776601683795,2.0,929.5,322.0
834,77.0,18.03182005744757,6.3523116360913265,17.08800749063506,6.3523116360913265,1644.142857142857,329.64935064935065
835,14.0,8.0,2.0,7.0710678118654755,2.0,1667.5,324.0
836,29.0,11.182648260608469,3.225858990519593,10.198039027185569,3.225858990519593,2809.0344827586205,325.6551724137931
837,11.0,4.346129984141888,3.067356324605906,4.47213595499958,3.067356324605906,2840.909090909091,323.6363636363636
838,24.0,8.387255992967484,3.6875983177232663,8.246211251235321,3.6875983177232663,1499.7916666666667,324.2083333333333
839,6.0,3.265986323710904,2.0,3.1622776601683795,2.0,1528.0,323.5
840,17.0,7.095077570949436,2.9457045507437685,7.0710678118654755,2.9457045507437685,2744.8823529411766,326.05882352941177
841,21.0,8.226004473807071,3.123601555590147,8.06225774829855,3.123601555590147,2723.6666666666665,325.04761904761904
842,57.0,12.794529680112108,6.796762336206939,12.529964086141668,6.796762336206939,2817.5087719298244,328.719298245614
843,103.0,21.740082003980255,8.82604888490272,21.95449840010015,8.82604888490272,1578.9417475728155,332.2718446601942
844,9.0,4.618802153517006,2.351778943168525,4.47213595499958,2.351778943168525,2705.4444444444443,326.1111111111111
845,20.0,12.650189393860677,2.7518554285163375,11.40175425099138,2.7518554285163375,2714.95,330.35
846,14.0,5.606119105813881,3.0237157840738176,6.0,3.0237157840738176,2774.0,329.5
847,8.0,3.4641016151377544,2.7386127875258306,3.605551275463989,2.7386127875258306,1672.875,328.875
848,6.0,3.265986323710904,2.0,3.1622776601683795,2.0,2603.5,329.0
849,189.0,27.997612055364584,12.834465797850605,26.68332812825267,12.834465797850605,2731.936507936508,339.4179894179894
850,5.0,3.098386676965933,1.7888543819998317,3.1622776601683795,1.7888543819998317,2851.4,328.8
851,17.0,6.644922414952678,4.198865707222271,6.324555320336759,4.198865707222271,1458.8823529411766,331.3529411764706
852,14.0,8.0,2.0,7.0710678118654755,2.0,1651.5,332.0
853,26.0,8.439243377156798,4.607480370346353,8.602325267042627,4.607480370346353,2800.423076923077,331.34615384615387
854,77.0,29.684578360920206,5.145713047902957,26.076809620810597,5.145713047902957,2833.7012987012986,343.02597402597405
855,22.0,5.743006776491533,4.980260749410063,6.324555320336759,4.980260749410063,3097.6363636363635,331.27272727272725
856,25.0,11.442119456798897,3.3326719515043974,10.44030650891055,3.3326719515043974,3140.04,334.04
857,17.0,7.560662487438352,2.8767740818188203,7.0710678118654755,2.8767740818188203,3149.764705882353,332.1764705882353
858,23.0,6.127152016204829,4.8031744233191755,6.708203932499369,4.8031744233191755,3105.782608695652,333.3478260869565
859,23.0,9.772162498873925,3.5500899667967185,8.54400374531753,3.5500899667967185,1679.391304347826,336.7826086956522
860,7.0,3.5820700954176696,2.4713456540351717,3.605551275463989,2.4713456540351717,2762.285714285714,334.14285714285717
861,11.0,4.346129984141888,3.067356324605906,4.47213595499958,3.067356324605906,667.9090909090909,336.3636363636364
862,24.0,5.734883511361751,5.5377492419453835,6.324555320336759,5.5377492419453835,2827.5,337.3333333333333
863,15.0,7.991847546712624,2.4123145895575653,7.0710678118654755,2.4123145895575653,1541.6,338.8666666666667
864,50.0,13.05203638832056,5.899927636671144,12.529964086141668,5.899927636671144,1613.74,341.36
865,14.0,8.0,2.0,7.0710678118654755,2.0,1635.5,339.0
866,24.0,9.16515138991168,3.265986323710904,8.246211251235321,3.265986323710904,1659.5,337.0
867,46.0,10.477758328731928,5.888788333922333,11.40175425099138,5.888788333922333,2863.8695652173915,340.32608695652175
868,43.0,17.300385525308627,4.190961300160761,15.524174696260024,4.190961300160761,2884.953488372093,341.7674418604651
869,14.0,8.0,2.0,7.0710678118654755,2.0,2907.5,339.0
870,5.0,3.098386676965933,1.7888543819998317,3.1622776601683795,1.7888543819998317,2798.2,337.4
871,12.0,6.831300510639732,2.0,6.082762530298219,2.0,3235.5,339.5
872,31.0,9.43638697673706,4.495271118382584,9.433981132056603,4.495271118382584,1532.1290322580646,341.16129032258067
873,8.0,3.4641016151377544,2.8284271247461903,4.0,2.8284271247461903,2849.0,339.5
874,24.0,6.247108760764933,4.92457205338208,6.324555320336759,4.92457205338208,1570.2916666666667,341.7916666666667
875,6.0,3.1269438398822857,2.309401076758503,3.1622776601683795,2.309401076758503,2817.1666666666665,340.1666666666667
876,31.0,10.030098296196758,4.446542246522407,10.04987562112089,4.446542246522407,1624.1290322580646,342.51612903225805
877,99.0,16.588011950192495,8.045375990245926,16.55294535724685,8.045375990245926,831.3434343434343,346.5050505050505
878,18.0,5.96284793999944,3.8297084310253524,6.082762530298219,3.8297084310253524,2723.5,345.3333333333333
879,12.0,3.8297084310253524,3.8297084310253524,4.123105625617661,3.8297084310253524,1547.5,345.5
880,33.0,12.469619702332174,5.839437852507342,11.704699910719626,5.839437852507342,1644.030303030303,348.42424242424244
881,16.0,9.16515138991168,2.0,8.06225774829855,2.0,1651.5,347.5
882,5.0,3.098386676965933,1.7888543819998317,3.1622776601683795,1.7888543819998317,3129.6,348.2
883,12.0,5.779667644449134,2.8936516199234457,6.082762530298219,2.8936516199234457,3262.3333333333335,349.6666666666667
884,121.0,17.066349917796057,10.315247979411755,19.697715603592208,10.315247979411755,815.5785123966942,355.20661157024796
885,41.0,13.465287550404438,5.015337476885565,12.529964086141668,5.015337476885565,1668.2682926829268,350.780487804878
886,11.0,4.348458452036872,3.3525616208337774,4.47213595499958,3.3525616208337774,3256.6363636363635,349.72727272727275
887,42.0,13.182280132581187,5.409809539992114,12.083045973594572,5.409809539992114,2850.0,352.9761904761905
888,78.0,31.183854311390995,6.802064759085719,24.73863375370596,6.802064759085719,1590.871794871795,354.14102564102564
889,24.0,9.16515138991168,3.265986323710904,8.246211251235321,3.265986323710904,2822.0,355.5
890,57.0,9.894873724384798,7.7690422530928105,10.770329614269007,7.7690422530928105,2859.6315789473683,355.9122807017544
891,680.0,79.03273575850048,12.243680679816917,79.37883848986453,12.243680679816917,654.5838235294118,393.2838235294118
892,6.0,3.265986323710904,2.0,3.1622776601683795,2.0,1609.0,353.5
893,10.0,4.09878030638384,2.9933259094191533,4.123105625617661,2.9933259094191533,2838.2,354.5
894,12.0,7.077292153159146,2.139766913824646,6.324555320336759,2.139766913824646,2996.0,355.5
895,8.0,4.47213595499958,2.0,4.123105625617661,2.0,1523.5,355.5
896,18.0,5.957555909596053,3.8314967167165883,6.324555320336759,3.8314967167165883,1632.3333333333333,356.44444444444446
897,13.0,4.318667337728677,3.6794648440311994,4.47213595499958,3.6794648440311994,1094.6153846153845,356.38461538461536
898,110.0,21.707622635380144,9.880824346574812,21.095023109728988,9.880824346574812,1176.9,360.8636363636364
899,459.0,37.99261292461088,19.892864371550424,36.138621999185304,19.892864371550424,1204.355119825708,368.32026143790847
900,9.0,4.277662731533559,2.643019518000728,4.123105625617661,2.643019518000728,1203.3333333333333,358.44444444444446
901,18.0,6.418982417165277,3.6013197906178576,6.324555320336759,3.6013197906178576,1613.9444444444443,359.3333333333333
902,5.0,3.098386676965933,1.7888543819998317,3.1622776601683795,1.7888543819998317,1641.4,358.2
903,24.0,10.203708190678872,3.239668234647492,10.0,3.239668234647492,797.7916666666666,362.2083333333333
904,32.0,9.79051000862588,4.196982698439019,9.486832980505138,4.196982698439019,406.34375,363.59375
905,14.0,5.449353665897314,3.145851452097728,5.385164807134504,3.145851452097728,1585.857142857143,361.07142857142856
906,25.0,6.687593551728717,4.934054366023597,7.0710678118654755,4.934054366023597,1660.36,361.56
907,20.0,9.068893962167577,2.8557244795253776,8.246211251235321,2.8557244795253776,3251.9,361.2
908,18.0,6.831300510639732,3.265986323710904,6.324555320336759,3.265986323710904,1678.0,363.5
909,139.0,27.027571854666185,7.409281436569463,25.709920264364882,7.409281436569463,2840.561151079137,374.0359712230216
910,6.0,3.265986323710904,2.0,3.1622776601683795,2.0,1166.0,363.5
911,16.0,5.149449337222181,3.918950308868696,5.385164807134504,3.918950308868696,1557.6875,365.1875
912,6.0,3.265986323710904,2.0,3.1622776601683795,2.0,2856.0,363.5
913,16.0,7.405425691197067,3.3406092755900754,6.708203932499369,3.3406092755900754,2863.75,365.25
914,77.0,13.640059881443081,9.592034385772156,14.317821063276353,9.592034385772156,2907.4415584415583,369.8961038961039
915,903.0,55.61854864581782,23.621880667209375,57.706152185014034,23.621880667209375,3113.1317829457366,390.5171650055371
916,22.0,11.551073645051734,2.524747618902384,10.198039027185569,2.524747618902384,1609.2727272727273,369.22727272727275
917,50.0,9.997756441537108,6.363903372593212,10.44030650891055,6.363903372593212,1693.54,371.5
918,123.0,20.02221175594446,9.149512981109266,19.209372712298546,9.149512981109266,1174.520325203252,375.7560975609756
919,175.0,27.3734348460159,21.245754520352662,29.410882339705484,21.245754520352662,1645.5485714285714,382.06857142857143
920,8.0,4.100618600451318,2.4869513653533066,4.123105625617661,2.4869513653533066,1654.0,369.25
921,59.0,19.59730159191669,5.473585114351911,16.492422502470642,5.473585114351911,2896.677966101695,376.3728813559322
922,7.0,3.648665604076859,2.5058084612197167,4.0,2.5058084612197167,3240.1428571428573,369.42857142857144
923,18.0,6.831300510639732,3.265986323710904,6.324555320336759,3.265986323710904,1585.0,371.5
924,22.0,6.4666979068286325,4.271760045262084,6.324555320336759,4.271760045262084,1595.5,370.3636363636364
925,14.0,8.0,2.0,7.0710678118654755,2.0,3251.5,372.0
926,543.0,112.88759306790789,13.174403527974631,96.77293009927931,13.174403527974631,531.2467771639042,419.48618784530385
927,61.0,9.509552388264376,8.282308349473812,10.198039027185569,8.282308349473812,1557.4590163934427,374.4590163934426
928,29.0,6.278954609436002,5.818841337079276,6.708203932499369,5.818841337079276,1676.7241379310344,372.58620689655174
929,12.0,4.894994431930091,2.9693109114997,5.0990195135927845,2.9693109114997,786.0833333333334,372.8333333333333
930,9.0,3.265986323710904,3.265986323710904,3.605551275463989,3.265986323710904,2953.0,373.0
931,20.0,5.5715945586822055,4.630046875968195,6.082762530298219,4.630046875968195,2853.4,374.6
932,34.0,8.887413818753945,4.994464081557929,9.219544457292887,4.994464081557929,3241.0588235294117,379.02941176470586
933,26.0,9.676161269777783,3.6865753745847942,9.486832980505138,3.6865753745847942,1626.2692307692307,380.2692307692308
934,63.0,11.801655618275216,7.7839520359854735,13.601470508735444,7.7839520359854735,2933.8571428571427,379.6984126984127
935,35.0,15.590253179061682,3.7575944454981816,14.317821063276353,3.7575944454981816,1571.4285714285713,384.0
936,5.0,3.098386676965933,1.7888543819998317,3.1622776601683795,1.7888543819998317,1670.2,377.4
937,8.0,4.47213595499958,2.0,4.123105625617661,2.0,1547.5,379.5
938,13.0,4.318667337728677,3.6794648440311994,4.47213595499958,3.6794648440311994,2950.3846153846152,382.38461538461536
939,5.0,2.5298221281347035,2.5298221281347035,3.0,2.5298221281347035,3040.0,382.0
940,11.0,4.972652484064487,2.7453943400984544,5.0990195135927845,2.7453943400984544,3010.7272727272725,383.0
941,9.0,3.7817431280582214,3.1300454222715657,4.123105625617661,3.1300454222715657,3246.3333333333335,382.77777777777777
942,24.0,8.997038130286585,3.4193849989520286,8.94427190999916,3.4193849989520286,1196.7083333333333,386.5
943,12.0,6.831300510639732,2.0,6.082762530298219,2.0,1683.5,387.5
944,93.0,18.917621326007808,13.320523874277141,19.235384061671343,13.320523874277141,2906.483870967742,390.60215053763443
945,39.0,9.251052347815127,5.446882003002376,9.433981132056603,5.446882003002376,1619.7692307692307,389.0
946,43.0,15.955602557534194,4.1056401240322336,14.560219778561036,4.1056401240322336,1694.5116279069769,392.48837209302326
947,12.0,6.236035651674299,2.426857459519384,5.830951894845301,2.426857459519384,2959.3333333333335,388.9166666666667
948,81.0,15.252842142062404,7.582665818589757,14.7648230602334,7.582665818589757,3246.0246913580245,392.1604938271605
949,6.0,3.265986323710904,2.0,3.1622776601683795,2.0,3257.0,387.5
950,5.0,3.098386676965933,1.7888543819998317,3.1622776601683795,1.7888543819998317,1185.4,390.2
951,8.0,3.4641016151377544,2.7386127875258306,3.605551275463989,2.7386127875258306,1608.875,389.875
952,11.0,10.160075468405529,1.4244524644268144,9.0,1.4244524644268144,3262.818181818182,393.54545454545456
953,36.0,13.560166768476234,5.175765052412973,12.206555615733702,5.175765052412973,2921.8333333333335,394.5
954,14.0,4.742873420478221,3.686025552052299,5.0990195135927845,3.686025552052299,2971.3571428571427,393.2142857142857
955,16.0,9.16515138991168,2.0,8.06225774829855,2.0,2827.5,395.5
956,16.0,4.921442838104066,4.412131048742115,5.385164807134504,4.412131048742115,2929.4375,393.625
957,197.0,30.46558999105132,11.052940541565125,30.14962686336267,11.052940541565125,3094.502538071066,408.75126903553297
958,16.0,4.47213595499958,4.47213595499958,5.0,4.47213595499958,818.5,395.5
959,20.0,6.0,4.09878030638384,6.082762530298219,4.09878030638384,1619.5,395.5
960,15.0,4.92617893231764,3.997705593922434,5.385164807134504,3.997705593922434,1579.3333333333333,396.2
961,14.0,8.520968905224546,2.051686001026628,8.246211251235321,2.051686001026628,3100.1428571428573,398.5
962,18.0,6.787913132760789,3.3845382993289452,6.708203932499369,3.3845382993289452,423.22222222222223,398.72222222222223
963,63.0,12.892147138412893,6.823008069237893,13.45362404707371,6.823008069237893,3251.777777777778,401.04761904761904
964,10.0,4.477016006518516,2.8768607330520872,4.47213595499958,2.8768607330520872,740.7,398.8
965,10.0,3.9191835884530852,3.0983866769659336,4.123105625617661,3.0983866769659336,417.0,399.8
966,10.0,4.725632640631814,2.725508419688919,4.47213595499958,2.725508419688919,1646.5,400.3
967,250.0,29.88402440292619,11.150487589577054,29.732137494637012,11.150487589577054,707.576,408.116
968,6.0,3.265986323710904,2.0,3.1622776601683795,2.0,1657.5,401.0
969,65.0,20.248904781635563,5.272084302791046,18.384776310850235,5.272084302791046,3075.4615384615386,406.84615384615387
970,5.0,5.656854249492381,0.0,5.0,0.0,1508.0,403.0
971,5.0,3.098386676965933,1.7888543819998317,3.1622776601683795,1.7888543819998317,1590.2,401.4
972,18.0,6.831300510639732,3.265986323710904,6.324555320336759,3.265986323710904,1617.0,403.5
973,18.0,6.0,3.7712361663282534,6.082762530298219,3.7712361663282534,3035.5,402.6666666666667
974,12.0,4.47213595499958,3.265986323710904,4.47213595499958,3.265986323710904,1689.0,403.5
975,43.0,9.784926440209375,6.409493521672696,10.0,6.409493521672696,1682.6046511627908,407.3255813953488
976,8.0,3.4641016151377544,2.8284271247461903,4.0,2.8284271247461903,1584.5,406.0
977,52.0,23.97804947542602,6.597911282735662,20.615528128088304,6.597911282735662,1634.0,410.63461538461536
978,37.0,12.23504579498641,4.34536291522373,11.180339887498949,4.34536291522373,1653.5945945945946,408.5945945945946
979,14.0,4.981598792617912,3.625307868699863,5.0990195135927845,3.625307868699863,2995.5,408.14285714285717
980,6.0,3.265986323710904,2.0,3.1622776601683795,2.0,3035.5,408.0
981,97.0,17.860484584026715,7.7976186496301425,18.439088914585774,7.7976186496301425,412.1958762886598,410.8659793814433
982,35.0,8.841232347140286,5.555871904993544,8.54400374531753,5.555871904993544,2988.885714285714,411.8285714285714
983,14.0,7.563657664758728,2.510236405593944,7.0710678118654755,2.510236405593944,3238.785714285714,410.64285714285717
984,13.0,4.3616645597524775,3.756591133295642,4.47213595499958,3.756591133295642,429.84615384615387,415.46153846153845
985,48.0,15.134935263299482,5.777385136909102,13.601470508735444,5.777385136909102,1660.6666666666667,420.8333333333333
986,29.0,8.247702606273831,4.649845335827872,8.54400374531753,4.649845335827872,519.2758620689655,418.8965517241379
987,469.0,54.09008728019931,11.932212562257728,52.69724850502159,11.932212562257728,678.002132196162,437.23027718550105
988,6.0,3.265986323710904,2.0,3.1622776601683795,2.0,1579.5,417.0
989,9.0,3.265986323710904,3.265986323710904,3.605551275463989,3.265986323710904,1670.0,417.0
990,146.0,23.667272671080216,11.573964648343338,25.553864678361276,11.573964648343338,1690.9383561643835,421.3493150684931
991,5.0,3.098386676965933,1.7888543819998317,3.1622776601683795,1.7888543819998317,1601.2,417.4
992,71.0,11.214051786673446,8.555097682921584,11.704699910719626,8.555097682921584,2979.957746478873,423.9718309859155
993,24.0,5.9671762132448665,5.191181329489486,6.324555320336759,5.191181329489486,1719.75,421.6666666666667
994,25.0,6.077523233237187,5.28527306290434,6.708203932499369,5.28527306290434,3068.4,421.16
995,144.0,26.985329013598395,9.276216409040419,27.784887978899608,9.276216409040419,415.19444444444446,428.875
996,5.0,3.098386676965933,1.7888543819998317,3.1622776601683795,1.7888543819998317,2997.8,422.4
997,8.0,3.4641016151377544,2.7386127875258306,3.605551275463989,2.7386127875258306,3018.875,425.125
998,28.0,6.978105845477164,5.364273162733182,7.615773105863909,5.364273162733182,1626.2857142857142,427.92857142857144
999,19.0,8.064728761025972,3.2378535664003834,7.615773105863909,3.2378535664003834,2965.9473684210525,427.5263157894737
1000,8.0,6.0,1.7320508075688772,6.0,1.7320508075688772,3033.25,427.5
1001,38.0,9.060104627734109,8.60701511098131,9.848857801796104,8.60701511098131,2971.2894736842104,431.60526315789474
1002,151.0,22.34046231085337,11.577784640713881,22.360679774997898,11.577784640713881,1674.7417218543046,438.2251655629139
1003,50.0,13.012629894014927,6.69682486267851,12.529964086141668,6.69682486267851,1705.26,433.92
1004,7.0,4.155374705678736,1.9054711331003737,4.123105625617661,1.9054711331003737,3022.4285714285716,430.2857142857143
1005,29.0,7.70522064070772,4.760803156745139,7.615773105863909,4.760803156745139,644.3448275862069,433.82758620689657
1006,23.0,7.075756963898384,4.051396625433874,7.211102550927978,4.051396625433874,1718.0869565217392,433.4782608695652
1007,74.0,14.066373141916243,8.384729665032685,13.892443989449804,8.384729665032685,3009.945945945946,437.4864864864865
1008,5.0,3.098386676965933,1.7888543819998317,3.1622776601683795,1.7888543819998317,1656.4,432.8
1009,17.0,5.661053382547679,3.802323620020285,6.082762530298219,3.802323620020285,1688.7058823529412,437.3529411764706
1010,125.0,23.00574597258125,10.46699824424661,21.470910553583888,10.46699824424661,1737.504,443.328
1011,17.0,4.752708206288037,4.538188593408449,5.0990195135927845,4.538188593408449,3133.3529411764707,438.0
1012,6.0,3.8297084310253524,1.8856180831641272,4.0,1.8856180831641272,416.5,438.3333333333333
1013,10.0,4.381780460041329,2.6832815729997477,4.47213595499958,2.6832815729997477,436.5,439.0
1014,687.0,61.18734364913777,16.68256151999847,56.22277118748239,16.68256151999847,593.8864628820961,446.19068413391557
1015,5.0,2.5298221281347035,2.5298221281347035,3.0,2.5298221281347035,1715.0,439.0
1016,8.0,3.4641016151377544,2.7386127875258306,3.605551275463989,2.7386127875258306,409.125,441.125
1017,30.0,8.698403429493382,4.351245032554859,8.246211251235321,4.351245032554859,1708.5,443.73333333333335
1018,20.0,5.138093031466052,5.075431016179807,6.082762530298219,5.075431016179807,2995.5,441.7
1019,14.0,8.0,2.0,7.0710678118654755,2.0,1763.5,444.0
1020,16.0,5.149449337222181,3.918950308868696,5.385164807134504,3.918950308868696,435.6875,445.1875
1021,28.0,10.490197895681096,3.8725397914002757,9.486832980505138,3.8725397914002757,1698.2142857142858,447.82142857142856
1022,28.0,6.8611791646256295,5.177042736091263,7.280109889280518,5.177042736091263,1751.9285714285713,446.14285714285717
1023,11.0,4.346129984141888,3.067356324605906,4.47213595499958,3.067356324605906,1020.6363636363636,445.90909090909093
1024,26.0,13.446839712526588,3.0047721364142927,12.165525060596439,3.0047721364142927,3006.923076923077,449.88461538461536
1025,10.0,3.919183588453085,3.0983866769659336,4.123105625617661,3.0983866769659336,3056.8,446.0
1026,46.0,11.373046740448086,5.175166882625492,11.40175425099138,5.175166882625492,336.60869565217394,451.04347826086956
1027,114.0,13.68942948789471,11.281449887084891,14.422205101855956,11.281449887084891,646.3508771929825,453.2280701754386
1028,16.0,6.324555320336759,3.122498999199199,6.082762530298219,3.122498999199199,1683.5,449.125
1029,186.0,36.93931811988949,10.166523843514598,36.61966684720111,10.166523843514598,1782.1021505376343,463.59139784946234
1030,14.0,8.0,2.0,7.0710678118654755,2.0,3027.5,452.0
1031,13.0,4.417038656910849,3.8174087729822173,5.0990195135927845,3.8174087729822173,993.3076923076923,452.0769230769231
1032,29.0,11.182648260608469,3.225858990519593,10.198039027185569,3.225858990519593,309.3448275862069,451.9655172413793
1033,6.0,3.265986323710904,2.0,3.1622776601683795,2.0,430.0,451.5
1034,34.0,12.031839752452738,4.278726040676086,10.770329614269007,4.278726040676086,421.8529411764706,454.8529411764706
1035,7.0,3.0237157840738176,2.799416848895061,3.1622776601683795,2.799416848895061,1654.7142857142858,454.0
1036,14.0,6.05122561235416,2.8490985356670366,6.082762530298219,2.8490985356670366,1766.857142857143,455.42857142857144
1037,20.0,5.5715945586822055,4.630046875968193,6.082762530298219,4.630046875968193,1667.6,457.6
1038,80.0,22.38884011874434,5.605117138588974,26.076809620810597,5.605117138588974,1732.5,457.2125
1039,7.0,3.0237157840738176,2.799416848895061,3.1622776601683795,2.799416848895061,3014.0,456.2857142857143
1040,12.0,3.8297084310253524,3.8297084310253524,4.123105625617661,3.8297084310253524,296.5,457.5
1041,12.0,3.8297084310253524,3.8297084310253524,4.123105625617661,3.8297084310253524,302.5,457.5
1042,40.0,9.37474387285873,5.398534738083813,9.219544457292887,5.398534738083813,3069.025,459.9
1043,21.0,5.732331286658956,4.751633376360899,6.324555320336759,4.751633376360899,1701.904761904762,459.3809523809524
1044,30.0,7.045802836179486,5.6072370057033964,7.615773105863909,5.6072370057033964,3018.4333333333334,461.6666666666667
1045,18.0,5.3272578009432285,4.50684838295908,6.082762530298219,4.50684838295908,325.5,461.6111111111111
1046,8.0,4.47213595499958,2.0,4.123105625617661,2.0,1712.5,459.5
1047,43.0,8.777843957819906,6.313152252517595,9.433981132056603,6.313152252517595,258.3255813953488,463.51162790697674
1048,51.0,12.577264199385205,6.236469185685097,11.704699910719626,6.236469185685097,1691.4313725490197,465.078431372549
1049,15.0,5.980827280758604,3.2548655090768497,6.082762530298219,3.2548655090768497,3046.133333333333,463.8666666666667
1050,18.0,5.052807555956476,4.618802153517006,5.385164807134504,4.618802153517006,442.05555555555554,463.8888888888889
1051,10.0,4.843508650621465,2.7240455119830576,5.0990195135927845,2.7240455119830576,3033.6,462.9
1052,9.0,4.277662731533559,2.643019518000728,4.123105625617661,2.643019518000728,419.3333333333333,464.55555555555554
1053,32.0,9.16515138991168,4.47213595499958,8.54400374531753,4.47213595499958,1746.5,467.5
1054,6.0,3.265986323710904,2.0,3.1622776601683795,2.0,1758.5,465.0
1055,12.0,6.831300510639732,2.0,6.082762530298219,2.0,3109.5,467.5
1056,26.0,6.166056295965654,5.3441212010757235,6.708203932499369,5.3441212010757235,1676.6923076923076,469.11538461538464
1057,15.0,6.116757990784166,3.062087979351537,6.082762530298219,3.062087979351537,1642.0666666666666,469.06666666666666
1058,87.0,12.595955559061279,9.48161517314614,14.212670403551895,9.48161517314614,242.75862068965517,474.8735632183908
1059,23.0,8.879990161010365,3.210955619125892,8.246211251235321,3.210955619125892,274.6521739130435,470.04347826086956
1060,5.0,4.743365517193277,1.3492529674978493,4.123105625617661,1.3492529674978493,1712.8,469.8
1061,48.0,11.578890572431082,5.401143274087642,11.40175425099138,5.401143274087642,3041.7916666666665,474.4375
1062,155.0,17.39665088706561,12.982361881242426,19.72308292331602,12.982361881242426,439.2903225806452,476.52258064516127
1063,282.0,57.628983949515444,16.340374824563636,48.703182647543684,16.340374824563636,574.3971631205674,486.86524822695037
1064,10.0,3.9191835884530852,3.0983866769659336,4.123105625617661,3.0983866769659336,602.2,471.0
1065,34.0,19.05084794472314,3.0383025774988113,16.278820596099706,3.0383025774988113,282.2352941176471,479.9117647058824
1066,5.0,3.098386676965933,1.7888543819998317,3.1622776601683795,1.7888543819998317,328.8,472.4
1067,72.0,11.851477140769418,7.994358856871338,12.36931687685298,7.994358856871338,1727.5,475.56944444444446
1068,64.0,9.16515138991168,9.16515138991168,10.63014581273465,9.16515138991168,1763.5,475.5
1069,27.0,7.875500646464052,4.6520731391604855,8.06225774829855,4.6520731391604855,258.44444444444446,480.4074074074074
1070,1350.0,64.43522120074385,42.162784316196,68.6804193347711,42.162784316196,218.58814814814815,508.12814814814817
1071,7.0,4.155374705678736,1.9054711331003737,4.123105625617661,1.9054711331003737,802.7142857142857,479.42857142857144
1072,9.0,5.274258481434536,1.946056459258261,5.0990195135927845,1.946056459258261,3056.4444444444443,480.77777777777777
1073,11.0,6.410747983365109,1.9649396885733192,6.082762530298219,1.9649396885733192,232.45454545454547,482.72727272727275
1074,5.0,3.098386676965933,1.7888543819998317,3.1622776601683795,1.7888543819998317,289.4,480.8
1075,249.0,49.27189320875919,9.334471843398344,42.7551166528639,9.334471843398344,3066.0923694779117,499.73493975903614
1076,32.0,9.879468666881667,4.98646657063931,9.219544457292887,4.98646657063931,3092.46875,483.96875
1077,9.0,4.277662731533559,2.643019518000728,4.123105625617661,2.643019518000728,414.44444444444446,483.3333333333333
1078,19.0,6.337027977334092,3.8586484456642802,6.324555320336759,3.8586484456642802,1718.7368421052631,484.7368421052632
1079,101.0,20.3673601958497,9.099121326278437,19.235384061671343,9.099121326278437,1756.8415841584158,487.26732673267327
1080,20.0,5.138093031466052,5.075431016179809,6.082762530298219,5.075431016179809,3123.5,485.3
1081,172.0,29.32613125844306,9.994546078660298,28.160255680657446,9.994546078660298,276.0174418604651,491.8953488372093
1082,10.0,4.09878030638384,2.9933259094191533,4.123105625617661,2.9933259094191533,294.5,486.2
1083,29.0,10.411854987060648,3.997315521254026,10.198039027185569,3.997315521254026,406.2068965517241,489.1034482758621
1084,9.0,3.265986323710904,3.265986323710904,3.605551275463989,3.265986323710904,731.0,486.0
1085,5.0,3.098386676965933,1.7888543819998317,3.1622776601683795,1.7888543819998317,1672.2,485.6
1086,18.0,7.416721908507127,3.0395969654079673,7.0710678118654755,3.0395969654079673,1771.111111111111,485.8333333333333
1087,5.0,3.098386676965933,1.7888543819998317,3.1622776601683795,1.7888543819998317,1800.8,485.6
1088,102.0,18.849022066258055,8.989850078786946,18.110770276274835,8.989850078786946,3081.9607843137255,494.3921568627451
1089,106.0,20.191484929205554,10.80171388536647,19.4164878389476,10.80171388536647,252.43396226415095,494.70754716981133
1090,67.0,17.263427113103536,6.131870526061966,18.681541692269406,6.131870526061966,438.7761194029851,496.13432835820896
1091,7.0,3.0237157840738176,2.799416848895061,3.1622776601683795,2.799416848895061,990.2857142857143,489.0
1092,6.0,3.265986323710904,2.0,3.1622776601683795,2.0,1742.0,488.5
1093,56.0,12.628318699752112,6.134134627950189,12.36931687685298,6.134134627950189,316.60714285714283,492.75
1094,8.0,3.4641016151377544,2.7386127875258306,3.605551275463989,2.7386127875258306,325.875,489.875
1095,5.0,5.656854249492381,0.0,5.0,0.0,3111.0,491.0
1096,11.0,4.854444919780395,2.858303992038103,5.0990195135927845,2.858303992038103,1630.1818181818182,493.27272727272725
1097,11.0,4.51260859854213,2.9541957835039856,5.0,2.9541957835039856,1705.0,493.0
1098,9.0,3.265986323710904,3.265986323710904,3.605551275463989,3.265986323710904,1737.0,492.0
1099,4811.0,112.03077652620838,57.85086429327804,118.06777714516353,57.85086429327804,721.2373726875909,555.4310954063604
1100,9.0,3.265986323710904,3.265986323710904,3.605551275463989,3.265986323710904,831.0,493.0
1101,39.0,10.133859235777075,5.115416638995067,10.44030650891055,5.115416638995067,944.5128205128206,495.12820512820514
1102,663.0,59.06614580969502,27.906346163360734,55.31726674375732,27.906346163360734,1848.3348416289593,521.0784313725491
1103,38.0,8.837718209916785,5.489854657012756,8.54400374531753,5.489854657012756,264.10526315789474,499.5
1104,10.0,5.444424563872507,2.2534953224494765,5.385164807134504,2.2534953224494765,789.8,498.3
1105,23.0,10.466236732779533,3.1026006219605367,9.486832980505138,3.1026006219605367,1761.8260869565217,500.0
1106,177.0,20.43772803827158,14.817172279094047,22.02271554554524,14.817172279094047,3110.2033898305085,505.07909604519773
1107,14.0,8.0,2.0,7.0710678118654755,2.0,1803.5,500.0
1108,37.0,13.222678105457023,4.139735377217977,12.165525060596439,4.139735377217977,3089.0810810810813,502.5405405405405
1109,5.0,3.098386676965933,1.7888543819998317,3.1622776601683795,1.7888543819998317,1768.6,499.2
1110,48.0,12.256332291393035,6.647709454028404,12.36931687685298,6.647709454028404,1747.1875,502.9583333333333
1111,13.0,4.318667337728677,3.6794648440311994,4.47213595499958,3.6794648440311994,1790.3846153846155,501.61538461538464
1112,8.0,3.4641016151377544,2.7386127875258306,3.605551275463989,2.7386127875258306,830.125,502.125
1113,8.0,3.4641016151377544,2.7386127875258306,3.605551275463989,2.7386127875258306,1785.125,502.125
1114,17.0,10.354720961908436,2.3918466237621225,10.04987562112089,2.3918466237621225,3143.823529411765,506.70588235294116
1115,16.0,8.304546822353036,2.722040057630691,7.280109889280518,2.722040057630691,315.9375,505.3125
1116,18.0,7.416721908507126,3.039596965407966,7.0710678118654755,3.039596965407966,1755.888888888889,505.1666666666667
1117,6.0,3.126943839882286,2.309401076758503,3.1622776601683795,2.309401076758503,3176.8333333333335,505.1666666666667
1118,29.0,8.881588997672123,6.818499173475693,9.055385138137417,6.818499173475693,275.3448275862069,508.8965517241379
1119,36.0,7.501836626498007,6.285902535525279,8.06225774829855,6.285902535525279,160.52777777777777,510.3888888888889
1120,15.0,6.3304704225241855,3.6606966256577476,6.4031242374328485,3.6606966256577476,1822.4666666666667,509.8
1121,9.0,4.0171906061502325,2.8906758369544234,4.123105625617661,2.8906758369544234,930.1111111111111,510.1111111111111
1122,5.0,4.093338188813542,1.563516060678838,4.0,1.563516060678838,1728.6,509.8
1123,13.0,8.953414963146036,2.287533650431113,8.06225774829855,2.287533650431113,3153.6153846153848,509.7692307692308
1124,100.0,21.128918193772357,7.293121139873897,20.591260281974,7.293121139873897,431.39,516.46
1125,29.0,7.439732803899468,6.187994787705477,8.06225774829855,6.187994787705477,3092.9310344827586,512.9310344827586
1126,14.0,5.449353665897314,3.145851452097728,5.385164807134504,3.145851452097728,3083.9285714285716,512.8571428571429
1127,21.0,8.0,3.265986323710904,7.280109889280518,3.265986323710904,262.0,515.0
1128,69.0,29.749555579777297,3.8812268423464658,24.73863375370596,3.8812268423464658,3099.1739130434785,522.7246376811594
1129,31.0,11.45446445026793,3.861309137772337,10.770329614269007,3.861309137772337,317.38709677419354,517.483870967742
1130,8.0,4.507893913753563,2.104493398028036,4.47213595499958,2.104493398028036,986.25,515.125
1131,105.0,22.332933489960254,9.603268061965844,21.540659228538015,9.603268061965844,1776.952380952381,524.7523809523809
1132,10.0,9.576098910702074,1.377798843246201,8.06225774829855,1.377798843246201,1861.1,516.8
1133,13.0,5.93778410510407,2.8466939889520226,5.830951894845301,2.8466939889520226,3175.769230769231,517.0769230769231
1134,151.0,20.871765721603037,11.822975713656673,20.591260281974,11.822975713656673,300.6158940397351,525.682119205298
1135,20.0,7.258246732682521,3.6273756860164776,7.0710678118654755,3.6273756860164776,360.25,518.35
1136,8.0,3.4641016151377544,2.8284271247461903,4.0,2.8284271247461903,1182.5,518.0
1137,10.0,4.381780460041329,2.6832815729997477,4.47213595499958,2.6832815729997477,1803.0,518.5
1138,53.0,16.20722716266075,5.705110586826092,14.142135623730951,5.705110586826092,935.4716981132076,520.7924528301887
1139,46.0,8.460243330519557,7.127842263994357,9.219544457292887,7.127842263994357,330.32608695652175,523.304347826087
1140,5.0,3.098386676965933,1.7888543819998317,3.1622776601683795,1.7888543819998317,253.6,520.8
1141,48.0,9.776649641086484,6.687501577644605,10.770329614269007,6.687501577644605,1762.7916666666667,524.75
1142,31.0,11.011400685588201,3.7604992526595344,10.198039027185569,3.7604992526595344,3117.1290322580644,521.1935483870968
1143,14.0,8.0,2.0,7.0710678118654755,2.0,3091.5,524.0
1144,8.0,3.4641016151377544,2.7386127875258306,3.605551275463989,2.7386127875258306,3105.125,522.875
1145,6.0,3.265986323710904,2.0,3.1622776601683795,2.0,273.0,523.5
1146,6.0,3.265986323710904,2.0,3.1622776601683795,2.0,392.0,523.5
1147,8.0,4.47213595499958,2.0,4.123105625617661,2.0,3126.5,525.5
1148,6.0,3.126943839882286,2.309401076758503,3.1622776601683795,2.309401076758503,288.8333333333333,525.8333333333334
1149,6.0,3.265986323710904,2.0,3.1622776601683795,2.0,315.5,526.0
1150,11.0,5.720932084886622,2.425387871670981,5.385164807134504,2.425387871670981,946.0909090909091,526.1818181818181
1151,5.0,3.098386676965933,1.7888543819998317,3.1622776601683795,1.7888543819998317,3181.6,525.8
1152,14.0,7.52820699385721,2.721714920909353,6.708203932499369,2.721714920909353,3111.214285714286,527.8571428571429
1153,17.0,8.641640004321616,2.524670503233079,7.810249675906654,2.524670503233079,372.6470588235294,530.5294117647059
1154,19.0,7.347338259627431,3.178877656956105,7.0710678118654755,3.178877656956105,381.0,531.3157894736842
1155,7.0,4.155374705678736,1.9054711331003737,4.123105625617661,1.9054711331003737,397.7142857142857,528.5714285714286
1156,11.0,5.0559593483889005,2.688989307749465,5.0990195135927845,2.688989307749465,972.9090909090909,528.8181818181819
1157,29.0,8.504440860756826,4.2611318058210035,8.246211251235321,4.2611318058210035,1810.448275862069,531.3793103448276
1158,35.0,14.265555188743201,3.736752990501774,15.297058540778355,3.736752990501774,1822.6857142857143,533.6285714285714
1159,6.0,3.265986323710904,2.0,3.1622776601683795,2.0,1827.5,529.0
1160,26.0,9.417873182174182,3.7101486743825824,8.54400374531753,3.7101486743825824,257.15384615384613,532.7307692307693
1161,14.0,4.886449919442066,3.6533678956139886,5.0990195135927845,3.6533678956139886,682.8571428571429,530.7142857142857
1162,32.0,7.211967327498201,5.65298834839578,7.615773105863909,5.65298834839578,415.65625,533.09375
1163,5.0,3.098386676965933,1.7888543819998317,3.1622776601683795,1.7888543819998317,927.6,530.8
1164,15.0,5.133545581275998,3.7844768886224207,5.385164807134504,3.7844768886224207,817.8,532.8666666666667
1165,14.0,4.981598792617912,3.625307868699863,5.0990195135927845,3.625307868699863,1803.5,533.1428571428571
1166,44.0,13.41212008108755,6.950188312205374,13.0,6.950188312205374,3121.818181818182,536.0227272727273
1167,31.0,9.05625239789295,4.655779206391291,8.94427190999916,4.655779206391291,1844.3870967741937,536.5806451612904
1168,21.0,7.684553920636052,3.734349135678257,7.280109889280518,3.734349135678257,1878.5714285714287,536.3333333333334
1169,5.0,3.098386676965933,1.7888543819998317,3.1622776601683795,1.7888543819998317,1910.2,533.6
1170,27.0,7.168135291016429,4.977645882817782,7.211102550927978,4.977645882817782,3106.777777777778,535.074074074074
1171,11.0,5.189483704979297,2.6306840451061078,5.0,2.6306840451061078,363.45454545454544,535.6363636363636
1172,6.0,3.8297084310253524,1.8856180831641272,4.0,1.8856180831641272,397.5,534.3333333333334
1173,6.0,3.0550504633038935,2.6666666666666665,3.1622776601683795,2.6666666666666665,1765.8333333333333,535.6666666666666
1174,12.0,4.854930889924544,3.1949059190896785,5.0990195135927845,3.1949059190896785,1831.8333333333333,537.1666666666666
1175,8.0,4.47213595499958,2.0,4.123105625617661,2.0,406.5,536.5
1176,5.0,3.098386676965933,1.7888543819998317,3.1622776601683795,1.7888543819998317,1772.6,536.8
1177,20.0,9.068893962167577,2.8557244795253776,8.246211251235321,2.8557244795253776,3137.2,539.9
1178,14.0,6.369570517030843,2.79941684889506,6.082762530298219,2.79941684889506,1008.7142857142857,539.5
1179,14.0,8.0,2.0,7.0710678118654755,2.0,291.0,539.5
1180,6.0,3.265986323710904,2.0,3.1622776601683795,2.0,334.0,539.5
1181,8.0,3.4641016151377544,2.7386127875258306,3.605551275463989,2.7386127875258306,401.125,540.125
1182,17.0,5.104869417808294,4.546091928870503,6.082762530298219,4.546091928870503,993.5882352941177,541.7058823529412
1183,18.0,6.175668823217454,3.6696120854314946,6.324555320336759,3.6696120854314946,1871.111111111111,540.6111111111111
1184,36.0,12.270971758456312,5.069009473401996,10.816653826391969,5.069009473401996,938.0277777777778,545.6944444444445
1185,12.0,5.5377492419453835,2.7487370837451075,6.0,2.7487370837451075,1755.5,542.1666666666666
1186,16.0,7.847408523212121,2.965329571871861,7.280109889280518,2.965329571871861,1941.1875,543.4375
1187,62.0,19.417329763758197,5.742984677294437,18.24828759089466,5.742984677294437,269.66129032258067,545.4032258064516
1188,10.0,4.098780306383839,3.0983866769659336,4.47213595499958,3.0983866769659336,347.8,544.1
1189,10.0,5.366563145999495,2.1908902300206647,5.0,2.1908902300206647,360.5,544.5
1190,45.0,12.018321144142844,5.447160894862634,11.704699910719626,5.447160894862634,1882.5111111111112,545.1111111111111
1191,80.0,14.2749984346257,8.664405328205381,14.560219778561036,8.664405328205381,385.9375,549.925
1192,30.0,8.323854976444979,7.587862713131701,8.54400374531753,7.587862713131701,873.0,547.2666666666667
1193,5.0,3.098386676965933,1.7888543819998317,3.1622776601683795,1.7888543819998317,894.2,544.4
1194,5.0,3.098386676965933,1.7888543819998317,3.1622776601683795,1.7888543819998317,1825.4,544.8
1195,21.0,8.0,3.265986323710904,7.280109889280518,3.265986323710904,3129.0,547.0
1196,19.0,8.805565826076895,2.797300729105356,8.06225774829855,2.797300729105356,3163.2631578947367,545.2631578947369
1197,57.0,11.252333506947803,9.204289193401946,11.661903789690601,9.204289193401946,1837.4736842105262,550.6666666666666
1198,34.0,8.974689507147414,5.010190323114236,8.54400374531753,5.010190323114236,3145.764705882353,548.5588235294117
1199,6.0,3.8297084310253524,1.8856180831641272,4.0,1.8856180831641272,407.3333333333333,547.5
1200,8.0,3.4641016151377544,2.8284271247461903,4.0,2.8284271247461903,926.5,547.0
1201,19.0,8.143260234411489,3.149603107577517,7.615773105863909,3.149603107577517,279.6842105263158,550.3684210526316
1202,8.0,3.4641016151377544,2.7386127875258306,3.605551275463989,2.7386127875258306,296.875,547.875
1203,18.0,5.542593461893073,3.9932849113038276,5.830951894845301,3.9932849113038276,575.5,549.0
1204,25.0,6.959599833040082,4.73007084132452,7.211102550927978,4.73007084132452,1873.12,550.0
1205,99.0,22.521085451429947,7.771949538646905,20.396078054371138,7.771949538646905,3134.838383838384,557.4646464646464
1206,11.0,4.346129984141888,3.067356324605906,4.47213595499958,3.067356324605906,338.90909090909093,549.6363636363636
1207,8.0,3.4641016151377544,2.7386127875258306,3.605551275463989,2.7386127875258306,361.125,550.125
1208,13.0,4.939344122017522,3.5123507021568687,5.385164807134504,3.5123507021568687,394.3076923076923,550.6153846153846
1209,5.0,3.098386676965933,1.7888543819998317,3.1622776601683795,1.7888543819998317,1829.6,550.2
1210,6.0,6.831300510639732,0.0,6.0,0.0,1851.5,549.0
1211,18.0,5.6431902566526295,4.080224367325239,5.830951894845301,4.080224367325239,299.05555555555554,552.7222222222222
1212,20.0,7.662897624267207,3.633180424916991,7.280109889280518,3.633180424916991,3217.05,553.55
1213,24.0,6.191009511283597,4.964234427725816,6.708203932499369,4.964234427725816,1789.4583333333333,553.75
1214,24.0,9.16515138991168,3.265986323710904,8.246211251235321,3.265986323710904,1865.0,555.5
1215,22.0,8.615270212787717,3.1268385248766326,8.246211251235321,3.1268385248766326,1881.0,555.5
1216,27.0,10.173356815844572,3.6421833715574032,9.433981132056603,3.6421833715574032,1891.4814814814815,555.3703703703703
1217,60.0,17.25472647633614,7.922329399596659,17.08800749063506,7.922329399596659,3200.116666666667,561.65
1218,39.0,9.06834206295013,6.5965158735870935,9.433981132056603,6.5965158735870935,1224.820512820513,555.9230769230769
1219,24.0,7.301708518712255,4.132062632227852,7.280109889280518,4.132062632227852,3162.375,555.7916666666666
1220,54.0,10.25149951578581,7.682219539094284,10.816653826391969,7.682219539094284,290.1111111111111,560.0925925925926
1221,21.0,5.453041275270223,4.9538858324681865,6.082762530298219,4.9538858324681865,923.3809523809524,557.2857142857143
1222,5.0,3.098386676965933,1.7888543819998317,3.1622776601683795,1.7888543819998317,1846.2,557.6
1223,49.0,12.871251571923993,5.302528218173135,12.36931687685298,5.302528218173135,305.6938775510204,561.2448979591836
1224,22.0,9.081093996401986,3.011797123173543,9.055385138137417,3.011797123173543,960.8636363636364,563.1818181818181
1225,51.0,10.73475567337769,6.221893933213678,10.44030650891055,6.221893933213678,1301.0,563.5294117647059
1226,156.0,19.666237426305255,10.932001874886383,20.248456731316587,10.932001874886383,360.2307692307692,566.2948717948718
1227,29.0,8.70031644226904,4.227209198676714,8.246211251235321,4.227209198676714,1059.5862068965516,561.3448275862069
1228,14.0,8.0,2.0,7.0710678118654755,2.0,1851.5,563.0
1229,27.0,13.271760029531123,3.575987050672642,11.704699910719626,3.575987050672642,1900.4074074074074,565.6296296296297
1230,11.0,4.348458452036872,3.3525616208337774,4.47213595499958,3.3525616208337774,3142.3636363636365,561.2727272727273
1231,20.0,8.438009243891594,2.9933259094191533,8.06225774829855,2.9933259094191533,3209.2,563.5
1232,21.0,8.21928746516549,3.2435183166805728,8.06225774829855,3.2435183166805728,3262.095238095238,563.3333333333334
1233,12.0,6.831300510639732,2.0,6.082762530298219,2.0,376.5,563.5
1234,21.0,7.5245081224035,3.6113212902567913,8.06225774829855,3.6113212902567913,990.5714285714286,564.7142857142857
1235,45.0,14.276443577738798,4.931876487222777,14.035668847618199,4.931876487222777,1924.911111111111,568.0
1236,12.0,4.47213595499958,3.265986323710904,4.47213595499958,3.265986323710904,670.0,563.5
1237,9.0,5.274258481434536,1.946056459258261,5.0990195135927845,1.946056459258261,1118.5555555555557,564.2222222222222
1238,6.0,3.265986323710904,2.0,3.1622776601683795,2.0,889.0,563.5
1239,39.0,13.932622069867922,4.134060688274565,12.649110640673518,4.134060688274565,1844.6153846153845,568.1025641025641
1240,76.0,18.524560788801146,8.804033603571398,18.110770276274835,8.804033603571398,1887.75,572.1184210526316
1241,41.0,11.600772963243552,5.105810459142455,11.180339887498949,5.105810459142455,1933.6097560975609,567.9512195121952
1242,26.0,9.41787318217418,3.7101486743825824,8.54400374531753,3.7101486743825824,3178.269230769231,564.1538461538462
1243,17.0,6.8899162758324115,3.414246826707252,6.708203932499369,3.414246826707252,300.7647058823529,567.1176470588235
1244,25.0,7.0396288985759465,4.5373588099614075,7.280109889280518,4.5373588099614075,337.56,569.32
1245,28.0,10.411031787523,4.929938607143711,9.219544457292887,4.929938607143711,1914.25,570.9642857142857
1246,58.0,11.390740914542926,7.477680543904479,13.0,7.477680543904479,316.7586206896552,573.3103448275862
1247,8.0,3.4641016151377544,2.7386127875258306,3.605551275463989,2.7386127875258306,881.125,569.125
1248,5.0,3.098386676965933,1.7888543819998317,3.1622776601683795,1.7888543819998317,1787.8,568.4
1249,14.0,8.0,2.0,7.0710678118654755,2.0,1867.5,571.0
1250,171.0,28.006781694697814,13.963146098438967,32.14031735997639,13.963146098438967,3145.87134502924,584.953216374269
1251,185.0,20.937117808249678,12.269548347689947,20.591260281974,12.269548347689947,3165.027027027027,575.0594594594595
1252,16.0,9.16515138991168,2.0,8.06225774829855,2.0,3219.5,571.5
1253,4330.0,94.74256065879311,59.31290611101957,100.88111815399351,59.31290611101957,1277.7558891454964,614.335103926097
1254,77.0,15.286543153999123,8.444961920474501,13.92838827718412,8.444961920474501,963.5584415584416,578.7402597402597
1255,14.0,5.97001906121746,3.0155540595802957,5.830951894845301,3.0155540595802957,1052.5714285714287,574.8571428571429
1256,22.0,11.573965034978634,2.8506101096416536,10.44030650891055,2.8506101096416536,1898.8636363636363,577.3181818181819
1257,24.0,8.082903768654761,4.109609335312652,8.06225774829855,4.109609335312652,3260.5,574.3333333333334
1258,78.0,21.97410314224182,5.194956668640825,20.09975124224178,5.194956668640825,3127.448717948718,584.2948717948718
1259,12.0,6.831300510639732,2.0,6.082762530298219,2.0,541.5,579.5
1260,107.0,15.505614676453567,9.472010492447676,15.811388300841896,9.472010492447676,1985.4392523364486,584.7943925233645
1261,17.0,9.850849153622065,1.985817190609744,9.055385138137417,1.985817190609744,331.2352941176471,579.4705882352941
1262,12.0,6.831300510639732,2.0,6.082762530298219,2.0,915.5,579.5
1263,8.0,4.47213595499958,2.0,4.123105625617661,2.0,950.5,579.5
1264,30.0,10.940903635792548,3.7038965771905215,10.198039027185569,3.7038965771905215,831.9333333333333,584.7
1265,28.0,8.480469759803333,4.20883424647321,8.246211251235321,4.20883424647321,939.5,583.9285714285714
1266,8.0,4.47213595499958,2.0,4.123105625617661,2.0,295.5,581.5
1267,11.0,4.854444919780395,2.858303992038103,5.0990195135927845,2.858303992038103,661.2727272727273,582.1818181818181
1268,5.0,3.098386676965933,1.7888543819998317,3.1622776601683795,1.7888543819998317,997.6,582.2
1269,16.0,11.00430702299851,2.364894700316626,10.198039027185569,2.364894700316626,1879.9375,585.375
1270,6.0,6.831300510639732,0.0,6.0,0.0,1931.5,581.0
1271,13.0,7.554371880072024,1.9753176197160076,7.0710678118654755,1.9753176197160076,3179.230769230769,581.4615384615385
1272,5.0,3.098386676965933,1.7888543819998317,3.1622776601683795,1.7888543819998317,3157.2,582.4
1273,24.0,8.84011286295207,3.518548329644935,8.54400374531753,3.518548329644935,3259.0833333333335,584.7916666666666
1274,12.0,4.379650052432559,3.672238021274514,4.47213595499958,3.672238021274514,980.75,585.25
1275,22.0,5.502816709244201,4.972652484064487,5.830951894845301,4.972652484064487,1072.909090909091,586.0909090909091
1276,6.0,3.126943839882286,2.309401076758503,3.1622776601683795,2.309401076758503,3192.8333333333335,584.8333333333334
1277,15.0,6.791134621996741,2.8402741439135504,6.324555320336759,2.8402741439135504,669.8,587.8
1278,16.0,6.602897716712576,3.025184579927621,6.324555320336759,3.025184579927621,821.875,587.25
1279,12.0,6.831300510639732,2.0,6.082762530298219,2.0,931.5,587.5
1280,10.0,6.0,1.959591794226542,6.0,1.959591794226542,1096.6,587.5
1281,12.0,6.831300510639732,2.0,6.082762530298219,2.0,1927.5,587.5
1282,12.0,6.831300510639732,2.0,6.082762530298219,2.0,3219.5,587.5
1283,12.0,6.831300510639732,2.0,6.082762530298219,2.0,3251.5,587.5
1284,9.0,3.8232556742411674,3.265986323710904,4.123105625617661,3.265986323710904,975.5555555555555,589.3333333333334
1285,35.0,7.756201900382568,6.143962146368746,8.54400374531753,6.143962146368746,3161.5714285714284,590.8
1286,33.0,7.299940278215744,6.57122728575136,7.615773105863909,6.57122728575136,944.8181818181819,592.5757575757576
1287,18.0,8.812737712482463,2.9169322099017334,8.06225774829855,2.9169322099017334,3195.3333333333335,591.9444444444445
1288,36.0,13.372232171345335,3.9108206129593768,12.529964086141668,3.9108206129593768,754.4166666666666,595.6666666666666
1289,35.0,15.39514487271587,3.5518497711854136,13.601470508735444,3.5518497711854136,983.2285714285714,596.0571428571428
1290,48.0,8.970458002791158,6.958431727699061,9.486832980505138,6.958431727699061,1241.6666666666667,593.5
1291,13.0,6.275716324421889,2.7174648819470297,7.0,2.7174648819470297,809.0,595.0
1292,6.0,3.265986323710904,2.0,3.1622776601683795,2.0,843.5,593.0
1293,35.0,10.484168421154774,5.77162024668663,10.63014581273465,5.77162024668663,955.7142857142857,596.6285714285714
1294,5.0,3.098386676965933,1.7888543819998317,3.1622776601683795,1.7888543819998317,1902.2,592.4
1295,10.0,4.09878030638384,2.9933259094191533,4.123105625617661,2.9933259094191533,54.2,594.5
1296,6.0,3.265986323710904,2.0,3.1622776601683795,2.0,554.0,593.5
1297,8.0,3.4641016151377544,2.8284271247461903,4.0,2.8284271247461903,603.5,594.0
1298,8.0,4.0,2.8284271247461903,4.123105625617661,2.8284271247461903,1129.0,594.0
1299,12.0,6.831300510639732,2.0,6.082762530298219,2.0,3171.5,595.5
1300,18.0,6.831300510639732,3.265986323710904,6.324555320336759,3.265986323710904,1027.5,595.0
1301,6.0,3.0550504633038935,2.6666666666666665,3.1622776601683795,2.6666666666666665,1056.6666666666667,595.1666666666666
1302,100.0,15.120122253290887,8.655697721474432,15.297058540778355,8.655697721474432,1942.78,601.98
1303,50.0,9.123563300126479,7.183466621944119,9.848857801796104,7.183466621944119,1318.32,599.1
1304,26.0,6.176879969195302,5.3736151374070715,6.708203932499369,5.3736151374070715,3249.5384615384614,597.4615384615385
1305,52.0,19.243028114457942,4.850603487534492,15.811388300841896,4.850603487534492,929.9615384615385,598.0
1306,8.0,3.8888437389046198,2.6223833385648136,4.123105625617661,2.6223833385648136,1864.25,597.75
1307,10.0,4.09878030638384,2.9933259094191533,4.123105625617661,2.9933259094191533,1950.5,597.2
1308,39.0,8.51655840033973,6.548819468607009,9.219544457292887,6.548819468607009,744.7179487179487,600.7435897435897
1309,6.0,4.363338213437162,1.65500979239906,4.123105625617661,1.65500979239906,1007.1666666666666,597.6666666666666
1310,15.0,9.784647587992422,2.5251192317095894,9.055385138137417,2.5251192317095894,1982.4666666666667,600.0
1311,58.0,11.584093964245971,7.193038406006097,11.40175425099138,7.193038406006097,3162.9310344827586,601.8275862068965
1312,24.0,7.6867378670856485,4.054853726152075,7.615773105863909,4.054853726152075,3180.3333333333335,598.4583333333334
1313,24.0,11.40066917866833,3.201088018281314,10.198039027185569,3.201088018281314,3192.75,601.0833333333334
1314,18.0,6.900958916664005,3.4471638878970836,7.0710678118654755,3.4471638878970836,841.0,600.9444444444445
1315,9.0,4.277662731533559,2.643019518000728,4.123105625617661,2.643019518000728,1963.3333333333333,600.5555555555555
1316,48.0,19.239131477501843,7.26972320978958,17.4928556845359,7.26972320978958,778.6875,605.3333333333334
1317,16.0,7.547998191815775,2.7207946075265954,7.0710678118654755,2.7207946075265954,915.0625,601.3125
1318,30.0,9.14476170639053,4.09878030638384,9.055385138137417,4.09878030638384,1075.5,603.8
1319,27.0,8.507010770358361,4.015544161567725,8.246211251235321,4.015544161567725,1958.4444444444443,603.7777777777778
1320,40.0,7.826045342390258,6.620650594832186,8.602325267042627,6.620650594832186,1973.4,603.15
1321,38.0,11.713035806246873,4.577595077015145,11.40175425099138,4.577595077015145,3226.1315789473683,604.578947368421
1322,28.0,6.546536707079771,5.421047417431508,6.708203932499369,5.421047417431508,663.8571428571429,603.5
1323,13.0,7.554371880072024,1.9753176197160076,7.0710678118654755,1.9753176197160076,851.2307692307693,601.4615384615385
1324,32.0,10.272136342105558,4.456255711827393,10.295630140987,4.456255711827393,890.1875,604.0625
1325,16.0,6.324555320336759,3.122498999199199,6.082762530298219,3.122498999199199,969.125,603.5
1326,7.0,3.582070095417669,2.4713456540351713,3.605551275463989,2.4713456540351713,1117.7142857142858,601.8571428571429
1327,266.0,25.777130472222932,19.161127140740433,26.570660511172846,19.161127140740433,3175.3345864661655,617.5676691729324
1328,20.0,6.3118935352238,4.09878030638384,6.324555320336759,4.09878030638384,3234.1,603.5
1329,26.0,6.000000000000001,5.555529257005474,6.324555320336759,5.555529257005474,1995.5,605.6153846153846
1330,21.0,5.453041275270223,4.9538858324681865,6.082762530298219,4.9538858324681865,3203.6190476190477,605.2857142857143
1331,5.0,3.098386676965933,1.7888543819998317,3.1622776601683795,1.7888543819998317,736.8,605.6
1332,10.0,4.09878030638384,2.9933259094191533,4.123105625617661,2.9933259094191533,1950.2,606.5
1333,21.0,8.226004473807071,3.123601555590147,8.06225774829855,3.123601555590147,742.952380952381,611.6666666666666
1334,155.0,21.52899204932963,16.334842512368986,22.135943621178654,16.334842512368986,950.2838709677419,620.2838709677419
1335,10.0,4.09878030638384,2.9933259094191533,4.123105625617661,2.9933259094191533,1909.8,609.5
1336,46.0,11.061036174722679,5.466289586334165,11.180339887498949,5.466289586334165,1989.9565217391305,613.304347826087
1337,27.0,10.938794480534163,4.089848787440745,10.295630140987,4.089848787440745,555.2592592592592,612.9629629629629
1338,25.0,12.421145081245117,4.151524403235544,11.180339887498949,4.151524403235544,674.8,614.0
1339,12.0,6.831300510639732,2.0,6.082762530298219,2.0,915.5,611.5
1340,12.0,6.831300510639732,2.0,6.082762530298219,2.0,939.5,611.5
1341,22.0,11.514136166019618,2.8493654076639734,11.180339887498949,2.8493654076639734,2000.7272727272727,616.3636363636364
1342,249.0,45.848991011177624,8.318260246241776,40.607881008493905,8.318260246241776,329.45381526104416,615.85140562249
1343,21.0,8.0,3.265986323710904,7.280109889280518,3.265986323710904,971.0,612.0
1344,7.0,3.0237157840738176,2.799416848895061,3.1622776601683795,2.799416848895061,441.2857142857143,613.0
1345,25.0,10.735216852184552,3.800620888298753,10.44030650891055,3.800620888298753,960.0,616.12
1346,29.0,6.866326905332598,5.48588499145311,7.280109889280518,5.48588499145311,1238.344827586207,614.8620689655172
1347,33.0,8.80528102315294,4.996104214746389,9.486832980505138,4.996104214746389,623.060606060606,616.7878787878788
1348,17.0,8.047030104772455,2.767766501419623,7.280109889280518,2.767766501419623,899.6470588235294,613.7647058823529
1349,18.0,7.416721908507126,3.039596965407966,7.0710678118654755,3.039596965407966,1859.888888888889,613.8333333333334
1350,42.0,12.845899718994678,5.836673764764464,12.206555615733702,5.836673764764464,1970.2619047619048,616.5238095238095
1351,6.0,3.265986323710904,2.0,3.1622776601683795,2.0,3229.5,614.0
1352,12.0,6.831300510639732,2.0,6.082762530298219,2.0,3243.5,613.5
1353,18.0,8.191527442977058,3.159952199644822,8.246211251235321,3.159952199644822,761.8888888888889,619.0555555555555
1354,25.0,9.647880596276055,3.2,9.055385138137417,3.2,1950.0,619.68
1355,17.0,8.047030104772455,2.767766501419623,7.280109889280518,2.767766501419623,925.7647058823529,619.6470588235294
1356,34.0,10.558769011418022,4.137800563501204,10.198039027185569,4.137800563501204,3198.3529411764707,620.8823529411765
1357,12.0,4.854930889924543,3.194905919089679,5.0990195135927845,3.194905919089679,3262.1666666666665,619.1666666666666
1358,6.0,6.831300510639732,0.0,6.0,0.0,2019.5,618.0
1359,28.0,11.655603440022386,3.57770452572989,10.44030650891055,3.57770452572989,740.2857142857143,621.3571428571429
1360,47.0,12.532541835119039,4.87806445747778,13.0,4.87806445747778,1931.7659574468084,624.3617021276596
1361,18.0,5.628058138307663,4.17269473421137,6.082762530298219,4.17269473421137,1989.7222222222222,623.2777777777778
1362,6.0,3.9999999999999996,1.632993161855452,4.123105625617661,1.632993161855452,677.5,622.5
1363,16.0,5.326818938165629,3.7416573867739418,5.385164807134504,3.7416573867739418,3256.9375,623.3125
1364,20.0,9.54148835350125,3.22490309931942,8.246211251235321,3.22490309931942,595.5,625.9
1365,17.0,5.104869417808294,4.546091928870503,6.082762530298219,4.546091928870503,897.5882352941177,625.2941176470588
1366,22.0,6.994685113335035,3.9542842128966447,7.0710678118654755,3.9542842128966447,1027.5,625.8181818181819
1367,8.0,3.4641016151377544,2.7386127875258306,3.605551275463989,2.7386127875258306,936.875,625.125
1368,21.0,9.088240665044085,2.984127242777547,9.055385138137417,2.984127242777547,2001.2380952380952,627.7142857142857
1369,14.0,8.0,2.0,7.0710678118654755,2.0,853.5,628.0
1370,12.0,6.831300510639732,2.0,6.082762530298219,2.0,865.5,627.5
1371,21.0,8.0,3.265986323710904,7.280109889280518,3.265986323710904,1974.0,628.0
1372,13.0,7.554371880072024,1.9753176197160076,7.0710678118654755,1.9753176197160076,3227.4615384615386,627.7692307692307
1373,5.0,3.098386676965933,1.7888543819998317,3.1622776601683795,1.7888543819998317,693.6,626.8
1374,8.0,3.4641016151377544,2.8284271247461903,4.0,2.8284271247461903,1206.0,627.5
1375,13.0,5.055900530816918,3.1378581622109447,5.0990195135927845,3.1378581622109447,676.0,629.3076923076923
1376,18.0,6.831300510639732,3.265986323710904,6.324555320336759,3.265986323710904,963.5,630.0
1377,142.0,21.957937230815592,12.673620826536,24.041630560342615,12.673620826536,1990.1690140845071,639.0492957746479
1378,18.0,7.416721908507126,3.039596965407966,7.0710678118654755,3.039596965407966,3203.8888888888887,629.8333333333334
1379,22.0,7.838764810734406,3.705039805589171,7.615773105863909,3.705039805589171,791.5,631.7727272727273
1380,41.0,11.354777319201602,5.02812097134635,10.770329614269007,5.02812097134635,3256.268292682927,635.1463414634146
1381,55.0,11.457026499157006,6.688142832013669,11.704699910719626,6.688142832013669,3247.890909090909,635.4545454545455
1382,20.0,6.257452020932035,4.099304112374877,6.324555320336759,4.099304112374877,928.7,633.25
1383,14.0,8.0,2.0,7.0710678118654755,2.0,1011.5,635.0
1384,9.0,3.265986323710904,3.265986323710904,3.605551275463989,3.265986323710904,1094.0,633.0
1385,11.0,5.0559593483889005,2.688989307749465,5.0990195135927845,2.688989307749465,1959.909090909091,632.8181818181819
1386,16.0,7.720428875943968,2.6139009108018145,7.211102550927978,2.6139009108018145,3167.5,634.1875
1387,78.0,23.426865443848023,5.577485070342732,20.248456731316587,5.577485070342732,672.2307692307693,638.2179487179487
1388,12.0,5.485458865381723,2.649689066157795,5.385164807134504,2.649689066157795,1187.9166666666667,634.9166666666666
1389,16.0,5.862022539337002,3.5105828217412802,6.082762530298219,3.5105828217412802,2006.9375,635.375
1390,6.0,6.831300510639732,0.0,6.0,0.0,3220.0,635.5
1391,5.0,5.656854249492381,0.0,5.0,0.0,1203.0,634.0
1392,838.0,116.10277802977754,29.816949675696957,106.06601717798213,29.816949675696957,769.6503579952267,667.2744630071599
1393,19.0,11.001418841198687,1.9887013513863865,10.04987562112089,1.9887013513863865,780.7368421052631,635.4736842105264
1394,5.0,3.098386676965933,1.7888543819998317,3.1622776601683795,1.7888543819998317,731.4,637.8
1395,9.0,3.265986323710904,3.265986323710904,3.605551275463989,3.265986323710904,1884.0,638.0
1396,5.0,3.098386676965933,1.7888543819998317,3.1622776601683795,1.7888543819998317,1910.2,637.6
1397,5.0,3.098386676965933,1.7888543819998317,3.1622776601683795,1.7888543819998317,1966.2,637.6
1398,20.0,9.068893962167577,2.8557244795253776,8.246211251235321,2.8557244795253776,3203.9,637.8
1399,26.0,9.031217239168635,4.029383544289443,8.94427190999916,4.029383544289443,941.1538461538462,642.3076923076923
1400,18.0,5.3272578009432285,4.506848382959079,6.082762530298219,4.506848382959079,1025.5,641.3888888888889
1401,9.0,4.277662731533559,2.643019518000728,4.123105625617661,2.643019518000728,3195.3333333333335,640.5555555555555
1402,6.0,3.265986323710904,2.0,3.1622776601683795,2.0,492.5,641.0
1403,8.0,3.4641016151377544,2.7386127875258306,3.605551275463989,2.7386127875258306,886.875,640.875
1404,23.0,10.051436447960466,3.27977211186521,8.94427190999916,3.27977211186521,1059.391304347826,643.3478260869565
1405,22.0,13.621912654024994,3.1276730361916507,11.704699910719626,3.1276730361916507,3212.318181818182,645.0909090909091
1406,6.0,3.265986323710904,2.0,3.1622776601683795,2.0,3222.5,641.0
1407,17.0,8.463319368586692,2.725995010031593,7.615773105863909,2.725995010031593,619.7647058823529,644.0588235294117
1408,13.0,7.554371880072024,1.9753176197160076,7.0710678118654755,1.9753176197160076,715.5384615384615,643.7692307692307
1409,74.0,12.978938114174,8.85711879240661,13.038404810405298,8.85711879240661,1010.418918918919,647.1216216216217
1410,10.0,5.075562357094394,2.560989410217544,5.0990195135927845,2.560989410217544,469.3,644.7
1411,51.0,13.561434203844925,6.106941159371024,13.892443989449804,6.106941159371024,822.7058823529412,648.4313725490196
1412,48.0,12.442867154229747,5.72288789607829,12.649110640673518,5.72288789607829,931.625,646.6041666666666
1413,5.0,3.098386676965933,1.7888543819998317,3.1622776601683795,1.7888543819998317,632.2,645.6
1414,8.0,3.4641016151377544,2.7386127875258306,3.605551275463989,2.7386127875258306,678.125,646.125
1415,18.0,7.097764472921567,3.0939225541184827,7.0710678118654755,3.0939225541184827,1107.8333333333333,645.9444444444445
1416,8.0,3.4641016151377544,2.7386127875258306,3.605551275463989,2.7386127875258306,3218.875,645.875
1417,69.0,12.279805197882192,7.982647580527596,14.422205101855956,7.982647580527596,3203.536231884058,651.6376811594203
1418,23.0,6.37762305858705,4.835950332247274,6.708203932499369,4.835950332247274,803.3478260869565,649.304347826087
1419,39.0,14.09851826098943,4.093061246294159,12.36931687685298,4.093061246294159,1095.051282051282,652.2564102564103
1420,16.0,6.324555320336759,3.122498999199199,6.082762530298219,3.122498999199199,915.5,649.125
1421,5.0,3.098386676965933,1.7888543819998317,3.1622776601683795,1.7888543819998317,973.6,648.8
1422,12.0,6.831300510639732,2.0,6.082762530298219,2.0,1019.5,651.5
1423,25.0,6.475732183524657,4.873858090595478,7.0710678118654755,4.873858090595478,412.2,652.12
1424,7.0,4.155374705678736,1.9054711331003737,4.123105625617661,1.9054711331003737,571.7142857142857,650.5714285714286
1425,10.0,4.5692001405127005,2.757246828983344,5.0,2.757246828983344,584.9,653.1
1426,36.0,10.899392367099031,4.140231591706154,11.045361017187261,4.140231591706154,650.9722222222222,653.5555555555555
1427,227.0,23.82607601092801,17.75154366165695,22.847319317591726,17.75154366165695,1998.295154185022,662.1409691629956
1428,9.0,3.885753375057407,2.7954428906961324,4.123105625617661,2.7954428906961324,3216.8888888888887,653.3333333333334
1429,8.0,3.4641016151377544,2.7386127875258306,3.605551275463989,2.7386127875258306,873.125,653.875
1430,14.0,8.0,2.0,7.0710678118654755,2.0,933.0,653.5
1431,7.0,4.155374705678736,1.9054711331003737,4.123105625617661,1.9054711331003737,969.4285714285714,654.7142857142857
1432,7.0,3.648665604076859,2.505808461219716,4.0,2.505808461219716,988.4285714285714,653.8571428571429
1433,6.0,6.831300510639732,0.0,6.0,0.0,1051.5,653.0
1434,5.0,3.098386676965933,1.7888543819998317,3.1622776601683795,1.7888543819998317,1057.6,654.2
1435,42.0,9.781027076304118,5.762927027709965,10.04987562112089,5.762927027709965,1941.3095238095239,655.6666666666666
1436,53.0,12.028320739237179,7.709769108726846,11.661903789690601,7.709769108726846,1980.7735849056603,656.5849056603773
1437,26.0,7.958910935665156,4.4394809556995956,8.06225774829855,4.4394809556995956,3236.5384615384614,656.5
1438,9.0,3.885753375057407,2.7954428906961324,4.123105625617661,2.7954428906961324,623.1111111111111,657.3333333333334
1439,18.0,7.416721908507127,3.0395969654079673,7.0710678118654755,3.0395969654079673,899.1111111111111,657.1666666666666
1440,5.0,3.098386676965933,1.7888543819998317,3.1622776601683795,1.7888543819998317,1010.4,657.2
1441,48.0,9.3571125650788,6.531972647421808,9.486832980505138,6.531972647421808,1051.5,659.8333333333334
1442,36.0,19.846335771621593,2.973046555768878,16.76305461424021,2.973046555768878,1106.0555555555557,662.7777777777778
1443,14.0,7.017298793846583,2.6462077766235526,6.324555320336759,2.6462077766235526,613.7142857142857,659.2142857142857
1444,5.0,3.098386676965933,1.7888543819998317,3.1622776601683795,1.7888543819998317,1086.2,657.4
1445,109.0,21.19855906686867,9.563705183752433,20.518284528683193,9.563705183752433,3256.1743119266057,665.743119266055
1446,8.0,3.4641016151377544,2.8284271247461903,4.0,2.8284271247461903,513.0,659.5
1447,20.0,6.0,4.09878030638384,6.082762530298219,4.09878030638384,995.5,659.5
1448,40.0,8.135066346596862,6.3482828809424685,9.055385138137417,6.3482828809424685,1296.15,661.85
1449,6.0,3.0550504633038935,2.6666666666666665,3.1622776601683795,2.6666666666666665,632.6666666666666,659.8333333333334
1450,6.0,3.265986323710904,2.0,3.1622776601683795,2.0,966.0,659.5
1451,15.0,4.618802153517006,4.026578365477733,5.0,4.026578365477733,605.6,661.6
1452,9.0,4.708788181923399,2.504347879633133,5.0,2.504347879633133,1080.0,662.0
1453,16.0,6.347280149430091,3.6176006834158363,6.324555320336759,3.6176006834158363,1098.0625,662.8125
1454,35.0,12.689036514954761,4.852159762720207,11.40175425099138,4.852159762720207,678.7142857142857,667.5714285714286
1455,5.0,4.34169545110285,1.2765894445250698,4.123105625617661,1.2765894445250698,726.6,663.4
1456,23.0,9.470322469245431,4.415896045669677,9.219544457292887,4.415896045669677,819.8260869565217,666.5652173913044
1457,24.0,7.0804830787036845,4.262899826144915,7.280109889280518,4.262899826144915,1005.25,664.5416666666666
1458,58.0,15.116738010052385,6.890880345459313,13.892443989449804,6.890880345459313,1086.7241379310344,668.8103448275862
1459,7.0,3.0237157840738176,2.7994168488950604,3.1622776601683795,2.7994168488950604,865.0,664.7142857142857
1460,24.0,10.831915712686186,4.0486817873826935,9.486832980505138,4.0486817873826935,918.125,667.4583333333334
1461,10.0,4.079215610874227,3.224903099319419,4.123105625617661,3.224903099319419,1262.5,665.4
1462,8.0,5.321869122843981,1.7826129808008924,5.0990195135927845,1.7826129808008924,1911.625,664.375
1463,12.0,6.831300510639732,2.0,6.082762530298219,2.0,593.5,667.5
1464,14.0,8.0,2.0,7.0710678118654755,2.0,981.5,668.0
1465,7.0,3.0237157840738176,2.799416848895061,3.1622776601683795,2.799416848895061,685.7142857142857,667.0
1466,84.0,12.218483591641842,10.102481509197705,13.92838827718412,10.102481509197705,992.6309523809524,672.3928571428571
1467,5.0,3.098386676965933,1.7888543819998317,3.1622776601683795,1.7888543819998317,1033.4,666.8
1468,8.0,3.4641016151377544,2.8284271247461903,4.0,2.8284271247461903,1283.5,667.0
1469,16.0,6.602897716712576,3.025184579927621,6.324555320336759,3.025184579927621,891.75,669.875
1470,133.0,24.05955447155699,15.185131923355957,28.284271247461902,15.185131923355957,1019.9699248120301,684.218045112782
1471,35.0,7.15151482504116,6.228597558355427,7.615773105863909,6.228597558355427,1276.3714285714286,671.4285714285714
1472,11.0,4.51260859854213,2.9541957835039856,5.0,2.9541957835039856,2017.0,671.0
1473,7.0,4.155374705678736,1.9054711331003737,4.123105625617661,1.9054711331003737,630.5714285714286,673.2857142857143
1474,45.0,10.94356930962341,5.437979781021804,11.180339887498949,5.437979781021804,903.2,676.2666666666667
1475,56.0,18.25920672613728,6.5175855002133565,17.204650534085253,6.5175855002133565,952.1071428571429,676.6785714285714
1476,8.0,3.4641016151377544,2.7386127875258306,3.605551275463989,2.7386127875258306,1102.125,672.875
1477,15.0,4.994771490645755,4.036917413160296,5.385164807134504,4.036917413160296,1180.8666666666666,673.9333333333333
1478,20.0,6.484815998368868,3.8402033106723903,6.708203932499369,3.8402033106723903,1934.6,674.3
1479,72.0,23.69259413314664,6.266991365308366,20.248456731316587,6.266991365308366,2036.3472222222222,677.2222222222222
1480,57.0,11.818494706610444,7.342268147683827,12.206555615733702,7.342268147683827,3235.7017543859647,676.9298245614035
1481,8.0,6.0,1.7320508075688772,6.0,1.7320508075688772,877.75,675.5
1482,12.0,6.831300510639732,2.0,6.082762530298219,2.0,1155.5,675.5
1483,16.0,8.428804437523102,2.853551428306639,7.615773105863909,2.853551428306639,1974.125,675.6875
1484,16.0,6.324555320336759,3.122498999199199,6.082762530298219,3.122498999199199,1981.875,675.5
1485,17.0,8.97195482920609,2.662480352827173,8.246211251235321,2.662480352827173,928.0588235294117,676.5882352941177
1486,9.0,3.885753375057407,2.7954428906961324,4.123105625617661,2.7954428906961324,624.1111111111111,677.6666666666666
1487,19.0,6.890455244442193,3.8748808132099795,7.280109889280518,3.8748808132099795,642.1052631578947,677.3684210526316
1488,10.0,4.381780460041329,2.6832815729997477,4.47213595499958,2.6832815729997477,1052.0,678.5
1489,22.0,13.621912654024994,3.12767303619165,11.704699910719626,3.12767303619165,1098.6818181818182,681.9090909090909
1490,24.0,6.952999767641406,4.402046848160612,7.280109889280518,4.402046848160612,1273.9583333333333,681.125
1491,31.0,9.31049431304841,4.1959574366364425,9.219544457292887,4.1959574366364425,1000.3870967741935,683.0967741935484
1492,15.0,4.618802153517007,4.061745656460751,5.0990195135927845,4.061745656460751,2008.4666666666667,681.1333333333333
1493,17.0,5.661053382547679,3.8023236200202857,6.082762530298219,3.8023236200202857,2021.3529411764705,680.7058823529412
1494,8.0,3.4641016151377544,2.8284271247461903,4.0,2.8284271247461903,3216.0,680.5
1495,9.0,5.274258481434536,1.946056459258261,5.0990195135927845,1.946056459258261,469.77777777777777,680.4444444444445
1496,80.0,18.243743470647015,6.628787534476005,19.4164878389476,6.628787534476005,617.6375,690.4125
1497,15.0,5.3091786913457835,3.6330824777352,5.385164807134504,3.6330824777352,669.8,681.8
1498,12.0,5.880653937560625,2.5768452590085698,6.082762530298219,2.5768452590085698,815.75,682.3333333333334
1499,11.0,6.410747983365109,1.964939688573319,6.082762530298219,1.964939688573319,1112.5454545454545,682.2727272727273
1500,14.0,4.20883424647321,4.120630029101703,4.47213595499958,4.120630029101703,2014.5,681.2857142857143
1501,16.0,6.324555320336759,3.122498999199199,6.082762530298219,3.122498999199199,374.125,683.5
1502,40.0,13.12678274630481,6.936683265892595,12.206555615733702,6.936683265892595,798.275,687.15
1503,10.0,5.656854249492381,2.0,5.0990195135927845,2.0,867.5,683.0
1504,27.0,7.95422351114249,4.7851521263707975,8.54400374531753,4.7851521263707975,1032.4814814814815,684.4444444444445
1505,7.0,4.155374705678736,1.9054711331003737,4.123105625617661,1.9054711331003737,1134.4285714285713,682.7142857142857
1506,24.0,7.749517863691484,4.03119441802081,7.615773105863909,4.03119441802081,3231.5833333333335,683.875
1507,6.0,6.831300510639732,0.0,6.0,0.0,3253.0,683.5
1508,55.0,10.370841143932958,8.34543678451476,11.045361017187261,8.34543678451476,524.5090909090909,687.2181818181818
1509,10.0,4.725632640631814,2.725508419688919,4.47213595499958,2.725508419688919,558.5,684.3
1510,5.0,4.0,1.3856406460551023,3.605551275463989,1.3856406460551023,846.2,684.8
1511,8.0,3.8888437389046198,2.6223833385648136,4.123105625617661,2.6223833385648136,1317.75,685.75
1512,71.0,14.45046611364729,7.886905052818746,14.317821063276353,7.886905052818746,602.887323943662,689.6760563380282
1513,12.0,4.167620293867669,3.631321610887408,4.47213595499958,3.631321610887408,689.3333333333334,686.75
1514,41.0,10.828776609301798,4.940207675307389,11.180339887498949,4.940207675307389,1082.658536585366,689.829268292683
1515,46.0,12.708764269961694,8.920546934546804,13.038404810405298,8.920546934546804,646.8695652173913,690.0434782608696
1516,9.0,5.274258481434536,1.946056459258261,5.0990195135927845,1.946056459258261,960.4444444444445,687.7777777777778
1517,6.0,3.265986323710904,2.0,3.1622776601683795,2.0,983.0,686.5
1518,147.0,21.228638169772903,10.643531431737857,24.08318915758459,10.643531431737857,1114.9183673469388,693.9251700680272
1519,28.0,6.650521642519499,5.399844162975499,6.708203932499369,5.399844162975499,2028.2857142857142,689.2142857142857
1520,106.0,20.546856189065267,10.14559728749846,21.400934559032695,10.14559728749846,2041.2641509433963,693.188679245283
1521,153.0,19.530835449169366,12.073949876642635,20.396078054371138,12.073949876642635,1061.111111111111,696.3071895424837
1522,5.0,3.098386676965933,1.7888543819998317,3.1622776601683795,1.7888543819998317,1126.8,688.4
1523,6.0,3.126943839882286,2.309401076758503,3.1622776601683795,2.309401076758503,1272.8333333333333,689.1666666666666
1524,6.0,3.265986323710904,2.0,3.1622776601683795,2.0,1966.5,689.0
1525,17.0,6.44656416044595,3.5478358537250534,6.708203932499369,3.5478358537250534,2016.1176470588234,689.8823529411765
1526,10.0,5.138093031466052,2.529822128134703,5.0990195135927845,2.529822128134703,806.4,691.3
1527,18.0,7.416721908507126,3.0395969654079673,7.0710678118654755,3.0395969654079673,925.8333333333334,691.8888888888889
1528,6.0,3.265986323710904,2.0,3.1622776601683795,2.0,1049.0,689.5
1529,5.0,3.098386676965933,1.7888543819998317,3.1622776601683795,1.7888543819998317,2022.2,689.4
1530,10.0,4.09878030638384,2.9933259094191533,4.123105625617661,2.9933259094191533,994.2,691.5
1531,5.0,3.098386676965933,1.7888543819998317,3.1622776601683795,1.7888543819998317,998.6,691.2
1532,11.0,4.533315962095487,3.0114583009821128,4.47213595499958,3.0114583009821128,339.45454545454544,692.1818181818181
1533,40.0,8.758777889839335,5.96354004568273,9.219544457292887,5.96354004568273,938.65,693.4
1534,29.0,9.714501810868905,4.164502372735851,8.94427190999916,4.164502372735851,1135.5172413793102,694.4827586206897
1535,9.0,4.277662731533559,2.643019518000728,4.123105625617661,2.643019518000728,3256.5555555555557,691.6666666666666
1536,21.0,6.911217500350565,3.8825346013167445,7.280109889280518,3.8825346013167445,674.4761904761905,693.5238095238095
1537,15.0,6.791134621996741,2.8402741439135504,6.324555320336759,2.8402741439135504,491.2,693.8
1538,5.0,3.098386676965933,1.7888543819998317,3.1622776601683795,1.7888543819998317,533.6,694.2
1539,16.0,5.56906460707844,3.7061461657881574,6.082762530298219,3.7061461657881574,1128.75,694.625
1540,14.0,5.449353665897314,3.145851452097728,5.385164807134504,3.145851452097728,468.07142857142856,695.8571428571429
1541,848.0,55.87106164204931,24.991636383211354,56.79788728465171,24.991636383211354,3249.1096698113206,720.0872641509434
1542,10.0,3.9191835884530852,3.0983866769659336,4.123105625617661,3.0983866769659336,697.0,696.8
1543,16.0,6.148008795957575,3.37483152836231,6.082762530298219,3.37483152836231,1041.3125,697.375
1544,5.0,3.098386676965933,1.7888543819998317,3.1622776601683795,1.7888543819998317,588.6,697.2
1545,9.0,3.885753375057407,2.7954428906961324,4.123105625617661,2.7954428906961324,622.3333333333334,697.1111111111111
1546,8.0,4.47213595499958,2.0,4.123105625617661,2.0,660.5,697.5
1547,5.0,3.098386676965933,1.7888543819998317,3.1622776601683795,1.7888543819998317,945.4,696.8
1548,14.0,8.0,2.0,7.0710678118654755,2.0,1995.5,699.0
1549,17.0,10.281443030784157,2.313169413197326,10.0,2.313169413197326,1078.1764705882354,701.7058823529412
1550,6.0,3.1269438398822857,2.309401076758503,3.1622776601683795,2.309401076758503,529.1666666666666,698.8333333333334
1551,5.0,3.098386676965933,1.7888543819998317,3.1622776601683795,1.7888543819998317,1016.8,698.6
1552,5.0,5.656854249492381,0.0,5.0,0.0,1212.0,700.0
1553,74.0,13.226772644516732,10.775376134729013,13.92838827718412,10.775376134729013,603.3918918918919,704.5
1554,18.0,6.396357479416215,3.4960568451688605,6.4031242374328485,3.4960568451688605,1026.111111111111,701.0
1555,105.0,24.27146493235406,10.724910246154687,24.515301344262525,10.724910246154687,1031.2952380952381,708.7238095238096
1556,10.0,5.782732917920384,2.5298221281347035,6.0,2.5298221281347035,388.0,702.9
1557,7.0,3.6486656040768595,2.5058084612197167,4.0,2.5058084612197167,907.4285714285714,701.1428571428571
1558,6.0,3.265986323710904,2.0,3.1622776601683795,2.0,548.0,701.5
1559,5.0,3.098386676965933,1.7888543819998317,3.1622776601683795,1.7888543819998317,574.2,701.6
1560,8.0,4.1204045563213505,2.4025541184843804,4.123105625617661,2.4025541184843804,757.375,701.75
1561,9.0,4.618802153517006,2.3517789431685254,4.47213595499958,2.3517789431685254,928.1111111111111,702.4444444444445
1562,8.0,3.4641016151377544,2.7386127875258306,3.605551275463989,2.7386127875258306,933.875,701.875
1563,11.0,6.410747983365108,1.9649396885733192,6.082762530298219,1.9649396885733192,951.7272727272727,701.5454545454545
1564,32.0,10.327234344871343,4.571116470416144,10.295630140987,4.571116470416144,1045.0625,704.65625
1565,18.0,6.831300510639732,3.265986323710904,6.324555320336759,3.265986323710904,2003.5,702.0
1566,8.0,3.4641016151377544,2.7386127875258306,3.605551275463989,2.7386127875258306,830.125,704.125
1567,18.0,9.226084975440353,2.925468914829348,8.54400374531753,2.925468914829348,971.7222222222222,705.1111111111111
1568,51.0,9.816191014604396,6.888519295073675,10.295630140987,6.888519295073675,1008.1764705882352,706.9803921568628
1569,23.0,8.709635653369777,3.746012006626775,8.246211251235321,3.746012006626775,371.39130434782606,707.4782608695652
1570,6.0,3.126943839882286,2.309401076758503,3.1622776601683795,2.309401076758503,533.8333333333334,705.1666666666666
1571,9.0,4.0171906061502325,2.8906758369544234,4.123105625617661,2.8906758369544234,700.8888888888889,705.1111111111111
1572,15.0,6.698189961233661,3.006072764497031,6.708203932499369,3.006072764497031,745.4,705.0666666666667
1573,26.0,7.810060256789953,4.288073480005379,8.06225774829855,4.288073480005379,802.6538461538462,707.7307692307693
1574,18.0,5.830406496253218,3.9853360333006824,6.082762530298219,3.9853360333006824,439.27777777777777,707.1666666666666
1575,19.0,11.001418841198687,1.9887013513863865,10.04987562112089,1.9887013513863865,629.2631578947369,705.4736842105264
1576,28.0,10.353874201614659,4.043304270680317,10.0,4.043304270680317,1056.8214285714287,708.6785714285714
1577,22.0,11.669109935727096,4.279160215613618,11.180339887498949,4.279160215613618,1068.8636363636363,708.0909090909091
1578,41.0,11.661903437565616,4.7889431077388425,11.661903789690601,4.7889431077388425,1111.6829268292684,709.8780487804878
1579,21.0,8.0,3.265986323710904,7.280109889280518,3.265986323710904,1171.0,708.0
1580,22.0,8.316633718415988,3.566216638731783,7.615773105863909,3.566216638731783,2052.090909090909,707.3181818181819
1581,5.0,3.098386676965933,1.7888543819998317,3.1622776601683795,1.7888543819998317,433.4,707.2
1582,7.0,3.0237157840738176,2.799416848895061,3.1622776601683795,2.799416848895061,993.2857142857143,707.0
1583,21.0,6.49353563909391,4.102096071855072,6.324555320336759,4.102096071855072,675.5714285714286,708.2857142857143
1584,17.0,6.96434421707008,3.030922457114571,7.0710678118654755,3.030922457114571,1102.1176470588234,710.2941176470588
1585,34.0,10.242785765349499,5.035398291984988,9.433981132056603,5.035398291984988,1128.7058823529412,710.6470588235294
1586,23.0,6.940795509969654,4.185584726597932,7.0710678118654755,4.185584726597932,522.3478260869565,709.3478260869565
1587,11.0,4.346129984141888,3.067356324605907,4.47213595499958,3.067356324605907,618.3636363636364,710.0909090909091
1588,23.0,6.9235917208614195,4.860587861132341,7.280109889280518,4.860587861132341,892.5652173913044,711.6521739130435
1589,8.0,4.47213595499958,2.0,4.123105625617661,2.0,693.5,710.5
1590,7.0,3.6486656040768595,2.5058084612197162,4.0,2.5058084612197162,744.8571428571429,711.4285714285714
1591,143.0,17.749840158152153,11.3572525855584,18.384776310850235,11.3572525855584,950.7062937062936,715.8811188811189
1592,6.0,3.265986323710904,2.0,3.1622776601683795,2.0,998.0,710.5
1593,52.0,16.73956514959603,5.0529714755386905,14.866068747318506,5.0529714755386905,1179.5,717.2115384615385
1594,216.0,34.19964960876044,20.293116528394393,28.635642126552707,20.293116528394393,986.6666666666666,726.1481481481482
1595,45.0,11.956518948438712,4.840026050187152,11.704699910719626,4.840026050187152,1093.6888888888889,716.2444444444444
1596,51.0,11.21745239482768,5.923806529568911,11.180339887498949,5.923806529568911,3236.1176470588234,715.6470588235294
1597,5.0,3.098386676965933,1.7888543819998317,3.1622776601683795,1.7888543819998317,551.2,712.6
1598,41.0,8.046737450198473,6.593277883927556,8.602325267042627,6.593277883927556,655.390243902439,715.2439024390244
1599,20.0,8.068109040320387,3.1473189405429554,8.06225774829855,3.1473189405429554,665.15,715.8
1600,27.0,7.811725553869514,4.378866832323128,7.615773105863909,4.378866832323128,906.4444444444445,715.1111111111111
1601,52.0,8.314655810658184,8.170678666705015,9.433981132056603,8.170678666705015,971.7884615384615,715.5192307692307
1602,18.0,7.215637279200453,4.095617759001953,7.0710678118654755,4.095617759001953,1004.0555555555555,715.1666666666666
1603,34.0,11.87460624884987,6.688622509265551,11.704699910719626,6.688622509265551,1043.5882352941176,718.5294117647059
1604,11.0,6.410747983365109,1.964939688573319,6.082762530298219,1.964939688573319,831.5454545454545,715.7272727272727
1605,11.0,6.410747983365109,1.964939688573319,6.082762530298219,1.964939688573319,837.5454545454545,715.7272727272727
1606,32.0,6.324555320336759,6.324555320336759,6.708203932499369,6.324555320336759,932.5,715.5
1607,17.0,6.126378838936505,3.5534000439021796,6.324555320336759,3.5534000439021796,1021.7647058823529,715.5294117647059
1608,41.0,13.000315174557908,5.653131607728143,12.206555615733702,5.653131607728143,1162.3170731707316,718.439024390244
1609,12.0,4.47213595499958,3.265986323710904,4.47213595499958,3.265986323710904,1136.0,715.5
1610,15.0,5.082404752320705,3.926016604401,5.385164807134504,3.926016604401,353.53333333333336,717.2666666666667
1611,23.0,5.814167475253484,5.029477667275335,6.324555320336759,5.029477667275335,2017.8260869565217,717.5652173913044
1612,51.0,13.775876762350574,5.305427126161043,13.152946437965905,5.305427126161043,819.0,721.4509803921569
1613,11.0,4.346129984141888,3.067356324605907,4.47213595499958,3.067356324605907,2070.090909090909,718.6363636363636
1614,26.0,6.348193578750953,5.18382444917276,6.708203932499369,5.18382444917276,396.5,719.8846153846154
1615,14.0,4.20883424647321,4.120630029101703,4.47213595499958,4.120630029101703,547.5,719.2857142857143
1616,6.0,3.265986323710904,2.0,3.1622776601683795,2.0,1017.0,718.5
1617,17.0,6.977662992015562,3.1088840998543237,7.0710678118654755,3.1088840998543237,371.29411764705884,721.1764705882352
1618,20.0,11.826693890769452,2.523749514915561,10.198039027185569,2.523749514915561,471.4,724.0
1619,16.0,5.0942109424386555,3.9747974632600163,5.385164807134504,3.9747974632600163,630.625,722.0
1620,23.0,8.51822855737926,3.551310311498908,8.06225774829855,3.551310311498908,915.0869565217391,722.8695652173913
1621,31.0,7.869535630179378,5.047708190533966,8.54400374531753,5.047708190533966,961.9354838709677,722.8709677419355
1622,5.0,3.098386676965933,1.7888543819998317,3.1622776601683795,1.7888543819998317,1063.4,720.8
1623,241.0,27.001576573155432,17.11309874524394,29.546573405388315,17.11309874524394,2079.1535269709543,732.5477178423237
1624,6.0,3.265986323710904,2.0,3.1622776601683795,2.0,800.0,721.5
1625,47.0,19.034581564386873,4.188275720906508,16.55294535724685,4.188275720906508,1001.0212765957447,728.6382978723404
1626,159.0,19.927230123974233,13.465580555568748,20.615528128088304,13.465580555568748,1020.1383647798742,729.566037735849
1627,14.0,8.0,2.0,7.0710678118654755,2.0,1147.5,724.0
1628,76.0,18.616547589343543,9.149742327659913,18.788294228055936,9.149742327659913,1051.2368421052631,728.3947368421053
1629,18.0,5.258737584977436,4.268749491621899,5.385164807134504,4.268749491621899,2063.777777777778,723.5
1630,5.0,3.098386676965933,1.7888543819998317,3.1622776601683795,1.7888543819998317,360.2,724.6
1631,5.0,3.335641688875783,2.0575457524521585,3.1622776601683795,2.0575457524521585,663.0,727.2
1632,6.0,3.8297084310253524,1.8856180831641272,4.0,1.8856180831641272,1339.5,726.3333333333334
1633,16.0,4.898979485566356,4.0,5.0990195135927845,4.0,456.0,728.5
1634,14.0,6.369570517030843,2.79941684889506,6.082762530298219,2.79941684889506,483.5,728.7142857142857
1635,17.0,8.047030104772455,2.767766501419623,7.280109889280518,2.767766501419623,929.2352941176471,731.3529411764706
1636,158.0,22.20856126845863,10.589610230810907,22.825424421026653,10.589610230810907,1035.8481012658228,735.9050632911392
1637,24.0,5.773502691896257,5.270462766947299,6.4031242374328485,5.270462766947299,1122.0833333333333,729.9166666666666
1638,84.0,23.927051002552446,9.44417150659445,20.8806130178211,9.44417150659445,1180.3095238095239,733.9761904761905
1639,6.0,3.8297084310253524,1.8856180831641272,4.0,1.8856180831641272,2047.3333333333333,729.5
1640,16.0,9.38083151964686,1.984313483298443,9.0,1.984313483298443,3262.5625,732.0
1641,12.0,5.834503378808687,2.679700084877454,5.830951894845301,2.679700084877454,952.6666666666666,730.25
1642,131.0,27.54020913712127,10.823680271725262,25.709920264364882,10.823680271725262,1080.9923664122136,736.2748091603054
1643,6.0,3.8297084310253524,1.8856180831641272,3.605551275463989,1.8856180831641272,1099.1666666666667,730.0
1644,12.0,13.808210118138652,0.0,12.0,0.0,2063.0,735.5
1645,79.0,17.792577424107503,10.490138211439676,17.029386365926403,10.490138211439676,964.0759493670886,737.0379746835443
1646,18.0,5.033222956847167,4.575835618216445,5.385164807134504,4.575835618216445,1297.9444444444443,733.2222222222222
1647,12.0,5.294328785763617,2.862220279862641,5.0990195135927845,2.862220279862641,2030.75,733.0833333333334
1648,41.0,13.092718176119545,4.605315218548687,13.0,4.605315218548687,2053.829268292683,737.829268292683
1649,8.0,3.4641016151377544,2.8284271247461903,4.0,2.8284271247461903,291.5,734.0
1650,8.0,4.47213595499958,2.0,4.123105625617661,2.0,891.5,733.5
1651,5.0,3.098386676965933,1.7888543819998317,3.1622776601683795,1.7888543819998317,909.6,734.2
1652,6.0,3.265986323710904,2.0,3.1622776601683795,2.0,1139.5,734.0
1653,5.0,3.098386676965933,1.7888543819998317,3.1622776601683795,1.7888543819998317,2141.6,734.2
1654,17.0,10.239812365890922,2.157520157583351,9.219544457292887,2.157520157583351,462.3529411764706,738.1764705882352
1655,7.0,3.0237157840738176,2.799416848895061,3.1622776601683795,2.799416848895061,641.0,735.2857142857143
1656,24.0,9.647722684586075,3.0512843017673954,9.219544457292887,3.0512843017673954,808.9583333333334,739.875
1657,5.0,3.098386676965933,1.7888543819998317,3.1622776601683795,1.7888543819998317,488.8,737.4
1658,30.0,7.916590385561884,5.128876528539845,7.615773105863909,5.128876528539845,882.0666666666667,739.9666666666667
1659,26.0,7.544065748435957,4.664936033462108,8.06225774829855,4.664936033462108,1005.0,741.0769230769231
1660,272.0,37.91386526617504,15.667490712140353,36.87817782917155,15.667490712140353,1139.5220588235295,745.1360294117648
1661,7.0,3.582070095417669,2.4713456540351713,3.605551275463989,2.4713456540351713,1356.857142857143,738.2857142857143
1662,7.0,3.0237157840738176,2.799416848895061,3.1622776601683795,2.799416848895061,743.7142857142857,739.0
1663,9.0,4.277662731533559,2.643019518000728,4.123105625617661,2.643019518000728,1022.4444444444445,739.3333333333334
1664,6.0,3.265986323710904,2.0,3.1622776601683795,2.0,1990.5,739.0
1665,26.0,7.357657471179693,4.463636200949488,7.615773105863909,4.463636200949488,421.03846153846155,741.1538461538462
1666,35.0,11.547344697364348,4.468946576261121,10.770329614269007,4.468946576261121,2020.4571428571428,743.2571428571429
1667,6.0,3.265986323710904,2.0,3.1622776601683795,2.0,673.0,740.5
1668,9.0,4.277662731533559,2.643019518000728,4.123105625617661,2.643019518000728,1048.6666666666667,742.5555555555555
1669,22.0,8.874768201378036,3.162091072426866,8.54400374531753,3.162091072426866,1111.8181818181818,744.3181818181819
1670,15.0,6.831887167028211,2.8675940289331447,7.0710678118654755,2.8675940289331447,795.8666666666667,744.4666666666667
1671,20.0,6.892172854851043,3.6466358933754868,7.0710678118654755,3.6466358933754868,697.4,745.8
1672,21.0,7.383300727748473,3.8731911381513062,7.280109889280518,3.8731911381513062,833.5238095238095,745.0
1673,8.0,4.487387140792187,2.3158921927958827,4.47213595499958,2.3158921927958827,1079.625,744.125
1674,47.0,18.327522774137652,4.276601931841389,16.1245154965971,4.276601931841389,1162.063829787234,749.5531914893617
1675,7.0,3.0237157840738176,2.799416848895061,3.1622776601683795,2.799416848895061,348.2857142857143,745.0
1676,6.0,3.265986323710904,2.0,3.1622776601683795,2.0,896.5,745.0
1677,81.0,16.15450124957409,7.87446795686504,15.524174696260024,7.87446795686504,905.4814814814815,752.1975308641976
1678,45.0,13.244267977186414,6.315235961913647,13.152946437965905,6.315235961913647,947.8,750.3555555555556
1679,13.0,6.2869935679309235,2.54667355511495,6.324555320336759,2.54667355511495,1423.1538461538462,746.1538461538462
1680,106.0,27.182885451933792,9.102475896684934,25.317977802344327,9.102475896684934,2089.5283018867926,754.6603773584906
1681,128.0,19.4233991872957,9.804889641702282,18.027756377319946,9.804889641702282,2103.7734375,747.9609375
1682,24.0,9.16515138991168,3.265986323710904,8.246211251235321,3.265986323710904,3262.0,747.5
1683,7.0,4.155374705678736,1.9054711331003737,4.123105625617661,1.9054711331003737,447.2857142857143,745.4285714285714
1684,19.0,9.302124858218853,2.7098061368651822,8.246211251235321,2.7098061368651822,472.7368421052632,748.1052631578947
1685,5.0,5.656854249492381,0.0,5.0,0.0,496.0,747.0
1686,15.0,6.791134621996741,2.8402741439135504,6.324555320336759,2.8402741439135504,957.8,747.2
1687,43.0,13.444772450600972,4.950989398398999,12.36931687685298,4.950989398398999,986.3720930232558,751.0930232558139
1688,17.0,8.443775637119154,2.785942662619743,8.06225774829855,2.785942662619743,1193.1764705882354,747.7058823529412
1689,20.0,6.0,4.09878030638384,6.082762530298219,4.09878030638384,667.5,747.5
1690,187.0,24.222195931598016,15.631054468242157,24.351591323771842,15.631054468242157,1042.4010695187167,758.9786096256685
1691,12.0,4.47213595499958,3.265986323710904,4.47213595499958,3.265986323710904,1087.0,747.5
1692,13.0,10.420105958764427,2.156886885975092,9.055385138137417,2.156886885975092,1096.3846153846155,750.9230769230769
1693,84.0,13.007830307173942,8.500658992541508,13.0,8.500658992541508,1076.4404761904761,753.1547619047619
1694,19.0,5.212526051472713,4.66479582459468,5.385164807134504,4.66479582459468,1290.6315789473683,749.2631578947369
1695,51.0,10.891341054707532,6.505844909066799,10.770329614269007,6.505844909066799,3247.0196078431372,752.1372549019608
1696,24.0,11.225337856437795,3.3111949853560048,9.848857801796104,3.3111949853560048,995.9583333333334,750.25
1697,8.0,3.4641016151377544,2.8284271247461903,4.0,2.8284271247461903,2039.0,749.5
1698,7.0,4.155374705678736,1.9054711331003737,4.123105625617661,1.9054711331003737,402.2857142857143,749.4285714285714
1699,68.0,18.775129584964393,6.915434099966406,17.88854381999832,6.915434099966406,671.3235294117648,753.3088235294117
1700,14.0,5.264664568623442,3.6306013501284355,5.385164807134504,3.6306013501284355,1006.7857142857143,751.5714285714286
1701,40.0,15.527406809740402,4.796836224515846,14.317821063276353,4.796836224515846,1026.125,756.05
1702,5.0,3.098386676965933,1.7888543819998317,3.1622776601683795,1.7888543819998317,285.8,750.4
1703,15.0,7.751545230636646,2.8601072014980358,7.280109889280518,2.8601072014980358,703.2,753.4
1704,6.0,3.265986323710904,2.0,3.1622776601683795,2.0,819.5,751.0
1705,5.0,3.098386676965933,1.7888543819998317,3.1622776601683795,1.7888543819998317,942.6,750.8
1706,10.0,4.244901238393524,3.108184916681298,4.47213595499958,3.108184916681298,1447.9,752.6
1707,11.0,6.410747983365108,1.9649396885733192,6.082762530298219,1.9649396885733192,544.7272727272727,752.4545454545455
1708,61.0,15.963511585548458,8.83549975879097,15.297058540778355,8.83549975879097,607.0819672131148,757.9180327868852
1709,50.0,10.462580943533961,7.076722405181653,10.44030650891055,7.076722405181653,1062.72,755.5
1710,8.0,4.47213595499958,2.345207879911715,4.47213595499958,2.345207879911715,1119.375,753.125
1711,5.0,3.098386676965933,1.7888543819998317,3.1622776601683795,1.7888543819998317,1226.4,753.2
1712,55.0,22.340174445436414,4.009935280535252,19.235384061671343,4.009935280535252,2070.163636363636,760.290909090909
1713,7.0,4.155374705678736,1.9054711331003737,4.123105625617661,1.9054711331003737,254.57142857142858,754.7142857142857
1714,53.0,14.813149557801461,5.487382073007035,14.142135623730951,5.487382073007035,647.2641509433962,755.2641509433962
1715,25.0,7.5522898061818395,4.445550436497361,8.06225774829855,4.445550436497361,1206.56,755.92
1716,14.0,4.981598792617913,3.625307868699863,5.0990195135927845,3.625307868699863,1495.142857142857,755.5
1717,17.0,7.699594153542117,3.005759300257769,7.211102550927978,3.005759300257769,2103.294117647059,756.7647058823529
1718,11.0,5.055959348388901,2.6889893077494644,5.0990195135927845,2.6889893077494644,479.8181818181818,756.9090909090909
1719,35.0,11.754089937474804,5.311802640608364,10.816653826391969,5.311802640608364,859.8857142857142,759.4
1720,12.0,6.831300510639732,2.0,6.082762530298219,2.0,875.5,755.5
1721,19.0,6.346288165565502,3.945820810156444,6.324555320336759,3.945820810156444,966.1052631578947,757.1578947368421
1722,6.0,3.265986323710904,2.0,3.1622776601683795,2.0,1001.5,756.0
1723,122.0,30.363202265530628,7.755893515332402,27.294688127912362,7.755893515332402,1104.3524590163934,767.5
1724,12.0,4.894994431930091,2.9693109114997,5.0990195135927845,2.9693109114997,2061.9166666666665,757.1666666666666
1725,18.0,5.28913906753229,4.283222569354137,5.385164807134504,4.283222569354137,1334.7222222222222,758.1666666666666
1726,10.0,3.9191835884530852,3.0983866769659336,4.123105625617661,3.0983866769659336,3255.0,757.8
1727,22.0,7.223496908811922,5.522569905288463,8.06225774829855,5.522569905288463,459.40909090909093,758.7272727272727
1728,18.0,6.831300510639732,3.265986323710904,6.324555320336759,3.265986323710904,2051.5,758.0
1729,11.0,5.413240897938447,2.872375669920461,5.385164807134504,2.872375669920461,266.72727272727275,759.1818181818181
1730,14.0,4.20883424647321,4.120630029101703,4.47213595499958,4.120630029101703,515.5,759.2857142857143
1731,9.0,5.274258481434536,1.946056459258261,5.0990195135927845,1.946056459258261,550.2222222222222,758.4444444444445
1732,8.0,4.976979969245306,1.7971283720789095,5.0990195135927845,1.7971283720789095,808.5,760.0
1733,5.0,3.098386676965933,1.7888543819998317,3.1622776601683795,1.7888543819998317,2043.6,758.8
1734,8.0,3.4641016151377544,2.7386127875258306,3.605551275463989,2.7386127875258306,2110.125,758.875
1735,7.0,3.0237157840738176,2.7994168488950604,3.1622776601683795,2.7994168488950604,361.0,759.7142857142857
1736,11.0,4.348458452036872,3.3525616208337774,4.47213595499958,3.3525616208337774,993.2727272727273,760.6363636363636
1737,6.0,3.265986323710904,2.0,3.1622776601683795,2.0,1504.5,760.0
1738,26.0,9.81929007817732,3.5694965575299133,9.848857801796104,3.5694965575299133,539.8461538461538,764.0
1739,16.0,5.0012950476971705,4.491608603371376,5.385164807134504,4.491608603371376,894.625,761.6875
1740,14.0,8.0,2.0,7.0710678118654755,2.0,1001.5,763.0
1741,15.0,6.342284798713821,2.9735652336328955,6.082762530298219,2.9735652336328955,1011.4,760.8
1742,11.0,4.348458452036872,3.3525616208337774,4.47213595499958,3.3525616208337774,1088.6363636363637,761.2727272727273
1743,8.0,3.4641016151377544,2.7386127875258306,3.605551275463989,2.7386127875258306,1094.125,760.875
1744,47.0,9.992138421382228,6.902253193540999,10.63014581273465,6.902253193540999,1215.8085106382978,763.1489361702128
1745,10.0,6.0,1.959591794226542,6.0,1.959591794226542,486.4,763.5
1746,35.0,11.363096087295899,4.136848643428444,10.44030650891055,4.136848643428444,709.0,765.3428571428572
1747,12.0,6.831300510639732,2.0,6.082762530298219,2.0,725.5,763.5
1748,17.0,7.64757673495253,2.76014063253786,7.280109889280518,2.76014063253786,873.1176470588235,764.1764705882352
1749,6.0,3.1269438398822857,2.309401076758503,3.1622776601683795,2.309401076758503,889.1666666666666,761.8333333333334
1750,12.0,6.831300510639732,2.0,6.082762530298219,2.0,945.5,763.5
1751,31.0,8.140073253376553,4.906978438759047,8.246211251235321,4.906978438759047,974.741935483871,764.6451612903226
1752,5.0,3.098386676965933,1.7888543819998317,3.1622776601683795,1.7888543819998317,272.6,763.8
1753,22.0,5.752469825293227,4.851514205136848,6.082762530298219,4.851514205136848,923.5,765.2727272727273
1754,24.0,9.16515138991168,3.265986323710904,8.246211251235321,3.265986323710904,1075.5,764.0
1755,16.0,5.149449337222181,3.918950308868696,5.385164807134504,3.918950308868696,2118.3125,765.1875
1756,15.0,4.9746021616473675,3.771236166328254,5.0990195135927845,3.771236166328254,611.9333333333333,765.6
1757,16.0,5.654620339080162,3.4946772126851653,5.830951894845301,3.4946772126851653,1415.375,765.8125
1758,6.0,3.265986323710904,2.0,3.1622776601683795,2.0,733.5,766.0
1759,31.0,6.866650165496811,5.747369664856797,7.211102550927978,5.747369664856797,813.5483870967741,767.5483870967741
1760,5.0,3.098386676965933,1.7888543819998317,3.1622776601683795,1.7888543819998317,830.4,766.2
1761,14.0,5.570073267119404,3.306579421757651,6.082762530298219,3.306579421757651,993.3571428571429,766.5
1762,34.0,7.646153792598551,5.677613417418191,8.06225774829855,5.677613417418191,1027.5,768.4117647058823
1763,5.0,3.098386676965933,1.7888543819998317,3.1622776601683795,1.7888543819998317,1119.6,765.8
1764,5.0,3.098386676965933,1.7888543819998317,3.1622776601683795,1.7888543819998317,2065.4,766.2
1765,116.0,18.029182563386975,13.31872848787141,17.72004514666935,13.31872848787141,1167.0689655172414,772.2413793103449
1766,108.0,26.754851869385444,7.658314483875425,25.942243542145693,7.658314483875425,2118.472222222222,773.9537037037037
1767,23.0,7.46003846592251,3.919800928551181,7.280109889280518,3.919800928551181,888.5652173913044,770.7391304347826
1768,61.0,17.456250003183378,8.56218708810793,15.811388300841896,8.56218708810793,903.2131147540983,776.1803278688525
1769,20.0,5.138093031466052,4.9396356140913875,5.385164807134504,4.9396356140913875,917.25,769.75
1770,17.0,7.647576734952531,2.7601406325378597,7.280109889280518,2.7601406325378597,938.8235294117648,769.1176470588235
1771,23.0,8.879990161010365,3.210955619125894,8.246211251235321,3.210955619125894,1066.9565217391305,771.3478260869565
1772,7.0,3.582070095417669,2.4713456540351713,3.605551275463989,2.4713456540351713,952.7142857142857,769.8571428571429
1773,12.0,6.831300510639732,2.0,6.082762530298219,2.0,979.5,771.5
1774,5.0,3.098386676965933,1.7888543819998317,3.1622776601683795,1.7888543819998317,1192.6,769.8
1775,6.0,3.265986323710904,2.0,3.1622776601683795,2.0,1198.5,770.0
1776,12.0,6.831300510639732,2.0,6.082762530298219,2.0,2059.5,771.5
1777,23.0,5.656854249492381,5.223185188758681,6.082762530298219,5.223185188758681,1050.608695652174,772.4782608695652
1778,5.0,3.098386676965933,1.7888543819998317,3.1622776601683795,1.7888543819998317,1216.4,770.8
1779,30.0,15.203906901398073,3.2175030761028376,13.601470508735444,3.2175030761028376,498.26666666666665,776.6333333333333
1780,73.0,21.134498424548223,8.275236124727062,21.095023109728988,8.275236124727062,1089.5068493150684,782.6712328767123
1781,23.0,5.814167475253484,5.029477667275335,6.324555320336759,5.029477667275335,1229.1739130434783,773.5652173913044
1782,23.0,5.896930968224015,5.02332226645609,6.324555320336759,5.02332226645609,109.26086956521739,774.9130434782609
1783,27.0,10.102311929048541,3.5802884179864036,9.219544457292887,3.5802884179864036,1004.2592592592592,773.7777777777778
1784,5.0,3.098386676965933,1.7888543819998317,3.1622776601683795,1.7888543819998317,1143.6,773.2
1785,20.0,6.623016793421849,3.9313672626774747,6.708203932499369,3.9313672626774747,369.45,774.8
1786,20.0,9.650656844676973,2.9639201180682124,8.246211251235321,2.9639201180682124,580.3,773.8
1787,8.0,3.4641016151377544,2.7386127875258306,3.605551275463989,2.7386127875258306,601.125,773.875
1788,8.0,5.212736088651405,1.9563697171218042,5.0990195135927845,1.9563697171218042,854.25,775.0
1789,5.0,3.098386676965933,1.7888543819998317,3.1622776601683795,1.7888543819998317,990.2,773.6
1790,6.0,6.831300510639732,0.0,6.0,0.0,1035.5,773.0
1791,199.0,34.41695330428398,10.257844903657038,33.015148038438355,10.257844903657038,1175.4020100502512,787.391959798995
1792,24.0,7.95408829515663,4.312028583388959,8.54400374531753,4.312028583388959,1432.0416666666667,776.5833333333334
1793,6.0,6.831300510639732,0.0,6.0,0.0,179.5,774.0
1794,9.0,4.618802153517006,2.351778943168525,4.47213595499958,2.351778943168525,361.44444444444446,774.8888888888889
1795,25.0,6.454073276628772,4.933734705059277,6.708203932499369,4.933734705059277,1017.44,776.96
1796,18.0,5.96284793999944,3.8297084310253524,6.082762530298219,3.8297084310253524,1075.5,777.3333333333334
1797,11.0,4.0,3.4688698233343476,4.123105625617661,3.4688698233343476,1150.3636363636363,776.5454545454545
1798,29.0,10.616272796246632,3.5966172442674127,10.44030650891055,3.5966172442674127,469.58620689655174,778.1034482758621
1799,6.0,3.265986323710904,2.0,3.1622776601683795,2.0,505.0,776.5
1800,6.0,3.9999999999999996,1.632993161855452,4.123105625617661,1.632993161855452,519.5,776.5
1801,476.0,59.89846025628379,23.79478578556518,52.0,23.79478578556518,1036.4621848739496,801.7394957983194
1802,7.0,3.6486656040768595,2.5058084612197162,4.0,2.5058084612197162,1328.857142857143,777.4285714285714
1803,32.0,16.829734106399435,2.3934911547560795,15.132745950421556,2.3934911547560795,1391.03125,776.96875
1804,7.0,3.582070095417669,2.4713456540351713,3.605551275463989,2.4713456540351713,1463.142857142857,776.7142857142857
1805,16.0,6.324555320336759,3.122498999199199,6.082762530298219,3.122498999199199,710.875,779.5
1806,8.0,4.507893913753563,2.104493398028036,4.47213595499958,2.104493398028036,849.875,778.25
1807,22.0,10.080586796510174,2.998889808905731,9.433981132056603,2.998889808905731,875.8636363636364,780.5
1808,24.0,9.036719645764965,3.7124308058588733,8.602325267042627,3.7124308058588733,915.6666666666666,780.0833333333334
1809,12.0,6.831300510639732,2.0,6.082762530298219,2.0,1011.5,779.5
1810,24.0,5.990898168162954,5.1476235320379296,6.324555320336759,5.1476235320379296,1065.5416666666667,779.375
1811,32.0,7.9005780600397095,5.116113399566039,8.06225774829855,5.116113399566039,1132.71875,779.90625
1812,12.0,5.5815377872896486,2.801149037280554,6.082762530298219,2.801149037280554,1139.75,779.5
1813,201.0,29.792449592587296,17.589063957647763,27.202941017470888,17.589063957647763,1199.6169154228855,786.8656716417911
1814,26.0,8.608452395733018,3.9704369829535904,8.54400374531753,3.9704369829535904,1217.6538461538462,780.3846153846154
1815,12.0,3.8297084310253524,3.8297084310253524,4.123105625617661,3.8297084310253524,235.5,779.5
1816,7.0,3.0237157840738176,2.799416848895061,3.1622776601683795,2.799416848895061,654.7142857142857,779.0
1817,14.0,8.0,2.0,7.0710678118654755,2.0,548.0,779.5
1818,6.0,3.265986323710904,2.0,3.1622776601683795,2.0,822.0,779.5
1819,17.0,6.155927745253288,3.50195990059763,6.082762530298219,3.50195990059763,869.7647058823529,781.5294117647059
1820,5.0,3.098386676965933,1.7888543819998317,3.1622776601683795,1.7888543819998317,883.8,779.4
1821,14.0,8.0,2.0,7.0710678118654755,2.0,979.0,779.5
1822,8.0,4.47213595499958,2.0,4.123105625617661,2.0,998.5,779.5
1823,10.0,4.09878030638384,2.9933259094191533,4.123105625617661,2.9933259094191533,2177.2,780.5
1824,11.0,5.0559593483889005,2.688989307749465,5.0990195135927845,2.688989307749465,1313.909090909091,781.1818181818181
1825,11.0,6.755367456166082,2.0208955432270606,6.324555320336759,2.0208955432270606,355.72727272727275,782.0
1826,6.0,3.126943839882286,2.309401076758503,3.1622776601683795,2.309401076758503,381.8333333333333,782.1666666666666
1827,7.0,3.0237157840738176,2.7994168488950604,3.1622776601683795,2.7994168488950604,689.0,781.7142857142857
1828,16.0,5.326818938165629,3.7416573867739418,5.385164807134504,3.7416573867739418,1664.6875,783.0625
1829,11.0,6.093817050591153,2.2758390410355025,6.082762530298219,2.2758390410355025,2118.3636363636365,783.6363636363636
1830,40.0,11.26492896009623,7.978181216542102,11.661903789690601,7.978181216542102,1153.725,784.8
1831,15.0,5.839939839105166,3.1821712378097198,5.830951894845301,3.1821712378097198,744.4666666666667,784.8666666666667
1832,8.0,3.4641016151377544,2.7386127875258306,3.605551275463989,2.7386127875258306,992.875,783.875
1833,38.0,7.807337220868395,6.361113744315489,8.246211251235321,6.361113744315489,1575.157894736842,786.2894736842105
1834,36.0,8.051678328372615,5.622714694954674,8.602325267042627,5.622714694954674,122.5,787.0
1835,6.0,3.126943839882286,2.309401076758503,3.1622776601683795,2.309401076758503,493.8333333333333,784.8333333333334
1836,6.0,3.265986323710904,2.0,3.1622776601683795,2.0,549.0,784.5
1837,12.0,4.47213595499958,3.265986323710904,4.47213595499958,3.265986323710904,647.0,785.5
1838,16.0,5.0942109424386555,3.9747974632600163,5.385164807134504,3.9747974632600163,892.0,785.625
1839,275.0,45.12074642732997,16.922594818594117,41.7612260356422,16.922594818594117,1075.9672727272728,802.9418181818182
1840,26.0,7.6776163822089565,4.369177227604358,8.06225774829855,4.369177227604358,1445.6153846153845,786.1153846153846
1841,15.0,8.701579641278252,1.9816549121722193,8.06225774829855,1.9816549121722193,2123.5333333333333,787.2666666666667
1842,13.0,7.1124454984660614,2.4164342602910716,6.324555320336759,2.4164342602910716,697.3846153846154,787.6923076923077
1843,37.0,18.25619248344594,3.326845439760126,16.492422502470642,3.326845439760126,1021.1351351351351,793.0
1844,71.0,14.741373550165015,8.178599250468512,15.652475842498529,8.178599250468512,1140.4366197183099,792.4647887323944
1845,16.0,6.324555320336759,4.264680527307995,6.324555320336759,4.264680527307995,1490.875,787.1875
1846,16.0,5.237469462291627,3.9059459330055573,5.385164807134504,3.9059459330055573,150.0625,788.125
1847,22.0,6.402478858785095,4.306443375391641,6.324555320336759,4.306443375391641,625.2727272727273,787.5
1848,8.0,4.47213595499958,2.0,4.123105625617661,2.0,872.5,787.5
1849,54.0,8.816711325771609,7.9438723284585935,9.433981132056603,7.9438723284585935,1011.1111111111111,790.6666666666666
1850,159.0,35.21161898601531,8.127331765471475,37.013511046643494,8.127331765471475,1052.5345911949685,802.7484276729559
1851,42.0,14.209879514555713,5.965315843779797,12.649110640673518,5.965315843779797,1105.3333333333333,791.5952380952381
1852,83.0,18.05949489201932,9.047163115051651,17.46424919657298,9.047163115051651,850.843373493976,795.7951807228916
1853,6.0,3.1269438398822857,2.309401076758503,3.1622776601683795,2.309401076758503,920.1666666666666,788.8333333333334
1854,18.0,7.416721908507127,3.0395969654079673,7.0710678118654755,3.0395969654079673,267.1111111111111,789.8333333333334
1855,27.0,11.66808326527125,3.3748245282462994,10.770329614269007,3.3748245282462994,492.3703703703704,792.2222222222222
1856,9.0,4.25044367047193,2.612014068307059,4.47213595499958,2.612014068307059,688.6666666666666,790.0
1857,10.0,5.789587707837038,2.2451445773629537,5.385164807134504,2.2451445773629537,793.3,791.0
1858,36.0,7.397741392964434,6.361678485039792,8.06225774829855,6.361678485039792,910.1944444444445,792.6111111111111
1859,12.0,3.8297084310253524,3.8297084310253524,4.123105625617661,3.8297084310253524,1043.5,790.5
1860,8.0,3.4641016151377544,2.7386127875258306,3.605551275463989,2.7386127875258306,1392.875,790.125
1861,18.0,7.215409991820068,3.1011080270803415,7.0710678118654755,3.1011080270803415,1411.5555555555557,789.9444444444445
1862,26.0,10.984807895350905,3.9847677724631914,10.198039027185569,3.9847677724631914,1496.8076923076924,792.9230769230769
1863,5.0,3.098386676965933,1.7888543819998317,3.1622776601683795,1.7888543819998317,2112.8,789.6
1864,16.0,6.835263821247007,2.9524004630049383,6.708203932499369,2.9524004630049383,391.6875,792.5
1865,40.0,10.563666636205056,4.986877499911955,10.44030650891055,4.986877499911955,721.075,792.875
1866,20.0,7.010143061396829,3.7918193863566203,6.708203932499369,3.7918193863566203,939.7,792.8
1867,236.0,33.22135223260253,14.340271730265592,33.13608305156178,14.340271730265592,1208.6016949152543,807.6991525423729
1868,90.0,15.57422005702745,12.748341571559827,17.72004514666935,12.748341571559827,2140.9666666666667,796.3222222222222
1869,23.0,10.070546592347176,2.9968427981286396,10.04987562112089,2.9968427981286396,425.04347826086956,797.4782608695652
1870,103.0,23.09246877093063,8.440139438538912,19.924858845171276,8.440139438538912,526.4174757281553,796.2330097087379
1871,18.0,6.831300510639732,3.265986323710904,6.324555320336759,3.265986323710904,619.5,793.0
1872,6.0,3.265986323710904,2.0,3.1622776601683795,2.0,656.5,793.0
1873,26.0,9.596996437875909,3.527327326691125,8.94427190999916,3.527327326691125,893.5769230769231,795.6923076923077
1874,23.0,6.16382376061848,4.856708444274306,6.324555320336759,4.856708444274306,1094.7826086956522,794.1304347826087
1875,21.0,6.353819391148666,4.256082696052587,6.324555320336759,4.256082696052587,1349.3809523809523,794.2380952380952
1876,5.0,3.098386676965933,1.7888543819998317,3.1622776601683795,1.7888543819998317,2064.6,793.2
1877,27.0,7.499676684064424,4.5211415251838645,7.615773105863909,4.5211415251838645,357.0,795.8518518518518
1878,167.0,18.13936173434515,14.780692830532544,18.973665961010276,14.780692830532544,586.2934131736527,800.8263473053893
1879,6.0,3.265986323710904,2.0,3.1622776601683795,2.0,641.0,793.5
1880,14.0,5.81973114901276,3.2463660635419305,6.324555320336759,3.2463660635419305,1111.0,796.7142857142857
1881,9.0,4.277662731533559,2.643019518000728,4.123105625617661,2.643019518000728,302.3333333333333,796.5555555555555
1882,14.0,5.449353665897314,3.1458514520977277,5.385164807134504,3.1458514520977277,1086.0714285714287,797.1428571428571
1883,100.0,27.822977492421064,5.992956153371286,25.632011235952593,5.992956153371286,1123.1,807.77
1884,6.0,3.265986323710904,2.0,3.1622776601683795,2.0,1161.0,795.5
1885,8.0,3.4641016151377544,2.7386127875258306,3.605551275463989,2.7386127875258306,1181.875,795.875
1886,10.0,4.09878030638384,2.9933259094191533,4.123105625617661,2.9933259094191533,398.8,797.5
1887,8.0,3.8888437389046198,2.6223833385648136,4.123105625617661,2.6223833385648136,693.75,797.25
1888,205.0,30.28433807141783,9.53468749112769,29.832867780352597,9.53468749112769,1681.3902439024391,809.9756097560976
1889,17.0,8.044078668271238,2.815932630471776,7.615773105863909,2.815932630471776,1371.9411764705883,799.5294117647059
1890,18.0,6.0,3.9752319599996264,6.082762530298219,3.9752319599996264,955.5,800.8888888888889
1891,8.0,3.8888437389046198,2.6223833385648136,4.123105625617661,2.6223833385648136,2130.25,800.25
1892,6.0,3.8297084310253524,1.8856180831641272,4.0,1.8856180831641272,187.5,800.6666666666666
1893,11.0,4.972652484064487,2.7453943400984544,5.0990195135927845,2.7453943400984544,493.27272727272725,801.0
1894,14.0,5.026955863272364,3.859142398880101,5.385164807134504,3.859142398880101,662.8571428571429,802.4285714285714
1895,13.0,4.907725735659753,3.279400065550629,5.0,3.279400065550629,672.4615384615385,801.3846153846154
1896,9.0,3.265986323710904,3.265986323710904,3.605551275463989,3.265986323710904,942.0,801.0
1897,5.0,3.098386676965933,1.7888543819998317,3.1622776601683795,1.7888543819998317,998.2,800.6
1898,11.0,5.406498133144968,2.6459748477598315,5.385164807134504,2.6459748477598315,1472.4545454545455,800.7272727272727
1899,5.0,3.098386676965933,1.7888543819998317,3.1622776601683795,1.7888543819998317,1542.4,800.8
1900,16.0,9.16515138991168,2.0,8.06225774829855,2.0,2155.5,803.5
1901,126.0,18.201361339272264,9.057802091599164,17.46424919657298,9.057802091599164,2163.5,807.5
1902,44.0,16.94862520263116,3.2423292217259805,15.132745950421556,3.2423292217259805,1064.9772727272727,807.8409090909091
1903,30.0,17.281975195754296,2.0,15.033296378372908,2.0,1247.0,801.5
1904,14.0,4.20883424647321,4.120630029101703,4.47213595499958,4.120630029101703,926.2857142857143,803.5
1905,20.0,6.0,4.09878030638384,6.082762530298219,4.09878030638384,1229.5,803.5
1906,251.0,44.964904989296116,12.476653503397387,42.638011210655684,12.476653503397387,2169.864541832669,819.1752988047808
1907,48.0,14.991171012689323,4.6286622139151135,14.317821063276353,4.6286622139151135,237.41666666666666,808.9375
1908,28.0,16.1245154965971,2.0,14.035668847618199,2.0,439.5,803.5
1909,15.0,8.414456849764676,2.4196474332485147,8.246211251235321,2.4196474332485147,1022.2666666666667,807.2666666666667
1910,18.0,5.4124429567643615,4.376060521087009,5.830951894845301,4.376060521087009,1137.6666666666667,804.8333333333334
1911,20.0,5.138093031466052,5.075431016179809,6.082762530298219,5.075431016179809,1147.5,805.3
1912,271.0,34.393124440550295,14.493087309848752,34.132096331752024,14.493087309848752,1178.0848708487085,817.2287822878229
1913,44.0,10.548833145954385,6.241937894620687,11.40175425099138,6.241937894620687,899.1136363636364,807.7272727272727
1914,66.0,17.505175835645584,5.3823883682092095,16.76305461424021,5.3823883682092095,1102.0454545454545,807.6666666666666
1915,5.0,3.098386676965933,1.7888543819998317,3.1622776601683795,1.7888543819998317,198.2,805.6
1916,12.0,6.831300510639732,2.0,6.082762530298219,2.0,475.5,805.5
1917,6.0,6.831300510639732,0.0,6.0,0.0,523.5,805.0
1918,1002393.0,1981.8158004855106,744.3418771758768,2159.451087660936,744.3418771758768,1562.2153396921167,1419.6548639106618
1919,5.0,3.098386676965933,1.7888543819998317,3.1622776601683795,1.7888543819998317,1542.4,806.2
1920,44.0,10.56419467103054,5.734578821356899,11.045361017187261,5.734578821356899,2129.931818181818,808.1818181818181
1921,6.0,4.363338213437162,1.65500979239906,4.123105625617661,1.65500979239906,700.1666666666666,806.6666666666666
1922,20.0,8.537449373894841,3.6320735383775746,9.055385138137417,3.6320735383775746,946.6,809.6
1923,6.0,3.1269438398822857,2.309401076758503,3.1622776601683795,2.309401076758503,1261.1666666666667,806.8333333333334
1924,90.0,23.450179724379552,7.433337271580199,21.400934559032695,7.433337271580199,516.9222222222222,813.9333333333333
1925,6.0,3.8297084310253524,1.8856180831641272,4.0,1.8856180831641272,621.6666666666666,808.5
1926,102.0,18.211761216401598,12.347694039419618,18.973665961010276,12.347694039419618,1162.5882352941176,816.0588235294117
1927,89.0,18.46543147868769,7.18587881328873,18.027756377319946,7.18587881328873,2203.61797752809,814.1123595505618
1928,6.0,3.8297084310253524,1.8856180831641272,4.0,1.8856180831641272,187.5,808.3333333333334
1929,6.0,3.265986323710904,2.0,3.1622776601683795,2.0,449.5,809.0
1930,18.0,5.96570925226535,3.8701698091948753,6.082762530298219,3.8701698091948753,610.1111111111111,809.7777777777778
1931,8.0,3.4641016151377544,2.7386127875258306,3.605551275463989,2.7386127875258306,664.875,808.875
1932,8.0,3.8888437389046198,2.6223833385648136,4.123105625617661,2.6223833385648136,912.25,809.25
1933,19.0,6.007929625764467,3.9363446638591832,6.082762530298219,3.9363446638591832,1014.421052631579,810.578947368421
1934,25.0,7.590326539571496,4.176858032382307,7.280109889280518,4.176858032382307,1234.32,811.08
1935,14.0,6.399429151232489,2.789623705073293,7.0,2.789623705073293,1406.0714285714287,811.1428571428571
1936,15.0,6.342284798713821,2.9735652336328955,6.082762530298219,2.9735652336328955,304.8,811.4
1937,19.0,5.695310541255227,4.169006159014705,6.082762530298219,4.169006159014705,690.5263157894736,811.3684210526316
1938,19.0,7.689062726753996,3.080216334381548,7.280109889280518,3.080216334381548,801.1052631578947,811.7368421052631
1939,31.0,11.777731839569494,5.305144111816082,11.180339887498949,5.305144111816082,1116.5806451612902,814.483870967742
1940,12.0,6.831300510639732,2.0,6.082762530298219,2.0,2083.5,811.5
1941,33.0,19.875173101406574,2.918622511794119,16.278820596099706,2.918622511794119,2094.6666666666665,815.969696969697
1942,25.0,7.030163510640437,4.851474107285302,7.211102550927978,4.851474107285302,206.2,813.0
1943,40.0,9.020988161249692,6.322323354162842,9.486832980505138,6.322323354162842,930.025,812.8
1944,43.0,9.365381998360473,7.498602986018795,9.848857801796104,7.498602986018795,1006.8837209302326,812.8837209302326
1945,60.0,13.736325711279267,7.106024076505117,13.341664064126334,7.106024076505117,592.0333333333333,815.5
1946,93.0,27.819436795823485,5.793421466918123,25.298221281347036,5.793421466918123,1099.9354838709678,821.8172043010753
1947,12.0,6.831300510639732,2.0,6.082762530298219,2.0,1243.5,811.5
1948,20.0,5.138093031466052,5.075431016179809,6.082762530298219,5.075431016179809,1260.5,813.3
1949,25.0,9.26097260568092,3.5769241530716838,8.54400374531753,3.5769241530716838,218.4,813.8
1950,33.0,7.9654640388151146,5.457949754306989,8.602325267042627,5.457949754306989,252.5151515151515,815.4242424242424
1951,7.0,4.155374705678736,1.9054711331003737,4.123105625617661,1.9054711331003737,1428.2857142857142,812.5714285714286
1952,9.0,3.885753375057407,2.7954428906961324,4.123105625617661,2.7954428906961324,1480.888888888889,813.3333333333334
1953,54.0,15.99630647499629,5.559770327900863,15.524174696260024,5.559770327900863,2120.1111111111113,815.6296296296297
1954,5.0,3.098386676965933,1.7888543819998317,3.1622776601683795,1.7888543819998317,280.8,813.6
1955,27.0,9.189123250035323,3.893515788951587,8.94427190999916,3.893515788951587,451.6666666666667,815.8148148148148
1956,8.0,3.4641016151377544,2.7386127875258306,3.605551275463989,2.7386127875258306,493.875,813.875
1957,14.0,8.84054428734893,3.1635489579813103,8.246211251235321,3.1635489579813103,614.8571428571429,815.5714285714286
1958,16.0,7.745966692414834,2.6457513110645907,8.0,2.6457513110645907,635.5,813.75
1959,13.0,5.055900530816918,3.1378581622109447,5.0990195135927845,3.1378581622109447,657.6923076923077,814.0
1960,34.0,11.424480075683755,4.0873180075832884,11.704699910719626,4.0873180075832884,671.9705882352941,818.0588235294117
1961,12.0,6.831300510639732,2.0,6.082762530298219,2.0,963.5,813.5
1962,353.0,36.01025218857583,21.816516741694137,35.35533905932738,21.816516741694137,1142.3059490084986,828.6600566572238
1963,8.0,3.4641016151377544,2.7386127875258306,3.605551275463989,2.7386127875258306,1152.875,813.875
1964,85.0,20.365474071694983,8.779379274025898,20.248456731316587,8.779379274025898,1191.0823529411764,820.9176470588235
1965,36.0,12.054906849693015,4.970303029318139,10.770329614269007,4.970303029318139,1368.888888888889,816.1666666666666
1966,18.0,7.416721908507126,3.039596965407966,7.0710678118654755,3.039596965407966,1379.888888888889,813.8333333333334
1967,5.0,3.098386676965933,1.7888543819998317,3.1622776601683795,1.7888543819998317,1485.6,813.8
1968,8.0,3.4641016151377544,2.7386127875258306,3.605551275463989,2.7386127875258306,2185.125,814.125
1969,25.0,6.7835175588523455,4.875396345810452,7.280109889280518,4.875396345810452,557.28,816.2
1970,8.0,4.487387140792187,2.3158921927958827,4.47213595499958,2.3158921927958827,889.375,814.875
1971,27.0,6.948726855494754,5.093417740417346,7.615773105863909,5.093417740417346,1510.0740740740741,817.1481481481482
1972,6.0,3.265986323710904,2.0,3.1622776601683795,2.0,1596.0,814.5
1973,65.0,16.077631072664072,6.861587041234903,15.132745950421556,6.861587041234903,393.4307692307692,821.2923076923076
1974,24.0,5.711215641975129,5.407691466972733,6.324555320336759,5.407691466972733,461.5833333333333,817.7083333333334
1975,11.0,6.410747983365109,1.9649396885733192,6.082762530298219,1.9649396885733192,703.4545454545455,817.7272727272727
1976,17.0,6.721344403334447,3.0678599553894816,7.0,3.0678599553894816,337.0,817.0
1977,6.0,3.8297084310253524,1.8856180831641272,4.0,1.8856180831641272,421.5,816.6666666666666
1978,17.0,8.047030104772455,2.767766501419623,7.280109889280518,2.767766501419623,485.7647058823529,819.3529411764706
1979,19.0,7.455128930368747,3.15086937833595,7.0710678118654755,3.15086937833595,641.1052631578947,819.0
1980,20.0,5.138093031466052,5.075431016179807,6.082762530298219,5.075431016179807,867.5,817.7
1981,14.0,8.0,2.0,7.0710678118654755,2.0,875.5,819.0
1982,25.0,6.914286613571402,4.57758021506858,7.211102550927978,4.57758021506858,1391.32,818.2
1983,6.0,3.265986323710904,2.0,3.1622776601683795,2.0,1443.5,817.0
1984,13.0,7.554371880072024,1.9753176197160076,7.0710678118654755,1.9753176197160076,2101.5384615384614,819.2307692307693
1985,85.0,16.740164722035704,7.807686255471993,17.08800749063506,7.807686255471993,2149.5529411764705,820.1294117647059
1986,7.0,3.582070095417669,2.4713456540351713,3.605551275463989,2.4713456540351713,384.7142857142857,817.8571428571429
1987,14.0,8.0,2.0,7.0710678118654755,2.0,403.5,820.0
1988,104.0,15.688239479755302,12.409035885661947,17.4928556845359,12.409035885661947,432.91346153846155,824.7692307692307
1989,18.0,6.831300510639732,3.265986323710904,6.324555320336759,3.265986323710904,473.0,819.5
1990,21.0,9.26409242207861,3.3993052823248964,8.54400374531753,3.3993052823248964,626.6666666666666,819.4285714285714
1991,25.0,12.122668447135284,2.6649033229801424,11.661903789690601,2.6649033229801424,1013.56,819.76
1992,41.0,12.367284249821187,5.183344095548517,12.206555615733702,5.183344095548517,1110.9756097560976,821.829268292683
1993,41.0,16.0589511730828,6.311705819319559,15.811388300841896,6.311705819319559,1252.1463414634147,824.829268292683
1994,83.0,22.648508061590103,6.015965282610665,20.808652046684813,6.015965282610665,1395.2048192771085,825.7590361445783
1995,25.0,6.687593551728717,4.934054366023596,7.0710678118654755,4.934054366023596,1470.44,819.64
1996,61.0,12.31277567051665,7.486471920606918,13.601470508735444,7.486471920606918,1495.032786885246,822.9344262295082
1997,6.0,6.831300510639732,0.0,6.0,0.0,2090.0,819.5
1998,25.0,6.421863118760055,5.517216153451791,6.708203932499369,5.517216153451791,925.08,820.44
1999,9.0,4.277662731533559,2.643019518000728,4.123105625617661,2.643019518000728,366.44444444444446,819.6666666666666
2000,6.0,3.265986323710904,2.0,3.1622776601683795,2.0,1430.0,819.5
2001,16.0,4.898979485566356,4.0,5.0990195135927845,4.0,1027.5,822.0
2002,69.0,14.984044986703676,6.390706905877884,14.422205101855956,6.390706905877884,1198.5217391304348,826.463768115942
2003,44.0,13.725459595031587,5.393616388670083,12.806248474865697,5.393616388670083,1017.6363636363636,825.8409090909091
2004,591.0,49.10206548287883,33.119250778256514,48.33218389437829,33.119250778256514,1061.8155668358713,849.4467005076142
2005,7.0,3.5820700954176696,2.4713456540351717,3.605551275463989,2.4713456540351717,1319.142857142857,822.2857142857143
2006,39.0,15.82970844507955,3.422123439383142,14.560219778561036,3.422123439383142,1455.948717948718,827.5897435897435
2007,27.0,11.189629625559203,4.640654379263067,10.295630140987,4.640654379263067,418.44444444444446,824.9629629629629
2008,27.0,7.1037824155415095,5.04301725082262,7.615773105863909,5.04301725082262,1243.851851851852,825.2222222222222
2009,12.0,5.773502691896258,2.7080128015453204,5.385164807134504,2.7080128015453204,1440.25,823.75
2010,6.0,3.126943839882286,2.309401076758503,3.1622776601683795,2.309401076758503,314.8333333333333,824.1666666666666
2011,14.0,5.3909797661462155,3.2448688564710846,5.385164807134504,3.2448688564710846,369.92857142857144,824.8571428571429
2012,21.0,5.986061169107464,4.65150077231057,6.324555320336759,4.65150077231057,569.7142857142857,825.4285714285714
2013,419.0,47.064580275673144,19.67938509827888,46.52956049652737,19.67938509827888,607.6396181384248,847.5226730310262
2014,7.0,4.155374705678736,1.9054711331003737,4.123105625617661,1.9054711331003737,616.4285714285714,824.7142857142857
2015,9.0,3.7817431280582214,3.1300454222715657,4.123105625617661,3.1300454222715657,1067.7777777777778,824.3333333333334
2016,223.0,28.830681170622935,17.20682472347608,30.4138126514911,17.20682472347608,1123.3139013452915,840.3991031390135
2017,23.0,9.862710934923035,3.4604291735548163,9.219544457292887,3.4604291735548163,1504.6521739130435,827.9130434782609
2018,27.0,8.172165640169155,4.108649860257362,8.06225774829855,4.108649860257362,275.55555555555554,827.5925925925926
2019,78.0,16.212017214836543,12.712993430654139,16.55294535724685,12.712993430654139,445.2692307692308,830.2307692307693
2020,108.0,18.624472327630365,12.056625841273044,19.209372712298546,12.056625841273044,490.47222222222223,831.175925925926
2021,115.0,40.14832211577074,10.282013067730832,33.95585369269929,10.282013067730832,565.2869565217392,840.6608695652174
2022,24.0,6.809439783974742,4.6718277229438225,7.211102550927978,4.6718277229438225,644.9583333333334,826.3333333333334
2023,6.0,3.265986323710904,2.0,3.1622776601683795,2.0,1310.0,824.5
2024,19.0,8.866183807664768,3.082464600413571,8.06225774829855,3.082464600413571,2179.5789473684213,827.0
2025,15.0,5.082404752320706,3.9260166044010005,5.385164807134504,3.9260166044010005,137.26666666666668,827.4666666666667
2026,14.0,8.0,2.0,7.0710678118654755,2.0,267.5,828.0
2027,78.0,16.52461750021113,6.5848631060858835,16.1245154965971,6.5848631060858835,536.1025641025641,828.5384615384615
2028,85.0,17.495518677835552,9.462428485177895,21.213203435596427,9.462428485177895,578.7294117647059,834.5529411764705
2029,15.0,6.342284798713821,2.9735652336328955,6.082762530298219,2.9735652336328955,712.8,827.6
2030,27.0,8.381172438656996,4.055866129744993,8.246211251235321,4.055866129744993,827.6296296296297,826.3333333333334
2031,14.0,4.886449919442066,3.6533678956139886,5.0990195135927845,3.6533678956139886,1001.1428571428571,826.7142857142857
2032,6.0,6.831300510639732,0.0,6.0,0.0,2104.0,827.5
2033,29.0,11.164121708763545,3.868800633108371,9.848857801796104,3.868800633108371,2202.689655172414,827.6206896551724
2034,5.0,3.098386676965933,1.7888543819998317,3.1622776601683795,1.7888543819998317,550.2,826.6
2035,47.0,8.865265644110725,6.743983006925004,9.486832980505138,6.743983006925004,622.8936170212766,830.0
2036,20.0,5.323496810631642,4.806285645609791,5.830951894845301,4.806285645609791,1048.85,827.75
2037,183.0,22.01667843338565,12.567510958354475,22.825424421026653,12.567510958354475,1089.6612021857923,836.6830601092896
2038,54.0,10.7397473475279,8.240516502842942,11.180339887498949,8.240516502842942,1487.5740740740741,830.7037037037037
2039,8.0,4.47213595499958,2.0,4.123105625617661,2.0,57.5,827.5
2040,19.0,5.384505512706047,4.659474379334156,6.082762530298219,4.659474379334156,211.6315789473684,829.1052631578947
2041,81.0,25.62868408221645,7.152294081965419,21.95449840010015,7.152294081965419,413.30864197530866,836.2962962962963
2042,12.0,6.831300510639732,2.0,6.082762530298219,2.0,587.5,827.5
2043,86.0,16.81519547854791,9.792265595126674,16.15549442140351,9.792265595126674,1216.406976744186,832.9186046511628
2044,15.0,5.656854249492381,3.265986323710904,5.385164807134504,3.265986323710904,1321.0,829.0
2045,11.0,4.932603624091104,2.9541957835039856,5.0990195135927845,2.9541957835039856,898.0,830.5454545454545
2046,26.0,6.201736729460423,5.203549084703927,6.324555320336759,5.203549084703927,1225.5,830.0
2047,10.0,4.541385054734408,2.774134420794161,4.47213595499958,2.774134420794161,1520.3,829.2
2048,8.0,3.4641016151377544,2.7386127875258306,3.605551275463989,2.7386127875258306,4.875,829.875
2049,6.0,3.6514837167011076,2.10818510677892,3.605551275463989,2.10818510677892,342.6666666666667,830.3333333333334
2050,77.0,26.350544161638062,5.277648971676738,23.08679276123039,5.277648971676738,937.0909090909091,839.2207792207793
2051,12.0,5.416025603090641,2.96273147243853,5.385164807134504,2.96273147243853,1068.5833333333333,830.8333333333334
2052,18.0,6.607237483178289,3.583048981158039,7.0710678118654755,3.583048981158039,1161.2222222222222,830.4444444444445
2053,14.0,7.589722392736499,2.3964667276439164,7.280109889280518,2.3964667276439164,1293.857142857143,832.1428571428571
2054,6.0,3.126943839882286,2.309401076758503,3.1622776601683795,2.309401076758503,1957.8333333333333,829.8333333333334
2055,21.0,8.0,3.265986323710904,7.280109889280518,3.265986323710904,2212.0,830.0
2056,39.0,11.470341611470438,6.8378395448384195,11.180339887498949,6.8378395448384195,813.2307692307693,834.4871794871794
2057,5.0,4.093338188813542,1.563516060678838,4.0,1.563516060678838,1006.4,830.8
2058,32.0,9.14383105655817,4.73679518336209,8.94427190999916,4.73679518336209,1235.15625,832.9375
2059,147.0,28.90117839872054,15.802864960727407,30.528675044947494,15.802864960727407,1393.7278911564626,838.8231292517007
2060,22.0,6.453085837008325,4.349674315540986,6.708203932499369,4.349674315540986,1698.0,832.1818181818181
2061,6.0,3.265986323710904,2.0,3.1622776601683795,2.0,240.5,832.0
2062,15.0,4.618802153517006,4.026578365477733,5.0,4.026578365477733,507.6,832.6
2063,43.0,10.183602880826596,5.378886052626007,10.198039027185569,5.378886052626007,1029.0,835.5813953488372
2064,71.0,16.989068874002125,7.008141708104882,18.027756377319946,7.008141708104882,1038.1549295774648,837.7464788732394
2065,5.0,5.656854249492381,0.0,5.0,0.0,1115.0,831.0
2066,40.0,9.110835253951766,5.954215395444612,9.486832980505138,5.954215395444612,1414.325,834.375
2067,27.0,6.839136258411962,5.302109075032195,7.615773105863909,5.302109075032195,2146.5925925925926,833.074074074074
2068,14.0,8.246211251235321,1.9794866372215747,8.0,1.9794866372215747,177.42857142857142,835.5
2069,9.0,3.265986323710904,3.265986323710904,3.605551275463989,3.265986323710904,478.0,833.0
2070,38.0,7.984899809868327,6.096894533186748,8.246211251235321,6.096894533186748,633.5526315789474,834.7894736842105
2071,16.0,9.16515138991168,2.0,8.06225774829855,2.0,656.5,835.5
2072,14.0,5.610602590027209,3.4568352586363433,5.830951894845301,3.4568352586363433,910.0,834.0
2073,24.0,9.16515138991168,3.265986323710904,8.246211251235321,3.265986323710904,1019.5,833.0
2074,6.0,3.265986323710904,2.0,3.1622776601683795,2.0,1054.5,833.0
2075,25.0,8.429534018848372,5.450188641237844,8.94427190999916,5.450188641237844,1262.0,835.32
2076,26.0,7.825475912511763,4.39927752239269,7.615773105863909,4.39927752239269,1300.576923076923,834.7692307692307
2077,22.0,5.752469825293227,5.219163670693572,6.324555320336759,5.219163670693572,2195.5,833.5454545454545
2078,15.0,6.437551884970737,3.1464500553054915,6.4031242374328485,3.1464500553054915,247.46666666666667,834.8
2079,20.0,8.550537791595419,3.2692970918071276,8.06225774829855,3.2692970918071276,394.3,836.15
2080,20.0,5.787435400481823,4.501732053915448,6.324555320336759,4.501732053915448,834.0,835.2
2081,50.0,15.019603774960403,7.83828440688364,15.231546211727817,7.83828440688364,1466.28,840.32
2082,6.0,3.6514837167011076,2.10818510677892,3.605551275463989,2.10818510677892,230.33333333333334,834.6666666666666
2083,6.0,3.265986323710904,2.0,3.1622776601683795,2.0,321.5,835.0
2084,43.0,9.648399025379586,5.789979625827517,9.848857801796104,5.789979625827517,1209.2790697674418,836.9069767441861
2085,66.0,10.988113961767425,7.744995235369893,11.180339887498949,7.744995235369893,741.4090909090909,839.3787878787879
2086,5.0,3.098386676965933,1.7888543819998317,3.1622776601683795,1.7888543819998317,535.4,837.2
2087,8.0,4.47213595499958,2.0,4.123105625617661,2.0,704.5,837.5
2088,7.0,3.5820700954176696,2.4713456540351717,3.605551275463989,2.4713456540351717,822.2857142857143,837.1428571428571
2089,22.0,9.195656597818699,4.552928281154946,10.0,4.552928281154946,1423.4545454545455,839.4090909090909
2090,101.0,22.844310805057795,11.580350853694354,20.8806130178211,11.580350853694354,2168.3960396039606,843.7920792079208
2091,5.0,3.098386676965933,1.7888543819998317,3.1622776601683795,1.7888543819998317,60.6,837.8
2092,8.0,3.4641016151377544,2.7386127875258306,3.605551275463989,2.7386127875258306,254.125,838.125
2093,12.0,4.47213595499958,3.265986323710904,4.47213595499958,3.265986323710904,547.5,838.0
2094,6.0,3.1269438398822857,2.309401076758503,3.1622776601683795,2.309401076758503,721.1666666666666,837.8333333333334
2095,6.0,6.831300510639732,0.0,6.0,0.0,899.5,837.0
2096,9.0,3.265986323710904,3.265986323710904,3.605551275463989,3.265986323710904,918.0,838.0
2097,5.0,3.098386676965933,1.7888543819998317,3.1622776601683795,1.7888543819998317,1110.2,837.6
2098,17.0,7.726338115306669,3.171984362364895,6.708203932499369,3.171984362364895,1447.3529411764705,839.5294117647059
2099,10.0,4.381780460041329,2.6832815729997477,4.47213595499958,2.6832815729997477,240.0,839.5
2100,8.0,3.4641016151377544,2.7386127875258306,3.605551275463989,2.7386127875258306,326.125,838.875
2101,37.0,10.56290069056413,6.068876738480946,11.40175425099138,6.068876738480946,457.4054054054054,843.7837837837837
2102,15.0,4.9746021616473675,3.771236166328254,5.0990195135927845,3.771236166328254,305.93333333333334,840.6
2103,12.0,4.894994431930091,2.9693109114997,5.0990195135927845,2.9693109114997,589.9166666666666,840.8333333333334
2104,29.0,8.504440860756826,4.2611318058210035,8.246211251235321,4.2611318058210035,1011.3793103448276,840.551724137931
2105,23.0,5.91603192984548,5.084782055220669,6.324555320336759,5.084782055220669,2147.521739130435,841.5217391304348
2106,88.0,17.130649565267625,10.303330241579046,18.601075237738275,10.303330241579046,512.9204545454545,844.7727272727273
2107,23.0,8.879990161010365,3.210955619125894,8.246211251235321,3.210955619125894,665.0434782608696,843.6521739130435
2108,109.0,15.875812567297006,10.726115836374625,18.027756377319946,10.726115836374625,1163.4587155963302,845.7247706422019
2109,56.0,12.284565281874153,6.638452204550915,13.038404810405298,6.638452204550915,1177.0357142857142,845.25
2110,134.0,19.41788752623112,11.921019846899362,18.788294228055936,11.921019846899362,1194.858208955224,844.820895522388
2111,21.0,5.662000386908122,4.744327670248814,6.082762530298219,4.744327670248814,1226.095238095238,842.0952380952381
2112,15.0,5.980827280758603,3.25486550907685,6.082762530298219,3.25486550907685,1240.1333333333334,842.1333333333333
2113,17.0,8.891502883619381,2.7033235983708366,7.810249675906654,2.7033235983708366,1508.6470588235295,842.3529411764706
2114,76.0,13.40701269401767,10.303157657430162,15.524174696260024,10.303157657430162,2217.592105263158,848.6315789473684
2115,29.0,16.407965325117278,3.1845466530712474,14.317821063276353,3.1845466530712474,138.27586206896552,847.6551724137931
2116,9.0,4.277662731533559,2.643019518000728,4.123105625617661,2.643019518000728,377.3333333333333,842.5555555555555
2117,7.0,8.0,0.0,7.0,0.0,432.0,844.0
2118,14.0,8.0,2.0,7.0710678118654755,2.0,475.5,844.0
2119,64.0,20.56500230562699,5.812047738926151,19.924858845171276,5.812047738926151,485.09375,850.703125
2120,5.0,3.098386676965933,1.7888543819998317,3.1622776601683795,1.7888543819998317,749.8,841.4
2121,12.0,6.831300510639732,2.0,6.082762530298219,2.0,883.5,843.5
2122,27.0,11.612461567587243,3.828792585795213,10.44030650891055,3.828792585795213,1255.111111111111,845.7037037037037
2123,28.0,6.453260463056621,5.568526790852322,6.708203932499369,5.568526790852322,808.2142857142857,844.6428571428571
2124,5.0,5.656854249492381,0.0,5.0,0.0,1416.0,844.0
2125,30.0,11.395290716302009,4.650999240529468,9.848857801796104,4.650999240529468,526.4333333333333,846.6666666666666
2126,43.0,12.28579697127614,6.4642147376807655,12.649110640673518,6.4642147376807655,581.8139534883721,850.6744186046511
2127,10.0,5.656854249492381,2.0,5.0990195135927845,2.0,1307.5,846.0
2128,11.0,6.115674409767676,2.4434457923512554,6.082762530298219,2.4434457923512554,91.0909090909091,846.0909090909091
2129,6.0,6.831300510639732,0.0,6.0,0.0,363.5,845.0
2130,46.0,9.101479220687212,7.256998082884066,8.94427190999916,7.256998082884066,1011.0434782608696,847.9130434782609
2131,20.0,8.128427750508482,3.150977991792961,7.615773105863909,3.150977991792961,1090.0,847.5
2132,5.0,3.098386676965933,1.7888543819998317,3.1622776601683795,1.7888543819998317,1222.2,845.6
2133,7.0,3.7032803990902057,2.138089935299395,3.605551275463989,2.138089935299395,1441.0,846.0
2134,16.0,6.324555320336759,3.122498999199199,6.082762530298219,3.122498999199199,2115.5,845.875
2135,24.0,6.6283669985813765,4.5956834625192435,6.708203932499369,4.5956834625192435,382.625,848.2083333333334
2136,27.0,6.742249886052972,5.289579587065566,7.0710678118654755,5.289579587065566,539.9629629629629,849.0370370370371
2137,16.0,6.6332495807108,2.979093821953246,6.4031242374328485,2.979093821953246,1340.8125,847.8125
2138,608.0,38.508767345840745,32.612183888673805,42.01190307520001,32.612183888673805,1225.0361842105262,864.5904605263158
2139,18.0,7.416721908507127,3.0395969654079673,7.0710678118654755,3.0395969654079673,171.11111111111111,849.1666666666666
2140,5.0,3.098386676965933,1.7888543819998317,3.1622776601683795,1.7888543819998317,253.6,848.8
2141,5.0,3.098386676965933,1.7888543819998317,3.1622776601683795,1.7888543819998317,310.4,848.8
2142,36.0,7.803133273813083,6.413719862071916,8.246211251235321,6.413719862071916,401.6111111111111,851.5
2143,109.0,20.998147830661726,12.358404987879988,24.515301344262525,12.358404987879988,425.3761467889908,859.8899082568807
2144,7.0,3.0237157840738176,2.799416848895061,3.1622776601683795,2.799416848895061,534.0,849.2857142857143
2145,24.0,7.832695257013422,3.9382732411388823,7.615773105863909,3.9382732411388823,552.6666666666666,850.2083333333334
2146,5.0,3.098386676965933,1.7888543819998317,3.1622776601683795,1.7888543819998317,781.8,848.4
2147,27.0,8.999047226483945,4.111528446002536,8.246211251235321,4.111528446002536,825.4444444444445,851.5925925925926
2148,38.0,7.579135539470074,6.3827525378245875,8.06225774829855,6.3827525378245875,911.6315789473684,851.1315789473684
2149,66.0,12.410071044912087,6.829906338336261,12.649110640673518,6.829906338336261,1023.1363636363636,852.969696969697
2150,78.0,15.564795842831902,6.531075531370947,15.652475842498529,6.531075531370947,1032.4358974358975,854.7179487179487
2151,8.0,3.4641016151377544,2.7386127875258306,3.605551275463989,2.7386127875258306,1302.125,848.875
2152,183.0,35.39990680371266,12.676269162377382,29.68164415931166,12.676269162377382,1438.9398907103825,859.3661202185792
2153,89.0,19.319209885134754,8.68764127113043,19.72308292331602,8.68764127113043,1469.0224719101125,854.2808988764045
2154,14.0,5.449353665897314,3.145851452097728,5.385164807134504,3.145851452097728,2180.8571428571427,848.9285714285714
2155,96.0,20.232423796966888,8.887885767213666,19.697715603592208,8.887885767213666,319.2083333333333,858.6354166666666
2156,104.0,19.65851568246171,7.294411671668918,20.12461179749811,7.294411671668918,364.75961538461536,856.3942307692307
2157,21.0,6.270602158767542,4.302528107165029,6.708203932499369,4.302528107165029,1353.6190476190477,850.952380952381
2158,21.0,5.999424055126756,4.555290899503789,6.4031242374328485,4.555290899503789,2061.2380952380954,851.3333333333334
2159,14.0,9.27293780081924,2.7353267258665186,7.810249675906654,2.7353267258665186,327.7142857142857,852.0714285714286
2160,10.0,4.09878030638384,2.9933259094191533,4.123105625617661,2.9933259094191533,680.8,851.5
2161,11.0,5.529681747206153,2.539175685738357,5.0990195135927845,2.539175685738357,127.63636363636364,853.0909090909091
2162,28.0,10.510989233724457,3.5237855372031404,9.848857801796104,3.5237855372031404,467.17857142857144,853.5357142857143
2163,5.0,3.098386676965933,1.7888543819998317,3.1622776601683795,1.7888543819998317,693.8,851.6
2164,228.0,37.980418052317965,19.734284489346532,35.0,19.734284489346532,1192.9649122807018,865.1798245614035
2165,63.0,19.223585854741046,6.955622231106105,18.027756377319946,6.955622231106105,1324.3492063492063,859.4126984126984
2166,7.0,3.7032803990902057,2.138089935299395,3.605551275463989,2.138089935299395,23.0,853.0
2167,13.0,4.3616645597524775,3.756591133295642,4.47213595499958,3.756591133295642,305.46153846153845,853.8461538461538
2168,56.0,14.797131560425651,6.449489746609296,13.038404810405298,6.449489746609296,1131.2857142857142,856.75
2169,49.0,10.906447219132785,6.327440064457897,10.770329614269007,6.327440064457897,1452.1836734693877,854.265306122449
2170,14.0,6.05122561235416,2.8490985356670366,6.082762530298219,2.8490985356670366,285.42857142857144,854.1428571428571
2171,11.0,4.346129984141888,3.067356324605906,4.47213595499958,3.067356324605906,296.90909090909093,854.6363636363636
2172,5.0,3.098386676965933,1.7888543819998317,3.1622776601683795,1.7888543819998317,333.6,854.2
2173,14.0,5.449353665897314,3.145851452097728,5.385164807134504,3.145851452097728,441.85714285714283,854.0714285714286
2174,37.0,11.881744525241782,6.581858397598077,11.661903789690601,6.581858397598077,524.4324324324324,855.8918918918919
2175,6.0,3.265986323710904,2.0,3.1622776601683795,2.0,697.5,854.0
2176,10.0,4.7504310473449705,2.6520567234546397,5.0990195135927845,2.6520567234546397,1152.9,854.2
2177,5.0,3.098386676965933,1.7888543819998317,3.1622776601683795,1.7888543819998317,1296.8,853.6
2178,8.0,3.4641016151377544,2.7386127875258306,3.605551275463989,2.7386127875258306,1315.875,854.125
2179,19.0,7.465956275628647,3.2090930266721958,7.211102550927978,3.2090930266721958,1338.0,855.6315789473684
2180,31.0,7.474762329252448,5.6600668583747105,8.246211251235321,5.6600668583747105,1366.3225806451612,856.5806451612904
2181,8.0,3.4641016151377544,3.3166247903554,4.123105625617661,3.3166247903554,235.5,855.25
2182,49.0,12.25917963128064,5.799644819509807,11.704699910719626,5.799644819509807,1015.6734693877551,858.8979591836735
2183,18.0,10.512556405629748,2.6951689364918736,9.486832980505138,2.6951689364918736,1412.0,854.8333333333334
2184,6.0,6.831300510639732,0.0,6.0,0.0,243.5,855.0
2185,5.0,2.5298221281347035,2.5298221281347035,3.0,2.5298221281347035,292.0,856.0
2186,61.0,11.345383348479247,7.863135756604288,11.661903789690601,7.863135756604288,1252.4754098360656,859.5081967213115
2187,17.0,8.047030104772455,2.767766501419623,7.280109889280518,2.767766501419623,107.6470588235294,857.2352941176471
2188,10.0,4.09878030638384,2.9933259094191533,4.123105625617661,2.9933259094191533,168.2,857.5
2189,19.0,8.866183807664768,3.082464600413571,8.06225774829855,3.082464600413571,251.57894736842104,859.0
2190,30.0,10.710234667467185,4.830664324109941,9.848857801796104,4.830664324109941,271.03333333333336,860.2666666666667
2191,12.0,4.47213595499958,3.265986323710904,4.47213595499958,3.265986323710904,515.5,857.0
2192,24.0,7.043445388024364,4.636915804392983,8.0,4.636915804392983,544.6666666666666,857.6666666666666
2193,45.0,16.494217535792725,4.33419338820873,15.297058540778355,4.33419338820873,555.5333333333333,861.9333333333333
2194,8.0,4.47213595499958,2.0,4.123105625617661,2.0,1558.5,856.5
2195,9.0,5.274258481434536,1.946056459258261,5.0990195135927845,1.946056459258261,2257.4444444444443,857.7777777777778
2196,134.0,17.84823292825202,13.982699185236788,19.697715603592208,13.982699185236788,534.2910447761194,864.955223880597
2197,27.0,9.337788157981585,4.4226881507206075,9.433981132056603,4.4226881507206075,630.1851851851852,860.1851851851852
2198,39.0,10.951939745474139,6.386812465615257,10.816653826391969,6.386812465615257,936.2564102564103,860.1282051282051
2199,6.0,6.831300510639732,0.0,6.0,0.0,1085.0,859.5
2200,5.0,5.656854249492381,0.0,5.0,0.0,1407.0,859.0
2201,18.0,6.831300510639732,3.265986323710904,6.324555320336759,3.265986323710904,219.5,859.0
2202,92.0,22.188735660084927,8.598055038762999,24.041630560342615,8.598055038762999,466.3369565217391,873.695652173913
2203,8.0,3.4641016151377544,2.7386127875258306,3.605551275463989,2.7386127875258306,592.875,859.125
2204,20.0,7.574424032425678,3.6039007446116416,7.211102550927978,3.6039007446116416,671.3,859.75
2205,27.0,7.335737133192128,4.895939691104643,7.615773105863909,4.895939691104643,1044.4074074074074,860.5185185185185
2206,6.0,3.265986323710904,2.0,3.1622776601683795,2.0,278.0,859.5
2207,6.0,3.265986323710904,2.0,3.1622776601683795,2.0,2217.0,859.5
2208,33.0,11.753094648289244,4.735301106038232,11.704699910719626,4.735301106038232,175.63636363636363,864.7878787878788
2209,187.0,33.34551886497094,12.549341137215437,31.78049716414141,12.549341137215437,689.7700534759358,867.7700534759358
2210,7.0,3.0237157840738176,2.799416848895061,3.1622776601683795,2.799416848895061,1592.7142857142858,861.0
2211,11.0,4.854444919780395,2.858303992038103,5.0990195135927845,2.858303992038103,101.27272727272727,861.8181818181819
2212,18.0,6.831300510639732,3.265986323710904,6.324555320336759,3.265986323710904,131.5,862.0
2213,6.0,3.265986323710904,2.0,3.1622776601683795,2.0,187.5,862.0
2214,55.0,13.719813201331528,6.614643042528698,13.038404810405298,6.614643042528698,1422.0727272727272,865.5090909090909
2215,40.0,8.340263784797216,6.260990336999411,8.54400374531753,6.260990336999411,1539.5,863.95
2216,12.0,5.5377492419453835,2.7487370837451075,6.0,2.7487370837451075,1579.5,862.1666666666666
2217,99.0,12.533605594213716,10.214616039989233,13.601470508735444,10.214616039989233,484.90909090909093,867.1616161616162
2218,93.0,25.770200751429687,5.60736985414042,24.331050121192877,5.60736985414042,301.8279569892473,874.0645161290323
2219,5.0,3.098386676965933,1.7888543819998317,3.1622776601683795,1.7888543819998317,511.8,863.6
2220,27.0,9.334853646454054,4.443720603722448,8.94427190999916,4.443720603722448,572.074074074074,866.4074074074074
2221,64.0,12.710140739933825,6.6833499175992905,13.601470508735444,6.6833499175992905,2254.171875,866.6875
2222,12.0,7.118052168020874,1.9720265943665378,7.0,1.9720265943665378,164.58333333333334,867.0
2223,17.0,6.168933340937331,3.5576767985917264,6.324555320336759,3.5576767985917264,519.0,865.3529411764706
2224,6.0,3.265986323710904,2.0,3.1622776601683795,2.0,877.5,865.0
2225,7.0,3.0237157840738176,2.799416848895061,3.1622776601683795,2.799416848895061,1008.7142857142857,865.0
2226,14.0,8.0,2.0,7.0710678118654755,2.0,1027.5,867.0
2227,93.0,24.84449009801555,10.343751226867695,20.8806130178211,10.343751226867695,1472.978494623656,872.8817204301075
2228,14.0,8.0,2.0,7.0710678118654755,2.0,451.5,868.0
2229,8.0,9.16515138991168,0.0,8.0,0.0,456.0,868.5
2230,43.0,8.211719732153222,6.910914294047323,8.54400374531753,6.910914294047323,904.1860465116279,868.3023255813954
2231,19.0,7.347338259627431,3.178877656956105,7.0710678118654755,3.178877656956105,918.0,867.6842105263158
2232,10.0,3.9191835884530852,3.0983866769659336,4.123105625617661,3.0983866769659336,1313.0,866.2
2233,27.0,9.539135688249415,4.051886560236317,8.54400374531753,4.051886560236317,402.14814814814815,868.074074074074
2234,78.0,17.8008712875148,8.319680362825547,16.278820596099706,8.319680362825547,620.8333333333334,872.2692307692307
2235,6.0,3.265986323710904,2.0,3.1622776601683795,2.0,118.0,867.5
2236,5.0,3.098386676965933,1.7888543819998317,3.1622776601683795,1.7888543819998317,648.8,867.4
2237,6.0,3.265986323710904,2.0,3.1622776601683795,2.0,1048.0,867.5
2238,12.0,4.894994431930091,2.9693109114997,5.0990195135927845,2.9693109114997,2066.0833333333335,868.8333333333334
2239,20.0,7.731010827707836,3.198667157092813,7.280109889280518,3.198667157092813,2155.15,868.05
2240,40.0,10.490847791188664,7.890000799880311,12.041594578792296,7.890000799880311,600.5,873.325
2241,5.0,3.098386676965933,1.7888543819998317,3.1622776601683795,1.7888543819998317,823.8,868.6
2242,34.0,13.29972182998719,3.1856774967774584,12.165525060596439,3.1856774967774584,1005.9411764705883,873.2058823529412
2243,22.0,6.471611083857543,4.706517590589869,7.0710678118654755,4.706517590589869,206.36363636363637,870.9545454545455
2244,9.0,3.885753375057407,2.7954428906961324,4.123105625617661,2.7954428906961324,213.66666666666666,870.1111111111111
2245,25.0,14.543180186758892,3.069838767014262,13.0,3.069838767014262,363.72,875.44
2246,58.0,14.495921159086487,5.689468634284913,14.212670403551895,5.689468634284913,504.1896551724138,873.8793103448276
2247,10.0,5.283365896051478,2.3845428929755403,5.0990195135927845,2.3845428929755403,550.3,871.1
2248,5.0,3.098386676965933,1.7888543819998317,3.1622776601683795,1.7888543819998317,942.6,869.8
2249,5.0,3.098386676965933,1.7888543819998317,3.1622776601683795,1.7888543819998317,1014.2,869.6
2250,29.0,7.082218217336098,6.0431738091854985,8.06225774829855,6.0431738091854985,1133.0344827586207,872.8275862068965
2251,23.0,10.307745055535179,3.9701050395549458,8.94427190999916,3.9701050395549458,1394.2173913043478,872.6086956521739
2252,22.0,7.972381690928683,4.647381517320643,7.280109889280518,4.647381517320643,1337.1818181818182,871.9090909090909
2253,26.0,7.786912964246109,4.272184505818179,7.615773105863909,4.272184505818179,1455.1153846153845,871.6923076923077
2254,30.0,7.302967433402215,5.497474167490215,7.615773105863909,5.497474167490215,222.0,873.3333333333334
2255,29.0,8.16920190892458,4.790391428727548,8.06225774829855,4.790391428727548,272.7931034482759,873.7241379310345
2256,59.0,13.330978552730695,6.669574928677866,13.892443989449804,6.669574928677866,409.8474576271187,875.9322033898305
2257,13.0,4.296689244236598,3.9041777047536983,4.47213595499958,3.9041777047536983,926.2307692307693,872.3846153846154
2258,258.0,31.699937067037954,15.930343662617524,31.575306807693888,15.930343662617524,1072.5193798449613,879.1317829457364
2259,53.0,22.638491886679958,4.5257778514643645,19.697715603592208,4.5257778514643645,1495.0188679245282,875.9056603773585
2260,62.0,19.022673312831035,6.9244865497099815,16.15549442140351,6.9244865497099815,346.3225806451613,878.3709677419355
2261,105.0,23.710409731030786,8.823173908763355,22.135943621178654,8.823173908763355,390.6380952380952,876.9809523809524
2262,6.0,3.126943839882286,2.309401076758503,3.1622776601683795,2.309401076758503,431.8333333333333,873.1666666666666
2263,14.0,4.20883424647321,4.120630029101703,4.47213595499958,4.120630029101703,637.5,873.2857142857143
2264,27.0,8.23890300099809,4.119582193607023,8.06225774829855,4.119582193607023,764.1111111111111,874.4074074074074
2265,22.0,5.752469825293227,4.851514205136848,6.082762530298219,4.851514205136848,891.5,873.7272727272727
2266,23.0,9.660629438896198,3.4095424715240195,8.94427190999916,3.4095424715240195,938.7391304347826,875.2608695652174
2267,14.0,8.0,2.0,7.0710678118654755,2.0,1043.5,875.0
2268,27.0,8.654099914099774,4.636983545924372,8.602325267042627,4.636983545924372,1054.5555555555557,875.0
2269,5.0,3.098386676965933,1.7888543819998317,3.1622776601683795,1.7888543819998317,1093.6,872.8
2270,38.0,9.838554038555216,5.5351384334558675,10.04987562112089,5.5351384334558675,1566.6315789473683,876.7105263157895
2271,21.0,5.569231285498105,4.822894035696703,5.830951894845301,4.822894035696703,1637.857142857143,873.6666666666666
2272,10.0,4.09878030638384,2.9933259094191533,4.123105625617661,2.9933259094191533,2224.2,873.5
2273,10.0,4.09878030638384,2.9933259094191533,4.123105625617661,2.9933259094191533,235.5,874.2
2274,7.0,3.582070095417669,2.4713456540351713,3.605551275463989,2.4713456540351713,496.7142857142857,873.8571428571429
2275,24.0,6.831300510639732,4.47213595499958,6.708203932499369,4.47213595499958,538.5,875.5
2276,19.0,7.347338259627431,3.178877656956105,7.0710678118654755,3.178877656956105,843.6842105263158,874.0
2277,42.0,12.496096693415089,5.505053797688249,12.206555615733702,5.505053797688249,1593.9761904761904,878.5238095238095
2278,95.0,23.702496022907116,9.281417007906393,20.615528128088304,9.281417007906393,2255.136842105263,881.0
2279,12.0,4.47213595499958,3.265986323710904,4.47213595499958,3.265986323710904,14.0,875.5
2280,79.0,13.878205808637412,9.654591560030397,16.1245154965971,9.654591560030397,332.67088607594934,883.6582278481013
2281,6.0,6.831300510639732,0.0,6.0,0.0,899.5,874.0
2282,8.0,3.4641016151377544,2.7386127875258306,3.605551275463989,2.7386127875258306,918.875,875.125
2283,136.0,33.438147310454426,7.644750326762569,31.016124838541646,7.644750326762569,1416.2279411764705,879.5955882352941
2284,16.0,6.167528257771123,3.458553915958909,6.324555320336759,3.458553915958909,1575.0,877.0
2285,20.0,7.53086179139783,3.650495949712078,7.615773105863909,3.650495949712078,2231.65,876.5
2286,12.0,6.831300510639732,2.0,6.082762530298219,2.0,251.5,875.5
2287,6.0,3.265986323710904,2.0,3.1622776601683795,2.0,373.0,875.5
2288,25.0,6.5220366189638534,5.170748334708867,6.708203932499369,5.170748334708867,573.52,877.8
2289,122.0,19.418776065751576,11.954184885195673,20.615528128088304,11.954184885195673,591.0245901639345,884.9098360655738
2290,6.0,3.265986323710904,2.0,3.1622776601683795,2.0,705.0,875.5
2291,9.0,4.277662731533559,2.643019518000728,4.123105625617661,2.643019518000728,1448.5555555555557,875.6666666666666
2292,23.0,6.351993867043364,4.750087055216578,6.708203932499369,4.750087055216578,1517.6521739130435,877.6521739130435
2293,9.0,3.885753375057407,2.7954428906961324,4.123105625617661,2.7954428906961324,1536.888888888889,876.6666666666666
2294,10.0,4.09878030638384,2.9933259094191533,4.123105625617661,2.9933259094191533,1542.2,876.5
2295,8.0,4.47213595499958,2.0,4.123105625617661,2.0,2214.5,875.5
2296,20.0,6.113000619480415,4.203715431167062,6.324555320336759,4.203715431167062,183.4,878.0
2297,12.0,3.8297084310253524,3.8297084310253524,4.123105625617661,3.8297084310253524,483.5,877.5
2298,17.0,5.425875929800856,4.301686538162489,5.830951894845301,4.301686538162489,515.2352941176471,878.6470588235294
2299,11.0,4.3867515965288595,3.381434071627705,5.0,3.381434071627705,582.9090909090909,878.7272727272727
2300,16.0,5.916319167991122,3.596479876554412,6.082762530298219,3.596479876554412,926.0625,879.25
2301,25.0,12.20147976003453,3.754129947866447,10.198039027185569,3.754129947866447,1252.8,878.88
2302,34.0,10.640535136782495,4.277216727867924,10.770329614269007,4.277216727867924,1453.5,879.9705882352941
2303,6.0,3.0550504633038935,2.6666666666666665,3.1622776601683795,2.6666666666666665,1647.6666666666667,877.8333333333334
2304,18.0,7.822469367052589,2.9303158156249354,7.280109889280518,2.9303158156249354,2178.6666666666665,877.8333333333334
2305,8.0,4.47213595499958,2.0,4.123105625617661,2.0,206.5,879.5
2306,38.0,13.81729276620042,7.604262152541408,12.806248474865697,7.604262152541408,426.5,881.578947368421
2307,6.0,3.265986323710904,2.0,3.1622776601683795,2.0,694.0,878.5
2308,28.0,10.433776584777576,3.5676522971894378,9.486832980505138,3.5676522971894378,2238.1785714285716,881.8928571428571
2309,28.0,15.542513044396115,2.6881604550553644,13.341664064126334,2.6881604550553644,128.60714285714286,880.7857142857143
2310,6.0,3.8297084310253524,1.8856180831641265,3.605551275463989,1.8856180831641265,734.8333333333334,880.0
2311,89.0,14.952758433890077,9.416503518304586,15.0,9.416503518304586,944.8426966292135,883.8202247191011
2312,18.0,10.327955589886445,2.0,9.055385138137417,2.0,1187.5,883.0
2313,142.0,17.753342520947307,11.648285146333345,17.46424919657298,11.648285146333345,1205.6690140845071,886.0140845070423
2314,6.0,3.1269438398822857,2.309401076758503,3.1622776601683795,2.309401076758503,1403.1666666666667,880.1666666666666
2315,9.0,4.277662731533559,2.643019518000728,4.123105625617661,2.643019518000728,2219.6666666666665,880.5555555555555
2316,18.0,7.416721908507127,3.0395969654079673,7.0710678118654755,3.0395969654079673,229.83333333333334,883.1111111111111
2317,6.0,3.265986323710904,2.0,3.1622776601683795,2.0,262.0,880.5
2318,129.0,20.249422667269872,12.301275413745012,20.615528128088304,12.301275413745012,495.7984496124031,886.6976744186046
2319,20.0,8.352991709889663,3.1980508899194473,8.54400374531753,3.1980508899194473,828.6,884.2
2320,19.0,8.228659528113676,3.008937571082543,7.810249675906654,3.008937571082543,962.6315789473684,882.4736842105264
2321,230.0,18.524175630512474,16.248677782708913,19.6468827043885,16.248677782708913,1326.604347826087,888.604347826087
2322,55.0,14.921963262409449,5.28082176474508,14.560219778561036,5.28082176474508,1439.7636363636364,886.8909090909091
2323,47.0,15.560862342659608,6.104854690675684,13.92838827718412,6.104854690675684,1503.6808510638298,882.6595744680851
2324,16.0,9.16515138991168,2.0,8.06225774829855,2.0,1523.5,883.5
2325,23.0,5.872868659609811,5.596798951944331,6.708203932499369,5.596798951944331,1653.304347826087,882.5217391304348
2326,31.0,12.142764618512516,4.869118425918932,11.180339887498949,4.869118425918932,26.451612903225808,886.741935483871
2327,18.0,6.831300510639732,3.265986323710904,6.324555320336759,3.265986323710904,289.0,883.5
2328,13.0,7.554371880072024,1.9753176197160076,7.0710678118654755,1.9753176197160076,419.46153846153845,883.7692307692307
2329,189.0,42.40741490888577,11.803880942386538,39.44616584663204,11.803880942386538,523.0899470899471,899.8518518518518
2330,22.0,6.4666979068286325,4.271760045262084,6.324555320336759,4.271760045262084,698.3636363636364,883.5
2331,13.0,4.907725735659753,3.279400065550629,5.0,3.279400065550629,1429.5384615384614,882.3846153846154
2332,12.0,6.831300510639732,2.0,6.082762530298219,2.0,1672.5,883.5
2333,10.0,6.343898075098334,1.8533637561913405,6.082762530298219,1.8533637561913405,2169.4,883.9
2334,5.0,3.098386676965933,1.7888543819998317,3.1622776601683795,1.7888543819998317,374.2,882.6
2335,57.0,15.93179469730936,9.420318418273935,15.811388300841896,9.420318418273935,446.3859649122807,885.140350877193
2336,16.0,9.16515138991168,2.0,8.06225774829855,2.0,627.5,882.5
2337,14.0,4.20883424647321,4.120630029101703,4.47213595499958,4.120630029101703,1048.7142857142858,883.5
2338,5.0,3.098386676965933,1.7888543819998317,3.1622776601683795,1.7888543819998317,2055.6,882.8
2339,39.0,8.276611693059287,6.0085409295904855,8.54400374531753,6.0085409295904855,382.84615384615387,885.7179487179487
2340,3042.0,111.54550398772214,81.26332099491597,121.92620719107111,81.26332099491597,428.1594345825115,923.6193293885601
2341,186.0,26.2289139963215,13.795599050882663,28.160255680657446,13.795599050882663,709.989247311828,896.7795698924731
2342,161.0,33.56874775661211,10.574603990295804,33.06055050963308,10.574603990295804,1463.7391304347825,898.3229813664597
2343,12.0,5.767613069995377,2.6793812567947373,6.0,2.6793812567947373,361.3333333333333,884.8333333333334
2344,48.0,10.137546690273522,6.46740823860274,11.40175425099138,6.46740823860274,2223.6041666666665,889.3125
2345,6.0,3.1269438398822857,2.309401076758503,3.1622776601683795,2.309401076758503,158.16666666666666,885.8333333333334
2346,55.0,12.836039684732986,9.269610131435917,13.601470508735444,9.269610131435917,217.6909090909091,892.0
2347,6.0,3.7712361663282534,2.309401076758503,4.0,2.309401076758503,554.6666666666666,886.0
2348,6.0,3.265986323710904,2.0,3.1622776601683795,2.0,769.0,885.5
2349,6.0,3.265986323710904,2.0,3.1622776601683795,2.0,905.0,885.5
2350,5.0,3.098386676965933,1.7888543819998317,3.1622776601683795,1.7888543819998317,921.4,886.2
2351,7.0,8.0,0.0,7.0,0.0,1220.0,885.0
2352,473.0,40.028966465185555,26.690687553451653,43.68065933568311,26.690687553451653,1295.2219873150107,899.7653276955602
2353,44.0,10.746811161292005,5.399902075548506,11.180339887498949,5.399902075548506,145.79545454545453,888.5909090909091
2354,10.0,4.5692001405127005,2.757246828983344,5.0,2.757246828983344,1697.9,888.1
2355,49.0,10.063956477843371,6.20471897937965,11.045361017187261,6.20471897937965,241.44897959183675,891.795918367347
2356,121.0,19.000321665797518,11.671025213312165,18.027756377319946,11.671025213312165,249.8595041322314,895.5702479338843
2357,50.0,11.654659074749246,6.205749096713875,11.704699910719626,6.205749096713875,281.44,889.9
2358,62.0,11.253171919298643,7.204233566177628,12.206555615733702,7.204233566177628,848.2258064516129,891.016129032258
2359,8.0,4.47213595499958,2.0,4.123105625617661,2.0,1123.5,888.5
2360,11.0,4.348458452036872,3.3525616208337774,4.47213595499958,3.3525616208337774,2261.7272727272725,888.3636363636364
2361,123.0,24.713325796929098,8.746283755901354,25.709920264364882,8.746283755901354,167.04065040650406,899.4471544715448
2362,74.0,12.68562639622746,9.947910893534864,13.416407864998739,9.947910893534864,325.0945945945946,892.6081081081081
2363,42.0,17.346880240062717,5.08004275299882,14.422205101855956,5.08004275299882,357.0,893.6428571428571
2364,18.0,6.831300510639732,3.265986323710904,6.324555320336759,3.265986323710904,515.5,889.0
2365,30.0,8.748333174572933,4.332820482472512,8.246211251235321,4.332820482472512,641.4,891.5
2366,18.0,6.831300510639732,3.265986323710904,6.324555320336759,3.265986323710904,891.5,889.0
2367,34.0,8.788855631565857,4.969278916550057,9.055385138137417,4.969278916550057,936.7058823529412,892.2058823529412
2368,8.0,3.4641016151377544,2.7386127875258306,3.605551275463989,2.7386127875258306,1285.875,888.875
2369,29.0,11.182648260608469,3.225858990519593,10.198039027185569,3.225858990519593,1514.655172413793,889.0344827586207
2370,10.0,4.09878030638384,2.9933259094191533,4.123105625617661,2.9933259094191533,1552.2,889.5
2371,124.0,17.352324666149514,12.765509118769709,17.88854381999832,12.765509118769709,1649.024193548387,894.2903225806451
2372,24.0,9.16515138991168,3.265986323710904,8.246211251235321,3.265986323710904,881.0,892.5
2373,27.0,7.811725553869512,4.378866832323126,7.615773105863909,4.378866832323126,1478.4444444444443,891.8888888888889
2374,14.0,8.0,2.0,7.0710678118654755,2.0,2299.5,892.0
2375,12.0,4.268749491621899,3.8297084310253524,4.47213595499958,3.8297084310253524,616.1666666666666,891.5
2376,10.0,4.09878030638384,2.9933259094191533,4.123105625617661,2.9933259094191533,807.8,891.5
2377,6.0,6.831300510639732,0.0,6.0,0.0,927.0,892.5
2378,79.0,26.994211798046194,6.840943590847052,23.769728648009426,6.840943590847052,1443.139240506329,895.4430379746835
2379,6.0,3.265986323710904,2.0,3.1622776601683795,2.0,70.0,891.5
2380,28.0,7.37614197721446,5.054870246153125,7.615773105863909,5.054870246153125,86.53571428571429,892.9642857142857
2381,49.0,17.232174459185096,4.501850438326276,14.7648230602334,4.501850438326276,398.44897959183675,897.1836734693877
2382,68.0,22.037218468002578,4.430676967157239,20.024984394500787,4.430676967157239,557.9264705882352,900.4411764705883
2383,6.0,3.265986323710904,2.0,3.1622776601683795,2.0,622.0,891.5
2384,54.0,15.902398108358762,6.12601016333123,14.422205101855956,6.12601016333123,831.1481481481482,896.7777777777778
2385,8.0,3.4641016151377544,2.8284271247461903,4.0,2.8284271247461903,2235.5,892.0
2386,45.0,11.155789031696996,5.351886776448406,12.041594578792296,5.351886776448406,909.3333333333334,894.1777777777778
2387,160.0,30.925226877236096,11.843736428656044,28.861739379323623,11.843736428656044,1555.26875,903.99375
2388,25.0,9.26097260568092,3.5769241530716838,8.54400374531753,3.5769241530716838,2210.4,893.8
2389,15.0,8.701579641278252,1.9816549121722193,8.06225774829855,1.9816549121722193,43.266666666666666,893.5333333333333
2390,37.0,11.522412668637662,5.85404124028217,11.180339887498949,5.85404124028217,203.3783783783784,895.8918918918919
2391,2997.0,100.09776957720887,84.3624324265958,104.30723848324239,84.3624324265958,300.50817484150815,939.5015015015015
2392,334.0,33.14690015425805,20.40898289720528,33.13608305156178,20.40898289720528,373.61976047904193,904.0
2393,23.0,7.0786221656291595,4.038906779267536,7.0710678118654755,4.038906779267536,1128.9130434782608,894.4347826086956
2394,92.0,13.127114215768183,9.81002183080182,13.601470508735444,9.81002183080182,1194.4239130434783,897.2608695652174
2395,75.0,19.41353139968049,8.375421630133525,18.439088914585774,8.375421630133525,1502.5733333333333,900.72
2396,36.0,10.781476339886328,4.699016448874413,11.180339887498949,4.699016448874413,2262.277777777778,897.0
2397,13.0,7.090055125929567,2.6295532441733536,7.0710678118654755,2.6295532441733536,341.3076923076923,895.1538461538462
2398,7.0,3.0237157840738176,2.799416848895061,3.1622776601683795,2.799416848895061,784.7142857142857,896.0
2399,23.0,5.929996892226574,5.080409647754404,6.324555320336759,5.080409647754404,1636.7826086956522,897.5217391304348
2400,96.0,18.663269232174766,7.3702964971734755,17.46424919657298,7.3702964971734755,2251.0416666666665,903.25
2401,40.0,10.079682534683322,5.039841267341661,10.04987562112089,5.039841267341661,2293.25,899.5
2402,35.0,13.409386023792909,4.036036540308244,13.341664064126334,4.036036540308244,228.54285714285714,902.8571428571429
2403,20.0,7.731010827707835,3.198667157092813,7.280109889280518,3.198667157092813,233.05,899.15
2404,20.0,8.438009243891594,2.9933259094191533,8.06225774829855,2.9933259094191533,493.8,899.5
2405,6.0,3.265986323710904,2.0,3.1622776601683795,2.0,590.5,897.0
2406,10.0,4.079215610874227,3.224903099319419,4.123105625617661,3.224903099319419,891.5,897.4
2407,12.0,4.894994431930091,2.9693109114997,5.0990195135927845,2.9693109114997,982.9166666666666,897.8333333333334
2408,25.0,10.88245307905453,3.5845522708110393,9.486832980505138,3.5845522708110393,1415.24,900.24
2409,9.0,5.274258481434536,1.946056459258261,5.0990195135927845,1.946056459258261,1422.2222222222222,896.4444444444445
2410,23.0,9.310342573535209,3.9045726417912348,8.54400374531753,3.9045726417912348,1592.8695652173913,898.7826086956521
2411,33.0,12.888735187530985,4.026527079927368,12.36931687685298,4.026527079927368,2239.060606060606,898.4545454545455
2412,60.0,15.400018705445875,6.601639651945516,15.297058540778355,6.601639651945516,1011.6333333333333,905.45
2413,31.0,8.379802421640258,4.9004166221273415,8.602325267042627,4.9004166221273415,1511.8709677419354,900.3548387096774
2414,48.0,9.263406892756526,6.94884990206675,10.0,6.94884990206675,2280.1041666666665,900.5625
2415,10.0,8.920380407323918,1.4236619643130082,8.06225774829855,1.4236619643130082,567.7,901.9
2416,14.0,9.616444075643173,2.358987000082431,9.055385138137417,2.358987000082431,575.5714285714286,902.7857142857143
2417,10.0,4.079215610874227,3.224903099319419,4.123105625617661,3.224903099319419,904.6,899.5
2418,19.0,6.0397092745366425,4.152031238155821,6.324555320336759,4.152031238155821,149.26315789473685,901.6842105263158
2419,17.0,10.894393122069895,2.3553115758733965,10.198039027185569,2.3553115758733965,536.4117647058823,900.3529411764706
2420,6.0,3.265986323710904,2.0,3.1622776601683795,2.0,841.0,899.5
2421,113.0,21.354133520192807,9.848490166599275,19.924858845171276,9.848490166599275,1484.4690265486727,904.29203539823
2422,21.0,7.172606639928248,3.7904845265181226,7.0710678118654755,3.7904845265181226,925.4285714285714,901.1904761904761
2423,9.0,3.885753375057407,2.7954428906961324,4.123105625617661,2.7954428906961324,976.1111111111111,901.6666666666666
2424,8.0,4.47213595499958,2.0,4.123105625617661,2.0,208.5,902.5
2425,39.0,13.398241698320222,5.775603807464315,13.038404810405298,5.775603807464315,257.5897435897436,907.5897435897435
2426,19.0,14.811139777515848,2.3675319940742985,12.165525060596439,2.3675319940742985,326.63157894736844,905.5263157894736
2427,6.0,3.265986323710904,2.0,3.1622776601683795,2.0,616.5,902.0
2428,18.0,7.416721908507126,3.039596965407966,7.0710678118654755,3.039596965407966,651.8888888888889,901.8333333333334
2429,29.0,8.317986114191573,4.979403594319995,8.602325267042627,4.979403594319995,1530.3103448275863,904.1724137931035
2430,69.0,19.29121334832261,7.22520829550946,19.4164878389476,7.22520829550946,1542.4782608695652,908.4202898550725
2431,27.0,7.941594736330521,4.543155700175921,8.246211251235321,4.543155700175921,178.40740740740742,904.4814814814815
2432,18.0,6.418982417165277,3.6013197906178576,6.324555320336759,3.6013197906178576,509.94444444444446,905.3333333333334
2433,21.0,7.907860568687686,4.095900245680593,7.615773105863909,4.095900245680593,900.4285714285714,904.6190476190476
2434,20.0,6.803383491858542,3.867036728905827,7.280109889280518,3.867036728905827,913.25,904.4
2435,83.0,19.679466268858054,7.27777151482911,18.027756377319946,7.27777151482911,218.12048192771084,912.0120481927711
2436,16.0,9.16515138991168,2.0,8.06225774829855,2.0,347.5,907.5
2437,18.0,6.831300510639732,3.265986323710904,6.324555320336759,3.265986323710904,475.5,905.0
2438,29.0,10.221241945518182,4.924343810252499,9.848857801796104,4.924343810252499,529.0,906.7586206896551
2439,137.0,31.713168467564884,9.234665573658061,28.460498941515414,9.234665573658061,543.5620437956204,917.0
2440,59.0,20.812036454556264,4.436816198832101,18.601075237738275,4.436816198832101,699.3389830508474,911.0847457627119
2441,34.0,8.670061497179047,5.808918009820933,8.94427190999916,5.808918009820933,786.0294117647059,907.5294117647059
2442,183.0,27.248995658649008,16.515318796786666,27.018512172212592,16.515318796786666,853.9508196721312,917.5355191256831
2443,18.0,11.637756804822905,2.6517451525867415,10.44030650891055,2.6517451525867415,604.1111111111111,909.1666666666666
2444,24.0,6.831300510639732,4.47213595499958,6.708203932499369,4.47213595499958,840.5,907.5
2445,26.0,6.7927754509161655,4.814939818981431,7.280109889280518,4.814939818981431,937.8846153846154,907.0
2446,24.0,9.16515138991168,3.265986323710904,8.246211251235321,3.265986323710904,1571.5,906.0
2447,5.0,5.656854249492381,0.0,5.0,0.0,2304.0,907.0
2448,48.0,15.804887994473813,4.123606018189505,14.560219778561036,4.123606018189505,41.708333333333336,912.7708333333334
2449,41.0,10.767202947774845,5.824173694011372,10.44030650891055,5.824173694011372,206.29268292682926,909.6341463414634
2450,17.0,5.856145233774685,3.8126123364338604,6.324555320336759,3.8126123364338604,502.3529411764706,909.0
2451,100.0,23.402247330670008,8.503765041094953,22.135943621178654,8.503765041094953,654.83,915.82
2452,18.0,6.0,3.9752319599996264,6.082762530298219,3.9752319599996264,715.5,908.8888888888889
2453,42.0,11.179897226816005,5.363724003529675,10.44030650891055,5.363724003529675,1411.904761904762,910.0
2454,55.0,24.293414742696473,4.376335703408092,20.223748416156685,4.376335703408092,2244.5272727272727,916.1454545454545
2455,19.0,6.626210459453371,3.6788283678811586,7.0710678118654755,3.6788283678811586,147.31578947368422,909.3157894736842
2456,22.0,6.799100347687292,4.108487857911651,7.0710678118654755,4.108487857911651,2293.4545454545455,909.4090909090909
2457,30.0,6.970003378694652,5.998995064998305,7.615773105863909,5.998995064998305,563.7333333333333,912.1
2458,6.0,3.265986323710904,2.0,3.1622776601683795,2.0,633.5,910.0
2459,7.0,3.6486656040768595,2.5058084612197162,4.0,2.5058084612197162,903.8571428571429,910.5714285714286
2460,11.0,5.720932084886622,2.425387871670981,5.385164807134504,2.425387871670981,162.9090909090909,910.8181818181819
2461,25.0,7.0396288985759465,4.5373588099614075,7.280109889280518,4.5373588099614075,580.56,912.32
2462,35.0,7.828882949131866,5.731831983863563,8.54400374531753,5.731831983863563,55.4,915.6857142857143
2463,6.0,3.265986323710904,2.0,3.1622776601683795,2.0,155.5,913.0
2464,7.0,4.155374705678736,1.9054711331003737,4.123105625617661,1.9054711331003737,184.57142857142858,913.2857142857143
2465,22.0,11.1008873078351,3.182086246406914,9.433981132056603,3.182086246406914,191.3181818181818,915.1363636363636
2466,37.0,10.123816549901909,4.835415017440206,9.486832980505138,4.835415017440206,529.7567567567568,914.2162162162163
2467,55.0,11.565464299762558,9.955672123555708,12.36931687685298,9.955672123555708,778.3818181818182,916.5636363636364
2468,64.0,12.41258358988198,7.113342647742522,12.529964086141668,7.113342647742522,801.71875,916.5625
2469,19.0,8.588938760150105,2.7895120562183044,8.54400374531753,2.7895120562183044,867.3684210526316,913.6315789473684
2470,9.0,4.0171906061502325,2.8906758369544234,4.123105625617661,2.8906758369544234,1486.888888888889,913.1111111111111
2471,32.0,9.16515138991168,4.47213595499958,8.54400374531753,4.47213595499958,1508.5,915.5
2472,8.0,3.4641016151377544,2.7386127875258306,3.605551275463989,2.7386127875258306,2185.125,912.875
2473,41.0,16.905555638406323,3.4179321150116353,16.0312195418814,3.4179321150116353,2235.439024390244,920.4634146341464
2474,80.0,18.815414649062813,7.3399708162793535,18.027756377319946,7.3399708162793535,2290.5125,917.8625
2475,25.0,6.813644895464616,4.731494820720929,7.0710678118654755,4.731494820720929,25.56,914.84
2476,19.0,12.140020947580755,2.618800973559254,10.44030650891055,2.618800973559254,124.15789473684211,917.421052631579
2477,14.0,8.0,2.0,7.0710678118654755,2.0,723.5,916.0
2478,9.0,4.25044367047193,2.612014068307059,4.47213595499958,2.612014068307059,837.0,914.6666666666666
2479,405.0,44.046860187866066,20.112930140403886,44.598206241955516,20.112930140403886,1450.7728395061729,934.8888888888889
2480,21.0,8.0,3.265986323710904,7.280109889280518,3.265986323710904,1518.0,916.0
2481,12.0,6.831300510639732,2.0,6.082762530298219,2.0,1683.5,915.5
2482,12.0,4.47213595499958,3.265986323710904,4.47213595499958,3.265986323710904,494.0,915.5
2483,11.0,5.189483704979297,2.6306840451061073,5.0,2.6306840451061073,671.3636363636364,915.5454545454545
2484,21.0,6.844455372120418,3.8511602400055156,7.0710678118654755,3.8511602400055156,733.7142857142857,915.6666666666666
2485,43.0,13.726778417371165,5.000118974487534,12.649110640673518,5.000118974487534,226.2093023255814,919.5813953488372
2486,58.0,16.356111599451392,8.93320921626618,15.264337522473747,8.93320921626618,250.36206896551724,919.3793103448276
2487,29.0,8.324436128476247,5.287665948314939,8.94427190999916,5.287665948314939,483.13793103448273,917.6206896551724
2488,6.0,3.265986323710904,2.0,3.1622776601683795,2.0,874.5,916.0
2489,31.0,8.20258536549415,6.064310839201393,8.54400374531753,6.064310839201393,881.8387096774194,917.7741935483871
2490,76.0,17.020489877862726,8.933480813335086,15.264337522473747,8.933480813335086,921.3421052631579,919.6973684210526
2491,16.0,5.712563609200563,3.613048160603099,6.082762530298219,3.613048160603099,17.5625,917.625
2492,18.0,6.831300510639732,3.265986323710904,6.324555320336759,3.265986323710904,611.5,918.0
2493,92.0,26.843559179978573,6.161337753600033,23.769728648009426,6.161337753600033,1433.6521739130435,925.445652173913
2494,12.0,5.1766982369867725,2.9404489126020366,5.385164807134504,2.9404489126020366,1457.8333333333333,919.4166666666666
2495,187.0,26.983267847720917,15.549773197181333,26.1725046566048,15.549773197181333,1474.9732620320856,928.6791443850267
2496,6.0,3.265986323710904,2.0,3.1622776601683795,2.0,457.5,919.0
2497,56.0,13.834243554077545,6.079107008529935,13.416407864998739,6.079107008529935,583.3214285714286,923.2678571428571
2498,11.0,4.346129984141888,3.067356324605907,4.47213595499958,3.067356324605907,713.3636363636364,920.0909090909091
2499,22.0,7.026176778508617,3.986105646398963,7.211102550927978,3.986105646398963,783.0454545454545,921.6818181818181
2500,17.0,5.1048694178082945,4.546091928870502,6.082762530298219,4.546091928870502,1533.4117647058824,921.2941176470588
2501,55.0,17.371735872815595,5.121594151182745,16.1245154965971,5.121594151182745,5.0,927.8363636363637
2502,97.0,15.177824191946875,11.228934123294898,15.811388300841896,11.228934123294898,173.57731958762886,927.0824742268042
2503,24.0,9.453483006346563,3.627593806711902,8.94427190999916,3.627593806711902,200.58333333333334,923.5416666666666
2504,48.0,9.3571125650788,6.531972647421808,9.486832980505138,6.531972647421808,619.5,923.8333333333334
2505,48.0,14.078596261587666,4.825575909543371,13.152946437965905,4.825575909543371,729.3333333333334,926.4375
2506,14.0,7.664041867217211,2.3293191201860197,7.0710678118654755,2.3293191201860197,936.3571428571429,923.0714285714286
2507,255.0,34.206559276672884,12.532090567546147,34.52535300326414,12.532090567546147,1417.5058823529412,934.5254901960784
2508,11.0,4.077022084696552,3.677859601925431,4.47213595499958,3.677859601925431,1472.0,921.4545454545455
2509,16.0,8.304546822353036,2.722040057630691,7.280109889280518,2.722040057630691,1545.3125,923.0625
2510,7.0,3.7032803990902057,2.138089935299395,3.605551275463989,2.138089935299395,2257.0,921.0
2511,12.0,6.831300510639732,2.0,6.082762530298219,2.0,67.5,923.5
2512,18.0,7.097764472921567,3.0939225541184827,7.0710678118654755,3.0939225541184827,137.05555555555554,923.8333333333334
2513,17.0,6.585670706008097,3.1796084995103278,6.324555320336759,3.1796084995103278,305.05882352941177,923.6470588235294
2514,20.0,5.520905540783072,4.737045704840812,6.082762530298219,4.737045704840812,761.8,923.45
2515,6.0,3.6514837167011076,2.10818510677892,3.605551275463989,2.10818510677892,815.6666666666666,921.6666666666666
2516,6.0,3.8297084310253524,1.8856180831641272,4.0,1.8856180831641272,48.333333333333336,923.5
2517,12.0,4.47213595499958,3.265986323710904,4.47213595499958,3.265986323710904,222.0,923.5
2518,25.0,7.674037509426409,4.597254431061711,8.06225774829855,4.597254431061711,644.0,923.72
2519,42.0,9.470649322271244,6.172372690831128,9.486832980505138,6.172372690831128,27.333333333333332,926.4047619047619
2520,16.0,9.16515138991168,2.0,8.06225774829855,2.0,187.5,923.5
2521,65.0,14.719530328749984,5.991397751723093,14.317821063276353,5.991397751723093,799.723076923077,929.723076923077
2522,26.0,6.4076707814980285,5.265246456215877,6.708203932499369,5.265246456215877,1554.1153846153845,925.7307692307693
2523,32.0,10.020379869089965,4.3551104784077035,9.433981132056603,4.3551104784077035,1651.1875,925.9375
2524,6.0,3.265986323710904,2.0,3.1622776601683795,2.0,1670.0,923.5
2525,56.0,14.240464467840209,7.948815102648876,14.317821063276353,7.948815102648876,2265.6071428571427,928.1607142857143
2526,15.0,4.618802153517006,4.026578365477733,5.0,4.026578365477733,808.4,925.6
2527,149.0,19.220470439830414,12.32959270907161,20.615528128088304,12.32959270907161,1563.6241610738255,932.7046979865772
2528,27.0,8.56474497985303,4.468501183452431,8.06225774829855,4.468501183452431,512.6296296296297,927.2592592592592
2529,19.0,6.634769719602762,3.5900442929663146,7.0710678118654755,3.5900442929663146,569.9473684210526,926.578947368421
2530,16.0,6.324555320336759,3.122498999199199,6.082762530298219,3.122498999199199,699.5,925.875
2531,15.0,6.342284798713821,2.9735652336328955,6.082762530298219,2.9735652336328955,835.6,925.8
2532,7.0,3.0237157840738176,2.799416848895061,3.1622776601683795,2.799416848895061,1456.7142857142858,926.0
2533,21.0,8.0,3.265986323710904,7.280109889280518,3.265986323710904,1572.0,926.0
2534,29.0,6.635255322897134,5.802703283545841,7.280109889280518,5.802703283545841,1609.5862068965516,927.7241379310345
2535,233.0,41.445172128056676,11.683671233151777,33.83784863137726,11.683671233151777,198.09442060085837,932.2360515021459
2536,12.0,4.47213595499958,3.265986323710904,4.47213595499958,3.265986323710904,713.5,927.0
2537,5.0,4.34169545110285,1.2765894445250698,4.123105625617661,1.2765894445250698,1404.4,926.6
2538,104.0,19.131432312279482,9.494944873670478,19.72308292331602,9.494944873670478,609.7692307692307,933.6153846153846
2539,89.0,21.725875093141543,6.439328584870534,20.12461179749811,6.439328584870534,665.8202247191011,936.8539325842696
2540,8.0,3.4641016151377544,2.8284271247461903,4.0,2.8284271247461903,723.5,928.0
2541,85.0,14.604172723670434,7.952789371056166,14.422205101855956,7.952789371056166,940.9764705882353,932.4588235294118
2542,27.0,7.691397499199485,4.6250514974755745,8.06225774829855,4.6250514974755745,158.8148148148148,930.925925925926
2543,5.0,3.098386676965933,1.7888543819998317,3.1622776601683795,1.7888543819998317,222.4,929.2
2544,45.0,16.082318945239507,3.779346740911022,15.297058540778355,3.779346740911022,354.73333333333335,934.0666666666667
2545,66.0,17.846789372509672,5.110793310908746,16.76305461424021,5.110793310908746,489.27272727272725,935.5
2546,48.0,9.3571125650788,6.531972647421808,9.486832980505138,6.531972647421808,499.5,931.8333333333334
2547,18.0,7.097764472921567,3.0939225541184827,7.0710678118654755,3.0939225541184827,877.9444444444445,931.1666666666666
2548,15.0,5.982593621313813,3.0484451785557387,6.082762530298219,3.0484451785557387,1599.6666666666667,928.9333333333333
2549,21.0,8.0,3.265986323710904,7.280109889280518,3.265986323710904,2252.0,929.0
2550,11.0,6.410747983365109,1.964939688573319,6.082762530298219,1.964939688573319,19.545454545454547,931.7272727272727
2551,30.0,10.581422979877576,6.286328989590281,10.770329614269007,6.286328989590281,47.56666666666667,931.3333333333334
2552,28.0,8.0,4.47213595499958,7.615773105863909,4.47213595499958,90.5,932.0
2553,12.0,4.167620293867669,3.631321610887408,4.47213595499958,3.631321610887408,561.3333333333334,930.25
2554,16.0,7.509704588635986,2.8247720246808607,7.0710678118654755,2.8247720246808607,817.1875,931.4375
2555,28.0,7.4385044603208526,5.126489665623639,8.246211251235321,5.126489665623639,861.0714285714286,931.4642857142857
2556,113.0,23.185294018464838,15.62354656589226,22.561028345356956,15.62354656589226,1617.2920353982302,937.7522123893805
2557,16.0,7.116398493835761,3.247209952702798,6.708203932499369,3.247209952702798,71.6875,932.625
2558,24.0,5.773502691896258,5.280993172584954,6.324555320336759,5.280993172584954,132.5,933.0833333333334
2559,146.0,28.24295030166908,12.153420147067617,24.596747752497688,12.153420147067617,628.7534246575342,940.8424657534247
2560,11.0,4.51260859854213,2.9541957835039856,5.0,2.9541957835039856,713.0,933.0
2561,15.0,4.77795383588526,3.981909289096598,5.0990195135927845,3.981909289096598,723.6666666666666,932.7333333333333
2562,10.0,5.366563145999495,2.1908902300206647,5.0,2.1908902300206647,839.5,932.5
2563,8.0,5.663038362188595,1.8520249750962632,5.385164807134504,1.8520249750962632,852.625,933.375
2564,12.0,6.831300510639732,2.0,6.082762530298219,2.0,907.5,931.5
2565,25.0,5.814907677259471,5.5958242203404565,6.324555320336759,5.5958242203404565,915.4,933.64
2566,25.0,6.586876805861369,4.8929596303674465,6.708203932499369,4.8929596303674465,2293.32,933.36
2567,31.0,10.280498844304207,4.554811422206679,9.848857801796104,4.554811422206679,241.93548387096774,934.3548387096774
2568,16.0,7.267137657458658,2.761559390552063,7.0710678118654755,2.761559390552063,11.0,933.8125
2569,6.0,3.265986323710904,2.0,3.1622776601683795,2.0,166.5,934.0
2570,45.0,16.59761016349067,6.203450140922764,14.212670403551895,6.203450140922764,528.5555555555555,936.9555555555555
2571,43.0,10.052458029173252,6.0042806939961,10.198039027185569,6.0042806939961,587.5348837209302,936.6511627906976
2572,12.0,4.47213595499958,3.265986323710904,4.47213595499958,3.265986323710904,1387.5,934.0
2573,5.0,3.098386676965933,1.7888543819998317,3.1622776601683795,1.7888543819998317,1593.4,934.2
2574,658.0,65.80418198453509,19.725119387126146,71.84705978674423,19.725119387126146,1656.2537993920973,966.9696048632219
2575,15.0,6.791134621996741,2.8402741439135504,6.324555320336759,2.8402741439135504,1715.8,933.8
2576,25.0,6.757030165126829,5.121263842799559,7.0710678118654755,5.121263842799559,382.16,937.04
2577,10.0,3.9191835884530852,3.0983866769659336,4.123105625617661,3.0983866769659336,420.2,935.0
2578,53.0,15.696338673451253,6.1609043914960955,14.317821063276353,6.1609043914960955,60.0377358490566,937.9622641509434
2579,182.0,22.465208871621634,13.325418392383497,25.709920264364882,13.325418392383497,410.7197802197802,948.5934065934066
2580,17.0,5.181899763382574,4.041201040002321,5.385164807134504,4.041201040002321,926.4117647058823,936.8823529411765
2581,86.0,14.257976677148012,9.34122613027324,14.317821063276353,9.34122613027324,2305.8255813953488,939.453488372093
2582,18.0,6.831300510639732,3.265986323710904,6.324555320336759,3.265986323710904,35.5,937.0
2583,20.0,5.138093031466052,4.9396356140913875,5.385164807134504,4.9396356140913875,81.75,937.75
2584,692.0,56.39437373646304,37.95506778543293,60.08327554319921,37.95506778543293,96.40751445086705,968.4277456647399
2585,6230.0,123.73261892814769,99.12852619279344,142.20056258679148,99.12852619279344,364.34205457463884,999.316532905297
2586,14.0,8.0,2.0,7.0710678118654755,2.0,619.5,939.0
2587,23.0,8.879990161010365,3.210955619125892,8.246211251235321,3.210955619125892,698.3478260869565,937.0434782608696
2588,21.0,5.7550822516433024,4.897510004128534,6.324555320336759,4.897510004128534,793.0952380952381,937.5714285714286
2589,33.0,12.619924275864152,4.142896359189805,11.180339887498949,4.142896359189805,857.0,938.060606060606
2590,12.0,3.8297084310253524,3.8297084310253524,4.123105625617661,3.8297084310253524,920.5,937.5
2591,37.0,7.470580496758857,6.317430674611083,8.246211251235321,6.317430674611083,1982.3513513513512,939.4054054054054
2592,14.0,8.0,2.0,7.0710678118654755,2.0,2259.5,939.0
2593,27.0,10.501809758913453,3.1601171196787554,10.04987562112089,3.1601171196787554,117.96296296296296,941.3333333333334
2594,43.0,17.635379356170493,5.944250977206331,15.231546211727817,5.944250977206331,543.0,940.9302325581396
2595,65.0,16.14974760333816,6.658311195023487,15.264337522473747,6.658311195023487,562.3230769230769,941.7076923076924
2596,91.0,18.052006392769652,11.0878503624064,18.24828759089466,11.0878503624064,727.8351648351648,944.3296703296703
2597,10.0,4.5692001405127005,2.757246828983344,5.0,2.757246828983344,1661.1,938.1
2598,8.0,6.0,1.7320508075688772,6.0,1.7320508075688772,2217.25,939.5
2599,40.0,14.767587722832177,4.3529705774857135,14.317821063276353,4.3529705774857135,2241.975,944.1
2600,24.0,10.33344914679185,2.9623275116405257,10.04987562112089,2.9623275116405257,2249.1666666666665,941.0
2601,11.0,4.51260859854213,2.9541957835039856,5.0,2.9541957835039856,200.0,940.0
2602,8.0,3.4641016151377544,2.8284271247461903,4.0,2.8284271247461903,217.0,939.5
2603,8.0,3.4641016151377544,2.8284271247461903,4.0,2.8284271247461903,222.0,939.5
2604,15.0,6.751222246472308,2.810080734479522,7.0,2.810080734479522,246.13333333333333,941.2
2605,46.0,12.552786038450856,6.288011916639435,11.704699910719626,6.288011916639435,822.2608695652174,943.7826086956521
2606,9.0,4.277662731533559,2.643019518000728,4.123105625617661,2.643019518000728,942.4444444444445,939.3333333333334
2607,12.0,4.47213595499958,3.265986323710904,4.47213595499958,3.265986323710904,1390.0,939.5
2608,84.0,17.00815937887427,8.88840220068451,17.029386365926403,8.88840220068451,1596.2619047619048,943.0952380952381
2609,16.0,5.244535484642193,3.9204397139005818,5.385164807134504,3.9204397139005818,2226.1875,939.8125
2610,29.0,9.061070106963252,4.296859479007094,8.94427190999916,4.296859479007094,644.9655172413793,942.7586206896551
2611,21.0,7.58808475787622,3.618937229179007,7.615773105863909,3.618937229179007,810.0952380952381,942.047619047619
2612,41.0,13.909591610694822,8.340664707055097,13.892443989449804,8.340664707055097,578.0975609756098,944.8048780487804
2613,23.0,8.947894065685844,3.4382801280828676,8.246211251235321,3.4382801280828676,1580.6521739130435,941.695652173913
2614,352.0,51.791815358624824,18.996252356547902,46.647615158762406,18.996252356547902,217.19602272727272,960.6505681818181
2615,5.0,3.098386676965933,1.7888543819998317,3.1622776601683795,1.7888543819998317,302.2,941.6
2616,790.0,63.05639612063416,33.835600824005596,63.56099432828282,33.835600824005596,489.49873417721517,963.9822784810127
2617,8.0,4.47213595499958,2.0,4.123105625617661,2.0,507.5,942.5
2618,16.0,4.837183752516743,4.165531580049303,5.385164807134504,4.165531580049303,186.25,944.625
2619,51.0,15.104106153154321,5.047692838978581,13.601470508735444,5.047692838978581,199.41176470588235,945.8627450980392
2620,5.0,3.098386676965933,1.7888543819998317,3.1622776601683795,1.7888543819998317,223.6,944.2
2621,24.0,11.864675634309451,3.2414888354583833,10.295630140987,3.2414888354583833,591.2916666666666,946.4583333333334
2622,10.0,4.079215610874228,3.22490309931942,4.123105625617661,3.22490309931942,891.5,944.6
2623,60.0,10.463749125982677,7.738716431442265,11.40175425099138,7.738716431442265,1475.7166666666667,947.5166666666667
2624,24.0,9.16515138991168,3.265986323710904,8.246211251235321,3.265986323710904,710.0,947.5
2625,8.0,3.4641016151377544,2.7386127875258306,3.605551275463989,2.7386127875258306,872.875,944.875
2626,97.0,17.984397685446233,9.205571307136843,18.867962264113206,9.205571307136843,913.3917525773196,952.2783505154639
2627,33.0,9.544664236133025,5.02330929034457,9.486832980505138,5.02330929034457,1408.2424242424242,948.3939393939394
2628,20.0,7.731010827707835,3.198667157092813,7.280109889280518,3.198667157092813,1641.05,947.15
2629,16.0,9.16515138991168,2.0,8.06225774829855,2.0,2267.5,947.5
2630,113.0,18.08046347659527,8.842676776268283,17.72004514666935,8.842676776268283,2290.849557522124,951.2389380530974
2631,21.0,8.0,3.265986323710904,7.280109889280518,3.265986323710904,2318.0,947.0
2632,114.0,29.90397242059341,8.060513979115015,29.732137494637012,8.060513979115015,16.69298245614035,950.5526315789474
2633,14.0,5.606119105813881,3.331972511340172,6.082762530298219,3.331972511340172,31.857142857142858,947.5
2634,24.0,6.182412330330469,5.033222956847166,6.324555320336759,5.033222956847166,660.6666666666666,947.5
2635,23.0,7.878352292680044,4.357770793265588,8.06225774829855,4.357770793265588,699.3478260869565,947.1739130434783
2636,5.0,3.098386676965933,1.7888543819998317,3.1622776601683795,1.7888543819998317,743.4,945.8
2637,8.0,6.984716318104124,1.4878635540969356,6.082762530298219,1.4878635540969356,832.75,948.0
2638,12.0,6.831300510639732,2.0,6.082762530298219,2.0,1571.5,947.5
2639,24.0,6.581834081293717,4.802952114607159,6.708203932499369,4.802952114607159,1717.875,947.2916666666666
2640,9.0,3.265986323710904,3.265986323710904,3.605551275463989,3.265986323710904,886.0,947.0
2641,126.0,16.831221167290806,12.647935052313194,20.248456731316587,12.647935052313194,261.12698412698415,953.1349206349206
2642,6.0,3.265986323710904,2.0,3.1622776601683795,2.0,398.0,947.5
2643,73.0,15.138791659135038,7.472922588522178,14.422205101855956,7.472922588522178,521.1780821917808,952.6849315068494
2644,20.0,5.7472092746770755,4.657207913875631,6.324555320336759,4.657207913875631,859.3,949.3
2645,11.0,4.51260859854213,2.9541957835039856,5.0,2.9541957835039856,190.0,950.0
2646,12.0,4.364045181411538,3.521300058081274,4.47213595499958,3.521300058081274,640.3333333333334,949.0833333333334
2647,36.0,14.000696002085338,3.190304424563456,13.038404810405298,3.190304424563456,113.02777777777777,955.4722222222222
2648,37.0,12.56270461085304,5.036484997422422,12.083045973594572,5.036484997422422,247.3783783783784,953.5945945945946
2649,32.0,8.503287702255626,4.9803085499463,8.54400374531753,4.9803085499463,572.84375,952.25
2650,59.0,18.00527908574885,7.5654446034605,14.866068747318506,7.5654446034605,650.6949152542373,956.0
2651,27.0,7.463491388331851,4.666078740155147,7.280109889280518,4.666078740155147,688.0,950.4814814814815
2652,22.0,6.777895789422916,4.238036705127044,7.0710678118654755,4.238036705127044,879.8636363636364,950.8181818181819
2653,6.0,3.265986323710904,2.0,3.1622776601683795,2.0,1595.5,950.0
2654,11.0,7.173312795901626,2.2077504488847217,6.4031242374328485,2.2077504488847217,36.54545454545455,952.0
2655,8.0,4.1204045563213505,2.4025541184843804,4.123105625617661,2.4025541184843804,224.625,950.75
2656,6.0,3.265986323710904,2.0,3.1622776601683795,2.0,1463.0,950.5
2657,41.0,9.145411076102025,5.859123869081358,9.219544457292887,5.859123869081358,551.5365853658536,954.439024390244
2658,16.0,6.211207046086783,3.6889574449486253,6.324555320336759,3.6889574449486253,600.8125,952.375
2659,15.0,4.926178932317641,3.997705593922434,5.385164807134504,3.997705593922434,672.2,952.6666666666666
2660,35.0,13.449282102167302,3.9077206046591177,12.649110640673518,3.9077206046591177,701.6,953.4571428571429
2661,14.0,5.890937516001458,2.9676689950530584,6.082762530298219,2.9676689950530584,714.1428571428571,953.2142857142857
2662,45.0,8.088400473654987,7.229022439590208,8.54400374531753,7.229022439590208,1435.5777777777778,954.0
2663,7.0,3.582070095417669,2.4713456540351713,3.605551275463989,2.4713456540351713,558.1428571428571,952.7142857142857
2664,7.0,3.0237157840738176,2.799416848895061,3.1622776601683795,2.799416848895061,776.7142857142857,953.0
2665,76.0,17.62496863552708,6.436162871466516,17.46424919657298,6.436162871466516,816.7105263157895,955.0657894736842
2666,91.0,15.149191431948111,7.924098434192981,15.231546211727817,7.924098434192981,855.4285714285714,958.0989010989011
2667,64.0,10.372189322531927,8.128347458589273,11.180339887498949,8.128347458589273,1371.75,955.921875
2668,12.0,3.8297084310253524,3.8297084310253524,4.123105625617661,3.8297084310253524,1427.5,953.5
2669,21.0,8.0,3.265986323710904,7.280109889280518,3.265986323710904,1612.0,955.0
2670,52.0,9.57702229651931,7.573868507484029,10.816653826391969,7.573868507484029,2.9423076923076925,956.0769230769231
2671,14.0,8.0,2.0,7.0710678118654755,2.0,11.5,956.0
2672,21.0,8.0,3.265986323710904,7.280109889280518,3.265986323710904,172.0,954.0
2673,32.0,7.930573776553865,5.475490806734697,8.06225774829855,5.475490806734697,840.0625,956.4375
2674,20.0,7.731010827707836,3.198667157092813,7.280109889280518,3.198667157092813,1625.05,955.85
2675,5.0,3.098386676965933,1.7888543819998317,3.1622776601683795,1.7888543819998317,2278.2,953.4
2676,6.0,3.8297084310253524,1.8856180831641272,4.0,1.8856180831641272,726.6666666666666,955.5
2677,22.0,6.402478858785095,4.306443375391641,6.324555320336759,4.306443375391641,1415.2727272727273,955.5
2678,6.0,6.831300510639732,0.0,6.0,0.0,1483.5,954.0
2679,52.0,12.54509583490303,5.859234563037759,11.180339887498949,5.859234563037759,543.3653846153846,959.5
2680,16.0,6.013500776362003,3.3671662288478705,5.830951894845301,3.3671662288478705,783.125,957.125
2681,14.0,4.74024689744533,3.7660484032669737,5.0,3.7660484032669737,150.64285714285714,957.7142857142857
2682,25.0,9.26097260568092,3.5769241530716838,8.54400374531753,3.5769241530716838,660.6,957.8
2683,123.0,20.25477655948642,8.748954886173614,19.72308292331602,8.748954886173614,834.040650406504,965.0650406504066
2684,44.0,14.548030476110926,4.654094368415269,13.152946437965905,4.654094368415269,580.6136363636364,960.2045454545455
2685,8.0,3.4641016151377544,2.7386127875258306,3.605551275463989,2.7386127875258306,1457.125,958.125
2686,14.0,10.52732553186976,2.775973593343606,9.219544457292887,2.775973593343606,2271.0,958.8571428571429
2687,83.0,18.50625430016383,10.128319564078563,16.64331697709324,10.128319564078563,2334.0481927710844,964.843373493976
2688,10.0,4.09878030638384,2.9933259094191533,4.123105625617661,2.9933259094191533,251.5,959.2
2689,34.0,9.639117928090482,4.512290102569729,9.848857801796104,4.512290102569729,620.3529411764706,959.8235294117648
2690,12.0,6.831300510639732,2.0,6.082762530298219,2.0,19.5,959.5
2691,115.0,28.204353437615712,6.298579452597712,25.059928172283335,6.298579452597712,65.29565217391304,968.895652173913
2692,6.0,3.265986323710904,2.0,3.1622776601683795,2.0,864.5,960.0
2693,73.0,12.015778377156126,10.337562858404002,13.038404810405298,10.337562858404002,881.986301369863,964.1917808219179
2694,14.0,5.1390507099494664,3.675394556711792,5.385164807134504,3.675394556711792,1478.642857142857,960.8571428571429
2695,13.0,5.571304993630558,2.8888018368456154,6.0,2.8888018368456154,2304.923076923077,961.3846153846154
2696,17.0,6.96434421707008,3.030922457114571,7.0710678118654755,3.030922457114571,29.88235294117647,963.2941176470588
2697,26.0,9.0602988268045,4.309722388100666,9.055385138137417,4.309722388100666,130.53846153846155,961.7307692307693
2698,21.0,8.0,3.265986323710904,7.280109889280518,3.265986323710904,161.0,963.0
2699,82.0,24.714474372001057,4.651084942027131,21.840329667841555,4.651084942027131,530.8170731707318,969.9878048780488
2700,22.0,8.49696105130758,3.1908961408698624,8.06225774829855,3.1908961408698624,739.8181818181819,961.0
2701,32.0,10.989718780398587,5.691920249595439,10.816653826391969,5.691920249595439,774.3125,965.21875
2702,77.0,19.64362091443328,6.205208464198161,17.88854381999832,6.205208464198161,810.2337662337662,966.6883116883117
2703,46.0,13.203786184775344,6.316503434807448,13.038404810405298,6.316503434807448,868.7173913043479,966.1739130434783
2704,20.0,7.731010827707836,3.198667157092813,7.280109889280518,3.198667157092813,1635.15,961.05
2705,18.0,5.385930481961369,4.225630174819322,5.385164807134504,4.225630174819322,2069.1111111111113,962.0555555555555
2706,18.0,5.333333333333333,4.216370213557839,5.385164807134504,4.216370213557839,2313.0,961.3333333333334
2707,31.0,10.87774654000983,4.242557250281735,10.44030650891055,4.242557250281735,55.74193548387097,964.8387096774194
2708,11.0,4.0,3.4688698233343476,4.123105625617661,3.4688698233343476,441.3636363636364,962.4545454545455
2709,65.0,16.6743474575742,10.313464838861483,17.11724276862369,10.313464838861483,559.3846153846154,969.8923076923077
2710,14.0,8.0,2.0,7.0710678118654755,2.0,603.5,964.0
2711,14.0,6.369570517030843,2.79941684889506,6.082762530298219,2.79941684889506,1327.7142857142858,963.5
2712,16.0,4.47213595499958,4.47213595499958,5.0,4.47213595499958,502.5,963.5
2713,39.0,10.412970782128859,5.662780316297729,10.295630140987,5.662780316297729,697.9230769230769,965.4615384615385
2714,9.0,4.618802153517007,2.3517789431685254,4.47213595499958,2.3517789431685254,2155.8888888888887,963.4444444444445
2715,5.0,3.098386676965933,1.7888543819998317,3.1622776601683795,1.7888543819998317,109.8,963.4
2716,14.0,8.0,2.0,7.0710678118654755,2.0,419.0,963.5
2717,25.0,6.144916598294887,5.366563145999495,6.708203932499369,5.366563145999495,521.2,965.8
2718,23.0,5.814167475253484,5.029477667275335,6.324555320336759,5.029477667275335,565.5652173913044,965.1739130434783
2719,12.0,6.831300510639732,2.0,6.082762530298219,2.0,755.5,963.5
2720,6.0,3.265986323710904,2.0,3.1622776601683795,2.0,121.5,966.0
2721,21.0,8.0,3.265986323710904,7.280109889280518,3.265986323710904,148.0,966.0
2722,25.0,12.148371713806164,3.0148075731618875,11.045361017187261,3.0148075731618875,627.52,969.24
2723,77.0,13.346510498170115,8.362498192795732,13.416407864998739,8.362498192795732,1612.5584415584415,969.7402597402597
2724,5.0,3.098386676965933,1.7888543819998317,3.1622776601683795,1.7888543819998317,1641.4,966.2
2725,11.0,7.000091071529563,1.904422265109768,7.0,1.904422265109768,579.1818181818181,966.3636363636364
2726,35.0,17.50244012282684,2.905185011482538,15.132745950421556,2.905185011482538,157.82857142857142,975.2
2727,6.0,3.265986323710904,2.0,3.1622776601683795,2.0,187.5,969.0
2728,129.0,25.95121563326316,9.829491201006002,26.419689627245813,9.829491201006002,229.4418604651163,974.9922480620155
2729,161.0,24.666384064460754,10.158682615010028,25.495097567963924,10.158682615010028,245.50310559006212,981.3478260869565
2730,90.0,27.24374493551843,5.984555547264185,25.298221281347036,5.984555547264185,423.52222222222224,976.6666666666666
2731,28.0,7.971647231778672,4.703861158647283,8.246211251235321,4.703861158647283,593.25,969.6071428571429
2732,63.0,11.864529254687552,7.8942296275497235,12.649110640673518,7.8942296275497235,715.5238095238095,972.031746031746
2733,7.0,3.0237157840738176,2.799416848895061,3.1622776601683795,2.799416848895061,790.2857142857143,969.0
2734,9.0,3.265986323710904,3.265986323710904,3.605551275463989,3.265986323710904,1481.0,969.0
2735,21.0,8.0,3.265986323710904,7.280109889280518,3.265986323710904,142.0,972.0
2736,67.0,25.539799117153862,7.1022991373092195,26.019223662515376,7.1022991373092195,761.1940298507462,981.2388059701492
2737,12.0,6.831300510639732,2.0,6.082762530298219,2.0,1419.5,971.5
2738,6.0,3.1269438398822857,2.309401076758503,3.1622776601683795,2.309401076758503,1694.1666666666667,969.8333333333334
2739,17.0,8.047030104772455,2.767766501419623,7.280109889280518,2.767766501419623,1713.235294117647,971.6470588235294
2740,18.0,6.831300510639732,3.265986323710904,6.324555320336759,3.265986323710904,2273.0,971.5
2741,54.0,17.404440035228376,4.917886155082364,16.1245154965971,4.917886155082364,2317.0925925925926,976.5370370370371
2742,20.0,7.72471720719126,3.683577618148323,7.280109889280518,3.683577618148323,2355.5,971.85
2743,12.0,4.47213595499958,3.265986323710904,4.47213595499958,3.265986323710904,73.0,971.5
2744,10.0,4.09878030638384,2.9933259094191533,4.123105625617661,2.9933259094191533,119.2,971.5
2745,5.0,5.656854249492381,0.0,5.0,0.0,128.0,972.0
2746,96.0,14.924410596593276,10.88305048176929,15.524174696260024,10.88305048176929,171.11458333333334,975.0833333333334
2747,103.0,13.500353930793583,10.408819174429443,15.0,10.408819174429443,2346.0776699029125,975.9223300970874
2748,8.0,4.47213595499958,2.0,4.123105625617661,2.0,6.5,971.5
2749,20.0,9.189452951466679,2.8202755987279584,8.94427190999916,2.8202755987279584,539.95,973.15
2750,36.0,9.682003532772573,5.65572300003349,10.198039027185569,5.65572300003349,580.5555555555555,974.0
2751,335.0,36.225495770739215,15.125621039599313,36.89173349139343,15.125621039599313,718.9373134328358,986.0865671641791
2752,59.0,15.162689261126769,7.283270470447359,14.212670403551895,7.283270470447359,17.322033898305083,977.6949152542373
2753,14.0,5.302790716312392,3.350723712051071,5.385164807134504,3.350723712051071,48.642857142857146,975.3571428571429
2754,37.0,12.607754364994191,3.784359164237648,12.165525060596439,3.784359164237648,446.18918918918916,978.1621621621622
2755,56.0,23.48519632961524,5.359203631465091,18.973665961010276,5.359203631465091,770.8035714285714,979.875
2756,5.0,3.098386676965933,1.7888543819998317,3.1622776601683795,1.7888543819998317,784.8,973.6
2757,16.0,6.673994557134287,2.9929578432283197,7.0710678118654755,2.9929578432283197,845.125,973.875
2758,59.0,12.000558322874241,6.71018114461812,12.529964086141668,6.71018114461812,485.6949152542373,978.0847457627119
2759,67.0,12.475929780998568,7.348566682106835,13.152946437965905,7.348566682106835,660.955223880597,980.1194029850747
2760,23.0,6.306507150943981,4.847893319214802,6.708203932499369,4.847893319214802,312.39130434782606,977.6086956521739
2761,21.0,6.763967256496578,3.8802065910038612,7.0710678118654755,3.8802065910038612,454.4761904761905,978.1428571428571
2762,114.0,22.999148337672246,7.601701587893028,21.02379604162864,7.601701587893028,518.9035087719299,984.3157894736842
2763,169.0,26.633681650789814,8.751079234888161,26.30589287593181,8.751079234888161,638.3905325443787,988.2958579881657
2764,16.0,5.149449337222181,3.918950308868696,5.385164807134504,3.918950308868696,817.8125,976.6875
2765,56.0,10.875923606099589,6.546536707079771,10.44030650891055,6.546536707079771,827.5,979.5
2766,16.0,9.16515138991168,2.0,8.06225774829855,2.0,147.5,979.5
2767,29.0,7.8537092979530145,4.709704792103599,8.06225774829855,4.709704792103599,258.3448275862069,978.8620689655172
2768,45.0,16.855334174573773,4.099795988509193,15.033296378372908,4.099795988509193,565.6444444444444,983.6666666666666
2769,22.0,7.301657255426036,4.756015729768457,7.280109889280518,4.756015729768457,703.3636363636364,979.4090909090909
2770,6.0,3.265986323710904,2.0,3.1622776601683795,2.0,750.0,976.5
2771,25.0,7.590326539571494,4.176858032382307,7.280109889280518,4.176858032382307,796.68,979.08
2772,15.0,7.734318207931477,2.6504275698279427,7.0710678118654755,2.6504275698279427,1629.7333333333333,979.5333333333333
2773,24.0,9.16515138991168,3.265986323710904,8.246211251235321,3.265986323710904,1673.0,979.5
2774,23.0,9.795158098577186,3.1198584527629847,8.94427190999916,3.1198584527629847,2332.7391304347825,979.6086956521739
2775,14.0,5.606119105813881,3.331972511340172,6.082762530298219,3.331972511340172,551.8571428571429,979.5
2776,14.0,8.0,2.0,7.0710678118654755,2.0,867.5,980.0
2777,12.0,4.47213595499958,3.265986323710904,4.47213595499958,3.265986323710904,438.0,979.5
2778,28.0,13.041864303396025,4.13442244590369,11.704699910719626,4.13442244590369,589.4285714285714,980.7857142857143
2779,393.0,42.7968355196688,20.574702253511784,45.0,20.574702253511784,84.85241730279898,1000.1730279898219
2780,71.0,17.35159497551678,6.372839723706045,17.029386365926403,6.372839723706045,176.42253521126761,984.7605633802817
2781,10.0,4.079215610874228,3.22490309931942,4.123105625617661,3.22490309931942,118.5,981.6
2782,5.0,3.098386676965933,1.7888543819998317,3.1622776601683795,1.7888543819998317,296.8,981.6
2783,13.0,4.296689244236598,3.904177704753699,4.47213595499958,3.904177704753699,476.61538461538464,982.7692307692307
2784,7.0,3.0237157840738176,2.799416848895061,3.1622776601683795,2.799416848895061,616.7142857142857,982.0
2785,72.0,15.212806874994047,7.34423521782569,15.231546211727817,7.34423521782569,808.375,984.8055555555555
2786,17.0,6.715802441737916,3.4044146466079046,6.708203932499369,3.4044146466079046,922.8235294117648,983.1176470588235
2787,65.0,18.81594660462557,6.752806087714203,16.64331697709324,6.752806087714203,2357.6153846153848,988.4615384615385
2788,6.0,3.126943839882286,2.309401076758503,3.1622776601683795,2.309401076758503,597.8333333333334,982.8333333333334
2789,5.0,3.098386676965933,1.7888543819998317,3.1622776601683795,1.7888543819998317,1633.8,982.4
2790,53.0,9.319900226234713,7.679053877880752,10.295630140987,7.679053877880752,32.660377358490564,986.3018867924528
2791,13.0,4.3616645597524775,3.7565911332956423,4.47213595499958,3.7565911332956423,162.53846153846155,984.1538461538462
2792,7.0,3.5820700954176696,2.4713456540351717,3.605551275463989,2.4713456540351717,487.14285714285717,984.2857142857143
2793,73.0,13.505164826727878,7.499627526655319,13.416407864998739,7.499627526655319,532.8767123287671,986.0410958904109
2794,5.0,5.656854249492381,0.0,5.0,0.0,580.0,983.0
2795,25.0,7.235876607336513,5.181552829355329,8.06225774829855,5.181552829355329,143.4,987.36
2796,16.0,9.16515138991168,2.0,8.06225774829855,2.0,187.5,987.5
2797,58.0,15.263140622100472,10.199538864418132,15.652475842498529,10.199538864418132,269.1034482758621,989.5689655172414
2798,30.0,8.714661175732555,4.432357352841804,8.54400374531753,4.432357352841804,310.56666666666666,987.7333333333333
2799,64.0,17.937118540371152,6.812644289750747,18.681541692269406,6.812644289750747,465.046875,987.0625
2800,25.0,7.749424064872829,4.054531620640033,8.06225774829855,4.054531620640033,508.64,987.64
2801,160.0,44.45699494201079,10.777289813586128,40.11234224026316,10.777289813586128,573.625,1008.06875
2802,7.0,3.0237157840738176,2.799416848895061,3.1622776601683795,2.799416848895061,872.2857142857143,985.0
2803,20.0,7.731010827707835,3.198667157092813,7.280109889280518,3.198667157092813,907.85,984.95
2804,18.0,6.167368839668662,3.7892774144787915,6.4031242374328485,3.7892774144787915,9.555555555555555,986.8333333333334
2805,17.0,8.49515856288299,3.5252569694730633,7.615773105863909,3.5252569694730633,73.05882352941177,988.0588235294117
2806,106.0,22.59883791034277,7.638380515052082,21.93171219946131,7.638380515052082,137.9056603773585,995.9716981132076
2807,14.0,8.0,2.0,7.0710678118654755,2.0,915.5,988.0
2808,12.0,6.831300510639732,2.0,6.082762530298219,2.0,2347.5,985.5
2809,14.0,5.9143273407509565,3.043949747553235,6.082762530298219,3.043949747553235,592.7857142857143,988.7857142857143
2810,9.0,3.7817431280582214,3.1300454222715657,4.123105625617661,3.1300454222715657,1696.2222222222222,987.3333333333334
2811,15.0,5.9825936213138124,3.0484451785557374,6.082762530298219,3.0484451785557374,120.93333333333334,989.3333333333334
2812,60.0,14.373134114021045,6.096238746266063,14.317821063276353,6.096238746266063,1641.6666666666667,994.5666666666667
2813,142.0,22.052510316022666,12.073036203193398,21.587033144922902,12.073036203193398,55.87323943661972,993.6056338028169
2814,676.0,48.816778899046,38.719653712086895,55.44366510251645,38.719653712086895,440.1908284023669,1013.0310650887574
2815,9.0,9.25598077040403,1.2788518105001316,8.06225774829855,1.2788518105001316,476.77777777777777,988.7777777777778
2816,14.0,4.9437078791371425,3.63213511133353,5.0990195135927845,3.63213511133353,164.64285714285714,990.8571428571429
2817,8.0,3.9722133299273006,2.6403638502198645,4.123105625617661,2.6403638502198645,194.75,990.375
2818,54.0,17.842842102975364,7.819153312718446,15.231546211727817,7.819153312718446,258.1111111111111,994.5
2819,6.0,4.8496611975202075,1.3468925727763872,4.47213595499958,1.3468925727763872,297.0,990.5
2820,6.0,3.265986323710904,2.0,3.1622776601683795,2.0,491.5,990.0
2821,37.0,8.036701477700435,5.974027471521797,8.54400374531753,5.974027471521797,754.5945945945946,992.027027027027
2822,62.0,12.82702885997217,7.019825109591375,13.038404810405298,7.019825109591375,780.7096774193549,993.0645161290323
2823,9.0,4.618802153517006,2.3517789431685254,4.47213595499958,2.3517789431685254,1703.5555555555557,990.1111111111111
2824,6.0,3.265986323710904,2.0,3.1622776601683795,2.0,23.0,990.5
2825,16.0,5.966625902333649,3.403949961677047,6.082762530298219,3.403949961677047,484.6875,991.625
2826,214.0,29.87153257335141,11.639564888602198,31.04834939252005,11.639564888602198,284.73364485981307,1009.2383177570093
2827,20.0,5.808305664709609,4.523669451374875,6.324555320336759,4.523669451374875,453.35,993.2
2828,165.0,18.904445200206318,12.82167390541014,19.72308292331602,12.82167390541014,548.9939393939394,999.1393939393939
2829,64.0,26.07284479633233,4.580415016826108,21.93171219946131,4.580415016826108,124.515625,1001.828125
2830,4322.0,123.42529528603046,73.12863130261609,128.7866452703851,73.12863130261609,196.3024062933827,1045.2447940768163
2831,29.0,11.951035473534724,3.4692951930433953,11.40175425099138,3.4692951930433953,215.89655172413794,998.0
2832,67.0,15.275932918867758,6.923206782148273,17.26267650163207,6.923206782148273,276.4776119402985,998.2686567164179
2833,8.0,4.1204045563213505,2.4025541184843804,4.123105625617661,2.4025541184843804,392.75,993.625
2834,24.0,14.162013148155115,3.2263920737727902,12.041594578792296,3.2263920737727902,399.2083333333333,996.25
2835,25.0,9.647880596276053,3.2,9.055385138137417,3.2,475.32,993.0
2836,39.0,17.319006935848424,3.429681528921862,15.524174696260024,3.429681528921862,656.2051282051282,999.5897435897435
2837,9.0,3.265986323710904,3.265986323710904,3.605551275463989,3.265986323710904,665.0,993.0
2838,53.0,11.522016562659475,6.338217620934739,11.661903789690601,6.338217620934739,673.6792452830189,995.7735849056604
2839,45.0,16.72408428828026,4.461391830379425,14.7648230602334,4.461391830379425,822.0222222222222,998.6888888888889
2840,17.0,6.1559277452532895,3.50195990059763,6.082762530298219,3.50195990059763,921.4705882352941,993.2352941176471
2841,17.0,8.047030104772455,2.767766501419623,7.280109889280518,2.767766501419623,41.23529411764706,995.6470588235294
2842,21.0,8.0,3.265986323710904,7.280109889280518,3.265986323710904,156.0,996.0
2843,12.0,4.167620293867669,3.631321610887408,4.47213595499958,3.631321610887408,536.75,994.6666666666666
2844,35.0,10.97320519824814,4.119068688528203,10.44030650891055,4.119068688528203,588.3142857142857,997.0285714285715
2845,52.0,12.450625055569574,6.460598437863724,11.704699910719626,6.460598437863724,601.2307692307693,996.2692307692307
2846,49.0,11.882442151823502,5.874324936237903,11.40175425099138,5.874324936237903,791.3469387755102,998.9795918367347
2847,6.0,3.265986323710904,2.0,3.1622776601683795,2.0,1760.5,995.0
2848,16.0,9.16515138991168,2.0,8.06225774829855,2.0,11.5,995.5
2849,27.0,7.494934588106781,4.883431518287153,8.06225774829855,4.883431518287153,149.5185185185185,998.6296296296297
2850,227.0,31.201451868784616,11.956954903616321,31.953090617340916,11.956954903616321,524.9471365638766,1004.1629955947136
2851,183.0,20.328650849313608,13.558141609111573,21.540659228538015,13.558141609111573,766.4535519125683,1005.4863387978143
2852,24.0,9.16515138991168,3.265986323710904,8.246211251235321,3.265986323710904,931.5,998.0
2853,19.0,8.89077570194327,2.8598049145067796,8.54400374531753,2.8598049145067796,2354.8947368421054,998.8947368421053
2854,266.0,24.60246357162437,20.76166900140186,27.65863337187866,20.76166900140186,204.2593984962406,1010.8609022556391
2855,40.0,11.336024242102654,7.746260670959952,11.180339887498949,7.746260670959952,474.175,1000.75
2856,215.0,42.23077740416044,17.408849727023266,42.7551166528639,17.408849727023266,487.7953488372093,1011.7488372093023
2857,64.0,11.605975083680544,9.098665691022305,13.601470508735444,9.098665691022305,716.625,1002.71875
2858,17.0,5.181899763382574,4.041201040002321,5.385164807134504,4.041201040002321,20.88235294117647,1000.4117647058823
2859,22.0,5.910399691648934,4.770023678995663,6.324555320336759,4.770023678995663,309.09090909090907,1001.5
2860,7.0,4.155374705678736,1.9054711331003737,4.123105625617661,1.9054711331003737,702.5714285714286,1000.7142857142857
2861,8.0,4.47213595499958,2.0,4.123105625617661,2.0,2347.5,1000.5
2862,363.0,48.080851435228666,25.348160901783473,55.78530272392541,25.348160901783473,15.104683195592287,1024.9669421487604
2863,8.0,3.4641016151377544,2.7386127875258306,3.605551275463989,2.7386127875258306,246.125,1000.875
2864,13.0,7.554371880072024,1.9753176197160076,7.0710678118654755,1.9753176197160076,507.46153846153845,1003.2307692307693
2865,12.0,3.8297084310253524,3.8297084310253524,4.123105625617661,3.8297084310253524,1670.5,1001.5
2866,175.0,38.02244180792347,13.173850745050556,39.293765408777,13.173850745050556,1690.4914285714285,1023.08
2867,24.0,9.036719645764965,3.7124308058588746,8.602325267042627,3.7124308058588746,1731.3333333333333,1004.0833333333334
2868,9.0,4.277662731533559,2.643019518000728,4.123105625617661,2.643019518000728,48.55555555555556,1003.3333333333334
2869,20.0,9.54148835350125,3.22490309931942,8.246211251235321,3.22490309931942,229.1,1003.5
2870,106.0,30.66611518338734,9.776763655541034,26.92582403567252,9.776763655541034,298.52830188679246,1013.9056603773585
2871,20.0,6.0,4.09878030638384,6.082762530298219,4.09878030638384,499.5,1003.5
2872,31.0,8.99722315140529,4.402135811777726,9.055385138137417,4.402135811777726,830.1935483870968,1003.5806451612904
2873,70.0,11.974429824216099,8.455548219426486,14.317821063276353,8.455548219426486,1680.3428571428572,1010.7714285714286
2874,25.0,6.409489512290508,5.0323795754928895,6.708203932499369,5.0323795754928895,597.4,1005.36
2875,14.0,6.233549779791836,3.28260722659316,6.082762530298219,3.28260722659316,2353.0,1004.4285714285714
2876,151.0,25.39525823207766,13.388571028889341,26.92582403567252,13.388571028889341,2383.6688741721855,1016.6423841059602
2877,11.0,4.077022084696552,3.677859601925431,4.47213595499958,3.677859601925431,263.0,1005.5454545454545
2878,112.0,16.21905928262096,12.615063220945801,18.35755975068582,12.615063220945801,414.01785714285717,1011.6517857142857
2879,12.0,3.8297084310253524,3.8297084310253524,4.123105625617661,3.8297084310253524,643.5,1005.5
2880,46.0,14.8758052968118,6.024181026164159,14.422205101855956,6.024181026164159,1700.695652173913,1006.9347826086956
2881,10.0,4.079215610874228,3.22490309931942,4.123105625617661,3.22490309931942,2331.5,1005.6
2882,5.0,3.098386676965933,1.7888543819998317,3.1622776601683795,1.7888543819998317,241.4,1006.2
2883,22.0,6.4372284501206884,4.281434913937046,6.708203932499369,4.281434913937046,437.27272727272725,1007.0909090909091
2884,20.0,7.731010827707835,3.198667157092813,7.280109889280518,3.198667157092813,731.85,1006.05
2885,6.0,3.265986323710904,2.0,3.1622776601683795,2.0,1715.5,1006.0
2886,9.0,4.0171906061502325,2.8906758369544234,4.123105625617661,2.8906758369544234,583.8888888888889,1007.1111111111111
2887,5.0,4.34169545110285,1.2765894445250698,4.123105625617661,1.2765894445250698,590.4,1007.4
2888,12.0,5.047398899971205,2.9573614197104288,5.385164807134504,2.9573614197104288,609.0,1008.1666666666666
2889,18.0,9.226084975440353,2.9254689148293505,8.54400374531753,2.9254689148293505,13.88888888888889,1010.2777777777778
2890,45.0,9.333123951602543,7.0010903750648295,10.198039027185569,7.0010903750648295,56.31111111111111,1011.8666666666667
2891,21.0,6.258173505705088,4.157977767102647,6.324555320336759,4.157977767102647,140.61904761904762,1008.5714285714286
2892,12.0,4.464216783173839,3.409739589526534,4.47213595499958,3.409739589526534,464.5,1008.6666666666666
2893,12.0,3.8297084310253524,3.8297084310253524,4.123105625617661,3.8297084310253524,555.5,1008.5
2894,117.0,15.34258124751801,10.396818800844336,17.08800749063506,10.396818800844336,677.8205128205128,1011.7008547008547
2895,21.0,9.514352028163371,2.792687048173525,9.055385138137417,2.792687048173525,790.8095238095239,1010.9047619047619
2896,11.0,4.972652484064489,2.745394340098455,5.0,2.745394340098455,836.1818181818181,1008.3636363636364
2897,23.0,6.351993867043364,4.750087055216579,6.708203932499369,4.750087055216579,1737.3478260869565,1009.3478260869565
2898,10.0,4.09878030638384,2.9933259094191533,4.123105625617661,2.9933259094191533,36.5,1008.8
2899,82.0,27.59721344977235,5.187501240254189,24.515301344262525,5.187501240254189,47.08536585365854,1021.3536585365854
2900,5.0,3.098386676965933,1.7888543819998317,3.1622776601683795,1.7888543819998317,1711.2,1008.4
2901,8.0,3.4641016151377544,2.7386127875258306,3.605551275463989,2.7386127875258306,1816.875,1008.875
2902,46.0,11.455682562870095,5.938869636345491,11.180339887498949,5.938869636345491,2375.217391304348,1013.2608695652174
2903,45.0,8.547770300349722,6.944031502646222,8.94427190999916,6.944031502646222,173.46666666666667,1012.1555555555556
2904,18.0,6.0,3.7712361663282534,6.082762530298219,3.7712361663282534,621.6666666666666,1011.5
2905,30.0,12.028204010885563,4.645437121552097,12.36931687685298,4.645437121552097,702.7333333333333,1011.2666666666667
2906,7.0,3.0237157840738176,2.799416848895061,3.1622776601683795,2.799416848895061,104.71428571428571,1011.0
2907,82.0,24.19648390045039,6.488410501884713,22.360679774997898,6.488410501884713,654.2682926829268,1019.439024390244
2908,12.0,3.8297084310253524,3.8297084310253524,4.123105625617661,3.8297084310253524,819.5,1011.5
2909,8.0,3.4641016151377544,2.7386127875258306,3.605551275463989,2.7386127875258306,129.125,1011.875
2910,14.0,8.0,2.0,7.0710678118654755,2.0,148.0,1011.5
2911,50.0,11.004580679516494,6.367919916896905,11.661903789690601,6.367919916896905,2352.98,1014.42
2912,134.0,22.268964677086277,8.738757275999786,20.8806130178211,8.738757275999786,90.21641791044776,1021.7014925373135
2913,9.0,3.7817431280582214,3.1300454222715657,4.123105625617661,3.1300454222715657,255.77777777777777,1013.6666666666666
2914,75.0,13.843506678619338,10.71663248077075,14.142135623730951,10.71663248077075,603.92,1015.8933333333333
2915,18.0,6.78791313276079,3.384538299328946,6.708203932499369,3.384538299328946,234.77777777777777,1015.2777777777778
2916,30.0,13.802686731590258,5.102641482672808,12.083045973594572,5.102641482672808,337.73333333333335,1017.1666666666666
2917,12.0,3.8297084310253524,3.8297084310253524,4.123105625617661,3.8297084310253524,555.5,1014.5
2918,14.0,4.20883424647321,4.120630029101703,4.47213595499958,4.120630029101703,591.5,1014.2857142857143
2919,8.0,3.4641016151377544,2.7386127875258306,3.605551275463989,2.7386127875258306,784.125,1013.875
2920,116.0,22.809031105666744,8.738175439348677,23.40939982143925,8.738175439348677,1700.8620689655172,1022.7844827586207
2921,26.0,8.345810821507653,4.749785203889227,8.246211251235321,4.749785203889227,1714.1538461538462,1015.5384615384615
2922,150.0,31.070365889254305,11.457880701706106,27.784887978899608,11.457880701706106,838.98,1022.84
2923,218.0,23.19320518693943,18.6349581506113,23.769728648009426,18.6349581506113,70.22935779816514,1025.1146788990825
2924,93.0,17.362982228000284,7.701317505645857,17.72004514666935,7.701317505645857,103.81720430107526,1024.2903225806451
2925,42.0,8.935260215561584,6.464109192042028,10.198039027185569,6.464109192042028,123.4047619047619,1018.8571428571429
2926,5.0,3.098386676965933,1.7888543819998317,3.1622776601683795,1.7888543819998317,141.2,1015.4
2927,159.0,18.016117233481793,13.638574514882182,20.615528128088304,13.638574514882182,521.5471698113207,1024.4150943396226
2928,264.0,34.69832868012486,20.232028714089726,35.11409973215888,20.232028714089726,555.8977272727273,1030.5492424242425
2929,68.0,11.495664341838467,10.031190749107203,12.041594578792296,10.031190749107203,35.44117647058823,1020.1470588235294
2930,6.0,3.265986323710904,2.0,3.1622776601683795,2.0,323.5,1017.0
2931,24.0,9.16515138991168,3.265986323710904,8.246211251235321,3.265986323710904,459.0,1019.5
2932,6.0,3.265986323710904,2.0,3.1622776601683795,2.0,1739.0,1016.5
2933,28.0,6.233549779791836,6.0,6.708203932499369,6.0,625.0,1019.5
2934,6.0,6.831300510639732,0.0,6.0,0.0,767.0,1019.5
2935,5.0,3.098386676965933,1.7888543819998317,3.1622776601683795,1.7888543819998317,1760.8,1017.4
2936,126.0,23.60508846469932,8.692043789023824,25.942243542145693,8.692043789023824,489.95238095238096,1030.079365079365
2937,5.0,5.656854249492381,0.0,5.0,0.0,1773.0,1020.0
2938,191.0,32.634299086294014,9.78279928419989,30.083217912982647,9.78279928419989,2062.1256544502617,1024.3403141361257
2939,11.0,4.346129984141888,3.067356324605906,4.47213595499958,3.067356324605906,632.9090909090909,1020.6363636363636
2940,30.0,7.982202425117743,4.8166378315169185,8.06225774829855,4.8166378315169185,707.5,1022.4666666666667
2941,60.0,14.624718649947427,8.611997056360902,15.0,8.611997056360902,2363.0833333333335,1022.8
2942,7.0,4.155374705678736,1.9054711331003737,4.123105625617661,1.9054711331003737,327.57142857142856,1021.7142857142857
2943,18.0,5.4124429567643615,4.376060521087009,5.830951894845301,4.376060521087009,479.3333333333333,1021.8333333333334
2944,10.0,4.244901238393523,3.1081849166812976,4.47213595499958,3.1081849166812976,1766.9,1021.4
2945,5942.0,191.42074180989982,80.05930484817712,204.02205763103166,80.05930484817712,163.4224166947156,1112.9594412655672
2946,38.0,12.523715258107496,5.9040144951360185,11.704699910719626,5.9040144951360185,507.6842105263158,1024.3947368421052
2947,76.0,14.765281343775806,7.578785548150348,13.92838827718412,7.578785548150348,585.5921052631579,1025.3026315789473
2948,30.0,7.713855342440116,5.104985817840488,8.06225774829855,5.104985817840488,816.6333333333333,1024.8666666666666
2949,5.0,3.098386676965933,1.7888543819998317,3.1622776601683795,1.7888543819998317,2306.8,1021.6
2950,5.0,3.098386676965933,1.7888543819998317,3.1622776601683795,1.7888543819998317,2405.6,1022.2
2951,32.0,9.60888618526652,4.32079926386244,9.848857801796104,4.32079926386244,468.25,1024.25
2952,39.0,10.955642471584628,6.240432461905396,10.63014581273465,6.240432461905396,1716.5641025641025,1024.7179487179487
2953,13.0,8.500875650859372,2.4750041844418997,7.211102550927978,2.4750041844418997,1729.8461538461538,1024.0
2954,10.0,4.09878030638384,2.9933259094191533,4.123105625617661,2.9933259094191533,1739.5,1022.8
2955,13.0,4.574174999174924,3.6794648440311994,5.0990195135927845,3.6794648440311994,678.5384615384615,1024.6923076923076
2956,58.0,11.798574547522756,6.312082868029695,12.165525060596439,6.312082868029695,1661.5172413793102,1027.9137931034484
2957,44.0,8.639499020051337,6.505208249432326,8.94427190999916,6.505208249432326,3.590909090909091,1027.5
2958,16.0,5.149449337222181,3.918950308868696,5.385164807134504,3.918950308868696,531.1875,1025.3125
2959,23.0,6.963454646464562,4.284086784329541,7.280109889280518,4.284086784329541,620.695652173913,1027.3478260869565
2960,15.0,4.618802153517007,4.061745656460751,5.0990195135927845,4.061745656460751,728.4666666666667,1026.1333333333334
2961,113.0,18.86881214967366,10.34065579639419,18.867962264113206,10.34065579639419,761.7787610619469,1033.4778761061948
2962,32.0,7.251743853855385,5.9284556233534085,8.06225774829855,5.9284556233534085,774.21875,1027.25
2963,28.0,8.447644050444893,4.1972493175552135,9.055385138137417,4.1972493175552135,1638.5,1027.7857142857142
2964,30.0,8.779107394647871,4.288815689663726,8.54400374531753,4.288815689663726,2398.5,1027.5
2965,19.0,7.455128930368747,3.15086937833595,7.0710678118654755,3.15086937833595,661.8947368421053,1028.0
2966,31.0,8.225387549061717,5.459683154397199,8.94427190999916,5.459683154397199,611.8064516129032,1029.0
2967,20.0,6.3118935352238,4.09878030638384,6.324555320336759,4.09878030638384,2370.1,1027.5
2968,8.0,4.47213595499958,2.0,4.123105625617661,2.0,502.5,1029.5
2969,12.0,4.894994431930091,2.9693109114997,5.0990195135927845,2.9693109114997,1900.8333333333333,1029.9166666666667
2970,220.0,41.24733263856038,8.930754539804177,37.656340767525464,8.930754539804177,2099.05,1033.6227272727272
2971,14.0,7.336924227966222,2.516507138715231,6.708203932499369,2.516507138715231,2316.6428571428573,1031.4285714285713
2972,56.0,10.138455803709716,7.322211082775105,10.44030650891055,7.322211082775105,595.2142857142857,1035.232142857143
2973,21.0,10.271319443479042,3.165323248331292,8.94427190999916,3.165323248331292,734.3809523809524,1033.6666666666667
2974,25.0,9.613152273666058,3.6137658146743656,9.486832980505138,3.6137658146743656,1736.72,1034.36
2975,14.0,4.981598792617913,3.625307868699863,5.0990195135927845,3.625307868699863,281.85714285714283,1032.5
2976,29.0,11.513017346377866,3.4257562867350346,10.770329614269007,3.4257562867350346,299.2068965517241,1033.7931034482758
2977,189.0,24.134835434335965,19.589860209084808,25.632011235952593,19.589860209084808,317.2275132275132,1040.3439153439153
2978,21.0,9.303412227434782,3.1665469825395194,8.54400374531753,3.1665469825395194,1778.952380952381,1033.095238095238
2979,41.0,14.340094905963968,3.8398936681129383,13.416407864998739,3.8398936681129383,262.3658536585366,1035.341463414634
2980,102.0,20.354047266106424,8.787352600926619,18.35755975068582,8.787352600926619,535.343137254902,1038.764705882353
2981,9.0,3.265986323710904,3.265986323710904,3.605551275463989,3.265986323710904,569.0,1033.0
2982,24.0,8.96171277353236,3.6046164456516703,8.602325267042627,3.6046164456516703,579.7916666666666,1035.0
2983,27.0,7.977063912553565,4.451097339038154,8.06225774829855,4.451097339038154,1796.5185185185185,1034.8148148148148
2984,22.0,8.49696105130758,3.1908961408698624,8.06225774829855,3.1908961408698624,2365.0,1035.8181818181818
2985,45.0,17.62617438961026,3.5923720409883186,16.1245154965971,3.5923720409883186,2420.9777777777776,1040.5555555555557
2986,24.0,6.2182527020592095,5.022173057773121,6.324555320336759,5.022173057773121,429.4166666666667,1035.5
2987,453.0,40.73223796469636,24.885897622646834,42.95346318982906,24.885897622646834,502.5364238410596,1052.5099337748345
2988,12.0,6.831300510639732,2.0,6.082762530298219,2.0,715.5,1035.5
2989,20.0,10.246514674761507,3.317971823252431,10.198039027185569,3.317971823252431,1846.3,1038.6
2990,31.0,10.747265067050032,5.447788134249832,9.848857801796104,5.447788134249832,656.3548387096774,1038.1612903225807
2991,55.0,13.113899641271976,5.617491852334403,12.649110640673518,5.617491852334403,836.2545454545455,1037.6
2992,689.0,45.30960747163914,28.72861124888693,46.57252408878007,28.72861124888693,37.01306240928882,1057.7866473149493
2993,14.0,5.547913739947078,3.4160844143468068,5.830951894845301,3.4160844143468068,421.57142857142856,1036.857142857143
2994,30.0,6.332982446420222,5.999999999999999,6.708203932499369,5.999999999999999,604.5,1037.6
2995,168.0,26.07454011789506,14.337283565721544,27.294688127912362,14.337283565721544,722.797619047619,1047.2559523809523
2996,27.0,6.435808454486936,5.293717242116963,6.708203932499369,5.293717242116963,749.5555555555555,1037.4074074074074
2997,8.0,3.7521995422010908,2.7696567649270056,4.123105625617661,2.7696567649270056,2431.125,1037.5
2998,185.0,31.499329513532874,10.921072065967062,27.892651361962706,10.921072065967062,69.74054054054054,1042.9783783783785
2999,1171.0,76.20561309256975,34.71363856421016,75.96051605933177,34.71363856421016,446.32280102476517,1059.740392826644
3000,293.0,41.11367123022576,9.748219210289447,40.311288741492746,9.748219210289447,2139.4880546075087,1047.5085324232082
3001,18.0,7.416721908507127,3.0395969654079673,7.0710678118654755,3.0395969654079673,2411.1111111111113,1037.8333333333333
3002,27.0,10.427871273081578,3.804584632216743,9.486832980505138,3.804584632216743,249.92592592592592,1041.8148148148148
3003,23.0,9.484585750825074,2.991024041639527,10.0,2.991024041639527,693.9565217391304,1042.3478260869565
3004,67.0,14.39258247227896,7.974671347466358,14.317821063276353,7.974671347466358,1730.597014925373,1044.7164179104477
3005,25.0,6.144916598294887,5.366563145999495,6.708203932499369,5.366563145999495,1765.8,1041.2
3006,11.0,4.51260859854213,2.9541957835039856,5.0,2.9541957835039856,2386.0,1040.0
3007,52.0,18.34390269717396,4.968366511166091,17.08800749063506,4.968366511166091,2398.3076923076924,1044.8461538461538
3008,238.0,34.45788928411542,10.98386963259389,32.28002478313795,10.98386963259389,4.798319327731092,1055.063025210084
3009,21.0,5.453041275270223,4.9538858324681865,6.082762530298219,4.9538858324681865,99.61904761904762,1041.7142857142858
3010,19.0,8.805565826076894,2.797300729105356,8.06225774829855,2.797300729105356,1745.2631578947369,1043.7368421052631
3011,11.0,6.410747983365109,1.964939688573319,6.082762530298219,1.964939688573319,637.5454545454545,1043.7272727272727
3012,5.0,5.656854249492381,0.0,5.0,0.0,1615.0,1043.0
3013,19.0,8.704779663698517,3.0534838979513226,8.06225774829855,3.0534838979513226,1825.6315789473683,1043.578947368421
3014,17.0,6.96434421707008,3.030922457114571,7.0710678118654755,3.030922457114571,735.1176470588235,1045.2941176470588
3015,176.0,17.383805917425246,15.61416852629175,21.633307652783937,15.61416852629175,526.7670454545455,1051.9488636363637
3016,78.0,18.068183363787444,8.421641787251351,17.11724276862369,8.421641787251351,569.0897435897435,1052.7435897435898
3017,6.0,3.8297084310253524,1.8856180831641265,3.605551275463989,1.8856180831641265,1782.8333333333333,1045.0
3018,222.0,35.319595452816365,13.908284889165865,35.35533905932738,13.908284889165865,605.972972972973,1057.0720720720722
3019,5.0,3.098386676965933,1.7888543819998317,3.1622776601683795,1.7888543819998317,649.4,1046.2
3020,6.0,3.265986323710904,2.0,3.1622776601683795,2.0,1803.5,1046.0
3021,72.0,23.671118586251858,6.154070955070827,19.924858845171276,6.154070955070827,2413.3333333333335,1052.875
3022,43.0,11.541941292545934,6.242393321436931,11.180339887498949,6.242393321436931,1681.0232558139535,1050.3488372093022
3023,17.0,5.300439353437239,4.092631588351591,5.385164807134504,4.092631588351591,625.7058823529412,1048.5882352941176
3024,69.0,20.019251341035496,6.037828139745258,16.76305461424021,6.037828139745258,159.18840579710144,1056.0144927536232
3025,10.0,3.9191835884530852,3.0983866769659336,4.123105625617661,3.0983866769659336,302.2,1049.0
3026,6.0,3.1269438398822857,2.309401076758503,3.1622776601683795,2.309401076758503,487.1666666666667,1048.8333333333333
3027,20.0,5.138093031466052,5.075431016179807,6.082762530298219,5.075431016179807,579.5,1049.7
3028,17.0,5.224377249688121,4.280801270273,5.385164807134504,4.280801270273,701.4705882352941,1049.5294117647059
3029,145.0,17.730765942266224,12.512616642733677,19.72308292331602,12.512616642733677,748.0206896551724,1055.0827586206897
3030,82.0,17.266148780924812,7.285152268428944,19.313207915827967,7.285152268428944,773.8048780487804,1053.0121951219512
3031,47.0,12.680845712797531,5.050057249099233,12.649110640673518,5.050057249099233,1791.6382978723404,1053.7659574468084
3032,22.0,9.169175957653982,3.11630169022871,9.219544457292887,3.11630169022871,2364.2727272727275,1048.8636363636363
3033,44.0,8.39827023866185,6.698190144604935,8.54400374531753,6.698190144604935,2435.4545454545455,1051.6136363636363
3034,45.0,10.275062712308143,5.958819572917045,10.295630140987,5.958819572917045,588.3333333333334,1052.7333333333333
3035,74.0,13.457075231975383,8.76842131716178,14.142135623730951,8.76842131716178,672.1486486486486,1054.945945945946
3036,16.0,5.671046209682951,3.6522917309054934,6.082762530298219,3.6522917309054934,2374.375,1051.875
3037,14.0,5.957108448150149,2.8895663395837934,6.082762530298219,2.8895663395837934,432.0,1052.7857142857142
3038,14.0,4.20883424647321,4.120630029101703,4.47213595499958,4.120630029101703,600.2857142857143,1051.5
3039,5.0,5.656854249492381,0.0,5.0,0.0,644.0,1052.0
3040,18.0,5.626889440998166,4.331035477250572,5.830951894845301,4.331035477250572,708.3888888888889,1053.4444444444443
3041,11.0,4.596473335205269,3.0472374405751204,5.0990195135927845,3.0472374405751204,1735.909090909091,1053.0
3042,12.0,6.831300510639732,2.0,6.082762530298219,2.0,1771.5,1051.5
3043,41.0,13.790360897870512,4.619322615756042,12.529964086141668,4.619322615756042,75.29268292682927,1057.3658536585365
3044,161.0,26.751049670915254,12.069294343244271,27.294688127912362,12.069294343244271,631.0,1064.9565217391305
3045,44.0,11.728928205284019,5.213857427183398,11.704699910719626,5.213857427183398,759.1363636363636,1058.340909090909
3046,9.0,3.265986323710904,3.265986323710904,3.605551275463989,3.265986323710904,262.0,1055.0
3047,7.0,4.0,2.2131333406899523,4.123105625617661,2.2131333406899523,736.7142857142857,1055.5714285714287
3048,113.0,29.69082087970862,11.386137570912998,27.51363298439521,11.386137570912998,543.6460176991151,1062.0530973451328
3049,765.0,53.19716209487609,29.68285460460842,55.226805085936306,29.68285460460842,566.9581699346405,1086.6666666666667
3050,58.0,11.482913500041333,8.637501444340527,12.806248474865697,8.637501444340527,139.31034482758622,1060.2931034482758
3051,22.0,9.666281491917204,3.2500772481617926,8.54400374531753,3.2500772481617926,403.5,1059.5
3052,5.0,3.098386676965933,1.7888543819998317,3.1622776601683795,1.7888543819998317,495.8,1056.4
3053,14.0,8.0,2.0,7.0710678118654755,2.0,1811.5,1059.0
3054,13.0,4.318667337728677,3.6794648440311994,4.47213595499958,3.6794648440311994,1766.6153846153845,1058.6153846153845
3055,20.0,7.731010827707836,3.198667157092813,7.280109889280518,3.198667157092813,2425.05,1059.85
3056,19.0,5.823607376252327,4.256622854386962,5.830951894845301,4.256622854386962,767.8947368421053,1060.0
3057,45.0,9.00445815963039,6.418663367423563,9.486832980505138,6.418663367423563,51.06666666666667,1061.4444444444443
3058,29.0,11.697191628420407,3.543977228398556,10.770329614269007,3.543977228398556,585.6551724137931,1061.3103448275863
3059,11.0,4.346129984141888,3.067356324605906,4.47213595499958,3.067356324605906,1760.909090909091,1060.3636363636363
3060,9.0,3.265986323710904,3.265986323710904,3.605551275463989,3.265986323710904,97.0,1062.0
3061,7.0,3.0237157840738176,2.7994168488950604,3.1622776601683795,2.7994168488950604,1785.0,1061.7142857142858
3062,25.0,11.412208728108329,4.204556093821094,10.295630140987,4.204556093821094,60.64,1065.16
3063,39.0,13.637213475145279,4.603843656953227,12.206555615733702,4.603843656953227,322.1794871794872,1066.3846153846155
3064,63.0,17.829525481575203,5.605641251955452,17.46424919657298,5.605641251955452,613.3333333333334,1068.4285714285713
3065,21.0,7.473443622070204,3.793152150854162,7.280109889280518,3.793152150854162,1898.047619047619,1063.5238095238096
3066,177.0,42.22325593520669,9.721077565151756,34.48187929913333,9.721077565151756,262.0169491525424,1080.406779661017
3067,9.0,3.265986323710904,3.265986323710904,3.605551275463989,3.265986323710904,78.0,1065.0
3068,19.0,7.347338259627431,3.178877656956105,7.0710678118654755,3.178877656956105,665.0,1067.3157894736842
3069,6.0,6.831300510639732,0.0,6.0,0.0,680.0,1066.5
3070,48.0,12.37699455227069,5.341556708983244,12.36931687685298,5.341556708983244,1825.5416666666667,1068.875
3071,16.0,6.324555320336759,3.122498999199199,6.082762530298219,3.122498999199199,17.125,1067.5
3072,26.0,8.684869381362494,4.414100863394779,8.602325267042627,4.414100863394779,400.34615384615387,1068.423076923077
3073,5.0,3.098386676965933,1.7888543819998317,3.1622776601683795,1.7888543819998317,432.8,1065.4
3074,12.0,6.831300510639732,2.0,6.082762530298219,2.0,523.5,1065.5
3075,21.0,8.0,3.265986323710904,7.280109889280518,3.265986323710904,534.0,1068.0
3076,40.0,21.39828153333131,4.524770427357854,18.110770276274835,4.524770427357854,741.05,1072.5
3077,13.0,7.9590398428500215,2.195305275650449,7.211102550927978,2.195305275650449,1802.1538461538462,1066.8461538461538
3078,8.0,8.493618765183317,1.1655214591442762,7.0710678118654755,1.1655214591442762,686.875,1069.375
3079,39.0,16.01103201642339,4.416726365027532,13.92838827718412,4.416726365027532,717.3589743589744,1069.2564102564102
3080,12.0,4.47213595499958,3.265986323710904,4.47213595499958,3.265986323710904,2409.0,1067.5
3081,34.0,13.104847355900537,3.217598666159375,12.041594578792296,3.217598666159375,65.0,1072.8235294117646
3082,44.0,10.152967408208795,5.929327299899846,10.295630140987,5.929327299899846,508.5,1071.2045454545455
3083,6.0,3.265986323710904,2.0,3.1622776601683795,2.0,785.0,1067.5
3084,11.0,4.346129984141888,3.067356324605906,4.47213595499958,3.067356324605906,208.9090909090909,1069.6363636363637
3085,24.0,6.988354551030257,4.396540382591903,7.211102550927978,4.396540382591903,1893.125,1070.375
3086,71.0,12.796741570461041,8.213465817260339,13.038404810405298,8.213465817260339,473.67605633802816,1074.6338028169014
3087,167.0,26.917701798024634,13.995773033445692,26.076809620810597,13.995773033445692,725.9161676646706,1081.4071856287426
3088,28.0,11.226591975784295,5.141305317169726,10.44030650891055,5.141305317169726,292.2142857142857,1074.3214285714287
3089,200.0,32.08038560646179,12.249116675937056,33.60059523282288,12.249116675937056,1816.28,1086.11
3090,18.0,10.519822558706334,1.9876159799998159,10.0,1.9876159799998159,0.4444444444444444,1075.5
3091,57.0,11.809492101308523,6.279062981057667,12.36931687685298,6.279062981057667,541.6842105263158,1076.017543859649
3092,66.0,11.75600712778018,7.744791003505645,11.704699910719626,7.744791003505645,274.3939393939394,1077.3939393939395
3093,50.0,17.097325461822237,3.7771764656320963,16.0312195418814,3.7771764656320963,302.28,1079.0
3094,24.0,12.197662556470313,3.8830579791696627,10.44030650891055,3.8830579791696627,355.4583333333333,1073.9166666666667
3095,61.0,11.701212212613246,8.921388524299747,14.317821063276353,8.921388524299747,642.1475409836065,1076.655737704918
3096,10.0,4.09878030638384,2.9933259094191533,4.123105625617661,2.9933259094191533,708.5,1072.8
3097,25.0,9.910166553355277,3.1419418971009603,9.219544457292887,3.1419418971009603,749.92,1076.28
3098,44.0,12.751527293390184,6.648323441175768,12.529964086141668,6.648323441175768,1832.7954545454545,1078.3181818181818
3099,26.0,8.967173691195281,4.317759885612567,9.055385138137417,4.317759885612567,2406.730769230769,1076.076923076923
3100,5.0,3.098386676965933,1.7888543819998317,3.1622776601683795,1.7888543819998317,78.2,1073.4
3101,5.0,3.098386676965933,1.7888543819998317,3.1622776601683795,1.7888543819998317,393.2,1073.4
3102,22.0,6.402478858785094,4.30644337539164,6.324555320336759,4.30644337539164,197.72727272727272,1075.5
3103,84.0,23.711399368333765,7.0352799218046425,22.825424421026653,7.0352799218046425,503.9642857142857,1084.6666666666667
3104,26.0,7.254054082902197,4.673354022954865,7.211102550927978,4.673354022954865,527.6538461538462,1077.7307692307693
3105,84.0,15.950376425842434,7.902208697874851,14.866068747318506,7.902208697874851,700.547619047619,1081.9404761904761
3106,5.0,2.5298221281347035,2.5298221281347035,3.0,2.5298221281347035,456.0,1077.0
3107,10.0,4.09878030638384,2.9933259094191533,4.123105625617661,2.9933259094191533,592.2,1077.5
3108,229.0,47.740343710469624,10.497581685247036,39.824615503479755,10.497581685247036,15.427947598253276,1095.6855895196506
3109,16.0,6.490340168018707,3.1425283615908546,6.324555320336759,3.1425283615908546,47.5,1079.0
3110,20.0,8.438009243891594,2.9933259094191533,8.06225774829855,2.9933259094191533,315.5,1077.8
3111,101.0,13.211853264343102,9.866038142923024,13.92838827718412,9.866038142923024,341.34653465346537,1082.6336633663366
3112,16.0,6.324555320336759,3.122498999199199,6.082762530298219,3.122498999199199,515.5,1077.875
3113,13.0,4.318667337728677,3.6794648440311994,4.47213595499958,3.6794648440311994,708.6153846153846,1078.6153846153845
3114,18.0,7.416721908507126,3.039596965407966,7.0710678118654755,3.039596965407966,1787.888888888889,1077.8333333333333
3115,20.0,6.484815998368867,3.8402033106723907,7.0710678118654755,3.8402033106723907,80.5,1082.0
3116,39.0,9.829687114388452,5.2265442417720545,10.295630140987,5.2265442417720545,599.2051282051282,1082.820512820513
3117,83.0,27.070600109552778,7.997722479216556,22.80350850198276,7.997722479216556,689.566265060241,1087.8072289156626
3118,54.0,15.765246754455358,6.0578089802187804,14.866068747318506,6.0578089802187804,766.3518518518518,1085.2592592592594
3119,20.0,6.0525717430008275,4.19122598959158,6.324555320336759,4.19122598959158,54.6,1082.95
3120,7.0,3.7032803990902057,2.138089935299395,3.605551275463989,2.138089935299395,201.0,1081.0
3121,256.0,35.90434093654482,16.63886085596689,33.734255586866,16.63886085596689,460.2578125,1089.57421875
3122,6.0,3.265986323710904,2.0,3.1622776601683795,2.0,619.5,1081.0
3123,31.0,11.793672045846002,4.2165420470143165,10.770329614269007,4.2165420470143165,40.16129032258065,1085.483870967742
3124,6.0,4.363338213437162,1.65500979239906,4.123105625617661,1.65500979239906,390.3333333333333,1082.1666666666667
3125,6.0,3.0550504633038935,2.6666666666666665,3.1622776601683795,2.6666666666666665,482.8333333333333,1082.3333333333333
3126,168.0,22.16539029963691,14.40068447080116,23.323807579381203,14.40068447080116,540.3988095238095,1092.0238095238096
3127,16.0,6.324555320336759,3.122498999199199,6.082762530298219,3.122498999199199,662.125,1083.5
3128,20.0,6.0,4.09878030638384,6.082762530298219,4.09878030638384,25.5,1083.5
3129,13.0,5.108412959026922,3.2324132994205192,5.385164807134504,3.2324132994205192,1943.076923076923,1083.6923076923076
3130,23.0,6.386623786910343,5.163240428969421,7.280109889280518,5.163240428969421,91.34782608695652,1085.5217391304348
3131,303.0,29.120554120093754,20.04078975758105,30.083217912982647,20.04078975758105,231.73267326732673,1095.5115511551155
3132,9.0,4.988876515698588,2.2662308949301266,5.0990195135927845,2.2662308949301266,253.11111111111111,1084.3333333333333
3133,22.0,9.86817424099359,3.3635326704855486,9.219544457292887,3.3635326704855486,282.72727272727275,1085.6363636363637
3134,11.0,4.854444919780396,2.858303992038103,5.0990195135927845,2.858303992038103,672.8181818181819,1085.2727272727273
3135,16.0,9.16515138991168,2.0,8.06225774829855,2.0,1763.5,1083.5
3136,42.0,13.365727956623246,5.5538135127325745,12.649110640673518,5.5538135127325745,409.6190476190476,1087.0
3137,14.0,4.20883424647321,4.120630029101703,4.47213595499958,4.120630029101703,496.5,1085.7142857142858
3138,29.0,9.347067728080901,4.938117077704135,8.94427190999916,4.938117077704135,206.51724137931035,1087.2413793103449
3139,23.0,10.937361776501378,4.859832682575586,11.180339887498949,4.859832682575586,245.8695652173913,1088.1739130434783
3140,324.0,45.069857050899195,18.180608797347166,39.05124837953327,18.180608797347166,1787.4938271604938,1092.3333333333333
3141,19.0,7.045076661278353,3.421639235559132,7.280109889280518,3.421639235559132,435.3157894736842,1087.4736842105262
3142,16.0,6.843275670546393,2.94441472909436,6.708203932499369,2.94441472909436,554.375,1087.625
3143,8.0,3.4641016151377544,2.7386127875258306,3.605551275463989,2.7386127875258306,21.125,1088.125
3144,59.0,14.028061213969506,6.272793851417064,16.278820596099706,6.272793851417064,59.69491525423729,1092.406779661017
3145,6.0,6.831300510639732,0.0,6.0,0.0,66.5,1087.0
3146,97.0,13.016151612001877,10.512983899892685,16.76305461424021,10.512983899892685,647.5773195876288,1092.721649484536
3147,24.0,9.71361770997319,3.271266809670342,9.486832980505138,3.271266809670342,752.9583333333334,1090.875
3148,24.0,7.8949917149003275,4.096366308420953,7.615773105863909,4.096366308420953,778.6666666666666,1089.6666666666667
3149,45.0,16.48107946152716,4.504778810164465,14.142135623730951,4.504778810164465,2451.4444444444443,1093.9555555555555
3150,17.0,7.073322178722952,2.960398808750443,7.280109889280518,2.960398808750443,72.05882352941177,1090.7058823529412
3151,24.0,5.773502691896258,5.280993172584953,6.324555320336759,5.280993172584953,316.5,1089.9166666666667
3152,60.0,11.277062406801692,8.773006397517205,12.083045973594572,8.773006397517205,482.4166666666667,1094.1333333333334
3153,427.0,48.027979630572034,23.12300954822456,48.373546489791295,23.12300954822456,621.864168618267,1108.3185011709602
3154,38.0,8.722654430611259,5.697213000426297,8.54400374531753,5.697213000426297,1841.7894736842106,1091.5263157894738
3155,152.0,20.2309843135406,11.607957177176258,19.72308292331602,11.607957177176258,2440.4144736842104,1094.8092105263158
3156,13.0,4.796448390190737,4.0,5.385164807134504,4.0,86.92307692307692,1091.3076923076924
3157,52.0,19.40420870194213,4.695811873203034,16.492422502470642,4.695811873203034,668.7884615384615,1097.576923076923
3158,18.0,7.416721908507126,3.0395969654079673,7.0710678118654755,3.0395969654079673,761.1666666666666,1091.888888888889
3159,12.0,6.831300510639732,2.0,6.082762530298219,2.0,387.5,1091.5
3160,23.0,5.814167475253484,5.029477667275335,6.324555320336759,5.029477667275335,1873.8260869565217,1093.5652173913043
3161,27.0,8.937911753156234,5.179217692572671,10.198039027185569,5.179217692572671,208.1851851851852,1095.3333333333333
3162,14.0,6.119368331694076,2.9035981542678773,5.830951894845301,2.9035981542678773,271.64285714285717,1094.0714285714287
3163,63.0,16.191462455545185,5.175704463405926,16.278820596099706,5.175704463405926,592.0,1099.4920634920634
3164,62.0,22.03368743576627,4.287104041550717,20.223748416156685,4.287104041550717,655.4032258064516,1101.6774193548388
3165,20.0,7.152584901633849,3.8575289013718983,7.280109889280518,3.8575289013718983,33.4,1096.75
3166,5.0,3.098386676965933,1.7888543819998317,3.1622776601683795,1.7888543819998317,278.2,1093.4
3167,12.0,6.831300510639732,2.0,6.082762530298219,2.0,419.5,1093.5
3168,87.0,18.211020418372193,10.604551029156339,18.027756377319946,10.604551029156339,199.8505747126437,1103.5172413793102
3169,14.0,4.653822556464807,3.882863568359103,5.0990195135927845,3.882863568359103,381.92857142857144,1095.642857142857
3170,20.0,6.331370505657219,3.938749486841458,6.324555320336759,3.938749486841458,438.35,1096.45
3171,80.0,13.362579349502045,10.192594033329371,14.212670403551895,10.192594033329371,46.125,1101.1375
3172,154.0,30.002442333493438,10.953335824303949,26.076809620810597,10.953335824303949,92.03896103896103,1101.8181818181818
3173,5.0,5.656854249492381,0.0,5.0,0.0,108.0,1095.0
3174,26.0,6.4076707814980285,5.265246456215877,6.708203932499369,5.265246456215877,495.11538461538464,1097.2692307692307
3175,15.0,9.872014097934516,2.3779084846337697,8.54400374531753,2.3779084846337697,291.1333333333333,1098.0666666666666
3176,20.0,8.438009243891594,2.9933259094191533,8.06225774829855,2.9933259094191533,451.5,1097.2
3177,1453.0,91.35990713119975,48.799051873948024,83.67795408588812,48.799051873948024,684.4019270474879,1121.9146593255334
3178,23.0,8.976400602779236,3.6229208478577553,8.246211251235321,3.6229208478577553,725.0869565217391,1097.304347826087
3179,135.0,18.275593745972103,12.62146302632603,18.384776310850235,12.62146302632603,1809.2296296296297,1106.3407407407408
3180,52.0,8.667009309799452,7.658471152461201,8.94427190999916,7.658471152461201,1835.3461538461538,1099.4807692307693
3181,14.0,4.981598792617912,3.625307868699863,5.0990195135927845,3.625307868699863,2459.5,1097.857142857143
3182,16.0,5.291502622129181,3.872983346207417,6.0,3.872983346207417,598.75,1099.5
3183,149.0,21.44009414828193,11.973893157126598,22.02271554554524,11.973893157126598,740.7114093959732,1106.9328859060402
3184,20.0,7.731010827707836,3.198667157092813,7.280109889280518,3.198667157092813,1793.05,1099.85
3185,11.0,6.410747983365108,1.9649396885733192,6.082762530298219,1.9649396885733192,1947.7272727272727,1097.4545454545455
3186,34.0,15.632619774416591,2.795526893953447,14.142135623730951,2.795526893953447,2534.176470588235,1102.9705882352941
3187,189.0,36.22350848669517,13.600476726713604,32.55764119219941,13.600476726713604,251.8095238095238,1110.2116402116403
3188,10.0,8.494235514486656,2.155913501148323,7.280109889280518,2.155913501148323,583.6,1101.8
3189,14.0,8.0,2.0,7.0710678118654755,2.0,315.0,1099.5
3190,23.0,8.47548594979366,4.022593788614036,8.246211251235321,4.022593788614036,516.6521739130435,1101.1739130434783
3191,6.0,3.265986323710904,2.0,3.1622776601683795,2.0,526.0,1099.5
3192,8.0,4.47213595499958,2.0,4.123105625617661,2.0,768.5,1099.5
3193,298.0,27.696024809463324,19.436222592063412,29.832867780352597,19.436222592063412,306.23489932885906,1110.231543624161
3194,6.0,3.126943839882286,2.309401076758503,3.1622776601683795,2.309401076758503,501.8333333333333,1102.1666666666667
3195,7.0,4.0,2.2131333406899527,4.123105625617661,2.2131333406899527,640.5714285714286,1102.2857142857142
3196,393.0,38.060899338963175,21.317988284662174,37.33630940518894,21.317988284662174,1711.6997455470737,1121.2137404580153
3197,13.0,7.554371880072024,1.9753176197160076,7.0710678118654755,1.9753176197160076,35.23076923076923,1103.5384615384614
3198,26.0,6.000000000000001,5.555529257005474,6.324555320336759,5.555529257005474,107.5,1105.3846153846155
3199,17.0,6.585670706008097,3.1796084995103278,6.324555320336759,3.1796084995103278,683.0588235294117,1105.3529411764705
3200,58.0,9.86295826829028,7.790757014811743,10.44030650891055,7.790757014811743,1769.0862068965516,1107.2241379310344
3201,17.0,5.181899763382574,4.041201040002321,5.385164807134504,4.041201040002321,1824.8823529411766,1104.4117647058824
3202,45.0,10.144795514129452,5.7952439440942145,10.295630140987,5.7952439440942145,1867.5555555555557,1105.6
3203,32.0,12.396533037976369,3.9997304457126086,11.704699910719626,3.9997304457126086,2460.78125,1105.4375
3204,380.0,29.149116950129002,20.317532114447566,30.4138126514911,20.317532114447566,285.64736842105265,1117.5052631578947
3205,24.0,7.052377684611097,4.293091620297207,7.211102550927978,4.293091620297207,287.375,1106.125
3206,5.0,3.098386676965933,1.7888543819998317,3.1622776601683795,1.7888543819998317,390.6,1104.8
3207,6.0,3.8297084310253524,1.8856180831641272,4.0,1.8856180831641272,462.5,1104.6666666666667
3208,14.0,6.375674413898994,3.0645704583977698,5.830951894845301,3.0645704583977698,488.2857142857143,1105.9285714285713
3209,7.0,3.0237157840738176,2.7994168488950604,3.1622776601683795,2.7994168488950604,494.0,1104.7142857142858
3210,38.0,10.761554400984972,6.568667720938819,10.44030650891055,6.568667720938819,760.0263157894736,1107.342105263158
3211,26.0,8.095582841183305,4.865042554105198,8.06225774829855,4.865042554105198,780.5384615384615,1107.5
3212,346.0,49.35688918412897,17.947499346894183,45.65084884205331,17.947499346894183,1856.421965317919,1120.5375722543354
3213,7.0,3.7032803990902057,2.138089935299395,3.605551275463989,2.138089935299395,2425.0,1105.0
3214,19.0,7.455128930368747,3.15086937833595,7.0710678118654755,3.15086937833595,329.10526315789474,1108.0
3215,22.0,5.752469825293227,4.851514205136848,6.082762530298219,4.851514205136848,480.72727272727275,1107.5
3216,52.0,12.28873928712593,6.274671474879231,11.661903789690601,6.274671474879231,549.3461538461538,1108.9807692307693
3217,168.0,22.37821543538431,10.537135927979472,23.600847442411894,10.537135927979472,94.35119047619048,1115.4642857142858
3218,20.0,6.0,4.09878030638384,6.082762530298219,4.09878030638384,1789.5,1107.5
3219,49.0,14.253870635531968,5.139213146378713,13.0,5.139213146378713,13.142857142857142,1112.3469387755101
3220,6.0,3.265986323710904,2.0,3.1622776601683795,2.0,190.0,1107.5
3221,14.0,8.0,2.0,7.0710678118654755,2.0,267.0,1107.5
3222,10.0,4.541385054734408,2.7741344207941614,4.47213595499958,2.7741344207941614,431.8,1108.7
3223,113.0,17.4743162073559,13.562938793584264,19.1049731745428,13.562938793584264,462.1061946902655,1113.9911504424779
3224,20.0,5.808305664709609,4.523669451374876,6.324555320336759,4.523669451374876,513.2,1109.35
3225,8.0,4.47213595499958,2.0,4.123105625617661,2.0,576.5,1107.5
3226,26.0,9.772841188822003,3.577606379376643,8.94427190999916,3.577606379376643,1835.5384615384614,1109.6923076923076
3227,25.0,10.732953033227146,3.725442146449224,9.433981132056603,3.725442146449224,1924.08,1111.08
3228,6.0,3.265986323710904,2.0,3.1622776601683795,2.0,235.5,1110.0
3229,30.0,9.19444976395085,4.141374461102624,9.219544457292887,4.141374461102624,381.0,1110.3333333333333
3230,110.0,26.71907608107169,10.941243443258477,24.20743687382041,10.941243443258477,445.1181818181818,1116.0545454545454
3231,226.0,23.370335506044892,17.3890502000157,26.076809620810597,17.3890502000157,498.7345132743363,1120.075221238938
3232,7.0,3.0237157840738176,2.7994168488950604,3.1622776601683795,2.7994168488950604,1825.0,1109.7142857142858
3233,5.0,3.098386676965933,1.7888543819998317,3.1622776601683795,1.7888543819998317,2430.2,1109.6
3234,145.0,29.925013237513205,8.167129317208444,26.40075756488817,8.167129317208444,42.95172413793104,1119.1586206896552
3235,7.0,4.155374705678736,1.9054711331003737,4.123105625617661,1.9054711331003737,534.7142857142857,1110.5714285714287
3236,403.0,42.38164320906365,27.48414925522381,45.70557952810576,27.48414925522381,548.1439205955335,1136.9354838709678
3237,25.0,6.86172309184365,5.015970116623464,7.280109889280518,5.015970116623464,581.52,1112.88
3238,8.0,3.4641016151377544,2.7386127875258306,3.605551275463989,2.7386127875258306,634.875,1110.875
3239,51.0,12.299781346933223,5.339554485253059,12.083045973594572,5.339554485253059,1866.2549019607843,1115.1764705882354
3240,18.0,6.338975814214978,3.7469464699965735,6.324555320336759,3.7469464699965735,33.5,1113.1666666666667
3241,31.0,11.343293784984777,3.6261032408282086,10.44030650891055,3.6261032408282086,67.54838709677419,1113.3548387096773
3242,17.0,5.661053382547679,3.8023236200202857,6.082762530298219,3.8023236200202857,261.3529411764706,1112.7058823529412
3243,23.0,5.809656416687404,5.022658496174332,6.324555320336759,5.022658496174332,434.9130434782609,1114.9565217391305
3244,98.0,22.163634337025762,12.03640051252081,22.135943621178654,12.03640051252081,476.7551020408163,1124.142857142857
3245,21.0,9.988868618947976,3.789867185345331,10.04987562112089,3.789867185345331,560.1428571428571,1114.1904761904761
3246,39.0,7.747767194961896,6.496120797249839,8.54400374531753,6.496120797249839,591.4871794871794,1115.2564102564102
3247,6.0,3.9999999999999996,1.632993161855452,4.123105625617661,1.632993161855452,766.5,1113.5
3248,201.0,21.82821462809187,15.414256126584624,25.0,15.414256126584624,1793.1044776119404,1121.55223880597
3249,42.0,8.541372555613643,6.713242927465946,9.219544457292887,6.713242927465946,1876.6666666666667,1114.5238095238096
3250,18.0,7.416721908507127,3.0395969654079673,7.0710678118654755,3.0395969654079673,1886.1666666666667,1115.111111111111
3251,12.0,6.831300510639732,2.0,6.082762530298219,2.0,419.5,1115.5
3252,5.0,5.656854249492381,0.0,5.0,0.0,607.0,1115.0
3253,22.0,5.743006776491533,4.980260749410063,6.324555320336759,4.980260749410063,2445.3636363636365,1115.7272727272727
3254,20.0,9.54148835350125,3.22490309931942,8.246211251235321,3.22490309931942,1809.9,1115.5
3255,23.0,5.814167475253484,5.029477667275336,6.324555320336759,5.029477667275336,225.43478260869566,1117.1739130434783
3256,24.0,5.734883511361751,5.5377492419453835,6.324555320336759,5.5377492419453835,755.5,1117.6666666666667
3257,43.0,9.206048041183607,6.371872697254526,9.486832980505138,6.371872697254526,326.6511627906977,1120.2093023255813
3258,8.0,3.7521995422010908,2.7696567649270056,4.123105625617661,2.7696567649270056,182.125,1118.5
3259,6.0,3.126943839882286,2.309401076758503,3.1622776601683795,2.309401076758503,342.8333333333333,1117.8333333333333
3260,67.0,12.732022317395383,6.987264980715062,13.0,6.987264980715062,531.8059701492538,1122.3283582089553
3261,165.0,28.247020051353328,9.832723966732441,24.596747752497688,9.832723966732441,26.006060606060608,1130.1272727272728
3262,65.0,12.188372443881233,7.862443325014125,13.0,7.862443325014125,600.8153846153846,1122.9538461538461
3263,57.0,16.086190266706463,5.2224989243463416,14.317821063276353,5.2224989243463416,613.6140350877193,1125.719298245614
3264,175.0,21.72603460850774,18.39261763467152,27.65863337187866,18.39261763467152,54.13142857142857,1131.8114285714287
3265,16.0,7.036170183538201,2.9778027383102468,7.0710678118654755,2.9778027383102468,65.0625,1122.3125
3266,9.0,4.708788181923399,2.504347879633133,5.0990195135927845,2.504347879633133,257.0,1120.6666666666667
3267,6.0,3.1269438398822857,2.309401076758503,3.1622776601683795,2.309401076758503,265.1666666666667,1120.8333333333333
3268,30.0,7.944363832947588,4.960104721203963,8.246211251235321,4.960104721203963,350.1666666666667,1121.7
3269,13.0,7.554371880072024,1.9753176197160076,7.0710678118654755,1.9753176197160076,551.4615384615385,1123.2307692307693
3270,77.0,17.93212856987491,9.292381925539114,17.08800749063506,9.292381925539114,562.9090909090909,1128.4155844155844
3271,5.0,3.098386676965933,1.7888543819998317,3.1622776601683795,1.7888543819998317,637.6,1120.8
3272,10.0,3.919183588453085,3.0983866769659336,4.123105625617661,3.0983866769659336,736.8,1121.0
3273,71.0,20.82282003262357,9.016919077276983,19.4164878389476,9.016919077276983,1777.8732394366198,1130.9859154929577
3274,60.0,10.041145404562545,7.654908306874398,10.295630140987,7.654908306874398,1944.4833333333333,1124.05
3275,14.0,8.0,2.0,7.0710678118654755,2.0,427.5,1124.0
3276,5.0,5.656854249492381,0.0,5.0,0.0,1807.0,1123.0
3277,18.0,6.831300510639732,3.265986323710904,6.324555320336759,3.265986323710904,1873.0,1123.5
3278,5.0,3.098386676965933,1.7888543819998317,3.1622776601683795,1.7888543819998317,2398.8,1121.4
3279,122.0,23.063749724216308,11.41530032689002,20.808652046684813,11.41530032689002,518.7131147540983,1129.811475409836
3280,12.0,6.831300510639732,2.0,6.082762530298219,2.0,227.5,1123.5
3281,18.0,6.831300510639732,3.265986323710904,6.324555320336759,3.265986323710904,419.5,1124.0
3282,23.0,7.565685288543156,3.8713368769600356,7.615773105863909,3.8713368769600356,450.3478260869565,1124.8695652173913
3283,13.0,5.768358647701349,2.9918039010762367,5.830951894845301,2.9918039010762367,631.6153846153846,1124.5384615384614
3284,631.0,47.50282712386551,32.64128215902155,48.08326112068523,32.64128215902155,1827.4611727416798,1143.8431061806657
3285,6.0,3.265986323710904,2.0,3.1622776601683795,2.0,2446.0,1123.5
3286,109.0,18.36278409038571,10.908653299117772,19.235384061671343,10.908653299117772,586.5688073394496,1130.5412844036698
3287,1355.0,97.94454366659635,44.61501784776537,95.70788891204319,44.61501784776537,255.34612546125462,1169.3771217712176
3288,42.0,11.461630133380265,6.307014109373697,11.40175425099138,6.307014109373697,1847.2619047619048,1128.142857142857
3289,11.0,4.346129984141888,3.067356324605906,4.47213595499958,3.067356324605906,2544.909090909091,1126.6363636363637
3290,59.0,12.205913095132264,6.886814259912471,11.704699910719626,6.886814259912471,1881.677966101695,1130.1016949152543
3291,62.0,12.493380046624683,6.401641330343241,12.36931687685298,6.401641330343241,722.6612903225806,1132.0645161290322
3292,102.0,21.32684035525865,9.624085012803457,19.72308292331602,9.624085012803457,1766.1960784313726,1137.313725490196
3293,7.0,4.155374705678736,1.9054711331003737,4.123105625617661,1.9054711331003737,2441.4285714285716,1128.2857142857142
3294,17.0,5.144443196407887,4.351163990746054,5.385164807134504,4.351163990746054,240.47058823529412,1130.0
3295,61.0,15.851315299376367,5.782911467189243,14.866068747318506,5.782911467189243,310.04918032786884,1132.0819672131147
3296,12.0,4.47213595499958,3.265986323710904,4.47213595499958,3.265986323710904,323.5,1129.0
3297,18.0,5.28913906753229,4.283222569354137,5.385164807134504,4.283222569354137,355.27777777777777,1129.8333333333333
3298,66.0,16.18293127972546,6.865142561880901,17.08800749063506,6.865142561880901,424.8030303030303,1134.560606060606
3299,54.0,8.767787996502188,7.970347692869939,9.486832980505138,7.970347692869939,2507.4814814814813,1131.7407407407406
3300,45.0,19.00413621802084,7.097232407176511,16.401219466856727,7.097232407176511,2534.8888888888887,1135.0222222222221
3301,63.0,12.976020734566704,8.427468826358803,14.560219778561036,8.427468826358803,3.4603174603174605,1136.984126984127
3302,21.0,8.0,3.265986323710904,7.280109889280518,3.265986323710904,78.0,1132.0
3303,12.0,6.831300510639732,2.0,6.082762530298219,2.0,571.5,1131.5
3304,101.0,18.45153849463674,12.191584703067797,19.849433241279208,12.191584703067797,2551.158415841584,1134.3861386138615
3305,20.0,6.0,4.09878030638384,6.082762530298219,4.09878030638384,1811.5,1131.5
3306,14.0,8.0,2.0,7.0710678118654755,2.0,91.0,1131.5
3307,64.0,17.879516318057924,5.680855127733894,18.681541692269406,5.680855127733894,337.703125,1133.15625
3308,6.0,3.265986323710904,2.0,3.1622776601683795,2.0,374.0,1131.5
3309,22.0,6.620927849081678,4.537958404764237,7.280109889280518,4.537958404764237,412.5,1133.3636363636363
3310,45.0,14.708880438361573,4.154122950100563,13.601470508735444,4.154122950100563,501.6222222222222,1135.111111111111
3311,139.0,20.93873408895728,10.18419121773504,19.6468827043885,10.18419121773504,684.5035971223022,1140.7625899280577
3312,115.0,28.765647084156132,7.711122107870096,26.92582403567252,7.711122107870096,697.3565217391305,1142.6434782608696
3313,13.0,5.779164735540291,2.8736839932768055,6.082762530298219,2.8736839932768055,177.07692307692307,1132.923076923077
3314,10.0,4.09878030638384,2.9933259094191533,4.123105625617661,2.9933259094191533,1798.8,1133.5
3315,426.0,42.696463723552405,19.734657190982652,43.04648650006177,19.734657190982652,107.73474178403755,1146.3896713615025
3316,28.0,13.033320865565535,3.085498714511945,11.180339887498949,3.085498714511945,633.1071428571429,1138.25
3317,30.0,9.920954270753072,5.241840190224098,10.0,5.241840190224098,1890.9,1135.2333333333333
3318,97.0,26.04198914122889,7.293808735230798,25.0,7.293808735230798,2154.1958762886597,1143.9484536082475
3319,5.0,3.098386676965933,1.7888543819998317,3.1622776601683795,1.7888543819998317,2446.2,1133.6
3320,11.0,3.8138503569823694,3.6725472503134826,4.123105625617661,3.6725472503134826,237.8181818181818,1135.8181818181818
3321,10.0,4.09878030638384,3.098386676965933,4.47213595499958,3.098386676965933,244.9,1135.8
3322,7.0,4.155374705678736,1.9054711331003737,4.123105625617661,1.9054711331003737,368.57142857142856,1135.7142857142858
3323,188.0,23.92307351283857,17.39803245565754,23.021728866442675,17.39803245565754,448.9414893617021,1141.9840425531916
3324,5.0,3.098386676965933,1.7888543819998317,3.1622776601683795,1.7888543819998317,641.2,1134.4
3325,11.0,4.346129984141888,3.067356324605906,4.47213595499958,3.067356324605906,1704.6363636363637,1134.909090909091
3326,107.0,20.67043164565722,7.501075959509542,19.6468827043885,7.501075959509542,174.6822429906542,1144.7009345794393
3327,136.0,23.472198685323175,9.820297440398098,21.400934559032695,9.820297440398098,296.4779411764706,1143.2132352941176
3328,27.0,11.56147709034224,3.377527691326613,10.44030650891055,3.377527691326613,493.48148148148147,1137.8148148148148
3329,45.0,10.915713718588176,5.7329701813497715,11.40175425099138,5.7329701813497715,515.8444444444444,1142.3111111111111
3330,21.0,6.72508310344574,4.091639184972521,7.280109889280518,4.091639184972521,599.6666666666666,1138.6666666666667
3331,37.0,12.554030672741805,4.0117207466660965,11.180339887498949,4.0117207466660965,617.1081081081081,1141.3243243243244
3332,35.0,7.738570871145761,5.873238377208917,8.246211251235321,5.873238377208917,645.9428571428572,1139.4285714285713
3333,178.0,29.18636962001006,11.463506572166208,29.410882339705484,11.463506572166208,741.7528089887641,1149.8258426966293
3334,270.0,25.032650198940168,19.556463331510262,26.40075756488817,19.556463331510262,1750.9185185185186,1145.9444444444443
3335,189.0,24.830045047677054,18.867860816644303,26.248809496813376,18.867860816644303,1791.2751322751324,1150.904761904762
3336,16.0,6.324555320336759,3.122498999199199,6.082762530298219,3.122498999199199,1811.5,1137.125
3337,203.0,21.0569059109079,17.250540883944442,26.30589287593181,17.250540883944442,1903.231527093596,1150.0049261083743
3338,38.0,11.080166203739594,6.790085651734795,10.770329614269007,6.790085651734795,1911.1052631578948,1139.5
3339,22.0,10.366101737619774,3.249686706582057,9.433981132056603,3.249686706582057,2497.409090909091,1140.0454545454545
3340,40.0,13.762028853362567,4.255180588320101,12.649110640673518,4.255180588320101,71.225,1142.575
3341,20.0,7.731010827707836,3.198667157092813,7.280109889280518,3.198667157092813,158.05,1139.85
3342,119.0,18.881913787418437,8.663901615190388,17.88854381999832,8.663901615190388,313.66386554621846,1145.4453781512605
3343,995.0,55.775142511971005,33.57734964917527,53.600373133029585,33.57734964917527,480.9276381909548,1160.8201005025126
3344,8.0,3.4641016151377544,2.8284271247461903,4.0,2.8284271247461903,574.5,1138.0
3345,14.0,5.449353665897314,3.1458514520977277,5.385164807134504,3.1458514520977277,15.071428571428571,1140.142857142857
3346,24.0,12.843720778164124,3.3141033503799395,10.816653826391969,3.3141033503799395,370.9583333333333,1142.0416666666667
3347,6.0,3.265986323710904,2.0,3.1622776601683795,2.0,240.5,1141.0
3348,8.0,3.4641016151377544,2.7386127875258306,3.605551275463989,2.7386127875258306,1881.125,1142.125
3349,21.0,6.500688222867417,4.152371179930926,6.708203932499369,4.152371179930926,1944.904761904762,1143.7142857142858
3350,178.0,24.423979909870006,13.364437996548128,25.80697580112788,13.364437996548128,47.831460674157306,1151.4887640449438
3351,85.0,15.250386425437654,11.112677275425941,15.231546211727817,11.112677275425941,572.6117647058824,1147.6470588235295
3352,16.0,4.898979485566356,4.0,5.0990195135927845,4.0,1867.5,1144.0
3353,9.0,3.265986323710904,3.265986323710904,3.605551275463989,3.265986323710904,25.0,1144.0
3354,33.0,7.060018378516817,5.962234760696114,7.615773105863909,5.962234760696114,34.24242424242424,1145.5757575757575
3355,21.0,5.7550822516433024,4.897510004128534,6.324555320336759,4.897510004128534,165.42857142857142,1145.095238095238
3356,564.0,62.91605520283332,28.331827088334855,59.413803110051795,28.331827088334855,346.1843971631206,1159.2535460992908
3357,38.0,14.213980165815636,3.6390309478144784,13.038404810405298,3.6390309478144784,499.2105263157895,1148.0263157894738
3358,8.0,3.4641016151377544,2.8284271247461903,4.0,2.8284271247461903,625.5,1144.0
3359,806.0,49.0666267456538,33.12596102663647,54.817880294662984,33.12596102663647,674.2320099255583,1165.7531017369727
3360,13.0,5.055900530816918,3.1378581622109447,5.0990195135927845,3.1378581622109447,6.6923076923076925,1145.0
3361,42.0,13.18228013258119,5.409809539992113,12.083045973594572,5.409809539992113,61.0,1150.0238095238096
3362,21.0,5.986061169107464,4.65150077231057,6.324555320336759,4.65150077231057,83.42857142857143,1145.7142857142858
3363,76.0,14.055967117077445,7.8269287293539,13.92838827718412,7.8269287293539,357.75,1147.7236842105262
3364,16.0,5.654620339080162,3.4946772126851653,5.830951894845301,3.4946772126851653,376.625,1146.1875
3365,41.0,14.269504859763554,4.830305961880864,13.601470508735444,4.830305961880864,588.9268292682926,1151.0731707317073
3366,24.0,5.810749311382797,5.645713535874207,6.324555320336759,5.645713535874207,593.875,1146.5833333333333
3367,9.0,3.265986323710904,3.265986323710904,3.605551275463989,3.265986323710904,641.0,1145.0
3368,25.0,8.238587924770155,4.037136238205423,8.246211251235321,4.037136238205423,776.44,1148.16
3369,12.0,5.294328785763616,2.862220279862641,5.0990195135927845,2.862220279862641,2473.9166666666665,1145.25
3370,16.0,9.597568933577463,1.9395026592476672,9.055385138137417,1.9395026592476672,152.4375,1148.5625
3371,18.0,5.742168125000223,4.264739036728028,6.082762530298219,4.264739036728028,401.77777777777777,1147.5555555555557
3372,5.0,3.098386676965933,1.7888543819998317,3.1622776601683795,1.7888543819998317,1696.8,1145.4
3373,6.0,3.8297084310253524,1.8856180831641272,4.0,1.8856180831641272,2502.3333333333335,1147.5
3374,6.0,3.265986323710904,2.0,3.1622776601683795,2.0,601.0,1147.5
3375,8.0,4.507893913753563,2.104493398028036,4.47213595499958,2.104493398028036,1871.875,1148.25
3376,36.0,10.027123709047537,4.666666666666667,10.04987562112089,4.666666666666667,2515.5,1151.7777777777778
3377,91.0,17.723416292533766,10.539696406728902,18.601075237738275,10.539696406728902,4.4945054945054945,1155.7802197802198
3378,115.0,17.758881071881177,13.4077139497505,18.681541692269406,13.4077139497505,91.79130434782608,1157.1652173913044
3379,49.0,11.287975238534875,6.234767615354415,11.40175425099138,6.234767615354415,523.2448979591836,1151.530612244898
3380,12.0,3.8297084310253524,3.8297084310253524,4.123105625617661,3.8297084310253524,755.5,1149.5
3381,25.0,7.411620163913248,4.329513430614872,7.280109889280518,4.329513430614872,2416.24,1150.76
3382,7.0,4.155374705678736,1.9054711331003737,4.123105625617661,1.9054711331003737,416.57142857142856,1150.7142857142858
3383,5.0,3.098386676965933,1.7888543819998317,3.1622776601683795,1.7888543819998317,581.6,1150.2
3384,41.0,9.930182905773158,5.707059447839519,10.198039027185569,5.707059447839519,616.609756097561,1152.878048780488
3385,111.0,21.067675936661587,8.896310823469168,20.248456731316587,8.896310823469168,644.5495495495495,1157.954954954955
3386,20.0,7.802452855136377,3.3048039946983527,8.06225774829855,3.3048039946983527,725.55,1152.6
3387,48.0,13.219609455723413,5.164540772779673,13.152946437965905,5.164540772779673,537.4375,1152.7708333333333
3388,40.0,13.922176208045068,4.533542724199678,12.806248474865697,4.533542724199678,628.725,1153.525
3389,5.0,3.098386676965933,1.7888543819998317,3.1622776601683795,1.7888543819998317,1947.2,1150.4
3390,232.0,35.901219319121445,14.544487153996016,40.024992192379,14.544487153996016,552.9137931034483,1166.3405172413793
3391,66.0,17.106639051246347,5.7452977941263015,16.492422502470642,5.7452977941263015,36.06060606060606,1159.2878787878788
3392,25.0,9.26097260568092,3.5769241530716838,8.54400374531753,3.5769241530716838,608.2,1155.4
3393,38.0,11.574671800979532,4.6374774475290526,10.816653826391969,4.6374774475290526,1774.7368421052631,1156.0526315789473
3394,18.0,7.416721908507127,3.0395969654079673,7.0710678118654755,3.0395969654079673,1859.111111111111,1153.1666666666667
3395,60.0,10.172360058522758,8.150990516208841,10.816653826391969,8.150990516208841,1876.8333333333333,1155.45
3396,16.0,9.16515138991168,2.0,8.06225774829855,2.0,2531.5,1155.5
3397,243.0,24.10334989984422,19.751223887838357,27.784887978899608,19.751223887838357,2587.8600823045267,1164.6995884773662
3398,205.0,27.35359760600551,16.85965713996759,30.479501308256342,16.85965713996759,269.8243902439024,1165.5463414634146
3399,39.0,18.05020540536656,5.630474924435788,15.524174696260024,5.630474924435788,398.79487179487177,1157.1538461538462
3400,14.0,8.0,2.0,7.0710678118654755,2.0,435.5,1156.0
3401,18.0,6.420812251319596,3.7591481381640452,6.324555320336759,3.7591481381640452,512.8888888888889,1155.1666666666667
3402,21.0,10.983274592412736,2.6874810717673108,11.045361017187261,2.6874810717673108,1887.095238095238,1160.0
3403,12.0,3.8297084310253524,3.8297084310253524,4.123105625617661,3.8297084310253524,2571.5,1155.5
3404,8.0,4.898979485566356,1.9364916731037085,5.0,1.9364916731037085,145.375,1157.0
3405,147.0,32.808355266984556,12.609257656875126,29.5296461204668,12.609257656875126,426.5986394557823,1167.1700680272108
3406,25.0,9.455654226033934,3.546970983485291,10.04987562112089,3.546970983485291,318.16,1158.6
3407,614.0,57.827322275116266,33.607647975565996,55.326304774492215,33.607647975565996,590.0504885993486,1179.1449511400651
3408,163.0,22.60423221799251,13.815785468437934,26.476404589747453,13.815785468437934,755.8773006134969,1170.20245398773
3409,33.0,9.287466986814485,4.886412274980575,10.198039027185569,4.886412274980575,22.818181818181817,1161.8484848484848
3410,62.0,19.389341208500028,5.36836254242755,17.11724276862369,5.36836254242755,526.3548387096774,1161.2096774193549
3411,113.0,24.52401599036713,7.936262445320137,23.345235059857504,7.936262445320137,1937.716814159292,1167.2212389380531
3412,34.0,8.804834524720997,6.490675483417385,8.54400374531753,6.490675483417385,2613.0882352941176,1160.8823529411766
3413,16.0,5.7177726181585085,3.831719755806366,6.324555320336759,3.831719755806366,68.6875,1160.5625
3414,245.0,30.988138859895503,20.71161031530935,31.304951684997057,20.71161031530935,292.8979591836735,1173.330612244898
3415,24.0,5.734883511361751,5.5377492419453835,6.324555320336759,5.5377492419453835,1851.5,1161.3333333333333
3416,157.0,34.98778596665218,10.429437499342235,41.10960958218893,10.429437499342235,2568.872611464968,1182.2547770700637
3417,10.0,3.9191835884530852,3.0983866769659336,4.123105625617661,3.0983866769659336,295.0,1161.2
3418,23.0,6.940795509969655,4.185584726597932,7.0710678118654755,4.185584726597932,574.6521739130435,1163.3478260869565
3419,53.0,15.318346021056932,6.769755184194545,13.892443989449804,6.769755184194545,1757.566037735849,1162.132075471698
3420,49.0,8.428127796722807,7.721326963698821,8.94427190999916,7.721326963698821,2515.4285714285716,1163.4489795918366
3421,49.0,17.719597510064034,4.075714569762838,16.15549442140351,4.075714569762838,2538.1020408163267,1167.204081632653
3422,47.0,12.067865208379018,6.468920863945793,11.661903789690601,6.468920863945793,78.06382978723404,1165.0425531914893
3423,5.0,3.098386676965933,1.7888543819998317,3.1622776601683795,1.7888543819998317,278.2,1161.4
3424,25.0,9.23324614440402,4.09740962522034,8.94427190999916,4.09740962522034,538.32,1165.2
3425,11.0,4.51260859854213,2.9541957835039856,5.0,2.9541957835039856,2481.0,1162.0
3426,31.0,8.531613986341767,4.950778729706401,8.602325267042627,4.950778729706401,386.35483870967744,1164.774193548387
3427,59.0,13.222319095091432,7.165819006485244,15.652475842498529,7.165819006485244,1740.0,1170.6101694915253
3428,12.0,4.47213595499958,3.265986323710904,4.47213595499958,3.265986323710904,1896.0,1163.5
3429,37.0,12.479657489752457,4.4420960820003925,12.36931687685298,4.4420960820003925,2495.837837837838,1166.918918918919
3430,139.0,21.454206578454254,13.074617831681742,22.80350850198276,13.074617831681742,1865.158273381295,1170.928057553957
3431,20.0,5.808305664709609,4.523669451374876,6.324555320336759,4.523669451374876,2525.8,1165.35
3432,64.0,14.510383478119762,6.116347669803363,15.811388300841896,6.116347669803363,2.453125,1170.484375
3433,53.0,16.73895683705014,7.180002021375224,15.0,7.180002021375224,320.47169811320754,1167.9245283018868
3434,407.0,37.56383722031241,26.14197661393465,41.400483088968905,26.14197661393465,629.2334152334153,1178.825552825553
3435,90.0,16.209014579723128,9.842798680278683,17.204650534085253,9.842798680278683,2552.8333333333335,1167.6555555555556
3436,30.0,12.54767216072053,3.6387316185071197,11.704699910719626,3.6387316185071197,2646.6666666666665,1169.4333333333334
3437,66.0,11.5018943521247,8.01034101242482,12.36931687685298,8.01034101242482,41.95454545454545,1170.7121212121212
3438,110.0,13.825609933363705,10.743329164682745,14.7648230602334,10.743329164682745,706.1636363636363,1170.409090909091
3439,8.0,3.4641016151377544,2.7386127875258306,3.605551275463989,2.7386127875258306,2502.125,1165.875
3440,15701.0,165.44424489363882,128.7485656254362,181.0331461362808,128.7485656254362,108.46054391440036,1248.4046239093052
3441,12.0,5.011098792790969,3.055050463303894,5.0,3.055050463303894,1903.4166666666667,1167.4166666666667
3442,27.0,11.33096158364457,3.6535843480887618,10.198039027185569,3.6535843480887618,2613.6666666666665,1168.7407407407406
3443,24.0,8.470149889239094,3.6789045423333184,8.54400374531753,3.6789045423333184,1729.7916666666667,1170.4583333333333
3444,45.0,25.993693893487197,1.998017843401442,23.021728866442675,1.998017843401442,27.511111111111113,1179.2444444444445
3445,7.0,3.0237157840738176,2.799416848895061,3.1622776601683795,2.799416848895061,88.71428571428571,1169.0
3446,96.0,15.349479608683364,9.71759590572987,17.88854381999832,9.71759590572987,180.57291666666666,1172.0520833333333
3447,40.0,8.111948263063328,6.358167611614519,8.602325267042627,6.358167611614519,436.475,1170.9
3448,7.0,3.0237157840738176,2.799416848895061,3.1622776601683795,2.799416848895061,1880.7142857142858,1169.0
3449,36.0,9.991194988322453,5.726544041211729,10.0,5.726544041211729,1888.9166666666667,1172.3055555555557
3450,12.0,6.831300510639732,2.0,6.082762530298219,2.0,59.5,1171.5
3451,94.0,24.6352591522012,8.642351799173762,22.20360331117452,8.642351799173762,394.2659574468085,1180.627659574468
3452,6.0,6.831300510639732,0.0,6.0,0.0,466.0,1171.5
3453,20.0,6.0,4.09878030638384,6.082762530298219,4.09878030638384,10.5,1171.5
3454,12.0,3.8297084310253524,3.8297084310253524,4.123105625617661,3.8297084310253524,159.5,1171.5
3455,105.0,21.966310320114932,12.580913991497416,21.37755832643195,12.580913991497416,375.79047619047617,1177.895238095238
3456,10.0,4.09878030638384,2.9933259094191533,4.123105625617661,2.9933259094191533,2502.2,1171.5
3457,26.0,7.382015750876284,4.723407369857601,7.615773105863909,4.723407369857601,443.0769230769231,1173.9615384615386
3458,29.0,8.380092905032356,4.471068321988296,8.94427190999916,4.471068321988296,716.7586206896551,1174.3103448275863
3459,99.0,16.09755391747708,9.935608911826069,16.55294535724685,9.935608911826069,140.6060606060606,1178.7878787878788
3460,21.0,5.8694885268038455,4.644054804078778,6.324555320336759,4.644054804078778,1925.4761904761904,1174.7142857142858
3461,16.0,7.792844766310255,2.6733070246776496,7.0710678118654755,2.6733070246776496,131.8125,1173.6875
3462,78.0,19.123660352355373,8.044273448007463,18.973665961010276,8.044273448007463,1953.3589743589744,1177.7564102564102
3463,43.0,14.54980684718882,4.8190889466526015,13.038404810405298,4.8190889466526015,2141.139534883721,1178.7441860465117
3464,7.0,3.0237157840738176,2.799416848895061,3.1622776601683795,2.799416848895061,2605.0,1174.2857142857142
3465,56.0,12.79963543818288,7.111426992812533,12.529964086141668,7.111426992812533,2630.3571428571427,1177.4107142857142
3466,75.0,16.020279223588968,7.009979254876528,15.811388300841896,7.009979254876528,404.6,1181.8533333333332
3467,46.0,15.373802933040622,5.231291448498333,13.92838827718412,5.231291448498333,159.30434782608697,1182.891304347826
3468,46.0,7.863754684476371,7.538102411831549,8.602325267042627,7.538102411831549,363.19565217391306,1179.0434782608695
3469,29.0,8.54642658357991,4.310782932203538,8.54400374531753,4.310782932203538,560.4827586206897,1179.3793103448277
3470,123.0,18.89252152058934,8.933024004050434,18.384776310850235,8.933024004050434,1902.5528455284552,1181.0243902439024
3471,30.0,10.488583547111665,5.132754692249966,9.486832980505138,5.132754692249966,2553.4333333333334,1177.7
3472,135.0,33.22635834374318,11.733310072601304,31.622776601683793,11.733310072601304,343.0148148148148,1190.6962962962964
3473,58.0,19.770577361020624,6.011632773236068,18.110770276274835,6.011632773236068,518.551724137931,1180.2758620689656
3474,19.0,5.733405886701423,4.2227547935406715,5.830951894845301,4.2227547935406715,1943.2631578947369,1179.157894736842
3475,15.0,5.433874815756726,3.464374889583069,5.830951894845301,3.464374889583069,2161.6,1179.3333333333333
3476,6.0,6.831300510639732,0.0,6.0,0.0,2544.0,1179.5
3477,112.0,17.559708210447273,9.644762489678943,18.384776310850235,9.644762489678943,2583.5625,1182.4910714285713
3478,26.0,7.327698817197253,4.878109706105533,7.615773105863909,4.878109706105533,1880.1923076923076,1180.3461538461538
3479,16.0,9.16515138991168,2.0,8.06225774829855,2.0,539.5,1179.5
3480,83.0,16.042022922258358,8.1490324792796,17.029386365926403,8.1490324792796,600.4698795180723,1184.120481927711
3481,35.0,14.264579009795657,3.3146782341195786,13.341664064126334,3.3146782341195786,721.8,1182.1142857142856
3482,8.0,3.4641016151377544,2.7386127875258306,3.605551275463989,2.7386127875258306,419.125,1182.125
3483,14.0,4.981598792617913,3.625307868699863,5.0990195135927845,3.625307868699863,472.14285714285717,1182.5
3484,10.0,6.0,1.959591794226542,6.0,1.959591794226542,2665.5,1181.6
3485,7.0,3.0237157840738176,2.799416848895061,3.1622776601683795,2.799416848895061,62.285714285714285,1183.0
3486,12.0,5.294328785763616,2.862220279862641,5.0990195135927845,2.862220279862641,184.91666666666666,1182.75
3487,30.0,9.34309201578553,5.617034451470732,9.219544457292887,5.617034451470732,452.73333333333335,1185.6333333333334
3488,6.0,3.265986323710904,2.0,3.1622776601683795,2.0,463.0,1182.5
3489,6.0,3.265986323710904,2.0,3.1622776601683795,2.0,1926.0,1182.5
3490,7.0,3.0237157840738176,2.799416848895061,3.1622776601683795,2.799416848895061,323.0,1184.2857142857142
3491,10.0,4.09878030638384,3.098386676965933,4.47213595499958,3.098386676965933,507.1,1184.8
3492,221.0,26.84684089436928,21.113018054354104,27.730849247724095,21.113018054354104,681.0769230769231,1193.3574660633485
3493,10.0,3.9191835884530852,3.0983866769659336,4.123105625617661,3.0983866769659336,1937.0,1184.2
3494,5.0,3.098386676965933,1.7888543819998317,3.1622776601683795,1.7888543819998317,90.2,1184.6
3495,124.0,17.728330898901255,11.687918043007574,18.24828759089466,11.687918043007574,217.9516129032258,1193.1612903225807
3496,121.0,21.79302306790708,10.415584656693827,21.470910553583888,10.415584656693827,305.07438016528926,1189.4380165289256
3497,49.0,9.560528258394095,6.514128268661991,9.486832980505138,6.514128268661991,386.46938775510205,1188.0816326530612
3498,5.0,3.098386676965933,1.7888543819998317,3.1622776601683795,1.7888543819998317,533.6,1184.8
3499,36.0,8.9315602568531,5.10918531549588,9.219544457292887,5.10918531549588,651.7222222222222,1185.8333333333333
3500,426.0,27.662176294059527,26.61863309237869,34.92849839314596,26.61863309237869,708.6924882629108,1199.1103286384975
3501,18.0,6.0,3.7712361663282534,6.082762530298219,3.7712361663282534,1859.5,1185.3333333333333
3502,11.0,5.2570299253821675,2.793143908315858,5.0990195135927845,2.793143908315858,1919.5454545454545,1185.1818181818182
3503,27.0,9.756948828295194,3.618391754616327,9.055385138137417,3.618391754616327,2505.814814814815,1185.2222222222222
3504,18.0,7.416721908507127,3.0395969654079673,7.0710678118654755,3.0395969654079673,2539.1111111111113,1185.1666666666667
3505,19.0,7.455128930368747,3.15086937833595,7.0710678118654755,3.15086937833595,2628.0,1185.1052631578948
3506,16.0,6.602897716712576,3.025184579927621,6.324555320336759,3.025184579927621,13.875,1187.25
3507,61.0,12.09303636167288,7.3177814578939655,12.206555615733702,7.3177814578939655,360.8688524590164,1189.4098360655737
3508,16.0,8.271264271651045,2.7543034234646155,7.810249675906654,2.7543034234646155,435.5,1187.5
3509,11.0,6.410747983365109,1.9649396885733192,6.082762530298219,1.9649396885733192,519.4545454545455,1187.2727272727273
3510,28.0,9.05560860688089,5.08057863728109,8.54400374531753,5.08057863728109,542.2857142857143,1188.0357142857142
3511,20.0,7.691439892410168,3.4178578644293363,7.280109889280518,3.4178578644293363,696.0,1188.35
3512,5.0,3.098386676965933,1.7888543819998317,3.1622776601683795,1.7888543819998317,1816.8,1185.4
3513,11.0,4.0,3.4688698233343476,4.123105625617661,3.4688698233343476,318.3636363636364,1187.4545454545455
3514,158.0,17.74359241221142,15.4646783299806,20.8806130178211,15.4646783299806,150.44303797468353,1195.8164556962026
3515,20.0,6.331370505657219,3.938749486841458,6.324555320336759,3.938749486841458,176.65,1189.45
3516,84.0,22.456425864325713,7.900549852189821,19.72308292331602,7.900549852189821,283.4047619047619,1193.345238095238
3517,84.0,24.43402550468202,8.604100872930303,20.615528128088304,8.604100872930303,468.89285714285717,1191.845238095238
3518,53.0,9.436481388757164,7.653832797121303,10.44030650891055,7.653832797121303,607.8867924528302,1191.9245283018868
3519,20.0,5.138093031466052,5.075431016179809,6.082762530298219,5.075431016179809,1867.5,1189.3
3520,31.0,6.425754631219991,6.06314329004941,6.708203932499369,6.06314329004941,1882.4193548387098,1189.5483870967741
3521,24.0,5.734883511361751,5.5377492419453835,6.324555320336759,5.5377492419453835,2619.5,1189.6666666666667
3522,16.0,7.79430287983481,2.5978534634191335,7.615773105863909,2.5978534634191335,2550.625,1191.375
3523,6.0,3.9999999999999996,1.632993161855452,4.123105625617661,1.632993161855452,2559.5,1189.5
3524,6.0,3.265986323710904,2.0,3.1622776601683795,2.0,201.0,1189.5
3525,31.0,10.592647175596365,4.504569145996301,10.44030650891055,4.504569145996301,331.61290322580646,1190.6129032258063
3526,119.0,19.47322618384752,15.370811986263805,22.20360331117452,15.370811986263805,528.8067226890756,1198.579831932773
3527,17.0,5.415619343554923,3.980896596741624,5.385164807134504,3.980896596741624,725.0588235294117,1190.235294117647
3528,42.0,20.810506307779672,3.9247360213707494,19.235384061671343,3.9247360213707494,1925.0714285714287,1197.8095238095239
3529,7.0,3.0237157840738176,2.799416848895061,3.1622776601683795,2.799416848895061,1942.2857142857142,1190.0
3530,38.0,12.0049945679424,4.074349890512798,11.704699910719626,4.074349890512798,2.3684210526315788,1195.2368421052631
3531,99.0,24.113682791383777,7.4371391607288455,21.840329667841555,7.4371391607288455,231.63636363636363,1198.6262626262626
3532,15.0,7.298394941578752,2.8087340266200425,6.708203932499369,2.8087340266200425,1962.8,1191.9333333333334
3533,43.0,10.155950252648424,5.418155041090013,10.44030650891055,5.418155041090013,193.97674418604652,1195.2093023255813
3534,9.0,4.277662731533559,2.643019518000728,4.123105625617661,2.643019518000728,1891.6666666666667,1192.5555555555557
3535,68.0,17.844548640210565,6.694865105082861,16.1245154965971,6.694865105082861,2145.294117647059,1196.7205882352941
3536,7.0,3.0237157840738176,2.799416848895061,3.1622776601683795,2.799416848895061,416.7142857142857,1193.0
3537,64.0,18.546239749774443,6.782177279007565,17.11724276862369,6.782177279007565,450.453125,1199.484375
3538,16.0,8.325738432035624,2.838499526391538,7.280109889280518,2.838499526391538,1899.9375,1193.1875
3539,23.0,8.879990161010365,3.210955619125894,8.246211251235321,3.210955619125894,2585.0434782608695,1195.6521739130435
3540,174.0,24.6047791452597,14.339042721158958,26.476404589747453,14.339042721158958,370.2298850574713,1204.971264367816
3541,14.0,8.0,2.0,7.0710678118654755,2.0,492.0,1193.5
3542,24.0,6.289320754704403,5.5377492419453835,6.708203932499369,5.5377492419453835,549.1666666666666,1195.5
3543,12.0,4.167620293867669,3.631321610887408,4.47213595499958,3.631321610887408,661.6666666666666,1194.25
3544,62.0,15.019046402521019,8.366323131744828,15.652475842498529,8.366323131744828,1910.0483870967741,1198.3709677419354
3545,45.0,12.762669319846964,5.038341901477874,12.165525060596439,5.038341901477874,2593.3555555555554,1199.2
3546,20.0,6.0,4.09878030638384,6.082762530298219,4.09878030638384,467.5,1195.5
3547,63.0,15.617457466827783,7.232055810164824,14.317821063276353,7.232055810164824,162.47619047619048,1202.079365079365
3548,42.0,15.006550937302958,8.222020123252847,13.416407864998739,8.222020123252847,425.0952380952381,1199.6904761904761
3549,14.0,4.981598792617912,3.625307868699863,5.0990195135927845,3.625307868699863,504.5,1197.142857142857
3550,175.0,27.175211551323976,13.405084307980065,26.248809496813376,13.405084307980065,573.3028571428572,1209.4914285714285
3551,6.0,3.265986323710904,2.0,3.1622776601683795,2.0,623.0,1195.5
3552,76.0,19.2742194243698,8.013857816606894,18.027756377319946,8.013857816606894,317.14473684210526,1200.25
3553,6.0,3.8297084310253524,1.8856180831641272,4.0,1.8856180831641272,667.5,1196.6666666666667
3554,12.0,6.236035651674299,2.426857459519384,5.830951894845301,2.426857459519384,2527.3333333333335,1199.0833333333333
3555,7.0,3.7032803990902057,2.138089935299395,3.605551275463989,2.138089935299395,2550.0,1198.0
3556,5.0,3.098386676965933,1.7888543819998317,3.1622776601683795,1.7888543819998317,2645.6,1198.2
3557,20.0,7.708562864400849,3.1903069704309286,7.615773105863909,3.1903069704309286,661.0,1199.5
3558,66.0,12.525466067400565,7.489553794976075,14.7648230602334,7.489553794976075,1883.909090909091,1203.7272727272727
3559,39.0,13.203553131333226,5.391586875323611,11.661903789690601,5.391586875323611,489.28205128205127,1203.948717948718
3560,47.0,19.341265623203036,4.378598100102361,16.401219466856727,4.378598100102361,608.6595744680851,1204.8297872340424
3561,404.0,35.802692290788535,27.68455261394303,38.28837943815329,27.68455261394303,635.3589108910891,1215.84900990099
3562,52.0,14.394027907830907,5.829541853501106,13.038404810405298,5.829541853501106,401.4423076923077,1205.4807692307693
3563,25.0,6.935241859382369,4.776444321026947,7.211102550927978,4.776444321026947,615.84,1201.68
3564,21.0,6.0795957277493695,4.414977975750349,6.324555320336759,4.414977975750349,652.0952380952381,1201.7142857142858
3565,30.0,6.970003378694652,5.998995064998305,7.615773105863909,5.998995064998305,686.9,1203.2666666666667
3566,37.0,13.703907091434901,4.3372957274911785,14.317821063276353,4.3372957274911785,1901.972972972973,1204.7567567567567
3567,5.0,3.098386676965933,1.7888543819998317,3.1622776601683795,1.7888543819998317,1945.4,1200.8
3568,16.0,8.724919768647956,2.358659583461785,8.06225774829855,2.358659583461785,2576.4375,1203.125
3569,20.0,5.425863986500215,5.1380930314660525,6.082762530298219,5.1380930314660525,348.6,1203.5
3570,14.0,8.0,2.0,7.0710678118654755,2.0,1867.5,1204.0
3571,42.0,8.219218670625303,6.488084316286134,8.54400374531753,6.488084316286134,2555.3333333333335,1203.5
3572,12.0,3.8297084310253524,3.8297084310253524,4.123105625617661,3.8297084310253524,200.5,1203.5
3573,198.0,31.67428982784815,16.522049359849927,30.528675044947494,16.522049359849927,202.78787878787878,1211.909090909091
3574,16.0,4.47213595499958,4.47213595499958,5.0,4.47213595499958,731.5,1203.5
3575,22.0,7.308454208258226,4.413508702751551,7.280109889280518,4.413508702751551,2.1818181818181817,1205.0454545454545
3576,71.0,14.471449628877554,9.831383332351137,14.7648230602334,9.831383332351137,32.36619718309859,1209.4929577464789
3577,80.0,20.85120511156259,6.612468933427677,18.439088914585774,6.612468933427677,384.8625,1211.75
3578,89.0,26.975026840055325,7.063868365327577,22.847319317591726,7.063868365327577,439.7303370786517,1212.9325842696628
3579,5.0,3.098386676965933,1.7888543819998317,3.1622776601683795,1.7888543819998317,544.8,1203.4
3580,23.0,5.825225128295712,5.153469276944913,6.324555320336759,5.153469276944913,555.3913043478261,1205.608695652174
3581,47.0,15.329444188254408,4.915905910403037,13.341664064126334,4.915905910403037,1912.8936170212767,1209.063829787234
3582,85.0,24.412103201083106,8.643589500028146,22.20360331117452,8.643589500028146,279.0352941176471,1214.0
3583,7.0,3.648665604076859,2.5058084612197167,4.0,2.5058084612197167,239.14285714285714,1206.5714285714287
3584,342.0,34.540365463726644,19.248620916322796,33.421549934136806,19.248620916322796,299.64619883040933,1219.7222222222222
3585,37.0,11.866226273770458,5.63426143547306,13.341664064126334,5.63426143547306,461.9189189189189,1207.2162162162163
3586,7.0,3.7032803990902057,2.138089935299395,3.605551275463989,2.138089935299395,745.0,1206.0
3587,56.0,14.358673192496939,6.705688574122017,14.560219778561036,6.705688574122017,1950.142857142857,1212.125
3588,27.0,7.8581376877214675,4.653127176401801,7.615773105863909,4.653127176401801,2618.6666666666665,1206.5185185185185
3589,8.0,4.47213595499958,2.0,4.123105625617661,2.0,659.5,1206.5
3590,89.0,12.54154061970186,9.573086459494109,13.92838827718412,9.573086459494109,1845.6629213483145,1211.3033707865168
3591,20.0,6.331370505657219,3.938749486841458,6.324555320336759,3.938749486841458,309.45,1208.65
3592,125.0,25.440087000475277,8.66477497735798,22.360679774997898,8.66477497735798,357.408,1214.208
3593,12.0,4.894994431930091,2.9693109114997,5.0990195135927845,2.9693109114997,433.0833333333333,1208.8333333333333
3594,26.0,6.176879969195302,5.3736151374070715,6.708203932499369,5.3736151374070715,1929.5384615384614,1209.5384615384614
3595,21.0,6.234087550225186,4.271150709100087,6.324555320336759,4.271150709100087,1958.5714285714287,1208.7619047619048
3596,42.0,8.0,6.831300510639732,8.602325267042627,6.831300510639732,415.5,1211.0
3597,89.0,19.1702960885056,8.520903420136117,17.88854381999832,8.520903420136117,478.4719101123595,1213.561797752809
3598,34.0,13.764672196295106,5.165854088482231,12.529964086141668,5.165854088482231,620.9411764705883,1214.3235294117646
3599,10.0,3.919183588453085,3.0983866769659336,4.123105625617661,3.0983866769659336,2133.8,1209.0
3600,220.0,22.549371300746717,18.350893041720436,25.079872407968907,18.350893041720436,14.431818181818182,1220.3818181818183
3601,18.0,6.831300510639732,3.265986323710904,6.324555320336759,3.265986323710904,542.0,1211.5
3602,16.0,6.2781743721897705,3.4310386987586696,6.708203932499369,3.4310386987586696,732.6875,1212.125
3603,14.0,8.0,2.0,7.0710678118654755,2.0,1875.5,1212.0
3604,18.0,6.175668823217454,3.669612085431494,6.324555320336759,3.669612085431494,318.3888888888889,1213.888888888889
3605,6.0,3.265986323710904,2.0,3.1622776601683795,2.0,521.0,1211.5
3606,21.0,13.736443035636421,3.2839085905685717,12.649110640673518,3.2839085905685717,742.5238095238095,1217.142857142857
3607,42.0,12.239522957992131,4.674334878778957,12.649110640673518,4.674334878778957,455.0952380952381,1217.3095238095239
3608,225.0,26.036111620668436,17.458991890969365,29.410882339705484,17.458991890969365,513.04,1224.8755555555556
3609,6.0,3.9999999999999996,1.632993161855452,4.123105625617661,1.632993161855452,703.5,1213.5
3610,8.0,3.4641016151377544,2.7386127875258306,3.605551275463989,2.7386127875258306,224.125,1213.875
3611,180.0,23.559257508306025,12.169214465981556,21.840329667841555,12.169214465981556,555.2,1218.9055555555556
3612,8.0,3.4641016151377544,2.7386127875258306,3.605551275463989,2.7386127875258306,1957.125,1214.125
3613,8.0,4.47213595499958,2.0,4.123105625617661,2.0,2627.5,1214.5
3614,43.0,10.681086137504394,6.476972715646637,10.44030650891055,6.476972715646637,216.3953488372093,1219.6976744186047
3615,2710.0,69.27244667913212,57.17329288682268,87.92041856133307,57.17329288682268,413.96752767527676,1254.3627306273063
3616,38.0,12.034850039354241,4.488711854724331,11.661903789690601,4.488711854724331,464.2368421052632,1219.9736842105262
3617,6.0,3.1269438398822857,2.309401076758503,3.1622776601683795,2.309401076758503,723.1666666666666,1216.1666666666667
3618,170.0,20.17534199662347,15.477918333617048,20.615528128088304,15.477918333617048,253.4470588235294,1224.5411764705882
3619,24.0,9.16515138991168,3.265986323710904,8.246211251235321,3.265986323710904,331.5,1217.0
3620,32.0,7.1857367964432655,6.44007466511385,8.246211251235321,6.44007466511385,601.15625,1218.5
3621,17.0,7.560662487438352,2.876774081818821,7.0710678118654755,2.876774081818821,610.8235294117648,1217.235294117647
3622,21.0,8.22600447380707,3.123601555590147,8.06225774829855,3.123601555590147,1894.047619047619,1219.6666666666667
3623,30.0,13.974436218976432,2.937046726368316,14.142135623730951,2.937046726368316,2544.8333333333335,1221.1666666666667
3624,80.0,17.49622795556179,7.238750398170817,17.72004514666935,7.238750398170817,714.1,1222.4125
3625,52.0,16.95740294193306,4.624642025853121,15.297058540778355,4.624642025853121,1962.4423076923076,1224.2307692307693
3626,18.0,7.822469367052589,2.9303158156249354,7.280109889280518,2.9303158156249354,2557.8333333333335,1220.3333333333333
3627,13.0,5.055900530816918,3.1378581622109447,5.0990195135927845,3.1378581622109447,1830.3076923076924,1219.0
3628,12.0,4.47213595499958,3.265986323710904,4.47213595499958,3.265986323710904,1919.0,1219.5
3629,771.0,59.5848965293981,32.503229758347324,60.728905802755904,32.503229758347324,339.5693904020752,1253.5291828793775
3630,6.0,3.265986323710904,2.0,3.1622776601683795,2.0,353.0,1219.5
3631,27.0,6.458068303052075,5.454872215278814,7.0710678118654755,5.454872215278814,731.6296296296297,1221.6296296296296
3632,37.0,15.28518954614976,3.535370720815444,13.152946437965905,3.535370720815444,1981.945945945946,1224.7297297297298
3633,43.0,14.153926462979788,5.090798608503368,12.529964086141668,5.090798608503368,371.6511627906977,1226.3953488372092
3634,15.0,5.257918562251534,3.7260141279415007,6.0,3.7260141279415007,272.3333333333333,1224.4
3635,6.0,3.265986323710904,2.0,3.1622776601683795,2.0,673.0,1223.5
3636,225.0,37.47829913843858,15.39546662024722,37.12142238654117,15.39546662024722,237.85777777777778,1241.52
3637,69.0,22.740717000819522,4.768610642682091,21.587033144922902,4.768610642682091,322.0144927536232,1235.5072463768115
3638,66.0,15.687281966078267,9.425319140419457,14.317821063276353,9.425319140419457,336.6060606060606,1228.8181818181818
3639,28.0,10.28396011741913,3.6805280534608484,9.219544457292887,3.6805280534608484,386.60714285714283,1225.1785714285713
3640,12.0,4.894994431930091,2.9693109114997,5.0990195135927845,2.9693109114997,2613.9166666666665,1225.8333333333333
3641,9.0,3.885753375057407,2.7954428906961324,4.123105625617661,2.7954428906961324,1845.6666666666667,1226.111111111111
3642,5.0,3.098386676965933,1.7888543819998317,3.1622776601683795,1.7888543819998317,2670.2,1225.4
3643,8.0,3.4641016151377544,2.7386127875258306,3.605551275463989,2.7386127875258306,2646.125,1227.125
3644,6.0,3.265986323710904,2.0,3.1622776601683795,2.0,201.0,1227.5
3645,8.0,4.47213595499958,2.0,4.123105625617661,2.0,456.5,1227.5
3646,6.0,3.265986323710904,2.0,3.1622776601683795,2.0,472.5,1228.0
3647,11.0,4.0,3.468869823334348,4.123105625617661,3.468869823334348,721.4545454545455,1228.6363636363637
3648,6.0,3.265986323710904,2.0,3.1622776601683795,2.0,1934.0,1227.5
3649,75.0,16.270114071182668,7.377287163211254,16.15549442140351,7.377287163211254,2639.7466666666664,1231.0533333333333
3650,18.0,5.9814758046396275,3.9783018324551085,6.324555320336759,3.9783018324551085,665.8888888888889,1229.388888888889
3651,68.0,12.463391486208149,7.088872121545983,13.038404810405298,7.088872121545983,442.80882352941177,1234.735294117647
3652,132.0,34.45728295911084,7.280902224988173,31.78049716414141,7.280902224988173,684.1818181818181,1245.8484848484848
3653,8.0,4.1204045563213505,2.4025541184843804,4.123105625617661,2.4025541184843804,2664.75,1230.625
3654,27.0,8.771967952581674,3.9919894988988944,8.602325267042627,3.9919894988988944,562.8148148148148,1232.888888888889
3655,16.0,6.492803140500921,4.693719993640585,6.708203932499369,4.693719993640585,2128.1875,1232.875
3656,18.0,5.21436337894882,4.485427128778941,5.385164807134504,4.485427128778941,2495.277777777778,1232.2777777777778
3657,40.0,13.751990849223708,4.564290490631312,12.36931687685298,4.564290490631312,383.35,1236.575
3658,50.0,9.859942695649575,6.467451587643048,9.848857801796104,6.467451587643048,452.5,1235.14
3659,60.0,13.538827547214778,6.727896632025692,13.601470508735444,6.727896632025692,467.8833333333333,1234.8666666666666
3660,25.0,6.144916598294887,5.366563145999495,6.708203932499369,5.366563145999495,583.8,1233.2
3661,51.0,13.887456599946974,4.753976721345609,13.92838827718412,4.753976721345609,2107.392156862745,1237.2156862745098
3662,12.0,4.47213595499958,3.265986323710904,4.47213595499958,3.265986323710904,271.5,1233.0
3663,138.0,24.458537556798014,12.957350888703308,24.596747752497688,12.957350888703308,675.0507246376811,1241.268115942029
3664,17.0,8.047030104772455,2.767766501419623,7.280109889280518,2.767766501419623,2603.6470588235293,1233.235294117647
3665,67.0,15.373665287279422,11.03447195604154,15.264337522473747,11.03447195604154,605.7313432835821,1237.686567164179
3666,31.0,8.791823921930797,4.618920356308321,8.94427190999916,4.618920356308321,637.5806451612904,1236.5806451612902
3667,44.0,10.719809880712727,6.344364852179621,10.63014581273465,6.344364852179621,657.3181818181819,1237.2045454545455
3668,14.0,8.0,2.0,7.0710678118654755,2.0,1933.5,1236.0
3669,27.0,9.6481460079699,6.040987131460779,10.04987562112089,6.040987131460779,2688.6666666666665,1237.5555555555557
3670,36.0,9.898883412727749,5.499697726462607,9.848857801796104,5.499697726462607,199.30555555555554,1238.4444444444443
3671,179.0,26.95264782478218,12.40491258174866,23.706539182259394,12.40491258174866,285.98324022346367,1242.3016759776535
3672,57.0,20.665034309968352,4.848432294898589,18.384776310850235,4.848432294898589,582.1754385964912,1241.0526315789473
3673,5.0,2.5298221281347035,2.5298221281347035,3.0,2.5298221281347035,628.0,1237.0
3674,18.0,7.822469367052589,2.9303158156249354,7.280109889280518,2.9303158156249354,1964.3333333333333,1237.8333333333333
3675,35.0,8.819505535467648,5.771923216750166,8.94427190999916,5.771923216750166,2668.285714285714,1240.3428571428572
3676,21.0,6.683391039015601,4.1331405871358875,6.324555320336759,4.1331405871358875,1648.5238095238096,1241.095238095238
3677,10.0,4.7504310473449705,2.6520567234546397,5.0990195135927845,2.6520567234546397,1939.9,1239.8
3678,8.0,4.100618600451318,2.4869513653533066,4.123105625617661,2.4869513653533066,2064.75,1240.0
3679,58.0,9.002212317383705,8.581255034010931,9.848857801796104,8.581255034010931,2634.7586206896553,1243.2241379310344
3680,15.0,4.974602161647368,3.7712361663282534,5.0990195135927845,3.7712361663282534,272.6,1241.9333333333334
3681,24.0,6.080949952409885,5.065662500125242,6.324555320336759,5.065662500125242,303.1666666666667,1241.875
3682,32.0,9.834650629668237,4.222146609530053,9.433981132056603,4.222146609530053,312.0625,1243.65625
3683,100.0,17.200223073587523,8.992548371781345,17.08800749063506,8.992548371781345,513.73,1248.15
3684,22.0,8.49696105130758,3.1908961408698624,8.06225774829855,3.1908961408698624,532.0,1243.1818181818182
3685,116.0,28.466379592460875,9.309799528549458,28.178005607210743,9.309799528549458,602.3879310344828,1251.603448275862
3686,13.0,5.172562755121782,3.3901497392277715,5.385164807134504,3.3901497392277715,1952.2307692307693,1241.6923076923076
3687,24.0,6.247108760764933,4.9245720533820805,6.324555320336759,4.9245720533820805,1985.7916666666667,1241.7083333333333
3688,7.0,4.155374705678736,1.9054711331003737,4.123105625617661,1.9054711331003737,2019.5714285714287,1241.2857142857142
3689,9.0,3.265986323710904,3.265986323710904,3.605551275463989,3.265986323710904,2086.0,1241.0
3690,41.0,20.684148291946457,3.661710969451315,16.76305461424021,3.661710969451315,494.5365853658537,1244.7073170731708
3691,10.0,4.09878030638384,2.9933259094191533,4.123105625617661,2.9933259094191533,1935.8,1243.5
3692,10.0,4.09878030638384,2.9933259094191533,4.123105625617661,2.9933259094191533,1943.2,1243.5
3693,6.0,3.265986323710904,2.0,3.1622776601683795,2.0,369.0,1243.5
3694,184.0,28.44670960181562,12.125046573843447,28.42534080710379,12.125046573843447,624.8097826086956,1254.858695652174
3695,5.0,3.098386676965933,1.7888543819998317,3.1622776601683795,1.7888543819998317,462.6,1246.2
3696,6.0,3.265986323710904,2.0,3.1622776601683795,2.0,2500.5,1246.0
3697,37.0,15.211950575741602,3.638192244448392,14.317821063276353,3.638192244448392,2693.4054054054054,1251.7567567567567
3698,64.0,15.71292315072704,7.449212361675981,15.264337522473747,7.449212361675981,653.578125,1249.53125
3699,12.0,6.463573143221772,2.3094010767585016,5.830951894845301,2.3094010767585016,1937.8333333333333,1248.1666666666667
3700,22.0,5.752469825293227,4.959338798903947,6.324555320336759,4.959338798903947,1995.5,1247.909090909091
3701,16.0,5.291502622129181,3.872983346207417,6.0,3.872983346207417,468.5,1248.25
3702,22.0,7.186797343963628,3.8422866989975133,7.280109889280518,3.8422866989975133,2028.0,1248.409090909091
3703,136.0,19.40294602638076,9.774565027842119,20.09975124224178,9.774565027842119,222.5808823529412,1251.8088235294117
3704,6.0,3.265986323710904,2.0,3.1622776601683795,2.0,262.5,1249.0
3705,21.0,5.5692312854981045,4.822894035696703,5.830951894845301,4.822894035696703,269.3333333333333,1249.857142857143
3706,39.0,12.406178818385696,6.168034496150208,11.704699910719626,6.168034496150208,374.64102564102564,1251.2307692307693
3707,43.0,9.551573550566191,6.835112855592572,10.0,6.835112855592572,479.4186046511628,1251.3953488372092
3708,24.0,9.842451941963033,3.619165924957067,9.219544457292887,3.619165924957067,537.6666666666666,1249.625
3709,6.0,3.265986323710904,2.0,3.1622776601683795,2.0,2534.0,1248.5
3710,31.0,19.062313887736696,2.6285255527593563,16.278820596099706,2.6285255527593563,2676.548387096774,1255.483870967742
3711,65.0,15.365711425892103,9.00724238237147,16.64331697709324,9.00724238237147,551.7846153846153,1255.1846153846154
3712,6.0,3.265986323710904,2.0,3.1622776601683795,2.0,591.0,1249.5
3713,11.0,6.410747983365109,1.9649396885733192,6.082762530298219,1.9649396885733192,2525.4545454545455,1251.2727272727273
3714,31.0,7.926202853256983,5.048100713735174,8.06225774829855,5.048100713735174,491.4193548387097,1254.4193548387098
3715,15.0,8.701579641278252,1.9816549121722193,8.06225774829855,1.9816549121722193,2644.266666666667,1251.4666666666667
3716,22.0,5.752469825293227,4.851514205136848,6.082762530298219,4.851514205136848,2707.5,1253.2727272727273
3717,7.0,4.155374705678736,1.9054711331003737,4.123105625617661,1.9054711331003737,208.42857142857142,1253.2857142857142
3718,13.0,4.8357641986159114,3.440104580768907,5.0,3.440104580768907,454.7692307692308,1253.7692307692307
3719,8.0,4.47213595499958,2.345207879911715,4.47213595499958,2.345207879911715,1.125,1253.625
3720,83.0,16.82038790805616,10.715596403208702,16.1245154965971,10.715596403208702,470.27710843373495,1261.0602409638554
3721,69.0,14.668803590610027,7.627616832549856,13.92838827718412,7.627616832549856,573.5942028985507,1258.2898550724638
3722,6.0,3.265986323710904,2.0,3.1622776601683795,2.0,595.5,1254.0
3723,16.0,6.928203230275509,3.4641016151377544,6.324555320336759,3.4641016151377544,251.5,1257.0
3724,5.0,3.098386676965933,1.7888543819998317,3.1622776601683795,1.7888543819998317,304.6,1254.8
3725,446.0,33.48717644540958,18.043177875067403,34.713109915419565,18.043177875067403,1815.8452914798206,1268.7600896860986
3726,12.0,4.464216783173839,3.409739589526534,4.47213595499958,3.409739589526534,31.333333333333332,1256.5
3727,33.0,11.242241301193804,5.070257487038412,10.816653826391969,5.070257487038412,1878.4242424242425,1258.3636363636363
3728,9.0,4.277662731533559,2.643019518000728,4.123105625617661,2.643019518000728,2819.6666666666665,1256.5555555555557
3729,23.0,8.879990161010365,3.210955619125894,8.246211251235321,3.210955619125894,518.0434782608696,1259.6521739130435
3730,18.0,7.416721908507126,3.039596965407966,7.0710678118654755,3.039596965407966,587.8888888888889,1257.1666666666667
3731,38.0,11.413734535391821,4.395706066451672,11.045361017187261,4.395706066451672,486.05263157894734,1262.4473684210527
3732,14.0,8.0,2.0,7.0710678118654755,2.0,539.5,1260.0
3733,18.0,8.987211767852997,2.8580231357885895,8.06225774829855,2.8580231357885895,2635.8888888888887,1259.611111111111
3734,157.0,28.90490484666372,10.270834684604411,25.709920264364882,10.270834684604411,2811.9936305732485,1270.5732484076434
3735,53.0,10.064569078006492,7.720389476844934,10.770329614269007,7.720389476844934,307.7358490566038,1264.6037735849056
3736,20.0,8.23850155780258,3.550646713217812,7.615773105863909,3.550646713217812,359.9,1262.6
3737,79.0,21.135211206164886,6.442566318031188,22.47220505424423,6.442566318031188,679.4050632911392,1268.139240506329
3738,24.0,8.995138223805702,3.598416241312378,9.055385138137417,3.598416241312378,242.91666666666666,1262.2916666666667
3739,25.0,10.788599425655066,3.414282125536078,10.04987562112089,3.414282125536078,373.52,1265.08
3740,72.0,14.240623406169732,7.350632999781579,13.892443989449804,7.350632999781579,499.3611111111111,1266.111111111111
3741,126.0,17.069877652063386,9.953810056492944,17.804493814764857,9.953810056492944,2041.1587301587301,1268.0873015873017
3742,121.0,29.948928747867278,8.526322014457557,30.0,8.526322014457557,2707.719008264463,1268.3223140495868
3743,76.0,14.039675974955959,8.446243073932392,14.212670403551895,8.446243073932392,250.60526315789474,1267.5131578947369
3744,16.0,6.6332495807108,2.979093821953246,6.4031242374328485,2.979093821953246,581.1875,1263.8125
3745,18.0,6.155607815507596,3.642661972901451,6.324555320336759,3.642661972901451,293.22222222222223,1264.5555555555557
3746,87.0,11.846827159141037,10.142590103559789,12.806248474865697,10.142590103559789,653.919540229885,1268.103448275862
3747,537.0,48.19151674668988,26.636784003480976,50.48762224545735,26.636784003480976,2762.383612662942,1285.7579143389198
3748,14.0,8.0,2.0,7.0710678118654755,2.0,451.5,1267.0
3749,51.0,15.992207626772567,5.410358472914214,14.317821063276353,5.410358472914214,524.7058823529412,1269.9607843137255
3750,43.0,9.538933788755838,6.101944661573892,10.0,6.101944661573892,619.4651162790698,1266.953488372093
3751,44.0,10.923413574652148,5.238259869042159,11.40175425099138,5.238259869042159,640.7954545454545,1268.3863636363637
3752,20.0,7.731010827707835,3.198667157092813,7.280109889280518,3.198667157092813,691.85,1264.95
3753,27.0,12.046398087264723,3.835193623892667,10.770329614269007,3.835193623892667,2072.3703703703704,1267.851851851852
3754,9.0,6.521404219611069,2.1174590157666033,6.082762530298219,2.1174590157666033,221.88888888888889,1267.7777777777778
3755,14.0,8.0,2.0,7.0710678118654755,2.0,508.0,1265.5
3756,46.0,19.80468791822268,6.455990900194371,16.15549442140351,6.455990900194371,605.4782608695652,1269.0
3757,19.0,5.865885857062685,4.63949362726711,6.082762530298219,4.63949362726711,700.2631578947369,1267.5263157894738
3758,1836.0,192.00300423733086,51.78838198988516,163.52675622050356,51.78838198988516,1622.4537037037037,1325.2886710239652
3759,12.0,6.831300510639732,2.0,6.082762530298219,2.0,2139.5,1265.5
3760,52.0,12.512897846985028,7.442572439173,12.206555615733702,7.442572439173,538.1730769230769,1272.326923076923
3761,5.0,5.656854249492381,0.0,5.0,0.0,592.0,1268.0
3762,12.0,3.8297084310253524,3.8297084310253524,4.123105625617661,3.8297084310253524,2699.5,1267.5
3763,20.0,5.138093031466052,4.9396356140913875,5.385164807134504,4.9396356140913875,197.25,1269.75
3764,12.0,5.033222956847167,2.9059326290271157,5.0,2.9059326290271157,576.3333333333334,1269.6666666666667
3765,40.0,13.484963822969497,5.094678664371659,12.083045973594572,5.094678664371659,274.1,1273.05
3766,7.0,3.5820700954176696,2.4713456540351717,3.605551275463989,2.4713456540351717,2115.714285714286,1270.142857142857
3767,222.0,38.05307820138137,9.592606792527297,33.24154027718932,9.592606792527297,2683.3558558558557,1276.7522522522522
3768,150.0,25.53631472744765,14.898164209304674,25.019992006393608,14.898164209304674,2795.36,1282.22
3769,77.0,19.897842612525498,8.206371837769721,20.0,8.206371837769721,303.97402597402595,1275.6493506493507
3770,55.0,26.33668536788351,3.3912130789969526,22.360679774997898,3.3912130789969526,339.3272727272727,1281.509090909091
3771,238.0,28.572398605947555,16.43058732660083,29.206163733020468,16.43058732660083,466.34033613445376,1280.90756302521
3772,9.0,8.640987597877148,1.8856180831641267,7.0710678118654755,1.8856180831641267,629.6666666666666,1272.0
3773,17.0,5.181899763382574,4.041201040002321,5.385164807134504,4.041201040002321,690.8823529411765,1273.4117647058824
3774,72.0,17.365170629088425,5.889432648725949,16.492422502470642,5.889432648725949,2783.027777777778,1280.611111111111
3775,171.0,25.918746172751476,12.086608772660615,26.68332812825267,12.086608772660615,362.2280701754386,1281.0818713450292
3776,5.0,3.098386676965933,1.7888543819998317,3.1622776601683795,1.7888543819998317,376.4,1273.8
3777,16.0,9.16515138991168,2.0,8.06225774829855,2.0,491.5,1273.5
3778,241.0,22.38019006727803,21.49731969958868,25.709920264364882,21.49731969958868,668.0788381742739,1286.929460580913
3779,22.0,8.279999990308141,3.6140607177025954,8.246211251235321,3.6140607177025954,382.95454545454544,1278.1818181818182
3780,14.0,4.981598792617913,3.625307868699863,5.0990195135927845,3.625307868699863,445.14285714285717,1275.5
3781,986.0,155.04868420042723,14.806338934168487,137.18600511714013,14.806338934168487,2300.973630831643,1287.3113590263692
3782,12.0,3.8297084310253524,3.8297084310253524,4.123105625617661,3.8297084310253524,2747.5,1277.5
3783,24.0,7.118052168020874,4.163331998932265,7.0710678118654755,4.163331998932265,2067.5,1280.0
3784,5.0,3.098386676965933,1.7888543819998317,3.1622776601683795,1.7888543819998317,2166.4,1277.8
3785,19.0,11.001418841198687,1.9887013513863865,10.04987562112089,1.9887013513863865,0.47368421052631576,1282.2631578947369
3786,166.0,19.610351824514574,17.285313052404604,21.095023109728988,17.285313052404604,2155.024096385542,1287.1927710843374
3787,103.0,24.015955026925212,8.319388465433944,21.37755832643195,8.319388465433944,647.2815533980582,1288.0582524271845
3788,12.0,3.8297084310253524,3.8297084310253524,4.123105625617661,3.8297084310253524,1987.5,1280.5
3789,39.0,17.280181707947158,3.5969051213460563,16.15549442140351,3.5969051213460563,325.46153846153845,1286.4615384615386
3790,31.0,10.800068679554892,4.566030111705061,11.045361017187261,4.566030111705061,686.9032258064516,1285.4516129032259
3791,34.0,18.30854412214049,3.1821269382000326,16.278820596099706,3.1821269382000326,2660.8529411764707,1286.7941176470588
3792,58.0,15.069854532875485,9.375789548682432,15.297058540778355,9.375789548682432,258.8103448275862,1288.9827586206898
3793,34.0,7.756797592543558,5.623564585879944,8.06225774829855,5.623564585879944,271.1764705882353,1284.235294117647
3794,29.0,10.35216295509813,4.075436019664705,9.486832980505138,4.075436019664705,635.6896551724138,1284.8275862068965
3795,5.0,3.098386676965933,1.7888543819998317,3.1622776601683795,1.7888543819998317,2104.8,1281.4
3796,20.0,6.0,4.09878030638384,6.082762530298219,4.09878030638384,627.5,1283.5
3797,11.0,4.0,3.4688698233343476,4.123105625617661,3.4688698233343476,2094.3636363636365,1285.5454545454545
3798,6.0,3.8297084310253524,1.8856180831641272,4.0,1.8856180831641272,2736.6666666666665,1285.5
3799,15.0,6.791134621996741,2.8402741439135504,6.324555320336759,2.8402741439135504,187.2,1285.8
3800,18.0,7.416721908507126,3.039596965407966,7.0710678118654755,3.039596965407966,298.8888888888889,1285.8333333333333
3801,13.0,5.055900530816918,3.1378581622109447,5.0990195135927845,3.1378581622109447,485.3076923076923,1286.0
3802,40.0,11.4604815461406,7.531093063465008,11.40175425099138,7.531093063465008,2113.575,1288.875
3803,15.0,6.342284798713821,2.9735652336328955,6.082762530298219,2.9735652336328955,2131.6,1286.2
3804,38.0,15.712146547361257,3.6854775135730504,14.866068747318506,3.6854775135730504,2833.7105263157896,1289.921052631579
3805,8.0,4.47213595499958,2.0,4.123105625617661,2.0,371.5,1286.5
3806,6.0,3.8297084310253524,1.8856180831641272,4.0,1.8856180831641272,379.5,1286.3333333333333
3807,6.0,3.265986323710904,2.0,3.1622776601683795,2.0,2816.5,1287.0
3808,509.0,35.909098788322744,27.073125760136737,37.53664875824692,27.073125760136737,388.3320235756385,1306.8133595284871
3809,22.0,7.885544888073252,3.761483793741309,7.280109889280518,3.761483793741309,197.77272727272728,1290.6363636363637
3810,20.0,6.0,4.09878030638384,6.082762530298219,4.09878030638384,315.5,1289.5
3811,101.0,18.102913743454142,7.780025949350767,17.46424919657298,7.780025949350767,423.15841584158414,1290.8712871287128
3812,165.0,26.34055797374662,11.330407219605494,26.248809496813376,11.330407219605494,541.4606060606061,1295.0121212121212
3813,655.0,51.756548766228484,29.972845762945713,54.589376255824725,29.972845762945713,588.7969465648855,1318.654961832061
3814,6.0,3.265986323710904,2.0,3.1622776601683795,2.0,701.5,1289.0
3815,8.0,3.4641016151377544,2.7386127875258306,3.605551275463989,2.7386127875258306,2072.875,1288.875
3816,6.0,3.265986323710904,2.0,3.1622776601683795,2.0,2123.5,1289.0
3817,28.0,8.408233446048015,4.1864185305196,8.246211251235321,4.1864185305196,2686.6071428571427,1291.2857142857142
3818,18.0,6.0,3.9752319599996264,6.082762530298219,3.9752319599996264,278.8888888888889,1291.5
3819,20.0,5.727128425310541,4.5431266766402185,6.082762530298219,4.5431266766402185,306.1,1291.5
3820,19.0,7.255026281487201,3.3447433887176548,7.280109889280518,3.3447433887176548,1654.421052631579,1291.7894736842106
3821,16.0,5.291502622129181,4.2130748865881795,6.082762530298219,4.2130748865881795,2806.875,1291.5
3822,41.0,10.774515346970306,4.987337076441346,10.770329614269007,4.987337076441346,406.0731707317073,1292.1951219512196
3823,31.0,12.557804401661105,3.7089463815247767,13.341664064126334,3.7089463815247767,2816.3225806451615,1297.225806451613
3824,63.0,13.548292286141296,8.553440081499236,14.317821063276353,8.553440081499236,442.93650793650795,1294.8253968253969
3825,239.0,51.81107138887186,15.294967150593633,45.0,15.294967150593633,513.418410041841,1308.9456066945606
3826,44.0,10.506011428854185,6.103427154504178,10.295630140987,6.103427154504178,627.1363636363636,1295.0681818181818
3827,71.0,14.697033696362487,7.133297228605558,13.601470508735444,7.133297228605558,691.9718309859155,1298.281690140845
3828,65.0,12.450144467774006,7.897257992280933,12.165525060596439,7.897257992280933,188.12307692307692,1298.446153846154
3829,129.0,22.992637850885664,7.958374219398025,22.561028345356956,7.958374219398025,681.953488372093,1304.1162790697674
3830,33.0,14.44164369337112,3.4429619692208484,13.0,3.4429619692208484,703.6363636363636,1299.3030303030303
3831,6.0,3.265986323710904,2.0,3.1622776601683795,2.0,2717.5,1294.0
3832,134.0,18.63035505440408,10.679356452535576,18.027756377319946,10.679356452535576,2780.208955223881,1298.6641791044776
3833,12.0,6.831300510639732,2.0,6.082762530298219,2.0,395.5,1294.5
3834,71.0,12.244057404617983,7.651773151685921,12.649110640673518,7.651773151685921,343.5774647887324,1298.4929577464789
3835,50.0,9.93887247831834,6.59863727293191,9.848857801796104,6.59863727293191,432.22,1297.42
3836,91.0,14.524498651348669,9.482538839337371,16.1245154965971,9.482538839337371,2745.901098901099,1298.857142857143
3837,11.0,4.854444919780395,2.858303992038103,5.0990195135927845,2.858303992038103,9.181818181818182,1297.7272727272727
3838,53.0,11.755424278833225,6.745759056144647,12.083045973594572,6.745759056144647,292.1132075471698,1300.301886792453
3839,179.0,19.452981857127785,16.792776395475393,21.633307652783937,16.792776395475393,474.54748603351953,1302.927374301676
3840,33.0,9.860152274519814,4.461506153757125,10.198039027185569,4.461506153757125,638.6666666666666,1300.1515151515152
3841,7.0,3.0237157840738176,2.799416848895061,3.1622776601683795,2.799416848895061,718.2857142857143,1297.0
3842,20.0,5.747209274677076,4.657207913875631,6.324555320336759,4.657207913875631,731.3,1297.7
3843,9.0,5.274258481434536,1.946056459258261,5.0990195135927845,1.946056459258261,2141.222222222222,1296.4444444444443
3844,6.0,3.265986323710904,2.0,3.1622776601683795,2.0,2798.5,1297.0
3845,14.0,8.0,2.0,7.0710678118654755,2.0,371.5,1300.0
3846,28.0,10.260783902791827,3.836184784419035,9.433981132056603,3.836184784419035,563.5,1299.5
3847,300.0,31.161068846528817,23.786092330222953,34.058772731852805,23.786092330222953,2801.41,1313.55
3848,5.0,5.656854249492381,0.0,5.0,0.0,228.0,1298.0
3849,26.0,6.4076707814980285,5.265246456215877,6.708203932499369,5.265246456215877,257.2692307692308,1301.8846153846155
3850,49.0,13.015426929792453,6.606302036685482,12.36931687685298,6.606302036685482,320.2244897959184,1304.0408163265306
3851,41.0,13.826003150164508,5.647107445006542,12.529964086141668,5.647107445006542,501.0731707317073,1302.0731707317073
3852,12.0,5.940354209386356,2.45876497460801,6.324555320336759,2.45876497460801,353.5,1301.0
3853,138.0,24.844982528842344,11.03246531590295,21.840329667841555,11.03246531590295,458.89130434782606,1309.623188405797
3854,15.0,5.40599920284407,3.568014598401306,5.385164807134504,3.568014598401306,45.2,1302.0666666666666
3855,7.0,3.0237157840738176,2.799416848895061,3.1622776601683795,2.799416848895061,206.0,1302.2857142857142
3856,198.0,22.175452368327615,18.134347427543496,25.0,18.134347427543496,534.2929292929293,1309.1010101010102
3857,1649.0,108.23427522786001,63.65054744697974,104.80935072788114,63.65054744697974,727.2838083687083,1347.4584596725288
3858,37.0,10.900171481894365,4.761667629305226,11.045361017187261,4.761667629305226,2208.6486486486488,1306.081081081081
3859,62.0,13.345095264977807,6.978337486480759,13.601470508735444,6.978337486480759,418.88709677419354,1305.9193548387098
3860,7.0,4.155374705678736,1.9054711331003737,4.123105625617661,1.9054711331003737,2141.714285714286,1302.4285714285713
3861,20.0,8.068109040320387,3.1473189405429554,8.06225774829855,3.1473189405429554,0.85,1306.8
3862,12.0,4.47213595499958,3.265986323710904,4.47213595499958,3.265986323710904,211.5,1304.0
3863,6.0,3.9999999999999996,1.632993161855452,4.123105625617661,1.632993161855452,229.5,1303.5
3864,29.0,6.955208972876952,5.52291543457587,7.615773105863909,5.52291543457587,602.0,1305.0344827586207
3865,8.0,3.9722133299273006,2.6403638502198645,4.123105625617661,2.6403638502198645,653.75,1304.375
3866,11.0,4.51260859854213,2.9541957835039856,5.0,2.9541957835039856,2712.0,1305.0
3867,41.0,14.884073578271476,5.493740887021664,13.892443989449804,5.493740887021664,142.0731707317073,1308.5121951219512
3868,8.0,3.4641016151377544,2.7386127875258306,3.605551275463989,2.7386127875258306,510.125,1304.875
3869,16.0,6.324555320336759,3.122498999199199,6.082762530298219,3.122498999199199,2731.5,1305.125
3870,41.0,8.263577137952211,6.398711822874405,8.54400374531753,6.398711822874405,348.5609756097561,1307.8292682926829
3871,146.0,34.757978303456284,12.002003100648501,34.20526275297414,12.002003100648501,423.63698630136986,1319.390410958904
3872,12.0,6.831300510639732,2.0,6.082762530298219,2.0,671.5,1307.5
3873,20.0,12.59974871355892,2.9876968312013075,10.770329614269007,2.9876968312013075,738.6,1309.6
3874,12.0,6.831300510639732,2.0,6.082762530298219,2.0,2161.5,1307.5
3875,29.0,11.99916084707894,6.009201908300873,11.40175425099138,6.009201908300873,2698.551724137931,1308.5172413793102
3876,50.0,16.122657312023044,5.2784013866955855,15.264337522473747,5.2784013866955855,2819.82,1311.4
3877,6.0,6.831300510639732,0.0,6.0,0.0,195.5,1306.0
3878,20.0,6.0,4.09878030638384,6.082762530298219,4.09878030638384,244.5,1307.5
3879,16.0,7.720428875943968,2.6139009108018145,7.211102550927978,2.6139009108018145,223.5,1308.8125
3880,86.0,14.055519978870908,9.482554080687645,15.132745950421556,9.482554080687645,20.290697674418606,1312.4767441860465
3881,9.0,4.277662731533559,2.643019518000728,4.123105625617661,2.643019518000728,435.3333333333333,1310.4444444444443
3882,41.0,11.645876476303254,4.956200558686571,11.704699910719626,4.956200558686571,564.439024390244,1311.121951219512
3883,152.0,24.398898006984535,18.62475366749746,25.495097567963924,18.62475366749746,218.67763157894737,1320.9473684210527
3884,8.0,3.4641016151377544,3.3166247903554,4.123105625617661,3.3166247903554,2195.5,1311.25
3885,14.0,4.780914437337574,3.5456210417116734,5.0,3.5456210417116734,228.5,1312.5
3886,23.0,6.328529434294957,4.768635583852835,6.708203932499369,4.768635583852835,323.9130434782609,1312.7391304347825
3887,203.0,32.7793135339054,16.79879932966786,32.449961479175904,16.79879932966786,655.3497536945813,1322.64039408867
3888,14.0,8.0,2.0,7.0710678118654755,2.0,171.5,1315.0
3889,19.0,7.455128930368747,3.15086937833595,7.0710678118654755,3.15086937833595,235.0,1313.1052631578948
3890,24.0,8.246211251235321,3.8151743807532,8.06225774829855,3.8151743807532,329.9166666666667,1315.5
3891,132.0,22.703870068349154,12.462941768632913,19.924858845171276,12.462941768632913,496.5681818181818,1316.8181818181818
3892,14.0,8.0,2.0,7.0710678118654755,2.0,547.5,1315.0
3893,54.0,13.558506213035633,5.844073224211799,13.416407864998739,5.844073224211799,620.7407407407408,1315.888888888889
3894,8.0,3.4641016151377544,2.7386127875258306,3.605551275463989,2.7386127875258306,694.125,1312.875
3895,6.0,3.8297084310253524,1.8856180831641272,4.0,1.8856180831641272,2723.5,1312.3333333333333
3896,51.0,16.87162943127266,4.058987445219568,15.297058540778355,4.058987445219568,2829.274509803922,1318.7450980392157
3897,17.0,6.2774874846543405,3.570070029419061,6.4031242374328485,3.570070029419061,164.94117647058823,1315.1764705882354
3898,47.0,23.708148128520808,4.8625042639312115,19.313207915827967,4.8625042639312115,2163.6382978723404,1321.531914893617
3899,22.0,7.294376607476421,3.9099792425146993,7.280109889280518,3.9099792425146993,2740.6363636363635,1316.3636363636363
3900,20.0,6.0,4.09878030638384,6.082762530298219,4.09878030638384,300.5,1315.5
3901,238.0,35.91313793355349,16.207539787187308,36.359317925395686,16.207539787187308,482.97058823529414,1328.1974789915967
3902,11.0,4.51260859854213,2.9541957835039856,5.0,2.9541957835039856,414.0,1316.0
3903,48.0,9.399480588602193,6.505108095270765,9.486832980505138,6.505108095270765,771.0,1317.5
3904,35.0,13.435828397506942,3.963628641464776,12.36931687685298,3.963628641464776,2198.4285714285716,1318.5428571428572
3905,7.0,4.375345285424217,2.089630999709932,4.123105625617661,2.089630999709932,742.7142857142857,1318.142857142857
3906,5.0,3.098386676965933,1.7888543819998317,3.1622776601683795,1.7888543819998317,2149.6,1318.2
3907,5.0,3.098386676965933,1.7888543819998317,3.1622776601683795,1.7888543819998317,2686.6,1318.2
3908,9.0,4.618802153517006,2.351778943168525,4.47213595499958,2.351778943168525,2850.4444444444443,1317.888888888889
3909,6.0,3.8297084310253524,1.8856180831641272,4.0,1.8856180831641272,563.5,1318.3333333333333
3910,37.0,12.437754899101604,4.9866721164201255,12.083045973594572,4.9866721164201255,80.10810810810811,1323.1891891891892
3911,23.0,5.814167475253484,5.029477667275335,6.324555320336759,5.029477667275335,193.82608695652175,1321.4347826086957
3912,6.0,3.126943839882286,2.309401076758503,3.1622776601683795,2.309401076758503,283.8333333333333,1320.1666666666667
3913,18.0,5.848344877665374,3.977631650858319,5.830951894845301,3.977631650858319,366.8888888888889,1320.8333333333333
3914,25.0,6.737519461745386,5.250317276375035,7.0710678118654755,5.250317276375035,405.4,1322.4
3915,607.0,48.08190247341466,28.870482889962798,50.24937810560445,28.870482889962798,625.822075782537,1336.354200988468
3916,54.0,12.254244105909894,7.083726449060433,11.704699910719626,7.083726449060433,678.8888888888889,1324.7222222222222
3917,45.0,10.333490009474314,5.576336380991655,10.295630140987,5.576336380991655,2154.9777777777776,1321.9333333333334
3918,139.0,23.70052674164553,9.144383286624082,22.135943621178654,9.144383286624082,8.597122302158274,1329.294964028777
3919,8.0,3.4641016151377544,2.7386127875258306,3.605551275463989,2.7386127875258306,89.125,1320.875
3920,25.0,6.287202746693123,5.1744643802015355,6.708203932499369,5.1744643802015355,292.76,1321.72
3921,23.0,8.879990161010365,3.210955619125894,8.246211251235321,3.210955619125894,336.95652173913044,1323.6521739130435
3922,11.0,4.0,3.468869823334348,4.123105625617661,3.468869823334348,360.45454545454544,1321.6363636363637
3923,48.0,12.064636114816665,9.483178081643965,12.529964086141668,9.483178081643965,441.8958333333333,1327.1458333333333
3924,44.0,9.002976542345515,6.557763690286943,8.94427190999916,6.557763690286943,636.4772727272727,1323.6363636363637
3925,12.0,3.8297084310253524,3.8297084310253524,4.123105625617661,3.8297084310253524,2171.5,1321.5
3926,36.0,8.459051693633013,5.333333333333333,8.246211251235321,5.333333333333333,2181.0,1323.5
3927,14.0,8.0,2.0,7.0710678118654755,2.0,2769.5,1323.0
3928,16.0,5.621217243914944,3.6523166205455517,6.082762530298219,3.6523166205455517,17.4375,1323.75
3929,16.0,6.324555320336759,3.122498999199199,6.082762530298219,3.122498999199199,145.125,1323.5
3930,23.0,10.958796791659832,3.5443783474192476,9.848857801796104,3.5443783474192476,380.0869565217391,1325.695652173913
3931,6.0,6.831300510639732,0.0,6.0,0.0,1777.0,1323.5
3932,58.0,14.906551268642652,7.745764622326447,15.652475842498529,7.745764622326447,2793.344827586207,1328.396551724138
3933,33.0,7.823179676714157,5.955980956061622,8.06225774829855,5.955980956061622,324.1212121212121,1325.3939393939395
3934,8.0,4.47213595499958,2.0,4.123105625617661,2.0,718.5,1323.5
3935,6.0,3.1269438398822857,2.309401076758503,3.1622776601683795,2.309401076758503,2136.1666666666665,1322.8333333333333
3936,14.0,8.0,2.0,7.0710678118654755,2.0,163.0,1323.5
3937,6.0,3.8297084310253524,1.8856180831641272,4.0,1.8856180831641272,398.5,1323.3333333333333
3938,19.0,10.002069967581548,2.5334620894375126,8.94427190999916,2.5334620894375126,1770.1052631578948,1326.578947368421
3939,7.0,3.7032803990902057,2.138089935299395,3.605551275463989,2.138089935299395,42.0,1325.0
3940,10.0,4.09878030638384,2.9933259094191533,4.123105625617661,2.9933259094191533,347.5,1325.2
3941,6.0,3.1269438398822857,2.309401076758503,3.1622776601683795,2.309401076758503,89.16666666666667,1325.8333333333333
3942,101.0,18.13158037865204,8.265247465522974,17.46424919657298,8.265247465522974,536.3663366336634,1330.4554455445545
3943,6.0,3.1269438398822857,2.309401076758503,3.1622776601683795,2.309401076758503,356.1666666666667,1326.8333333333333
3944,8.0,4.47213595499958,2.0,4.123105625617661,2.0,2488.5,1327.5
3945,7.0,3.7032803990902057,2.138089935299395,3.605551275463989,2.138089935299395,247.0,1328.0
3946,31.0,8.421252645786403,4.914279372710381,9.219544457292887,4.914279372710381,315.9032258064516,1329.1290322580646
3947,67.0,11.206303134151456,9.877415942179582,12.529964086141668,9.877415942179582,459.0,1331.686567164179
3948,113.0,28.361637604957682,8.005675875307563,25.709920264364882,8.005675875307563,570.929203539823,1337.3097345132744
3949,433.0,69.4340366514518,18.71101351120663,56.08029957123981,18.71101351120663,687.5588914549653,1351.877598152425
3950,6.0,3.126943839882286,2.309401076758503,3.1622776601683795,2.309401076758503,1733.8333333333333,1328.1666666666667
3951,85.0,19.578987971504038,6.120450000808128,18.439088914585774,6.120450000808128,2191.329411764706,1336.0588235294117
3952,7.0,3.0237157840738176,2.799416848895061,3.1622776601683795,2.799416848895061,2213.285714285714,1328.0
3953,6.0,3.8297084310253524,1.8856180831641272,4.0,1.8856180831641272,2814.6666666666665,1328.5
3954,27.0,10.48395096152257,3.4429022753002876,9.848857801796104,3.4429022753002876,18.185185185185187,1332.148148148148
3955,69.0,10.93331714459123,8.209429537162636,11.40175425099138,8.209429537162636,122.68115942028986,1331.536231884058
3956,25.0,7.827976694606046,4.435085215495255,8.06225774829855,4.435085215495255,134.72,1330.68
3957,16.0,9.16515138991168,2.0,8.06225774829855,2.0,371.5,1331.5
3958,173.0,23.376225469634512,14.110507718599244,21.840329667841555,14.110507718599244,506.485549132948,1338.150289017341
3959,30.0,11.817877229952181,4.8166378315169185,10.44030650891055,4.8166378315169185,555.5,1333.7333333333333
3960,382.0,41.46338548763387,23.370206962567476,38.47076812334269,23.370206962567476,2139.065445026178,1347.0340314136126
3961,6.0,3.9999999999999996,1.632993161855452,4.123105625617661,1.632993161855452,2822.5,1329.5
3962,20.0,5.590562123769461,4.667506308541456,5.830951894845301,4.667506308541456,2844.25,1329.65
3963,51.0,9.526696761316053,6.98618863142026,10.198039027185569,6.98618863142026,35.6078431372549,1333.4705882352941
3964,81.0,15.941490878875019,8.907025792103582,15.811388300841896,8.907025792103582,240.25925925925927,1333.358024691358
3965,19.0,7.347338259627431,3.178877656956105,7.0710678118654755,3.178877656956105,254.0,1331.6842105263158
3966,19.0,7.455128930368747,3.15086937833595,7.0710678118654755,3.15086937833595,289.10526315789474,1332.0
3967,82.0,17.376350292223393,8.771234261063805,16.64331697709324,8.771234261063805,346.8414634146341,1335.878048780488
3968,18.0,7.087628855471298,4.448618725527656,7.0710678118654755,4.448618725527656,430.3888888888889,1332.5
3969,14.0,8.0,2.0,7.0710678118654755,2.0,563.5,1332.0
3970,22.0,5.752469825293227,4.851514205136848,6.082762530298219,4.851514205136848,707.5,1331.2727272727273
3971,20.0,6.0,4.09878030638384,6.082762530298219,4.09878030638384,2731.5,1331.5
3972,60.0,17.85879132400155,7.391978775912755,17.204650534085253,7.391978775912755,2828.7833333333333,1334.4333333333334
3973,72.0,15.781399559862097,6.782777447866991,15.297058540778355,6.782777447866991,2123.0555555555557,1337.736111111111
3974,106.0,14.100831180284771,11.734709450076956,14.7648230602334,11.734709450076956,2165.990566037736,1337.2264150943397
3975,14.0,8.649395142252747,2.7635019929450553,7.615773105863909,2.7635019929450553,94.92857142857143,1332.357142857143
3976,47.0,14.218946551093039,8.504993441278517,13.038404810405298,8.504993441278517,364.6170212765957,1336.1914893617022
3977,6.0,3.265986323710904,2.0,3.1622776601683795,2.0,579.5,1334.0
3978,13.0,4.706787243316417,3.508232077228117,5.0990195135927845,3.508232077228117,27.23076923076923,1335.8461538461538
3979,45.0,13.358255178273286,5.709552863471613,13.0,5.709552863471613,382.0888888888889,1339.1555555555556
3980,22.0,6.489771132199579,4.374822167674527,6.708203932499369,4.374822167674527,677.0454545454545,1336.1818181818182
3981,6.0,4.363338213437162,1.65500979239906,4.123105625617661,1.65500979239906,2596.8333333333335,1334.6666666666667
3982,31.0,7.3946237855977115,5.341615722641376,8.06225774829855,5.341615722641376,225.29032258064515,1337.1935483870968
3983,30.0,9.179687721631202,4.249967320135794,9.055385138137417,4.249967320135794,260.26666666666665,1339.0
3984,74.0,17.899216802915316,5.986659981990761,17.26267650163207,5.986659981990761,409.2432432432432,1338.1216216216217
3985,741.0,63.400055952139255,34.288214659794356,60.74537019394976,34.288214659794356,458.26720647773277,1350.3468286099865
3986,15.0,4.988876515698587,3.8643671323171835,5.385164807134504,3.8643671323171835,72.73333333333333,1338.2
3987,13.0,7.554371880072024,1.9753176197160076,7.0710678118654755,1.9753176197160076,395.53846153846155,1339.2307692307693
3988,110.0,25.667614903375345,12.380068947929772,23.53720459187964,12.380068947929772,523.5181818181818,1344.8545454545454
3989,12.0,3.8297084310253524,3.8297084310253524,4.123105625617661,3.8297084310253524,2848.5,1337.5
3990,14.0,8.0,2.0,7.0710678118654755,2.0,92.0,1337.5
3991,18.0,6.831300510639732,3.265986323710904,6.324555320336759,3.265986323710904,129.0,1339.5
3992,77.0,23.486774916308836,6.197977005223404,21.93171219946131,6.197977005223404,144.67532467532467,1348.5844155844156
3993,21.0,9.168074225847828,4.135014199127549,8.602325267042627,4.135014199127549,156.61904761904762,1338.7619047619048
3994,6.0,3.8297084310253524,1.8856180831641272,4.0,1.8856180831641272,174.33333333333334,1338.5
3995,18.0,6.831300510639732,3.265986323710904,6.324555320336759,3.265986323710904,273.0,1339.5
3996,94.0,24.783549924185223,8.93521823248169,23.53720459187964,8.93521823248169,295.25531914893617,1347.212765957447
3997,14.0,6.369570517030843,2.79941684889506,6.082762530298219,2.79941684889506,2216.714285714286,1339.5
3998,20.0,5.656854249492381,4.47213595499958,5.830951894845301,4.47213595499958,114.0,1339.5
3999,20.0,6.0,4.09878030638384,6.082762530298219,4.09878030638384,187.5,1339.5
4000,14.0,5.957108448150149,2.8895663395837934,6.082762530298219,2.8895663395837934,216.21428571428572,1339.0
4001,52.0,14.902386399960882,4.79354265485288,14.317821063276353,4.79354265485288,578.75,1344.423076923077
4002,34.0,8.892621025508962,4.968500496027839,9.219544457292887,4.968500496027839,325.2647058823529,1343.0588235294117
4003,6.0,3.265986323710904,2.0,3.1622776601683795,2.0,449.0,1339.5
4004,78.0,18.493659742293534,9.51660369656465,18.439088914585774,9.51660369656465,668.0384615384615,1347.025641025641
4005,6.0,3.265986323710904,2.0,3.1622776601683795,2.0,681.0,1339.5
4006,54.0,13.382971744048342,9.396408929400167,13.038404810405298,9.396408929400167,733.6851851851852,1344.851851851852
4007,6.0,4.363338213437162,1.65500979239906,4.123105625617661,1.65500979239906,2800.3333333333335,1341.1666666666667
4008,29.0,11.128189693918248,3.864133448907222,10.770329614269007,3.864133448907222,103.6896551724138,1343.2413793103449
4009,10.0,5.138093031466052,2.529822128134703,5.0990195135927845,2.529822128134703,234.3,1342.4
4010,42.0,10.278197261928659,5.466071296763281,10.63014581273465,5.466071296763281,546.4047619047619,1344.2380952380952
4011,52.0,11.254012207617013,6.448557638832094,11.661903789690601,6.448557638832094,374.5769230769231,1346.1923076923076
4012,264.0,30.109159351861212,15.004752895064659,31.25699921617557,15.004752895064659,656.2575757575758,1358.8219696969697
4013,90.0,25.025603367984115,5.953288604136753,25.317977802344327,5.953288604136753,410.8666666666667,1346.411111111111
4014,15.0,6.873911661709755,2.9878280145932785,6.324555320336759,2.9878280145932785,2807.0666666666666,1345.5333333333333
4015,8.0,4.47213595499958,2.0,4.123105625617661,2.0,2835.5,1344.5
4016,6.0,3.265986323710904,2.0,3.1622776601683795,2.0,17.5,1345.0
4017,15.0,6.9723590441571375,2.9498754066766475,6.324555320336759,2.9498754066766475,391.2,1346.3333333333333
4018,77.0,16.570267234084422,9.981499157124706,16.492422502470642,9.981499157124706,2173.1428571428573,1352.142857142857
4019,15.0,8.701579641278252,1.9816549121722193,8.06225774829855,1.9816549121722193,2741.5333333333333,1347.7333333333333
4020,14.0,8.0,2.0,7.0710678118654755,2.0,2777.5,1347.0
4021,19.0,6.804817738388441,3.678077019471512,6.708203932499369,3.678077019471512,286.1578947368421,1347.842105263158
4022,39.0,12.97392356671397,4.870255112989769,12.36931687685298,4.870255112989769,311.6666666666667,1348.4102564102564
4023,73.0,26.55923480448623,4.415656295102031,24.351591323771842,4.415656295102031,592.8219178082192,1355.86301369863
4024,22.0,5.752469825293227,4.851514205136848,6.082762530298219,4.851514205136848,2785.7272727272725,1347.5
4025,15.0,5.823002750437359,3.509253651507849,5.830951894845301,3.509253651507849,2813.866666666667,1347.4
4026,14.0,4.20883424647321,4.120630029101703,4.47213595499958,4.120630029101703,264.7142857142857,1347.5
4027,63.0,16.02850270359395,6.717431515489053,15.524174696260024,6.717431515489053,642.6984126984127,1352.3333333333333
4028,8.0,3.4641016151377544,2.8284271247461903,4.0,2.8284271247461903,2248.0,1347.5
4029,21.0,5.453041275270223,4.9538858324681865,6.082762530298219,4.9538858324681865,195.61904761904762,1349.2857142857142
4030,14.0,8.0,2.0,7.0710678118654755,2.0,235.0,1347.5
4031,8.0,4.47213595499958,2.0,4.123105625617661,2.0,494.5,1347.5
4032,9.0,5.274258481434536,1.946056459258261,5.0990195135927845,1.946056459258261,678.5555555555555,1349.2222222222222
4033,64.0,15.01340879432973,6.085001550890741,15.297058540778355,6.085001550890741,2798.671875,1354.578125
4034,29.0,6.880503809433834,5.7463154946071935,7.280109889280518,5.7463154946071935,2840.689655172414,1349.8620689655172
4035,101.0,23.4088773221084,12.397326753433948,21.18962010041709,12.397326753433948,26.603960396039604,1355.5346534653465
4036,11.0,4.348458452036872,3.3525616208337774,4.47213595499958,3.3525616208337774,2150.3636363636365,1349.7272727272727
4037,20.0,7.96885631989506,3.2151716832649173,7.615773105863909,3.2151716832649173,38.15,1350.75
4038,18.0,6.318284641858517,3.5873949658833078,6.324555320336759,3.5873949658833078,55.22222222222222,1351.611111111111
4039,5.0,3.098386676965933,1.7888543819998317,3.1622776601683795,1.7888543819998317,153.4,1350.2
4040,26.0,8.829994538624005,4.318168716395281,8.54400374531753,4.318168716395281,206.34615384615384,1352.2692307692307
4041,26.0,10.546825146318973,3.112483936673524,10.198039027185569,3.112483936673524,555.0769230769231,1350.1153846153845
4042,48.0,9.24915668110557,7.738453091149145,10.295630140987,7.738453091149145,2850.1875,1354.0208333333333
4043,99.0,13.869696466603065,10.18985436621635,14.422205101855956,10.18985436621635,184.14141414141415,1355.1818181818182
4044,6.0,3.126943839882286,2.309401076758503,3.1622776601683795,2.309401076758503,371.8333333333333,1352.1666666666667
4045,5.0,3.098386676965933,1.7888543819998317,3.1622776601683795,1.7888543819998317,398.6,1352.2
4046,77.0,14.904708584943913,7.5650732497890845,14.7648230602334,7.5650732497890845,530.922077922078,1356.4415584415585
4047,108.0,26.986912727332935,13.770212414923622,22.20360331117452,13.770212414923622,545.824074074074,1361.4166666666667
4048,130.0,24.94166306812265,8.102191950463984,23.08679276123039,8.102191950463984,2191.7923076923075,1356.4769230769232
4049,43.0,15.284776225084252,4.020264617327986,16.0312195418814,4.020264617327986,2756.8372093023254,1353.3255813953488
4050,53.0,25.072530285264275,6.996447867759403,19.924858845171276,6.996447867759403,1.830188679245283,1362.433962264151
4051,18.0,7.034880958390495,3.376290685080849,7.280109889280518,3.376290685080849,246.5,1354.6666666666667
4052,27.0,6.275259956292779,5.756464845305831,6.708203932499369,5.756464845305831,268.81481481481484,1354.6296296296296
4053,13.0,5.055900530816918,3.1378581622109447,5.0990195135927845,3.1378581622109447,406.0,1353.6923076923076
4054,24.0,9.914730831329624,3.0190692620323314,10.04987562112089,3.0190692620323314,506.75,1352.875
4055,132.0,20.927737063041185,9.7051800245118,20.248456731316587,9.7051800245118,632.4924242424242,1359.6666666666667
4056,73.0,14.924462542151408,8.721765874145248,13.601470508735444,8.721765874145248,698.4246575342465,1357.6027397260275
4057,9.0,3.265986323710904,3.265986323710904,3.605551275463989,3.265986323710904,730.0,1353.0
4058,9.0,5.274258481434536,1.946056459258261,5.0990195135927845,1.946056459258261,84.44444444444444,1355.2222222222222
4059,5.0,5.656854249492381,0.0,5.0,0.0,152.0,1355.0
4060,153.0,21.97061520990568,11.281769006013032,25.059928172283335,11.281769006013032,163.75816993464053,1359.9803921568628
4061,82.0,16.190985565552428,8.383050985314279,16.76305461424021,8.383050985314279,224.0731707317073,1358.6707317073171
4062,12.0,6.831300510639732,2.0,6.082762530298219,2.0,547.5,1355.5
4063,24.0,6.21825270205921,5.734883511361751,6.708203932499369,5.734883511361751,561.6666666666666,1355.5
4064,6.0,3.8297084310253524,1.8856180831641272,4.0,1.8856180831641272,318.3333333333333,1355.5
4065,22.0,6.402478858785095,4.306443375391641,6.324555320336759,4.306443375391641,495.27272727272725,1355.5
4066,21.0,5.480950312357393,4.886002033668824,6.082762530298219,4.886002033668824,619.3809523809524,1355.7619047619048
4067,6.0,6.831300510639732,0.0,6.0,0.0,2731.5,1356.0
4068,32.0,11.230079332134766,3.8500413236690836,10.44030650891055,3.8500413236690836,92.0625,1361.5
4069,15.0,5.9825936213138124,3.0484451785557374,6.082762530298219,3.0484451785557374,584.9333333333333,1359.6666666666667
4070,206.0,27.26585962376065,15.5272615482501,27.018512172212592,15.5272615482501,744.7669902912621,1370.1407766990292
4071,306.0,33.350701759796884,19.555778121712454,30.675723300355934,19.555778121712454,304.11764705882354,1372.3366013071895
4072,112.0,18.394217415081563,9.568080990981182,17.0,9.568080990981182,428.91964285714283,1364.1339285714287
4073,77.0,14.406502583938133,8.694860569154104,15.811388300841896,8.694860569154104,489.42857142857144,1363.7662337662337
4074,17.0,9.205154618931628,2.3702467420149103,8.06225774829855,2.3702467420149103,43.588235294117645,1362.6470588235295
4075,5.0,3.098386676965933,1.7888543819998317,3.1622776601683795,1.7888543819998317,230.8,1359.4
4076,120.0,26.833348167104308,8.70308269322899,24.351591323771842,8.70308269322899,401.35,1372.0083333333334
4077,62.0,13.740240321823956,7.290662985093112,14.317821063276353,7.290662985093112,440.5483870967742,1366.6451612903227
4078,10.0,5.603312035987878,2.5539957375362587,5.0990195135927845,2.5539957375362587,502.7,1361.2
4079,38.0,12.201987626751018,4.826993226386857,11.40175425099138,4.826993226386857,617.1052631578947,1361.2631578947369
4080,7.0,4.155374705678736,1.9054711331003737,4.123105625617661,1.9054711331003737,2837.5714285714284,1360.2857142857142
4081,36.0,11.381796743642802,6.018316623871456,10.44030650891055,6.018316623871456,270.22222222222223,1364.4166666666667
4082,63.0,12.444245644403413,6.974662383995465,13.152946437965905,6.974662383995465,285.2063492063492,1365.015873015873
4083,64.0,10.239719741552461,8.119210375058698,11.180339887498949,8.119210375058698,322.796875,1363.640625
4084,33.0,10.752914455648831,4.33027977204388,10.295630140987,4.33027977204388,364.969696969697,1364.4545454545455
4085,82.0,15.060119572187558,8.14696558988021,15.620499351813308,8.14696558988021,410.280487804878,1365.0
4086,16.0,9.16515138991168,2.0,8.06225774829855,2.0,419.5,1363.5
4087,27.0,8.381172438656998,4.055866129744993,8.246211251235321,4.055866129744993,522.3333333333334,1363.6296296296296
4088,10.0,8.864807597196108,1.4883501821460505,8.0,1.4883501821460505,2247.2,1363.1
4089,10.0,4.381780460041329,2.6832815729997477,4.47213595499958,2.6832815729997477,2810.5,1361.0
4090,12.0,6.831300510639732,2.0,6.082762530298219,2.0,75.5,1363.5
4091,22.0,5.752469825293227,4.851514205136848,6.082762530298219,4.851514205136848,331.5,1362.7272727272727
4092,14.0,8.0,2.0,7.0710678118654755,2.0,2851.5,1364.0
4093,10.0,8.864807597196108,1.4883501821460505,8.0,1.4883501821460505,568.2,1365.9
4094,9.0,8.287086821496935,1.4283701886023465,7.0710678118654755,1.4283701886023465,574.7777777777778,1365.5555555555557
4095,21.0,6.307449497618914,4.415826938072308,6.708203932499369,4.415826938072308,109.66666666666667,1365.4285714285713
4096,27.0,8.920600612589093,4.533109858036039,8.54400374531753,4.533109858036039,152.37037037037038,1367.2222222222222
4097,96.0,17.52146757370514,10.616904453498224,15.811388300841896,10.616904453498224,2191.9895833333335,1369.8333333333333
4098,35.0,11.097760198540087,3.949957918167153,11.045361017187261,3.949957918167153,590.4,1370.2857142857142
4099,103.0,20.111743067068442,9.425060716067401,20.615528128088304,9.425060716067401,2822.3980582524273,1377.0970873786407
4100,345.0,26.73733085824556,20.722168165241282,28.635642126552707,20.722168165241282,501.9159420289855,1377.5536231884057
4101,17.0,5.695306516473482,3.706277656090748,5.830951894845301,3.706277656090748,533.0588235294117,1367.5882352941176
4102,25.0,10.168083249658151,3.049800489871645,10.04987562112089,3.049800489871645,2209.12,1370.68
4103,10.0,4.09878030638384,2.9933259094191533,4.123105625617661,2.9933259094191533,2797.8,1367.5
4104,32.0,7.716913742344044,5.271905945028006,8.246211251235321,5.271905945028006,56.46875,1369.09375
4105,19.0,6.007929625764467,3.9363446638591832,6.082762530298219,3.9363446638591832,174.42105263157896,1369.421052631579
4106,48.0,8.626687249465983,7.260317592526204,8.94427190999916,7.260317592526204,353.9583333333333,1370.6041666666667
4107,19.0,7.455128930368747,3.15086937833595,7.0710678118654755,3.15086937833595,384.89473684210526,1371.0
4108,5.0,5.656854249492381,0.0,5.0,0.0,787.0,1368.0
4109,6.0,3.265986323710904,2.0,3.1622776601683795,2.0,2233.5,1369.0
4110,29.0,10.061771270851267,6.411363854850151,10.770329614269007,6.411363854850151,15.655172413793103,1372.1379310344828
4111,21.0,7.886502789778404,3.711584952882491,7.615773105863909,3.711584952882491,240.85714285714286,1372.5714285714287
4112,12.0,6.831300510639732,2.0,6.082762530298219,2.0,379.5,1371.5
4113,30.0,8.48560108388729,4.803137495500873,9.219544457292887,4.803137495500873,580.8,1373.5333333333333
4114,11.0,4.346129984141888,3.067356324605906,4.47213595499958,3.067356324605906,32.90909090909091,1372.6363636363637
4115,115.0,20.21708876360005,8.460439608604348,18.439088914585774,8.460439608604348,188.27826086956523,1376.9130434782608
4116,11.0,4.346129984141888,3.067356324605907,4.47213595499958,3.067356324605907,28.09090909090909,1373.3636363636363
4117,115.0,15.921639002892968,11.715057980404605,20.12461179749811,11.715057980404605,804.4521739130435,1379.017391304348
4118,62.0,9.798225875649544,8.850884813929031,11.40175425099138,8.850884813929031,40.274193548387096,1376.5645161290322
4119,29.0,8.421621052177121,4.595552745496719,8.54400374531753,4.595552745496719,370.0,1374.6206896551723
4120,5.0,3.098386676965933,1.7888543819998317,3.1622776601683795,1.7888543819998317,517.6,1374.2
4121,49.0,12.719515261837694,7.9506927377902175,12.529964086141668,7.9506927377902175,525.9183673469388,1376.3673469387754
4122,23.0,8.74147160095376,3.3343462891539772,8.54400374531753,3.3343462891539772,570.0434782608696,1377.304347826087
4123,82.0,16.735252054677115,12.142534918722127,15.620499351813308,12.142534918722127,765.8048780487804,1379.6707317073171
4124,873.0,48.40366747906718,34.10331660271312,55.78530272392541,34.10331660271312,328.39862542955325,1398.8419243986255
4125,69.0,19.619302460193648,5.628005273202188,19.1049731745428,5.628005273202188,431.9710144927536,1377.695652173913
4126,25.0,9.613152273666058,3.6137658146743656,9.486832980505138,3.6137658146743656,540.64,1376.72
4127,111.0,13.333411144476496,10.982445482744119,13.92838827718412,10.982445482744119,620.6216216216217,1380.0
4128,27.0,8.704519055119412,4.26242277136945,8.54400374531753,4.26242277136945,666.074074074074,1378.7777777777778
4129,226.0,33.22597720598813,11.378892200414093,30.528675044947494,11.378892200414093,691.70796460177,1384.353982300885
4130,19.0,6.150039219685437,3.8740214928519525,6.324555320336759,3.8740214928519525,64.42105263157895,1377.3157894736842
4131,19.0,5.212526051472712,4.66479582459468,5.385164807134504,4.66479582459468,220.3684210526316,1377.7368421052631
4132,8.0,4.100618600451318,2.4869513653533066,4.123105625617661,2.4869513653533066,264.25,1377.0
4133,14.0,8.0,2.0,7.0710678118654755,2.0,283.5,1379.0
4134,33.0,10.305629590341422,4.928661386478624,10.44030650891055,4.928661386478624,472.4848484848485,1377.8181818181818
4135,15.0,9.784647587992422,2.5251192317095894,9.055385138137417,2.5251192317095894,559.0,1376.5333333333333
4136,111.0,23.70165833589004,6.777559462305484,24.08318915758459,6.777559462305484,611.5675675675676,1389.8918918918919
4137,57.0,12.63095109079152,8.037836295141798,12.529964086141668,8.037836295141798,637.4736842105264,1382.3157894736842
4138,8.0,3.4641016151377544,2.7386127875258306,3.605551275463989,2.7386127875258306,646.125,1376.875
4139,505.0,50.00766209559125,25.60591558968283,49.25444142409901,25.60591558968283,666.8673267326733,1402.1623762376237
4140,15.0,5.3091786913457835,3.6330824777352,5.385164807134504,3.6330824777352,2221.8,1377.8
4141,20.0,7.731010827707836,3.198667157092813,7.280109889280518,3.198667157092813,289.05,1379.85
4142,37.0,9.045112531421744,5.127772167523188,9.219544457292887,5.127772167523188,2777.0,1381.0
4143,6.0,3.9999999999999996,1.632993161855452,4.123105625617661,1.632993161855452,449.5,1379.5
4144,6.0,3.265986323710904,2.0,3.1622776601683795,2.0,274.0,1379.5
4145,14.0,8.0,2.0,7.0710678118654755,2.0,363.0,1379.5
4146,9.0,3.885753375057407,2.7954428906961324,4.123105625617661,2.7954428906961324,373.8888888888889,1380.3333333333333
4147,173.0,26.32076766324901,11.267506666242795,25.238858928247925,11.267506666242795,478.6936416184971,1387.8612716763005
4148,14.0,8.0,2.0,7.0710678118654755,2.0,2291.0,1379.5
4149,54.0,18.248900496494265,6.746710091694289,16.76305461424021,6.746710091694289,11.907407407407407,1383.5925925925926
4150,9.0,3.885753375057407,2.7954428906961324,4.123105625617661,2.7954428906961324,213.88888888888889,1382.3333333333333
4151,54.0,10.43926482940898,9.464021512139164,11.180339887498949,9.464021512139164,226.62962962962962,1384.8333333333333
4152,12.0,4.464216783173839,3.409739589526534,4.47213595499958,3.409739589526534,264.3333333333333,1382.5
4153,44.0,11.93442103809172,5.511761228584348,11.180339887498949,5.511761228584348,384.6136363636364,1385.4318181818182
4154,6.0,3.265986323710904,2.0,3.1622776601683795,2.0,190.5,1383.0
4155,24.0,6.081140986576509,4.932066489508719,6.324555320336759,4.932066489508719,419.875,1385.3333333333333
4156,35.0,9.905620421567932,4.915065384843394,9.486832980505138,4.915065384843394,462.8,1387.6571428571428
4157,7.0,4.155374705678736,1.9054711331003737,4.123105625617661,1.9054711331003737,553.2857142857143,1383.4285714285713
4158,6.0,3.265986323710904,2.0,3.1622776601683795,2.0,363.5,1385.0
4159,754.0,44.43528173286078,33.859917640351874,43.9089968002003,33.859917640351874,376.2228116710875,1406.814323607427
4160,33.0,17.60717128726724,3.2292863934148586,15.297058540778355,3.2292863934148586,398.54545454545456,1386.090909090909
4161,26.0,12.358897414000603,2.715878845875769,11.180339887498949,2.715878845875769,513.1923076923077,1389.3846153846155
4162,45.0,11.651590095484213,4.965008806069236,11.704699910719626,4.965008806069236,596.8444444444444,1388.5111111111112
4163,29.0,8.835788373646082,4.120387761178128,9.055385138137417,4.120387761178128,744.3793103448276,1387.8620689655172
4164,28.0,8.437327153167212,4.149659477081632,8.246211251235321,4.149659477081632,2862.5,1387.2857142857142
4165,13.0,7.550607542829164,2.4579626059078166,8.0,2.4579626059078166,1697.076923076923,1388.2307692307693
4166,71.0,23.973875768592848,4.750756372113897,23.08679276123039,4.750756372113897,2225.8169014084506,1396.8309859154929
4167,28.0,9.560069766821412,3.981201327826925,9.433981132056603,3.981201327826925,210.53571428571428,1389.2142857142858
4168,6.0,3.8297084310253524,1.8856180831641272,4.0,1.8856180831641272,295.3333333333333,1387.5
4169,14.0,5.876837803440551,2.8844272029633373,5.830951894845301,2.8844272029633373,31.0,1388.5
4170,33.0,8.806013591263568,5.380007691184379,8.94427190999916,5.380007691184379,561.0909090909091,1389.1818181818182
4171,12.0,4.268749491621899,3.8297084310253524,4.47213595499958,3.8297084310253524,576.5,1389.8333333333333
4172,33.0,9.86955487195466,4.638102717956287,9.848857801796104,4.638102717956287,23.363636363636363,1392.6363636363637
4173,20.0,9.068893962167577,2.8557244795253776,8.246211251235321,2.8557244795253776,539.1,1389.8
4174,8.0,3.4641016151377544,2.7386127875258306,3.605551275463989,2.7386127875258306,582.125,1390.125
4175,518.0,49.11024791452978,28.16562189989707,54.45181356024793,28.16562189989707,772.449806949807,1414.561776061776
4176,6.0,3.8297084310253524,1.8856180831641272,4.0,1.8856180831641272,2314.5,1389.6666666666667
4177,30.0,8.266696071958435,5.415980720513882,8.06225774829855,5.415980720513882,2867.1666666666665,1392.6333333333334
4178,63.0,19.19725240445313,5.228142781148617,17.804493814764857,5.228142781148617,2878.6507936507937,1395.8412698412699
4179,40.0,11.375817740329065,5.6657542074126805,10.770329614269007,5.6657542074126805,447.2,1394.375
4180,304.0,28.168661244152215,16.83318637695768,30.463092423455635,16.83318637695768,748.2565789473684,1401.0855263157894
4181,7.0,4.155374705678736,1.9054711331003737,4.123105625617661,1.9054711331003737,432.57142857142856,1392.7142857142858
4182,24.0,5.734883511361751,5.5377492419453835,6.324555320336759,5.5377492419453835,523.5,1393.3333333333333
4183,103.0,18.58937488411183,10.942839063515999,18.681541692269406,10.942839063515999,708.3592233009708,1395.514563106796
4184,20.0,9.068893962167577,2.8557244795253776,8.246211251235321,2.8557244795253776,219.9,1393.2
4185,46.0,10.689199379182043,5.717514926482635,10.44030650891055,5.717514926482635,231.7608695652174,1394.3260869565217
4186,16.0,5.283965253668215,3.931248045853505,5.830951894845301,3.931248045853505,246.6875,1393.5625
4187,5.0,3.098386676965933,1.7888543819998317,3.1622776601683795,1.7888543819998317,264.8,1392.4
4188,10.0,4.09878030638384,2.9933259094191533,4.123105625617661,2.9933259094191533,406.8,1393.5
4189,217.0,26.662457112542782,18.62612611801021,29.274562336608895,18.62612611801021,491.84331797235023,1405.0
4190,99.0,23.921601198740895,9.174955590463087,24.515301344262525,9.174955590463087,543.5353535353536,1405.8989898989898
4191,43.0,10.605719281127572,5.807350229759444,11.045361017187261,5.807350229759444,2270.279069767442,1396.6046511627908
4192,6.0,3.126943839882286,2.309401076758503,3.1622776601683795,2.309401076758503,84.83333333333333,1394.1666666666667
4193,5.0,3.098386676965933,1.7888543819998317,3.1622776601683795,1.7888543819998317,454.2,1393.4
4194,17.0,9.261451458356774,2.4304686346783333,8.246211251235321,2.4304686346783333,603.7058823529412,1396.6470588235295
4195,50.0,17.402591250902077,8.637651171124386,16.278820596099706,8.637651171124386,632.18,1401.42
4196,40.0,10.693684910903391,6.97101879400114,12.165525060596439,6.97101879400114,655.575,1400.6
4197,29.0,11.298460619358549,4.101269546084616,10.44030650891055,4.101269546084616,822.8965517241379,1397.551724137931
4198,6.0,3.265986323710904,2.0,3.1622776601683795,2.0,2286.5,1394.0
4199,12.0,6.831300510639732,2.0,6.082762530298219,2.0,2891.5,1395.5
4200,34.0,7.697568665230733,5.929227702013799,8.602325267042627,5.929227702013799,205.08823529411765,1397.9411764705883
4201,23.0,6.89753839674296,4.227973498813158,6.708203932499369,4.227973498813158,2278.6521739130435,1397.695652173913
4202,7.0,4.155374705678736,1.9054711331003737,4.123105625617661,1.9054711331003737,0.42857142857142855,1397.7142857142858
4203,14.0,4.20883424647321,4.120630029101703,4.47213595499958,4.120630029101703,399.7142857142857,1397.5
4204,8.0,3.4641016151377544,2.7386127875258306,3.605551275463989,2.7386127875258306,456.875,1397.125
4205,11.0,4.346129984141888,3.067356324605907,4.47213595499958,3.067356324605907,462.09090909090907,1397.6363636363637
4206,27.0,10.327955589886445,3.265986323710904,9.219544457292887,3.265986323710904,579.0,1397.0
4207,8.0,3.4641016151377544,3.3166247903554,4.123105625617661,3.3166247903554,646.5,1397.25
4208,6.0,3.265986323710904,2.0,3.1622776601683795,2.0,6.5,1398.0
4209,8.0,3.4641016151377544,2.7386127875258306,3.605551275463989,2.7386127875258306,381.875,1397.875
4210,7.0,3.7032803990902057,2.138089935299395,3.605551275463989,2.138089935299395,641.0,1398.0
4211,8.0,5.321869122843981,1.7826129808008924,5.0990195135927845,1.7826129808008924,2305.375,1398.625
4212,49.0,12.54526642504199,5.756466514672295,12.36931687685298,5.756466514672295,254.89795918367346,1402.0204081632653
4213,31.0,9.366396859588491,4.308119295772773,8.94427190999916,4.308119295772773,1691.741935483871,1401.0
4214,28.0,8.246211251235321,4.20883424647321,8.06225774829855,4.20883424647321,267.5,1403.5
4215,20.0,8.438009243891594,2.9933259094191533,8.06225774829855,2.9933259094191533,509.8,1403.5
4216,12.0,4.47213595499958,3.265986323710904,4.47213595499958,3.265986323710904,531.5,1401.0
4217,1257.0,73.20465705829727,50.68908616775865,78.91767862779544,50.68908616775865,575.4550517104217,1432.8528241845663
4218,212.0,31.67563655759393,17.55050914378067,32.7566787083184,17.55050914378067,615.4811320754717,1409.301886792453
4219,8.0,3.4641016151377544,2.7386127875258306,3.605551275463989,2.7386127875258306,2206.125,1400.875
4220,13.0,7.554371880072024,1.9753176197160076,7.0710678118654755,1.9753176197160076,2867.4615384615386,1403.2307692307693
4221,21.0,8.226004473807071,3.123601555590147,8.06225774829855,3.123601555590147,2894.9523809523807,1403.3333333333333
4222,10.0,4.09878030638384,2.9933259094191533,4.123105625617661,2.9933259094191533,9.2,1402.5
4223,22.0,5.752469825293227,4.851514205136848,6.082762530298219,4.851514205136848,301.27272727272725,1403.5
4224,6.0,3.265986323710904,2.0,3.1622776601683795,2.0,201.5,1403.0
4225,16.0,4.47213595499958,4.47213595499958,5.0,4.47213595499958,475.5,1403.5
4226,20.0,6.0,4.09878030638384,6.082762530298219,4.09878030638384,699.5,1403.5
4227,32.0,14.51354141079739,4.096216634538427,13.0,4.096216634538427,208.03125,1405.9375
4228,10.0,4.09878030638384,2.9933259094191533,4.123105625617661,2.9933259094191533,760.2,1405.5
4229,31.0,9.490308884528071,5.401526918518661,8.94427190999916,5.401526918518661,438.741935483871,1408.3548387096773
4230,7.0,3.0237157840738176,2.799416848895061,3.1622776601683795,2.799416848895061,2264.714285714286,1406.0
4231,6.0,3.265986323710904,2.0,3.1622776601683795,2.0,2859.5,1406.0
4232,5.0,3.098386676965933,1.7888543819998317,3.1622776601683795,1.7888543819998317,14.2,1406.4
4233,70.0,12.642484629826562,8.023704087424852,12.529964086141668,8.023704087424852,689.4714285714285,1410.5142857142857
4234,13.0,4.8357641986159114,3.440104580768907,5.0,3.440104580768907,1634.7692307692307,1407.7692307692307
4235,38.0,12.666584110819343,5.071322488610202,12.083045973594572,5.071322488610202,222.1578947368421,1409.6052631578948
4236,7.0,4.634736211286691,1.826347935745029,4.47213595499958,1.826347935745029,449.7142857142857,1407.7142857142858
4237,89.0,25.66124487227517,9.01788507824669,23.706539182259394,9.01788507824669,252.65168539325842,1415.741573033708
4238,53.0,18.097043761062896,7.671710479263157,16.1245154965971,7.671710479263157,303.9622641509434,1413.3396226415093
4239,44.0,9.036772220057419,6.373204812206786,9.848857801796104,6.373204812206786,418.27272727272725,1410.6818181818182
4240,29.0,8.70031644226904,4.227209198676714,8.246211251235321,4.227209198676714,470.3448275862069,1411.4137931034484
4241,7.0,3.648665604076859,2.5058084612197167,4.0,2.5058084612197167,701.1428571428571,1409.4285714285713
4242,6.0,3.265986323710904,2.0,3.1622776601683795,2.0,731.5,1409.0
4243,28.0,8.0,4.47213595499958,7.615773105863909,4.47213595499958,2276.5,1411.0
4244,5.0,3.098386676965933,1.7888543819998317,3.1622776601683795,1.7888543819998317,39.4,1409.8
4245,11.0,4.899296620841422,2.9199003820073255,5.0990195135927845,2.9199003820073255,407.27272727272725,1411.2727272727273
4246,5.0,4.34169545110285,1.2765894445250698,4.123105625617661,1.2765894445250698,534.4,1410.4
4247,38.0,15.12644552219773,5.9012706169481035,14.422205101855956,5.9012706169481035,2294.7631578947367,1413.421052631579
4248,5.0,3.098386676965933,1.7888543819998317,3.1622776601683795,1.7888543819998317,2888.8,1409.4
4249,5.0,5.656854249492381,0.0,5.0,0.0,592.0,1412.0
4250,33.0,9.074466876223621,5.986613582712741,9.486832980505138,5.986613582712741,643.1515151515151,1414.121212121212
4251,53.0,13.454750553522075,6.763824689031338,13.341664064126334,6.763824689031338,723.3396226415094,1414.1132075471698
4252,6.0,3.265986323710904,2.0,3.1622776601683795,2.0,2366.5,1412.0
4253,8.0,3.4641016151377544,2.8284271247461903,4.0,2.8284271247461903,480.0,1413.5
4254,38.0,12.666829064072157,3.9673425756476295,11.40175425099138,3.9673425756476295,523.7368421052631,1416.6052631578948
4255,13.0,5.9902404675985315,2.967054039428554,6.082762530298219,2.967054039428554,1651.5384615384614,1414.3846153846155
4256,42.0,8.365049032652113,6.4750429680964725,8.94427190999916,6.4750429680964725,275.3333333333333,1415.547619047619
4257,13.0,4.902858095711432,3.5364333998453485,5.0990195135927845,3.5364333998453485,736.0769230769231,1414.3076923076924
4258,18.0,6.060143424630315,3.733808824722635,6.082762530298219,3.733808824722635,748.5,1414.5
4259,15.0,5.449948352687234,3.8303258720864757,5.830951894845301,3.8303258720864757,2893.0,1415.6
4260,7.0,3.648665604076859,2.5058084612197167,4.0,2.5058084612197167,49.142857142857146,1415.5714285714287
4261,205.0,24.421374947402835,15.442380577400709,26.40075756488817,15.442380577400709,409.7268292682927,1424.4243902439025
4262,42.0,13.599093243357535,4.999663563439356,12.649110640673518,4.999663563439356,464.2142857142857,1422.0
4263,6.0,3.265986323710904,2.0,3.1622776601683795,2.0,518.5,1417.0
4264,18.0,6.160376433314475,3.721858586199385,6.082762530298219,3.721858586199385,701.6111111111111,1417.3333333333333
4265,7.0,4.155374705678736,1.9054711331003737,4.123105625617661,1.9054711331003737,2268.714285714286,1416.5714285714287
4266,6.0,3.265986323710904,2.0,3.1622776601683795,2.0,2321.5,1417.0
4267,75.0,23.67435126427437,8.43949070304965,21.18962010041709,8.43949070304965,534.7066666666667,1425.6266666666668
4268,14.0,8.0,2.0,7.0710678118654755,2.0,635.5,1420.0
4269,5.0,3.098386676965933,1.7888543819998317,3.1622776601683795,1.7888543819998317,694.2,1417.4
4270,5.0,3.098386676965933,1.7888543819998317,3.1622776601683795,1.7888543819998317,2448.8,1417.4
4271,63.0,10.52574642794639,8.076435992763532,11.180339887498949,8.076435992763532,2932.0,1422.1746031746031
4272,19.0,7.464984161413929,3.4891673044079483,7.0710678118654755,3.4891673044079483,220.0,1419.578947368421
4273,6.0,3.265986323710904,2.0,3.1622776601683795,2.0,6.0,1419.5
4274,25.0,7.627202390912948,4.374675266582861,8.246211251235321,4.374675266582861,309.04,1420.92
4275,22.0,6.107778821811488,4.658680320288245,6.324555320336759,4.658680320288245,443.6818181818182,1421.2727272727273
4276,8.0,4.47213595499958,2.0,4.123105625617661,2.0,824.5,1419.5
4277,18.0,6.296770355455049,3.6521688640655907,6.324555320336759,3.6521688640655907,2283.6666666666665,1421.7222222222222
4278,8.0,4.47213595499958,2.0,4.123105625617661,2.0,2311.5,1419.5
4279,40.0,13.022989777212869,4.716114636287919,12.165525060596439,4.716114636287919,2335.1,1421.5
4280,172.0,26.092866132952228,13.665698078657712,25.80697580112788,13.665698078657712,284.72093023255815,1427.9883720930231
4281,1456.0,61.13538961284899,38.16886844960299,67.20119046564577,38.16886844960299,670.9862637362637,1443.3626373626373
4282,18.0,6.0,3.7712361663282534,6.082762530298219,3.7712361663282534,747.5,1421.3333333333333
4283,10.0,6.177114706305808,2.1733048348403665,5.830951894845301,2.1733048348403665,232.4,1422.6
4284,8.0,3.4641016151377544,2.7386127875258306,3.605551275463989,2.7386127875258306,422.125,1422.125
4285,5.0,3.098386676965933,1.7888543819998317,3.1622776601683795,1.7888543819998317,688.8,1421.6
4286,113.0,25.554964179007992,8.400078390673427,24.698178070456937,8.400078390673427,719.6814159292036,1428.7699115044247
4287,9.0,4.277662731533559,2.643019518000728,4.123105625617661,2.643019518000728,2321.3333333333335,1422.5555555555557
4288,44.0,10.002329513030455,7.423639882574341,10.770329614269007,7.423639882574341,2889.6136363636365,1424.25
4289,35.0,10.923838630632952,5.704881062672398,10.44030650891055,5.704881062672398,505.8857142857143,1425.7428571428572
4290,28.0,7.898679849383052,4.835945289292648,8.06225774829855,4.835945289292648,2874.8214285714284,1425.0
4291,179.0,26.688907946361425,13.298645303933704,26.570660511172846,13.298645303933704,370.54748603351953,1435.5977653631285
4292,27.0,6.012333003763859,5.739665371203117,6.324555320336759,5.739665371203117,394.4074074074074,1425.1851851851852
4293,16.0,7.547998191815775,2.7207946075265954,7.0710678118654755,2.7207946075265954,354.9375,1425.3125
4294,621.0,61.76967506402847,30.390475868926018,69.58448102845921,30.390475868926018,437.6972624798712,1444.780998389694
4295,9.0,4.277662731533559,2.643019518000728,4.123105625617661,2.643019518000728,592.4444444444445,1424.6666666666667
4296,41.0,12.713344811479349,5.659242065312853,11.661903789690601,5.659242065312853,2918.390243902439,1426.2926829268292
4297,37.0,8.806416086156068,5.373282381191675,8.54400374531753,5.373282381191675,2990.162162162162,1427.4324324324325
4298,1024.0,161.82302219155525,14.402394952526658,139.47401191619892,14.402394952526658,91.34375,1453.9814453125
4299,9.0,3.885753375057407,2.7954428906961324,4.123105625617661,2.7954428906961324,240.33333333333334,1425.888888888889
4300,12.0,6.831300510639732,2.0,6.082762530298219,2.0,275.5,1427.5
4301,14.0,4.20883424647321,4.120630029101703,4.47213595499958,4.120630029101703,342.5,1426.7142857142858
4302,9.0,3.885753375057407,2.7954428906961324,4.123105625617661,2.7954428906961324,598.1111111111111,1426.6666666666667
4303,29.0,16.763448813333344,1.9952038942279928,15.033296378372908,1.9952038942279928,627.4827586206897,1431.7586206896551
4304,45.0,17.281975195754296,3.265986323710904,15.132745950421556,3.265986323710904,641.0,1432.0
4305,20.0,5.138093031466052,5.075431016179809,6.082762530298219,5.075431016179809,2950.3,1427.5
4306,26.0,6.35545666921016,5.22725041079467,6.708203932499369,5.22725041079467,472.88461538461536,1428.8461538461538
4307,23.0,6.55930549942844,4.370386146586112,6.708203932499369,4.370386146586112,524.3913043478261,1428.0869565217392
4308,33.0,12.21393360714938,5.5393069368474315,13.0,5.5393069368474315,752.0,1428.969696969697
4309,12.0,4.47213595499958,3.265986323710904,4.47213595499958,3.265986323710904,1811.0,1427.5
4310,6.0,3.265986323710904,2.0,3.1622776601683795,2.0,49.0,1427.5
4311,67.0,13.084938624174944,9.412658932923282,12.649110640673518,9.412658932923282,2214.402985074627,1432.1791044776119
4312,5.0,3.098386676965933,1.7888543819998317,3.1622776601683795,1.7888543819998317,382.6,1430.2
4313,5.0,3.098386676965933,1.7888543819998317,3.1622776601683795,1.7888543819998317,2272.8,1429.6
4314,446.0,40.17744890306204,23.066675961178877,41.23105625617661,23.066675961178877,2312.7331838565024,1444.8923766816145
4315,8.0,3.4641016151377544,2.7386127875258306,3.605551275463989,2.7386127875258306,2401.875,1429.875
4316,22.0,6.402478858785094,4.30644337539164,6.324555320336759,4.30644337539164,547.5,1432.7272727272727
4317,201.0,23.444085814646655,14.984243701554897,23.769728648009426,14.984243701554897,391.0348258706468,1441.7611940298507
4318,520.0,41.053611272218745,25.48914019306541,46.8187996428785,25.48914019306541,761.5519230769231,1453.251923076923
4319,170.0,33.063783204218204,11.323653692957166,34.48187929913333,11.323653692957166,790.0588235294117,1445.2117647058824
4320,109.0,27.797232868455097,9.344782235707303,22.80350850198276,9.344782235707303,2252.669724770642,1443.2201834862385
4321,19.0,9.545203578604939,2.9646864338910666,8.246211251235321,2.9646864338910666,72.15789473684211,1435.6842105263158
4322,28.0,10.433776584777576,3.5676522971894378,9.486832980505138,3.5676522971894378,346.89285714285717,1433.1785714285713
4323,20.0,5.138093031466052,5.075431016179807,6.082762530298219,5.075431016179807,2891.5,1433.7
4324,10.0,4.541385054734407,2.774134420794161,4.47213595499958,2.774134420794161,334.7,1433.8
4325,14.0,8.0,2.0,7.0710678118654755,2.0,403.5,1436.0
4326,12.0,6.831300510639732,2.0,6.082762530298219,2.0,499.5,1435.5
4327,12.0,6.831300510639732,2.0,6.082762530298219,2.0,2379.5,1435.5
4328,77.0,22.585272715286898,5.534379446086369,21.213203435596427,5.534379446086369,359.0779220779221,1443.5844155844156
4329,6.0,6.831300510639732,0.0,6.0,0.0,515.5,1434.0
4330,16.0,4.47213595499958,4.47213595499958,5.0,4.47213595499958,555.5,1435.5
4331,9.0,3.885753375057407,2.7954428906961324,4.123105625617661,2.7954428906961324,2950.1111111111113,1435.3333333333333
4332,47.0,14.030529578628762,4.716768656695804,13.341664064126334,4.716768656695804,257.9574468085106,1440.468085106383
4333,70.0,19.881070618164195,8.724079417784626,18.973665961010276,8.724079417784626,272.9714285714286,1445.2857142857142
4334,82.0,18.139642113505435,8.143881565719283,18.027756377319946,8.143881565719283,529.3780487804878,1441.9878048780488
4335,28.0,9.877653771787168,3.9671247035703767,9.219544457292887,3.9671247035703767,2916.6428571428573,1438.0714285714287
4336,7.0,4.155374705678736,1.9054711331003737,4.123105625617661,1.9054711331003737,52.714285714285715,1437.5714285714287
4337,40.0,12.514152292479512,4.675039294019864,12.083045973594572,4.675039294019864,321.125,1442.425
4338,25.0,6.671157336529032,5.012749723582345,7.280109889280518,5.012749723582345,2245.68,1439.16
4339,21.0,8.0,3.265986323710904,7.280109889280518,3.265986323710904,2932.0,1438.0
4340,5.0,3.098386676965933,1.7888543819998317,3.1622776601683795,1.7888543819998317,250.2,1438.6
4341,45.0,9.631025525969164,6.130425168797767,10.198039027185569,6.130425168797767,2207.777777777778,1441.0666666666666
4342,20.0,6.841232333325343,3.7785632403684724,7.0710678118654755,3.7785632403684724,824.85,1442.1
4343,120.0,21.431834749506358,9.969665844331473,22.847319317591726,9.969665844331473,291.60833333333335,1450.2083333333333
4344,65.0,22.35765924321047,6.669025533528288,19.6468827043885,6.669025533528288,480.2923076923077,1450.4307692307693
4345,59.0,23.39146385416139,6.337578397387204,21.95449840010015,6.337578397387204,543.728813559322,1449.7118644067796
4346,6.0,3.265986323710904,2.0,3.1622776601683795,2.0,721.5,1441.0
4347,21.0,8.226004473807071,3.123601555590147,8.06225774829855,3.123601555590147,2263.9523809523807,1443.6666666666667
4348,22.0,8.591750800516843,3.1701083225750346,8.06225774829855,3.1701083225750346,2271.090909090909,1443.5
4349,14.0,8.0,2.0,7.0710678118654755,2.0,2987.5,1443.0
4350,22.0,11.670404753368155,2.6285149626910838,10.04987562112089,2.6285149626910838,2992.5,1444.8181818181818
4351,7.0,3.7032803990902057,2.138089935299395,3.605551275463989,2.138089935299395,103.0,1442.0
4352,5.0,2.5298221281347035,2.5298221281347035,3.0,2.5298221281347035,162.0,1442.0
4353,24.0,11.430952132988164,3.0550504633038935,10.04987562112089,3.0550504633038935,339.5,1446.0
4354,12.0,6.831300510639732,2.0,6.082762530298219,2.0,467.5,1443.5
4355,13.0,5.26795257129722,3.520040843638398,5.385164807134504,3.520040843638398,623.9230769230769,1443.1538461538462
4356,71.0,10.958147684181428,8.632592746933375,11.661903789690601,8.632592746933375,702.3380281690141,1444.5352112676057
4357,12.0,4.47213595499958,3.265986323710904,4.47213595499958,3.265986323710904,2278.0,1443.5
4358,201.0,27.038190327621063,17.34682403220726,28.0178514522438,17.34682403220726,609.2288557213931,1452.0796019900497
4359,15.0,5.982593621313813,3.0484451785557387,6.082762530298219,3.0484451785557387,633.6666666666666,1444.0666666666666
4360,25.0,6.991546284970336,4.521402497579429,7.280109889280518,4.521402497579429,1769.16,1446.04
4361,12.0,7.141921394560869,1.9130147570210732,7.0710678118654755,1.9130147570210732,10.0,1444.5
4362,27.0,7.968808989351647,5.055942560049024,8.602325267042627,5.055942560049024,310.0,1447.6296296296296
4363,16.0,6.602897716712576,3.025184579927621,6.324555320336759,3.025184579927621,715.25,1445.875
4364,6.0,3.8297084310253524,1.8856180831641272,4.0,1.8856180831641272,2417.5,1445.3333333333333
4365,54.0,13.334663551924205,5.921542274523861,13.601470508735444,5.921542274523861,154.4814814814815,1450.9814814814815
4366,55.0,13.963036351542517,7.717034670776402,13.892443989449804,7.717034670776402,517.4363636363636,1450.2181818181818
4367,5.0,3.098386676965933,1.7888543819998317,3.1622776601683795,1.7888543819998317,2851.8,1446.6
4368,67.0,10.5515912290377,8.212215746788814,11.180339887498949,8.212215746788814,490.7761194029851,1451.9850746268658
4369,7.0,4.155374705678736,1.9054711331003737,4.123105625617661,1.9054711331003737,622.4285714285714,1448.7142857142858
4370,6.0,3.8297084310253524,1.8856180831641265,3.605551275463989,1.8856180831641265,1813.0,1447.8333333333333
4371,104.0,20.905409491706035,7.762712926049301,18.867962264113206,7.762712926049301,2919.326923076923,1453.3461538461538
4372,29.0,9.820991502146358,4.624801810751313,9.486832980505138,4.624801810751313,352.3448275862069,1451.4137931034484
4373,29.0,8.348928896206258,4.992553297302024,9.219544457292887,4.992553297302024,731.7586206896551,1452.6896551724137
4374,23.0,8.879990161010365,3.210955619125894,8.246211251235321,3.210955619125894,2937.0434782608695,1451.6521739130435
4375,19.0,6.184665930529205,3.9665207460867227,6.324555320336759,3.9665207460867227,246.68421052631578,1453.0
4376,34.0,8.559364497341392,5.941780326644083,8.94427190999916,5.941780326644083,713.3529411764706,1453.1764705882354
4377,20.0,6.0,4.09878030638384,6.082762530298219,4.09878030638384,723.5,1451.5
4378,25.0,7.234802587121292,4.840829631931191,7.615773105863909,4.840829631931191,742.36,1452.88
4379,37.0,9.185198073970197,5.081396960574271,9.433981132056603,5.081396960574271,2294.675675675676,1452.6216216216217
4380,18.0,5.962847939999439,3.8297084310253524,6.082762530298219,3.8297084310253524,2906.3333333333335,1451.5
4381,10.0,4.7504310473449705,2.6520567234546397,5.0990195135927845,2.6520567234546397,236.9,1452.2
4382,67.0,16.47522867988708,7.028575866193871,15.524174696260024,7.028575866193871,262.9850746268657,1456.1492537313434
4383,13.0,4.3616645597524775,3.7565911332956423,4.47213595499958,3.7565911332956423,416.15384615384613,1452.4615384615386
4384,7.0,4.155374705678736,1.9054711331003737,4.123105625617661,1.9054711331003737,638.4285714285714,1452.2857142857142
4385,10.0,4.381780460041329,2.6832815729997477,4.47213595499958,2.6832815729997477,335.0,1454.5
4386,87.0,13.485850477752603,9.241149661420609,14.7648230602334,9.241149661420609,346.17241379310343,1458.7816091954023
4387,8.0,3.4641016151377544,2.7386127875258306,3.605551275463989,2.7386127875258306,388.125,1454.125
4388,20.0,7.435483427369799,3.4458070464419612,7.280109889280518,3.4458070464419612,2409.7,1455.75
4389,15.0,4.618802153517006,4.026578365477733,5.0,4.026578365477733,2987.6,1454.4
4390,23.0,6.351993867043365,4.7500870552165795,6.708203932499369,4.7500870552165795,2301.6521739130435,1457.3478260869565
4391,21.0,8.027467223405639,3.6333859323167474,7.615773105863909,3.6333859323167474,379.3809523809524,1459.047619047619
4392,5.0,3.098386676965933,1.7888543819998317,3.1622776601683795,1.7888543819998317,624.8,1456.4
4393,24.0,11.643551884492815,3.309905933844885,10.295630140987,3.309905933844885,721.5416666666666,1460.4166666666667
4394,44.0,16.153131586231066,3.6716887988485913,15.132745950421556,3.6716887988485913,2280.090909090909,1457.4772727272727
4395,5.0,3.098386676965933,1.7888543819998317,3.1622776601683795,1.7888543819998317,224.8,1457.4
4396,13.0,5.571304993630558,2.8888018368456154,6.0,2.8888018368456154,393.38461538461536,1458.076923076923
4397,18.0,7.822469367052589,2.9303158156249354,7.280109889280518,2.9303158156249354,425.1666666666667,1460.3333333333333
4398,12.0,6.831300510639732,2.0,6.082762530298219,2.0,2331.5,1459.5
4399,77.0,15.566440715584964,8.687834515309273,14.560219778561036,8.687834515309273,367.02597402597405,1463.857142857143
4400,5.0,5.656854249492381,0.0,5.0,0.0,706.0,1460.0
4401,10.0,3.9191835884530852,3.0983866769659336,4.123105625617661,3.0983866769659336,734.0,1459.2
4402,16.0,4.69041575982343,4.415880433163924,5.0990195135927845,4.415880433163924,299.875,1461.375
4403,17.0,5.8708134405647785,3.7162300998566384,5.830951894845301,3.7162300998566384,417.7647058823529,1461.4705882352941
4404,5.0,3.098386676965933,1.7888543819998317,3.1622776601683795,1.7888543819998317,2345.2,1459.4
4405,17.0,5.300439353437239,4.092631588351591,5.385164807134504,4.092631588351591,2912.5882352941176,1461.2941176470588
4406,56.0,13.363321079937293,5.389257712718457,13.416407864998739,5.389257712718457,50.30357142857143,1463.1964285714287
4407,12.0,3.8297084310253524,3.8297084310253524,4.123105625617661,3.8297084310253524,251.5,1461.5
4408,5.0,3.098386676965933,1.7888543819998317,3.1622776601683795,1.7888543819998317,328.2,1460.4
4409,14.0,5.957108448150149,2.8895663395837934,6.082762530298219,2.8895663395837934,230.0,1463.7857142857142
4410,35.0,8.141603913585717,5.7564161186116705,8.06225774829855,5.7564161186116705,322.51428571428573,1464.5142857142857
4411,17.0,6.724839557731556,3.1139923165740715,6.708203932499369,3.1139923165740715,397.47058823529414,1463.4117647058824
4412,22.0,7.274528253781123,3.8320418147593496,7.280109889280518,3.8320418147593496,739.2272727272727,1464.6363636363637
4413,27.0,7.1037824155415095,5.04301725082262,7.615773105863909,5.04301725082262,2347.777777777778,1465.148148148148
4414,15.0,7.262260789508211,2.697655649438851,6.708203932499369,2.697655649438851,175.06666666666666,1466.3333333333333
4415,59.0,13.600970585464177,6.237986755807343,13.341664064126334,6.237986755807343,337.35593220338984,1469.2881355932204
4416,13.0,5.055900530816918,3.1378581622109447,5.0990195135927845,3.1378581622109447,410.6923076923077,1465.0
4417,23.0,9.705138415906058,2.930074331323982,9.219544457292887,2.930074331323982,269.9130434782609,1469.2173913043478
4418,10.0,4.381780460041329,2.6832815729997477,4.47213595499958,2.6832815729997477,360.5,1466.0
4419,29.0,11.646938284152423,3.138757916238497,11.180339887498949,3.138757916238497,2292.4137931034484,1465.896551724138
4420,18.0,6.831300510639732,3.265986323710904,6.324555320336759,3.265986323710904,2926.0,1467.5
4421,33.0,16.507684845729877,3.3998211191116074,14.560219778561036,3.3998211191116074,2938.060606060606,1472.0
4422,18.0,5.893592836318375,3.98532902409751,5.830951894845301,3.98532902409751,2960.9444444444443,1467.0
4423,460.0,53.58854012378117,23.279706568431955,52.61178575186362,23.279706568431955,2982.0934782608697,1495.458695652174
4424,1003.0,59.947115631637296,38.41088094912732,65.27633568147036,38.41088094912732,379.80059820538384,1502.4486540378864
4425,171.0,32.8016123597083,8.985436046493376,32.984845004941285,8.985436046493376,174.29239766081872,1474.4795321637428
4426,19.0,5.078879192343082,4.855815829335072,5.385164807134504,4.855815829335072,213.1578947368421,1469.3157894736842
4427,12.0,5.04402536508653,3.000375403313416,5.0990195135927845,3.000375403313416,404.9166666666667,1469.4166666666667
4428,47.0,19.331715191227097,5.3785237714392995,16.1245154965971,5.3785237714392995,2390.9574468085107,1470.3617021276596
4429,11.0,4.51260859854213,2.9541957835039856,5.0,2.9541957835039856,305.0,1470.0
4430,6.0,4.363338213437162,1.65500979239906,4.123105625617661,1.65500979239906,716.3333333333334,1469.8333333333333
4431,5.0,3.098386676965933,1.7888543819998317,3.1622776601683795,1.7888543819998317,2879.6,1469.2
4432,5.0,5.656854249492381,0.0,5.0,0.0,204.0,1469.0
4433,614.0,60.656865478123834,22.309765715808467,60.728905802755904,22.309765715808467,238.80944625407167,1486.900651465798
4434,7.0,3.0237157840738176,2.799416848895061,3.1622776601683795,2.799416848895061,2302.285714285714,1470.0
4435,10.0,3.919183588453085,3.0983866769659336,4.123105625617661,3.0983866769659336,2792.8,1470.0
4436,32.0,11.155090928330765,4.741921697020382,10.295630140987,4.741921697020382,2319.0625,1473.53125
4437,12.0,8.443177675780207,1.9554697252368411,8.246211251235321,1.9554697252368411,390.6666666666667,1474.1666666666667
4438,10.0,4.09878030638384,2.9933259094191533,4.123105625617661,2.9933259094191533,2307.5,1472.2
4439,25.0,8.670621969795759,3.7018258544797997,8.54400374531753,3.7018258544797997,2947.08,1472.72
4440,5.0,3.098386676965933,1.7888543819998317,3.1622776601683795,1.7888543819998317,2887.8,1472.6
4441,18.0,7.097764472921567,3.0939225541184827,7.0710678118654755,3.0939225541184827,203.83333333333334,1473.9444444444443
4442,16.0,6.324555320336759,3.122498999199199,6.082762530298219,3.122498999199199,217.125,1475.5
4443,9.0,3.265986323710904,3.265986323710904,3.605551275463989,3.265986323710904,356.0,1474.0
4444,9.0,3.265986323710904,3.265986323710904,3.605551275463989,3.265986323710904,719.0,1474.0
4445,15.0,5.9825936213138124,3.0484451785557374,6.082762530298219,3.0484451785557374,2928.9333333333334,1475.3333333333333
4446,43.0,16.821696868222322,4.9023686762678835,17.11724276862369,4.9023686762678835,321.4186046511628,1477.4418604651162
4447,116.0,22.473320237763723,10.994910019528607,23.40939982143925,10.994910019528607,2307.25,1483.4224137931035
4448,10.0,3.9191835884530852,3.0983866769659336,4.123105625617661,3.0983866769659336,305.0,1477.8
4449,25.0,5.824087911424414,5.659116538824766,6.324555320336759,5.659116538824766,194.28,1479.8
4450,6.0,3.265986323710904,2.0,3.1622776601683795,2.0,2891.5,1478.0
4451,42.0,7.840796170724754,6.851215145449653,8.54400374531753,6.851215145449653,2389.2380952380954,1481.6904761904761
4452,14.0,5.449353665897314,3.1458514520977277,5.385164807134504,3.1458514520977277,2404.1428571428573,1479.0714285714287
4453,372.0,47.249001055764474,16.189590244605093,46.17358552246078,16.189590244605093,344.2903225806452,1491.4516129032259
4454,27.0,8.656742230166692,4.393743740418932,8.602325267042627,4.393743740418932,356.18518518518516,1482.037037037037
4455,5.0,4.093338188813542,1.563516060678838,4.0,1.563516060678838,2965.6,1479.8
4456,24.0,8.131405224390464,3.967538303263946,8.246211251235321,3.967538303263946,317.5833333333333,1484.2916666666667
4457,27.0,9.205382996671121,3.7975541749603408,8.94427190999916,3.7975541749603408,2916.222222222222,1483.5555555555557
4458,8.0,3.4641016151377544,2.7386127875258306,3.605551275463989,2.7386127875258306,2958.125,1480.875
4459,7.0,3.0237157840738176,2.799416848895061,3.1622776601683795,2.799416848895061,2976.714285714286,1481.0
4460,19.0,7.455128930368747,3.15086937833595,7.0710678118654755,3.15086937833595,2941.8947368421054,1484.0
4461,44.0,15.912631805120027,7.111488803452107,15.524174696260024,7.111488803452107,2949.75,1488.2045454545455
4462,6.0,3.126943839882286,2.309401076758503,3.1622776601683795,2.309401076758503,198.83333333333334,1483.8333333333333
4463,61.0,19.884752300171616,8.962762182459146,16.492422502470642,8.962762182459146,402.0983606557377,1490.377049180328
4464,44.0,9.63388433402604,6.766947496747082,10.44030650891055,6.766947496747082,2321.5454545454545,1485.75
4465,9.0,3.885753375057407,2.7954428906961324,4.123105625617661,2.7954428906961324,2974.1111111111113,1485.3333333333333
4466,12.0,6.987604906103036,2.4621670465453134,6.324555320336759,2.4621670465453134,2382.25,1487.0833333333333
4467,20.0,9.038790042986562,4.017496055854559,9.219544457292887,4.017496055854559,2967.35,1486.75
4468,15.0,5.258554520990449,3.5691337129452037,5.385164807134504,3.5691337129452037,187.06666666666666,1487.7333333333333
4469,5.0,3.098386676965933,1.7888543819998317,3.1622776601683795,1.7888543819998317,2418.2,1488.6
4470,12.0,6.831300510639732,2.0,6.082762530298219,2.0,2923.5,1491.5
4471,172.0,24.121297685721846,12.182992321464786,22.561028345356956,12.182992321464786,178.4127906976744,1499.546511627907
4472,12.0,4.47213595499958,3.265986323710904,4.47213595499958,3.265986323710904,398.0,1491.5
4473,427.0,78.07524937533795,10.948306478202603,65.0,10.948306478202603,295.39578454332553,1504.4355971896955
4474,47.0,8.888050663783034,7.363259116933561,10.04987562112089,7.363259116933561,2318.574468085106,1495.2978723404256
4475,53.0,16.45413352143755,5.485328681979082,14.866068747318506,5.485328681979082,2372.245283018868,1496.6037735849056
4476,20.0,5.138093031466052,4.9396356140913875,5.385164807134504,4.9396356140913875,2941.25,1493.25
4477,36.0,7.286564794854163,6.26905377379928,7.615773105863909,6.26905377379928,159.05555555555554,1494.6666666666667
4478,21.0,5.520524474738834,4.856209060564557,5.830951894845301,4.856209060564557,411.6190476190476,1494.0
4479,5.0,3.098386676965933,1.7888543819998317,3.1622776601683795,1.7888543819998317,430.2,1492.6
4480,6.0,6.831300510639732,0.0,6.0,0.0,859.5,1493.0
4481,46.0,8.293300186133123,7.723481981143186,8.94427190999916,7.723481981143186,2283.5,1495.695652173913
4482,11.0,4.533315962095487,3.011458300982113,4.47213595499958,3.011458300982113,2416.181818181818,1494.5454545454545
4483,20.0,6.387898306507106,4.0490437421351295,6.324555320336759,4.0490437421351295,2966.55,1496.85
4484,20.0,6.052571743000828,4.191225989591581,6.324555320336759,4.191225989591581,306.4,1498.05
4485,15.0,6.822412295180274,2.7643004795498793,7.0710678118654755,2.7643004795498793,852.2,1496.8
4486,25.0,7.374269390775276,4.220444402225297,7.280109889280518,4.220444402225297,2350.56,1499.12
4487,14.0,8.0,2.0,7.0710678118654755,2.0,2363.5,1500.0
4488,14.0,4.20883424647321,4.120630029101703,4.47213595499958,4.120630029101703,2301.714285714286,1499.5
4489,13.0,5.327693424801688,2.9221156196156555,5.385164807134504,2.9221156196156555,419.0,1504.0
4490,6.0,3.1269438398822857,2.309401076758503,3.1622776601683795,2.309401076758503,2306.1666666666665,1502.8333333333333
4491,29.0,9.297948391378462,4.27780808791901,9.848857801796104,4.27780808791901,342.58620689655174,1506.3793103448277
4492,52.0,12.655018548023904,6.112232103643967,12.36931687685298,6.112232103643967,2340.5384615384614,1507.5192307692307
4493,6.0,3.265986323710904,2.0,3.1622776601683795,2.0,2353.5,1505.0
4494,16.0,9.16515138991168,2.0,8.06225774829855,2.0,2379.5,1507.5
4495,23.0,5.809055249126376,5.083207461395222,6.324555320336759,5.083207461395222,2402.5652173913045,1506.0
4496,8.0,4.0,2.8284271247461903,4.123105625617661,2.8284271247461903,2954.0,1505.0
4497,78.0,19.35181766840474,7.58300027899583,17.0,7.58300027899583,423.0128205128205,1513.0128205128206
4498,36.0,17.848796345901768,3.372104133397173,15.524174696260024,3.372104133397173,2393.9166666666665,1512.8055555555557
4499,61.0,16.520873010331748,6.222452200383655,14.560219778561036,6.222452200383655,2369.6065573770493,1512.1967213114754
4500,11.0,4.533315962095487,3.0114583009821128,4.47213595499958,3.0114583009821128,2998.5454545454545,1507.8181818181818
4501,10.0,4.09878030638384,2.9933259094191533,4.123105625617661,2.9933259094191533,2312.5,1507.8
4502,20.0,5.556341125566584,4.574611819197062,6.082762530298219,4.574611819197062,162.7,1510.85
4503,6.0,3.265986323710904,2.0,3.1622776601683795,2.0,347.5,1510.0
4504,14.0,6.771094492852683,2.561336103319165,6.708203932499369,2.561336103319165,412.5,1511.2142857142858
4505,5.0,3.098386676965933,1.7888543819998317,3.1622776601683795,1.7888543819998317,2358.4,1509.8
4506,72.0,31.789374791809212,4.981183951206926,26.476404589747453,4.981183951206926,2413.2083333333335,1519.1527777777778
4507,67.0,16.791128536274094,6.397718550900403,16.55294535724685,6.397718550900403,2314.2388059701493,1513.8208955223881
4508,27.0,8.971897572960454,3.9487777141167646,9.219544457292887,3.9487777141167646,233.2962962962963,1513.4074074074074
4509,216.0,30.850583552277858,10.750796664184932,30.870698080866262,10.750796664184932,351.81944444444446,1519.8657407407406
4510,18.0,5.258737584977436,4.268749491621899,5.385164807134504,4.268749491621899,826.5,1514.2222222222222
4511,10.0,3.9191835884530852,3.0983866769659336,4.123105625617661,3.0983866769659336,2446.0,1513.2
4512,28.0,8.184957764070077,4.43390658729734,8.54400374531753,4.43390658729734,2334.535714285714,1516.607142857143
4513,6.0,3.265986323710904,2.0,3.1622776601683795,2.0,71.0,1514.5
4514,91.0,17.084483991077715,13.930395607915285,17.88854381999832,13.930395607915285,2357.912087912088,1520.923076923077
4515,69.0,12.138721737755924,7.5967674617022265,13.152946437965905,7.5967674617022265,266.5072463768116,1520.1159420289855
4516,7.0,3.0237157840738176,2.799416848895061,3.1622776601683795,2.799416848895061,409.0,1518.2857142857142
4517,8.0,4.47213595499958,2.345207879911715,4.47213595499958,2.345207879911715,2375.875,1518.375
4518,40.0,9.10165659740118,6.3999880611594575,9.219544457292887,6.3999880611594575,2381.75,1521.5
4519,9.0,3.885753375057407,2.7954428906961324,4.123105625617661,2.7954428906961324,2318.1111111111113,1519.3333333333333
4520,30.0,11.320574740232535,3.7789076604707645,11.180339887498949,3.7789076604707645,2344.9333333333334,1520.4
4521,16.0,6.324555320336759,3.122498999199199,6.082762530298219,3.122498999199199,395.5,1521.125
4522,24.0,5.964572350907737,5.0942766364386545,6.324555320336759,5.0942766364386545,426.3333333333333,1522.0416666666667
4523,12.0,6.831300510639732,2.0,6.082762530298219,2.0,2987.5,1523.5
4524,15.0,5.603215293755567,3.522559128853361,6.082762530298219,3.522559128853361,453.3333333333333,1523.5333333333333
4525,9.0,3.885753375057407,2.7954428906961324,4.123105625617661,2.7954428906961324,2312.8888888888887,1523.6666666666667
4526,5.0,3.098386676965933,1.7888543819998317,3.1622776601683795,1.7888543819998317,65.8,1523.6
4527,11.0,4.972652484064489,2.7453943400984544,5.0990195135927845,2.7453943400984544,2425.0,1525.2727272727273
4528,48.0,16.466345163640426,4.821655923097842,15.524174696260024,4.821655923097842,400.2083333333333,1529.875
4529,6.0,3.265986323710904,2.0,3.1622776601683795,2.0,653.5,1525.0
4530,111.0,21.34770785327762,13.86594141578627,21.93171219946131,13.86594141578627,3003.963963963964,1533.5405405405406
4531,8.0,5.632180985491135,1.8106731750020786,5.0,1.8106731750020786,468.5,1527.75
4532,60.0,9.247863951118797,8.230924823657942,9.848857801796104,8.230924823657942,312.3833333333333,1530.9166666666667
4533,21.0,8.0,3.265986323710904,7.280109889280518,3.265986323710904,2390.0,1531.0
4534,13.0,12.721927037502011,1.3229533584257391,11.0,1.3229533584257391,2405.846153846154,1533.5384615384614
4535,107.0,24.89527140318603,12.545305482206166,24.331050121192877,12.545305482206166,2381.6355140186915,1541.4485981308412
4536,7.0,8.0,0.0,7.0,0.0,2491.0,1532.0
4537,172.0,28.737034772336916,10.101675031531201,28.231188426986208,10.101675031531201,416.75581395348837,1537.343023255814
4538,96.0,23.756807156661754,7.523312091911115,20.615528128088304,7.523312091911115,452.6041666666667,1534.2291666666667
4539,52.0,13.54065884237354,5.3493041749251224,12.36931687685298,5.3493041749251224,2368.826923076923,1536.826923076923
4540,6.0,3.8297084310253524,1.8856180831641272,3.605551275463989,1.8856180831641272,476.1666666666667,1534.0
4541,97.0,13.60589803649268,9.459186084978624,13.416407864998739,9.459186084978624,2358.5154639175257,1539.1237113402062
4542,18.0,6.831300510639732,3.265986323710904,6.324555320336759,3.265986323710904,433.0,1539.5
4543,83.0,12.762357714718862,8.47739997489692,13.601470508735444,8.47739997489692,387.2168674698795,1543.1686746987953
4544,12.0,4.418071998329192,3.3718731747306854,4.47213595499958,3.3718731747306854,305.4166666666667,1540.25
4545,8.0,3.4641016151377544,2.7386127875258306,3.605551275463989,2.7386127875258306,457.125,1539.875
4546,5.0,4.093338188813542,1.563516060678838,4.0,1.563516060678838,501.6,1539.2
4547,277.0,51.3814040660492,16.592010844717823,42.42640687119285,16.592010844717823,453.913357400722,1550.1046931407943
4548,41.0,8.109040843796697,6.5456458198736085,8.54400374531753,6.5456458198736085,583.7073170731708,1545.1707317073171
4549,88.0,20.66587839706635,6.862882486833035,21.213203435596427,6.862882486833035,2400.3522727272725,1551.715909090909
4550,6.0,3.1269438398822857,2.309401076758503,3.1622776601683795,2.309401076758503,2550.1666666666665,1541.8333333333333
4551,126.0,14.817475897308585,10.851199495063149,15.264337522473747,10.851199495063149,2686.1428571428573,1546.7619047619048
4552,8.0,3.4641016151377544,2.7386127875258306,3.605551275463989,2.7386127875258306,3014.125,1542.125
4553,15.0,5.44427222102846,3.5295435627168024,6.0,3.5295435627168024,3081.4666666666667,1542.1333333333334
4554,37.0,12.160056300420097,4.3728793566441695,11.661903789690601,4.3728793566441695,480.97297297297297,1546.4594594594594
4555,31.0,8.726984530486662,4.524645323365484,8.54400374531753,4.524645323365484,252.5483870967742,1545.4193548387098
4556,12.0,3.8297084310253524,3.8297084310253524,4.123105625617661,3.8297084310253524,2444.5,1544.5
4557,5.0,3.098386676965933,1.7888543819998317,3.1622776601683795,1.7888543819998317,448.6,1545.2
4558,46.0,12.957976978251683,5.800731728474498,13.038404810405298,5.800731728474498,3023.1739130434785,1547.2608695652175
4559,9.0,3.885753375057407,2.7954428906961324,4.123105625617661,2.7954428906961324,3072.1111111111113,1545.6666666666667
4560,28.0,11.711537465208076,4.569541172542181,10.770329614269007,4.569541172542181,524.5714285714286,1550.2857142857142
4561,12.0,6.831300510639732,2.0,6.082762530298219,2.0,2451.5,1547.5
4562,25.0,8.912606421341849,3.981035892610872,8.54400374531753,3.981035892610872,457.48,1549.12
4563,6.0,3.265986323710904,2.0,3.1622776601683795,2.0,2376.0,1547.5
4564,31.0,8.136106462726719,4.930465985297061,8.06225774829855,4.930465985297061,3005.064516129032,1550.1290322580646
4565,7.0,8.0,0.0,7.0,0.0,532.0,1548.0
4566,17.0,5.53852270840427,3.894303103036182,6.082762530298219,3.894303103036182,2444.470588235294,1551.1764705882354
4567,6.0,3.8297084310253524,1.8856180831641272,4.0,1.8856180831641272,2890.5,1549.6666666666667
4568,28.0,9.70109846875502,4.464247397495978,9.433981132056603,4.464247397495978,3076.0714285714284,1552.2857142857142
4569,286.0,35.82995694529827,14.495206165084895,36.138621999185304,14.495206165084895,494.66083916083915,1560.688811188811
4570,11.0,5.055959348388901,2.6889893077494644,5.0990195135927845,2.6889893077494644,2967.818181818182,1554.090909090909
4571,33.0,9.937518495484824,4.168247169047625,10.04987562112089,4.168247169047625,2979.6363636363635,1553.3939393939395
4572,30.0,6.970003378694652,5.998995064998304,7.615773105863909,5.998995064998304,536.1,1555.7333333333333
4573,24.0,7.301708518712256,4.132062632227852,7.280109889280518,4.132062632227852,3038.625,1555.7916666666667
4574,25.0,7.7440657528585,4.23743384790891,7.615773105863909,4.23743384790891,574.6,1557.36
4575,6.0,3.8297084310253524,1.8856180831641272,4.0,1.8856180831641272,2921.5,1554.6666666666667
4576,17.0,6.004160578317275,3.6211442262862485,6.082762530298219,3.6211442262862485,2419.5882352941176,1557.5882352941176
4577,8.0,4.47213595499958,2.0,4.123105625617661,2.0,3000.5,1555.5
4578,27.0,11.089789864434488,3.5941334603193718,10.44030650891055,3.5941334603193718,524.1111111111111,1559.4444444444443
4579,48.0,16.95329453187562,5.174292658468041,14.317821063276353,5.174292658468041,2434.625,1565.1875
4580,26.0,10.03079444075773,3.2195358994696512,9.219544457292887,3.2195358994696512,3005.9615384615386,1562.8461538461538
4581,157.0,31.120332146945856,15.311521560261658,28.0178514522438,15.311521560261658,562.0,1575.1464968152866
4582,16.0,9.597568933577463,1.9395026592476672,9.055385138137417,1.9395026592476672,2984.5625,1564.4375
4583,12.0,6.831300510639732,2.0,6.082762530298219,2.0,3011.5,1563.5
4584,47.0,12.349468306271438,5.323181760927078,12.649110640673518,5.323181760927078,555.7659574468086,1564.936170212766
4585,10.0,5.656854249492381,2.0,5.0990195135927845,2.0,587.5,1564.0
4586,10.0,4.09878030638384,2.9933259094191533,4.123105625617661,2.9933259094191533,974.2,1563.5
4587,90.0,19.914055171722705,11.066277846819878,17.4928556845359,11.066277846819878,540.8222222222222,1570.2
4588,7.0,3.5820700954176696,2.4713456540351717,3.605551275463989,2.4713456540351717,2486.285714285714,1565.142857142857
4589,8.0,3.4641016151377544,2.7386127875258306,3.605551275463989,2.7386127875258306,3025.875,1565.125
4590,61.0,13.4439971790052,8.151325360274319,14.142135623730951,8.151325360274319,523.327868852459,1569.8688524590164
4591,15.0,7.645017947041714,2.5867892003771553,7.280109889280518,2.5867892003771553,2480.133333333333,1567.6666666666667
4592,135.0,25.655916115433957,11.295824086944405,26.0,11.295824086944405,2401.748148148148,1580.5777777777778
4593,22.0,6.711484251073143,4.17160162759254,6.708203932499369,4.17160162759254,2971.6363636363635,1568.6818181818182
4594,22.0,9.90917274341581,3.2610951875308576,8.602325267042627,3.2610951875308576,511.8181818181818,1569.7272727272727
4595,17.0,5.856145233774685,3.8126123364338604,6.324555320336759,3.8126123364338604,613.0,1568.6470588235295
4596,15.0,4.994771490645755,4.036917413160296,5.385164807134504,4.036917413160296,505.1333333333333,1570.0666666666666
4597,16.0,7.267137657458658,2.761559390552063,7.0710678118654755,2.761559390552063,2441.1875,1571.0
4598,16.0,6.324555320336759,3.122498999199199,6.082762530298219,3.122498999199199,2451.5,1569.125
4599,35.0,11.145948924203994,4.765144078539485,10.44030650891055,4.765144078539485,2464.3142857142857,1571.6571428571428
4600,72.0,15.941787038097221,8.741919378890268,16.401219466856727,8.741919378890268,2488.4305555555557,1576.2083333333333
4601,102.0,17.226979533717245,8.347975352428664,17.0,8.347975352428664,3077.627450980392,1576.3235294117646
4602,6.0,6.831300510639732,0.0,6.0,0.0,2411.5,1570.0
4603,57.0,13.827258440516244,6.170594594861736,15.264337522473747,6.170594594861736,488.94736842105266,1575.701754385965
4604,17.0,6.141861269568327,3.5733583120567944,6.324555320336759,3.5733583120567944,3008.705882352941,1573.5882352941176
4605,72.0,14.380697492827954,6.696082058070511,14.422205101855956,6.696082058070511,593.5555555555555,1579.361111111111
4606,8.0,3.4641016151377544,2.8284271247461903,4.0,2.8284271247461903,2435.5,1575.0
4607,12.0,5.033222956847167,2.9059326290271157,5.0,2.9059326290271157,2409.3333333333335,1576.3333333333333
4608,8.0,3.4641016151377544,2.7386127875258306,3.605551275463989,2.7386127875258306,278.125,1576.875
4609,19.0,6.007929625764467,3.9363446638591837,6.082762530298219,3.9363446638591837,454.42105263157896,1577.421052631579
4610,16.0,6.324555320336759,3.122498999199199,6.082762530298219,3.122498999199199,579.5,1577.125
4611,7.0,4.155374705678736,1.9054711331003737,4.123105625617661,1.9054711331003737,622.4285714285714,1577.2857142857142
4612,9.0,5.971098560847527,1.8593259767334247,6.0,1.8593259767334247,520.3333333333334,1577.6666666666667
4613,7.0,4.155374705678736,1.9054711331003737,4.123105625617661,1.9054711331003737,663.2857142857143,1577.5714285714287
4614,11.0,4.346129984141888,3.067356324605907,4.47213595499958,3.067356324605907,616.0909090909091,1581.6363636363637
4615,69.0,11.935094259246405,7.6405864814088265,12.649110640673518,7.6405864814088265,2413.31884057971,1587.1159420289855
4616,19.0,7.359592672223153,3.2745720776548892,7.280109889280518,3.2745720776548892,2475.684210526316,1581.9473684210527
4617,23.0,8.879990161010365,3.210955619125892,8.246211251235321,3.210955619125892,2987.6521739130435,1581.9565217391305
4618,48.0,9.872138461349381,6.259374656372246,10.295630140987,6.259374656372246,652.1666666666666,1585.625
4619,5.0,3.098386676965933,1.7888543819998317,3.1622776601683795,1.7888543819998317,2501.6,1584.8
4620,6.0,3.265986323710904,2.0,3.1622776601683795,2.0,2533.5,1585.0
4621,13.0,5.203549084703927,3.076923076923077,5.0990195135927845,3.076923076923077,2544.0,1585.1538461538462
4622,5.0,3.098386676965933,1.7888543819998317,3.1622776601683795,1.7888543819998317,624.8,1585.4
4623,37.0,12.554030672741805,4.0117207466660965,11.180339887498949,4.0117207466660965,2485.324324324324,1589.8918918918919
4624,18.0,5.741271865845618,4.015497119353468,6.082762530298219,4.015497119353468,2495.0555555555557,1589.611111111111
4625,74.0,11.34582554556438,8.68050300329019,11.704699910719626,8.68050300329019,544.581081081081,1593.3108108108108
4626,20.0,7.731010827707835,3.198667157092813,7.280109889280518,3.198667157092813,603.85,1589.95
4627,40.0,10.892226032489896,6.082714201501612,11.180339887498949,6.082714201501612,630.0,1593.85
4628,6.0,4.320493798938573,1.8856180831641272,4.123105625617661,1.8856180831641272,2438.1666666666665,1590.5
4629,12.0,6.831300510639732,2.0,6.082762530298219,2.0,2955.5,1589.5
4630,21.0,7.2083583852462025,3.7024996462138318,7.280109889280518,3.7024996462138318,592.952380952381,1592.8095238095239
4631,22.0,6.8335595840787136,4.0631361017192,7.280109889280518,4.0631361017192,618.4545454545455,1593.5454545454545
4632,217.0,30.444476164554995,18.372610658621472,31.240998703626616,18.372610658621472,643.8571428571429,1603.331797235023
4633,296.0,37.267493185689695,15.542899464095909,37.8549864614954,15.542899464095909,688.1216216216217,1608.5337837837837
4634,12.0,6.831300510639732,2.0,6.082762530298219,2.0,659.5,1595.5
4635,17.0,6.585670706008097,3.1796084995103278,6.324555320336759,3.1796084995103278,2389.9411764705883,1595.6470588235295
4636,16.0,6.324555320336759,3.122498999199199,6.082762530298219,3.122498999199199,3045.875,1595.5
4637,70.0,11.122966753871905,8.711358898447843,12.206555615733702,8.711358898447843,581.5285714285715,1597.7285714285715
4638,20.0,6.0,4.09878030638384,6.082762530298219,4.09878030638384,611.5,1595.5
4639,14.0,4.20883424647321,4.120630029101703,4.47213595499958,4.120630029101703,2464.285714285714,1595.5
4640,27.0,12.553186870046394,3.246261343698824,10.816653826391969,3.246261343698824,569.7407407407408,1598.4074074074074
4641,8.0,3.4641016151377544,2.8284271247461903,4.0,2.8284271247461903,759.0,1596.5
4642,6.0,3.265986323710904,2.0,3.1622776601683795,2.0,2409.0,1595.5
4643,7.0,3.0237157840738176,2.799416848895061,3.1622776601683795,2.799416848895061,665.2857142857143,1598.0
4644,14.0,6.340874197065645,2.9756577267526985,5.830951894845301,2.9756577267526985,2529.6428571428573,1598.857142857143
4645,5.0,3.098386676965933,1.7888543819998317,3.1622776601683795,1.7888543819998317,3014.6,1598.2
4646,9.0,4.618802153517006,2.351778943168525,4.47213595499958,2.351778943168525,707.4444444444445,1599.111111111111
4647,11.0,4.346129984141888,3.067356324605907,4.47213595499958,3.067356324605907,600.6363636363636,1600.090909090909
4648,7.0,3.582070095417669,2.4713456540351713,3.605551275463989,2.4713456540351713,2413.714285714286,1599.857142857143
4649,93.0,18.78503719967422,11.364250753536648,19.313207915827967,11.364250753536648,2488.021505376344,1606.258064516129
4650,50.0,12.070023579688948,6.96810812098612,11.661903789690601,6.96810812098612,623.3,1603.9
4651,8.0,5.321869122843981,1.7826129808008924,5.0990195135927845,1.7826129808008924,2567.625,1601.375
4652,5.0,5.656854249492381,0.0,5.0,0.0,2597.0,1603.0
4653,11.0,4.346129984141888,3.067356324605906,4.47213595499958,3.067356324605906,614.9090909090909,1604.3636363636363
4654,41.0,12.36221122058573,4.723302090390675,12.206555615733702,4.723302090390675,666.170731707317,1607.9756097560976
4655,5.0,3.098386676965933,1.7888543819998317,3.1622776601683795,1.7888543819998317,712.4,1604.2
4656,55.0,12.54684676469366,6.360683073055773,11.661903789690601,6.360683073055773,2528.672727272727,1609.6727272727273
4657,8.0,3.4641016151377544,2.7386127875258306,3.605551275463989,2.7386127875258306,709.875,1608.875
4658,13.0,7.331151382799274,2.5430763169750885,7.0710678118654755,2.5430763169750885,719.1538461538462,1610.4615384615386
4659,6.0,3.265986323710904,2.0,3.1622776601683795,2.0,2521.0,1608.5
4660,6.0,3.265986323710904,2.0,3.1622776601683795,2.0,2554.5,1609.0
4661,72.0,15.90678817082033,6.073522070064783,14.7648230602334,6.073522070064783,524.9166666666666,1615.611111111111
4662,21.0,5.8118652580542305,4.7922840477749045,6.324555320336759,4.7922840477749045,2505.190476190476,1617.5238095238096
4663,130.0,15.876471734144735,10.455162664444398,16.492422502470642,10.455162664444398,2728.353846153846,1619.676923076923
4664,14.0,5.302790716312392,3.3507237120510704,5.385164807134504,3.3507237120510704,654.3571428571429,1617.642857142857
4665,21.0,7.923026704643176,3.562372867236225,7.615773105863909,3.562372867236225,736.9047619047619,1619.5238095238096
4666,18.0,5.258737584977436,4.268749491621899,5.385164807134504,4.268749491621899,2933.222222222222,1619.5
4667,12.0,6.831300510639732,2.0,6.082762530298219,2.0,667.5,1619.5
4668,26.0,6.468860320501119,5.5746679790749045,6.708203932499369,5.5746679790749045,755.5,1621.0
4669,6.0,3.265986323710904,2.0,3.1622776601683795,2.0,2489.0,1619.5
4670,116.0,23.783373322825547,9.423786535871548,23.08679276123039,9.423786535871548,2501.2155172413795,1627.1810344827586
4671,17.0,5.181899763382574,4.0412010400023215,5.385164807134504,4.0412010400023215,750.1176470588235,1625.5882352941176
4672,14.0,6.078082465112322,2.8204383934004986,6.324555320336759,2.8204383934004986,2519.9285714285716,1626.2142857142858
4673,9.0,4.25044367047193,2.612014068307059,4.47213595499958,2.612014068307059,2536.0,1625.3333333333333
4674,26.0,9.417873182174182,3.7101486743825824,8.54400374531753,3.7101486743825824,717.8461538461538,1628.7307692307693
4675,6.0,6.831300510639732,0.0,6.0,0.0,3006.0,1627.5
4676,38.0,14.649744396771709,3.306997981047472,14.317821063276353,3.306997981047472,2526.3684210526317,1632.6315789473683
4677,21.0,6.089510662505806,4.87828642920159,6.4031242374328485,4.87828642920159,695.5238095238095,1629.6666666666667
4678,38.0,11.69224755557728,4.958603229848489,10.816653826391969,4.958603229848489,720.1842105263158,1635.7368421052631
4679,14.0,5.0090172473361845,3.8080943988539078,5.385164807134504,3.8080943988539078,757.5714285714286,1632.357142857143
4680,21.0,5.453041275270223,4.9538858324681865,6.082762530298219,4.9538858324681865,732.6190476190476,1633.7142857142858
4681,35.0,13.554161016756801,3.390837707163243,12.165525060596439,3.390837707163243,2534.285714285714,1637.3428571428572
4682,8.0,3.4641016151377544,2.8284271247461903,4.0,2.8284271247461903,2538.5,1633.0
4683,54.0,9.052419064374726,7.595857827375354,9.486832980505138,7.595857827375354,220.87037037037038,1636.4259259259259
4684,93.0,17.258007134336612,7.957745751294714,16.76305461424021,7.957745751294714,2498.978494623656,1641.752688172043
4685,14.0,8.49372773570204,1.921802238952664,8.06225774829855,1.921802238952664,2605.5714285714284,1636.0714285714287
4686,9568.0,628.4383929024466,32.42063437017961,631.8259253940123,32.42063437017961,1043.6016931438128,1727.4960284280937
4687,83.0,16.479799999472302,7.576877931502483,16.15549442140351,7.576877931502483,763.843373493976,1639.7469879518073
4688,9.0,3.265986323710904,3.265986323710904,3.605551275463989,3.265986323710904,1162.0,1638.0
4689,8.0,4.47213595499958,2.0,4.123105625617661,2.0,1194.5,1637.5
4690,15.0,6.9188523336021515,2.857453051471471,6.708203932499369,2.857453051471471,3081.6,1639.0666666666666
4691,32.0,13.278055899234745,3.3735339833470417,13.152946437965905,3.3735339833470417,1207.9375,1639.625
4692,92.0,22.227152014127302,8.674813547821003,22.02271554554524,8.674813547821003,2553.0652173913045,1644.3152173913043
4693,10.0,4.09878030638384,2.9933259094191533,4.123105625617661,2.9933259094191533,2571.5,1639.2
4694,67.0,24.920417629918102,4.341842930287406,23.021728866442675,4.341842930287406,1231.8805970149253,1641.5671641791046
4695,64.0,21.542040743208684,8.569514243405928,20.0,8.569514243405928,2511.484375,1644.5
4696,22.0,6.107778821811489,4.658680320288245,6.324555320336759,4.658680320288245,2565.2727272727275,1643.3181818181818
4697,6.0,3.8297084310253524,1.8856180831641272,4.0,1.8856180831641272,3037.6666666666665,1642.5
4698,10.0,4.09878030638384,2.9933259094191533,4.123105625617661,2.9933259094191533,2528.2,1645.5
4699,14.0,7.367883976130073,2.79941684889506,6.324555320336759,2.79941684889506,2579.5,1645.7142857142858
4700,34.0,10.803049678351996,4.104179657061745,10.44030650891055,4.104179657061745,3100.294117647059,1650.0882352941176
4701,173.0,30.093061971138766,12.864322162015416,32.69556544854363,12.864322162015416,2538.71676300578,1664.2947976878613
4702,26.0,6.827008347900357,5.150538971045173,7.280109889280518,5.150538971045173,2542.9615384615386,1652.6538461538462
4703,45.0,18.734234378981913,3.380308702578821,16.278820596099706,3.380308702578821,2518.3333333333335,1654.5111111111112
4704,12.0,4.894994431930091,2.9693109114997,5.0990195135927845,2.9693109114997,2626.1666666666665,1653.9166666666667
4705,49.0,10.249531165547973,6.21347346450633,10.770329614269007,6.21347346450633,3119.714285714286,1661.204081632653
4706,16.0,4.47213595499958,4.47213595499958,5.0,4.47213595499958,2568.5,1659.5
4707,6.0,3.265986323710904,2.0,3.1622776601683795,2.0,2518.0,1659.5
4708,6.0,3.265986323710904,2.0,3.1622776601683795,2.0,2625.0,1659.5
4709,8.0,3.4641016151377544,2.7386127875258306,3.605551275463989,2.7386127875258306,2739.875,1661.875
4710,30.0,12.537415044425181,3.37373871138682,11.180339887498949,3.37373871138682,2554.9,1666.2333333333333
4711,13.0,7.169065302941228,2.5583844676926577,7.0710678118654755,2.5583844676926577,3083.769230769231,1665.3076923076924
4712,214.0,23.156620280265855,15.018530086402283,25.079872407968907,15.018530086402283,2568.196261682243,1675.5420560747664
4713,12.0,3.8297084310253524,3.8297084310253524,4.123105625617661,3.8297084310253524,3136.5,1665.5
4714,74.0,12.03377418916163,7.960124949386665,12.649110640673518,7.960124949386665,18.72972972972973,1668.6756756756756
4715,65.0,16.128484006045966,6.8526195136797,14.7648230602334,6.8526195136797,2601.630769230769,1675.8
4716,41.0,21.18737890788838,3.5511602948196344,18.439088914585774,3.5511602948196344,3124.512195121951,1676.878048780488
4717,9.0,4.708788181923399,2.504347879633133,5.0,2.504347879633133,904.0,1671.0
4718,13.0,4.296689244236598,3.9041777047536987,4.47213595499958,3.9041777047536987,3132.769230769231,1672.6153846153845
4719,98.0,24.453012433306288,6.407204179843755,22.20360331117452,6.407204179843755,3141.469387755102,1683.3979591836735
4720,19.0,5.212526051472712,4.66479582459468,5.385164807134504,4.66479582459468,3115.3684210526317,1677.2631578947369
4721,10.0,4.0,3.149603149604724,4.123105625617661,3.149603149604724,1071.7,1677.7
4722,16.0,5.8172725893661745,3.4690545716389303,6.082762530298219,3.4690545716389303,2659.3125,1677.1875
4723,5.0,3.098386676965933,1.7888543819998317,3.1622776601683795,1.7888543819998317,2480.8,1677.6
4724,14.0,7.51257987837603,2.5010040227956454,7.280109889280518,2.5010040227956454,880.5714285714286,1679.4285714285713
4725,18.0,5.3272578009432285,4.506848382959079,6.082762530298219,4.506848382959079,2617.5,1681.388888888889
4726,11.0,3.8138503569823694,3.6725472503134826,4.123105625617661,3.6725472503134826,159.8181818181818,1681.1818181818182
4727,24.0,7.347625760313578,4.0805985560044,7.280109889280518,4.0805985560044,1241.7916666666667,1681.5
4728,5.0,3.098386676965933,1.7888543819998317,3.1622776601683795,1.7888543819998317,2550.8,1680.6
4729,149.0,28.46555473397787,8.321412643562757,28.160255680657446,8.321412643562757,2588.6577181208054,1690.5302013422818
4730,5.0,3.098386676965933,1.7888543819998317,3.1622776601683795,1.7888543819998317,2650.6,1681.2
4731,8.0,3.4641016151377544,2.8284271247461903,4.0,2.8284271247461903,3.5,1682.0
4732,5.0,3.098386676965933,1.7888543819998317,3.1622776601683795,1.7888543819998317,889.8,1682.6
4733,20.0,6.360444492676915,4.116399622919997,6.708203932499369,4.116399622919997,1351.6,1683.95
4734,9.0,5.072840793547432,2.8011663993596163,5.0,2.8011663993596163,1344.888888888889,1685.0
4735,9.0,3.265986323710904,3.265986323710904,3.605551275463989,3.265986323710904,1361.0,1684.0
4736,43.0,16.185491814864427,4.717732985414201,14.142135623730951,4.717732985414201,3112.232558139535,1685.7441860465117
4737,8.0,3.4641016151377544,2.8284271247461903,4.0,2.8284271247461903,2597.5,1687.0
4738,7.0,3.7032803990902057,2.138089935299395,3.605551275463989,2.138089935299395,2605.0,1688.0
4739,21.0,5.47970557247616,5.012007494928868,6.082762530298219,5.012007494928868,2643.5238095238096,1689.5714285714287
4740,36.0,10.887057991530707,4.350719298288981,10.44030650891055,4.350719298288981,2630.8611111111113,1692.5277777777778
4741,14.0,8.0,2.0,7.0710678118654755,2.0,1323.5,1692.0
4742,15.0,4.974602161647368,3.7712361663282534,5.0990195135927845,3.7712361663282534,1412.6,1694.0666666666666
4743,15.0,5.148879227269528,3.609268690575713,5.385164807134504,3.609268690575713,805.4666666666667,1695.3333333333333
4744,51.0,12.253095217986509,5.285329356466848,12.165525060596439,5.285329356466848,2600.9607843137255,1698.7450980392157
4745,51.0,15.928714624797902,5.636155292411742,14.317821063276353,5.636155292411742,2665.705882352941,1697.8235294117646
4746,16.0,6.324555320336759,3.122498999199199,6.082762530298219,3.122498999199199,1355.5,1695.125
4747,9.0,3.265986323710904,3.265986323710904,3.605551275463989,3.265986323710904,465.0,1697.0
4748,10.0,6.343898075098334,1.8533637561913405,6.082762530298219,1.8533637561913405,1288.4,1699.9
4749,106.0,24.946996346654682,7.695325788901676,22.67156809750927,7.695325788901676,2615.5283018867926,1704.9905660377358
4750,1346.0,68.7846491305598,36.00209139442492,71.34423592694787,36.00209139442492,2972.2689450222883,1728.679791976226
4751,13.0,4.3616645597524775,3.7565911332956423,4.47213595499958,3.7565911332956423,1238.1538461538462,1699.4615384615386
4752,8.0,4.47213595499958,2.0,4.123105625617661,2.0,2638.5,1699.5
4753,10.0,4.09878030638384,2.9933259094191533,4.123105625617661,2.9933259094191533,3145.2,1699.5
4754,5.0,3.098386676965933,1.7888543819998317,3.1622776601683795,1.7888543819998317,940.8,1700.4
4755,9.0,3.885753375057407,2.7954428906961324,4.123105625617661,2.7954428906961324,1138.3333333333333,1701.888888888889
4756,106.0,33.002300929079446,9.158320439888657,29.68164415931166,9.158320439888657,3167.0471698113206,1708.933962264151
4757,8.0,5.632180985491135,1.8106731750020786,5.0,1.8106731750020786,3191.25,1702.5
4758,28.0,9.880571319834674,5.705960380430995,9.219544457292887,5.705960380430995,1421.4285714285713,1706.5357142857142
4759,49.0,12.134461492683121,5.24487338684389,12.36931687685298,5.24487338684389,954.8979591836735,1706.8367346938776
4760,80.0,15.018269070368701,7.847871949134164,15.297058540778355,7.847871949134164,2651.1,1709.6375
4761,8.0,4.47213595499958,2.0,4.123105625617661,2.0,3134.5,1704.5
4762,12.0,6.831300510639732,2.0,6.082762530298219,2.0,1403.5,1707.5
4763,16.0,5.301859257350197,3.7852065221398448,5.385164807134504,3.7852065221398448,1436.5,1709.1875
4764,66.0,25.58851374385055,7.463978585066342,21.540659228538015,7.463978585066342,2666.742424242424,1715.2424242424242
4765,5.0,3.098386676965933,1.7888543819998317,3.1622776601683795,1.7888543819998317,2679.4,1708.2
4766,13.0,6.145000277630614,2.7026025133778218,6.082762530298219,2.7026025133778218,2597.923076923077,1711.1538461538462
4767,11.0,3.8138503569823694,3.6725472503134826,4.123105625617661,3.6725472503134826,930.1818181818181,1711.1818181818182
4768,61.0,9.782300600029426,7.965877913583323,10.295630140987,7.965877913583323,2607.2622950819673,1714.8688524590164
4769,41.0,15.785743639328727,4.924178864708676,13.601470508735444,4.924178864708676,3193.829268292683,1716.6829268292684
4770,29.0,6.278954609436001,5.8188413370792755,6.708203932499369,5.8188413370792755,2674.2758620689656,1715.4137931034484
4771,14.0,5.449353665897314,3.145851452097728,5.385164807134504,3.145851452097728,1225.0714285714287,1716.857142857143
4772,8.0,3.4641016151377544,2.7386127875258306,3.605551275463989,2.7386127875258306,275.875,1718.125
4773,16.0,9.16515138991168,2.0,8.06225774829855,2.0,3155.5,1717.5
4774,367.0,27.91291373059003,17.235383758829897,28.600699292150182,17.235383758829897,2939.2643051771115,1730.0272479564032
4775,24.0,6.081140986576509,4.932066489508719,6.324555320336759,4.932066489508719,3209.875,1721.3333333333333
4776,19.0,6.275364142840501,3.8214113068520565,6.324555320336759,3.8214113068520565,1348.3684210526317,1721.7368421052631
4777,12.0,4.894994431930091,2.9693109114996994,5.0990195135927845,2.9693109114996994,283.1666666666667,1722.0833333333333
4778,12.0,6.831300510639732,2.0,6.082762530298219,2.0,1443.5,1723.5
4779,23.0,5.689629682178636,5.268458835666489,6.324555320336759,5.268458835666489,2619.8695652173915,1725.9130434782608
4780,34.0,8.258790011663173,5.335783750799325,8.246211251235321,5.335783750799325,1307.5,1728.1764705882354
4781,5.0,3.098386676965933,1.7888543819998317,3.1622776601683795,1.7888543819998317,3185.4,1726.2
4782,6.0,3.265986323710904,2.0,3.1622776601683795,2.0,1440.5,1729.0
4783,44.0,13.718964889629321,4.124699122722249,13.152946437965905,4.124699122722249,3194.8636363636365,1733.8636363636363
4784,6.0,6.831300510639732,0.0,6.0,0.0,1401.0,1731.5
4785,6.0,6.831300510639732,0.0,6.0,0.0,1417.0,1731.5
4786,26.0,9.481681137787485,4.328599780040067,9.219544457292887,4.328599780040067,3170.8076923076924,1732.5
4787,18.0,7.033691798782331,3.2597461729160666,7.280109889280518,3.2597461729160666,1023.7222222222222,1731.3333333333333
4788,6.0,3.126943839882286,2.309401076758503,3.1622776601683795,2.309401076758503,2717.8333333333335,1731.1666666666667
4789,6.0,3.265986323710904,2.0,3.1622776601683795,2.0,3161.5,1731.0
4790,6.0,3.126943839882286,2.309401076758503,3.1622776601683795,2.309401076758503,3103.8333333333335,1733.8333333333333
4791,9.0,3.885753375057407,2.7954428906961324,4.123105625617661,2.7954428906961324,1382.6666666666667,1736.111111111111
4792,15.0,5.44427222102846,3.5295435627168024,6.0,3.5295435627168024,2666.4666666666667,1736.8666666666666
4793,12.0,6.831300510639732,2.0,6.082762530298219,2.0,2683.5,1739.5
4794,19.0,7.347338259627431,3.178877656956105,7.0710678118654755,3.178877656956105,3147.0,1739.6842105263158
4795,5.0,3.098386676965933,1.7888543819998317,3.1622776601683795,1.7888543819998317,2713.4,1738.8
4796,10.0,4.09878030638384,2.9933259094191533,4.123105625617661,2.9933259094191533,405.2,1742.5
4797,8.0,3.4641016151377544,2.7386127875258306,3.605551275463989,2.7386127875258306,1430.125,1742.125
4798,8.0,3.4641016151377544,2.7386127875258306,3.605551275463989,2.7386127875258306,1443.875,1742.125
4799,51.0,17.29771713901703,4.018801526302888,16.278820596099706,4.018801526302888,3190.294117647059,1749.7843137254902
4800,26.0,8.170395171833453,4.298303382364933,8.246211251235321,4.298303382364933,2704.4615384615386,1748.1923076923076
4801,47.0,12.860665355013573,5.104195460417907,12.083045973594572,5.104195460417907,3175.8297872340427,1747.5106382978724
4802,6.0,4.363338213437162,1.65500979239906,4.123105625617661,1.65500979239906,1066.1666666666667,1745.6666666666667
4803,26.0,10.030794440757731,3.2195358994696512,9.219544457292887,3.2195358994696512,1433.0384615384614,1749.1538461538462
4804,15.0,4.618802153517007,4.061745656460751,5.0990195135927845,4.061745656460751,889.8666666666667,1747.5333333333333
4805,8.0,3.4641016151377544,2.7386127875258306,3.605551275463989,2.7386127875258306,2629.875,1746.875
4806,11.0,4.348458452036872,3.3525616208337774,4.47213595499958,3.3525616208337774,1388.7272727272727,1750.3636363636363
4807,5.0,3.098386676965933,1.7888543819998317,3.1622776601683795,1.7888543819998317,2672.4,1750.2
4808,11.0,4.346129984141888,3.067356324605906,4.47213595499958,3.067356324605906,3224.909090909091,1750.3636363636363
4809,10.0,3.9191835884530852,3.0983866769659336,4.123105625617661,3.0983866769659336,3145.0,1752.8
4810,50.0,10.736025287534199,6.111117821268562,11.704699910719626,6.111117821268562,2643.76,1756.38
4811,39.0,9.264018651910993,5.734004980630897,9.433981132056603,5.734004980630897,3207.871794871795,1754.3589743589744
4812,20.0,5.727128425310541,4.5431266766402185,6.082762530298219,4.5431266766402185,1405.9,1755.5
4813,19.0,5.078879192343082,4.855815829335072,5.385164807134504,4.855815829335072,1397.157894736842,1755.6842105263158
4814,154.0,26.988124319576613,11.492914746825566,28.284271247461902,11.492914746825566,1456.2597402597403,1767.4545454545455
4815,28.0,8.159719736108611,4.516477129898291,8.54400374531753,4.516477129898291,3155.964285714286,1757.75
4816,36.0,12.077739962443605,4.454688180143341,11.180339887498949,4.454688180143341,3233.0555555555557,1757.0277777777778
4817,13.0,6.499024406149337,2.6445133766053237,7.0,2.6445133766053237,2689.153846153846,1758.2307692307693
4818,5.0,3.098386676965933,1.7888543819998317,3.1622776601683795,1.7888543819998317,1095.2,1756.4
4819,51.0,16.934414288002355,4.562008952079876,17.08800749063506,4.562008952079876,1211.9019607843138,1759.6274509803923
4820,12.0,4.364045181411538,3.5213000580812737,4.47213595499958,3.5213000580812737,1464.0833333333333,1757.6666666666667
4821,6.0,3.8297084310253524,1.8856180831641272,4.0,1.8856180831641272,1379.5,1758.3333333333333
4822,8.0,3.4641016151377544,2.7386127875258306,3.605551275463989,2.7386127875258306,1294.875,1759.875
4823,27.0,8.933001187978626,3.8976772032564573,8.54400374531753,3.8976772032564573,1363.7037037037037,1760.7777777777778
4824,29.0,12.333040346291746,3.9522466709169906,11.40175425099138,3.9522466709169906,1419.4827586206898,1763.2068965517242
4825,15.0,6.791134621996741,2.8402741439135504,6.324555320336759,2.8402741439135504,1395.8,1761.2
4826,21.0,8.0,3.265986323710904,7.280109889280518,3.265986323710904,1444.0,1763.0
4827,5.0,3.098386676965933,1.7888543819998317,3.1622776601683795,1.7888543819998317,3134.8,1760.6
4828,13.0,4.3616645597524775,3.756591133295642,4.47213595499958,3.756591133295642,1049.8461538461538,1762.5384615384614
4829,7.0,3.582070095417669,2.4713456540351717,3.605551275463989,2.4713456540351717,1079.857142857143,1761.7142857142858
4830,29.0,7.217469759586704,5.1974952300697375,7.615773105863909,5.1974952300697375,3080.8275862068967,1763.4827586206898
4831,19.0,7.455128930368747,3.15086937833595,7.0710678118654755,3.15086937833595,3201.1052631578946,1764.0
4832,20.0,7.211102550927978,3.5999999999999988,8.0,3.5999999999999988,3219.5,1762.7
4833,12.0,4.894994431930091,2.9693109114996994,5.0990195135927845,2.9693109114996994,1209.1666666666667,1763.0833333333333
4834,6.0,6.831300510639732,0.0,6.0,0.0,1467.5,1762.0
4835,5.0,3.098386676965933,1.7888543819998317,3.1622776601683795,1.7888543819998317,3098.6,1763.8
4836,5.0,3.098386676965933,1.7888543819998317,3.1622776601683795,1.7888543819998317,1320.4,1765.2
4837,81.0,14.507531124349253,7.420034899184684,13.92838827718412,7.420034899184684,414.8888888888889,1768.148148148148
4838,27.0,10.85215353320846,3.524989513692733,10.198039027185569,3.524989513692733,1437.5185185185185,1769.962962962963
4839,7.0,4.155374705678736,1.9054711331003737,4.123105625617661,1.9054711331003737,2653.714285714286,1766.5714285714287
4840,8.0,4.47213595499958,2.0,4.123105625617661,2.0,3232.5,1766.5
4841,36.0,10.460615557043594,4.4174419942627265,10.198039027185569,4.4174419942627265,1301.611111111111,1771.888888888889
4842,26.0,13.31553083044262,3.1451398976391185,11.180339887498949,3.1451398976391185,1381.3846153846155,1769.1923076923076
4843,9.0,4.312594463574638,2.660928660904759,4.47213595499958,2.660928660904759,1428.2222222222222,1768.888888888889
4844,13.0,6.225841936162077,2.5482013373648726,6.324555320336759,2.5482013373648726,1219.6923076923076,1769.0
4845,51.0,15.283748350258028,4.966969003281245,14.560219778561036,4.966969003281245,1237.764705882353,1771.1960784313726
4846,75.0,17.08821759968793,5.9224560726426905,17.26267650163207,5.9224560726426905,3198.44,1777.52
4847,67.0,17.80012356585163,5.865756960194046,17.804493814764857,5.865756960194046,1395.5074626865671,1776.402985074627
4848,12.0,6.831300510639732,2.0,6.082762530298219,2.0,1467.5,1771.5
4849,48.0,11.415414940206194,5.685700540109907,11.661903789690601,5.685700540109907,3236.5,1775.2916666666667
4850,10.0,3.9191835884530852,3.0983866769659336,4.123105625617661,3.0983866769659336,1347.0,1776.2
4851,21.0,11.435023114784101,3.0472278940499664,10.04987562112089,3.0472278940499664,1242.0,1777.7619047619048
4852,40.0,7.794412780137861,7.486463077637101,8.94427190999916,7.486463077637101,1414.6,1779.3
4853,340.0,39.65865609459958,27.039404673083656,38.897300677553446,27.039404673083656,1457.8117647058823,1794.1558823529413
4854,10.0,3.9191835884530852,3.0983866769659336,4.123105625617661,3.0983866769659336,1466.2,1777.0
4855,9.0,4.0171906061502325,2.8906758369544234,4.123105625617661,2.8906758369544234,1374.111111111111,1778.111111111111
4856,236.0,28.29634896574393,13.800068353939144,30.59411708155671,13.800068353939144,3258.2754237288136,1793.0
4857,13.0,5.327693424801688,2.9221156196156555,5.385164807134504,2.9221156196156555,555.0,1783.0
4858,40.0,7.595975472697516,6.688135511349764,8.246211251235321,6.688135511349764,589.225,1784.85
4859,32.0,10.938193033518573,4.071201685189002,10.198039027185569,4.071201685189002,3192.34375,1786.65625
4860,79.0,15.989355382855198,10.446935602720382,16.278820596099706,10.446935602720382,1440.26582278481,1791.3417721518988
4861,7.0,4.155374705678736,1.9054711331003737,4.123105625617661,1.9054711331003737,3094.5714285714284,1785.7142857142858
4862,40.0,8.662693583210439,6.182858552757349,9.433981132056603,6.182858552757349,3230.675,1788.2
4863,95.0,16.068851374048506,9.580641493084705,17.029386365926403,9.580641493084705,56.76842105263158,1793.8
4864,93.0,15.843684992551864,7.786102057424112,16.15549442140351,7.786102057424112,68.7741935483871,1791.8602150537633
4865,6.0,3.126943839882286,2.309401076758503,3.1622776601683795,2.309401076758503,134.83333333333334,1786.1666666666667
4866,7.0,3.0237157840738176,2.7994168488950604,3.1622776601683795,2.7994168488950604,1238.0,1785.7142857142858
4867,12.0,6.831300510639732,2.0,6.082762530298219,2.0,1377.5,1787.5
4868,29.0,9.365775227747838,3.933661544500476,10.0,3.933661544500476,1278.6896551724137,1790.6206896551723
4869,6.0,3.265986323710904,2.0,3.1622776601683795,2.0,1405.0,1786.5
4870,5.0,5.656854249492381,0.0,5.0,0.0,3219.0,1786.0
4871,24.0,5.9671762132448665,5.191181329489486,6.324555320336759,5.191181329489486,2673.75,1789.6666666666667
4872,18.0,10.327955589886445,2.0,9.055385138137417,2.0,1371.5,1794.0
4873,6.0,3.8297084310253524,1.8856180831641272,4.0,1.8856180831641272,3216.6666666666665,1792.5
4874,17.0,5.415619343554922,3.980896596741624,5.385164807134504,3.980896596741624,1149.764705882353,1793.9411764705883
4875,60.0,28.04243350419771,6.21965797973423,25.079872407968907,6.21965797973423,1405.8333333333333,1794.35
4876,9.0,5.274258481434536,1.946056459258261,5.0990195135927845,1.946056459258261,2725.5555555555557,1793.7777777777778
4877,40.0,17.62262424549581,4.942986415322554,16.76305461424021,4.942986415322554,3236.475,1798.75
4878,20.0,6.3118935352238,4.09878030638384,6.324555320336759,4.09878030638384,1380.9,1795.5
4879,26.0,7.878351582952047,4.476391985867257,8.54400374531753,4.476391985867257,3057.4615384615386,1795.9615384615386
4880,68.0,17.829643552749108,6.6662921418372125,18.439088914585774,6.6662921418372125,3197.470588235294,1799.514705882353
4881,20.0,6.0,4.09878030638384,6.082762530298219,4.09878030638384,1179.5,1797.5
4882,8.0,4.47213595499958,2.0,4.123105625617661,2.0,1341.5,1798.5
4883,22.0,8.808914676719455,3.056987238868882,9.0,3.056987238868882,2747.8636363636365,1801.0454545454545
4884,472.0,49.125032475614255,13.95355648959165,47.16990566028302,13.95355648959165,3071.1631355932204,1821.9300847457628
4885,24.0,8.24621125123532,4.714045207910315,8.06225774829855,4.714045207910315,3243.6666666666665,1803.5
4886,156.0,22.792818989556586,10.367137530503282,21.37755832643195,10.367137530503282,58.92307692307692,1806.576923076923
4887,14.0,8.0,2.0,7.0710678118654755,2.0,1435.5,1804.0
4888,5.0,3.098386676965933,1.7888543819998317,3.1622776601683795,1.7888543819998317,3063.8,1801.4
4889,17.0,7.851670581041803,2.6669298381365754,8.246211251235321,2.6669298381365754,1214.4117647058824,1803.0588235294117
4890,79.0,19.759826865049103,8.194683119662782,18.681541692269406,8.194683119662782,1388.0253164556962,1806.139240506329
4891,18.0,5.96284793999944,3.8297084310253524,6.082762530298219,3.8297084310253524,2725.6666666666665,1803.5
4892,11.0,4.346129984141888,3.067356324605907,4.47213595499958,3.067356324605907,3223.6363636363635,1803.090909090909
4893,95.0,18.80964803558854,13.15134656225547,19.209372712298546,13.15134656225547,1413.4526315789474,1809.3684210526317
4894,148.0,18.073249103457208,11.236277920086103,18.867962264113206,11.236277920086103,668.8513513513514,1811.8716216216217
4895,9.0,3.885753375057407,2.7954428906961324,4.123105625617661,2.7954428906961324,1277.6666666666667,1805.888888888889
4896,19.0,11.001418841198687,1.9887013513863865,10.04987562112089,1.9887013513863865,1347.5263157894738,1809.7368421052631
4897,81.0,12.7967562397976,8.454316283376903,13.152946437965905,8.454316283376903,1462.3456790123457,1811.2345679012346
4898,6.0,3.265986323710904,2.0,3.1622776601683795,2.0,1000.0,1806.5
4899,18.0,5.333333333333333,4.216370213557839,5.385164807134504,4.216370213557839,1187.6666666666667,1809.0
4900,9.0,3.885753375057407,2.7954428906961324,4.123105625617661,2.7954428906961324,3209.3333333333335,1808.111111111111
4901,111.0,19.221686766906263,8.766798932124413,18.027756377319946,8.766798932124413,78.009009009009,1815.9279279279278
4902,77.0,12.31503901446124,8.742167615958332,13.038404810405298,8.742167615958332,2747.3506493506493,1811.7012987012988
4903,1076.0,60.39489267028871,26.275788398861067,61.1310068623117,26.275788398861067,56.24163568773234,1826.3624535315985
4904,30.0,12.751985250211538,3.2194176423951446,11.704699910719626,3.2194176423951446,1352.1666666666667,1813.8333333333333
4905,11.0,4.346129984141888,3.067356324605907,4.47213595499958,3.067356324605907,1366.090909090909,1810.3636363636363
4906,14.0,5.449353665897314,3.1458514520977277,5.385164807134504,3.1458514520977277,3020.0714285714284,1813.142857142857
4907,14.0,5.606119105813881,3.0237157840738176,6.0,3.0237157840738176,3033.0,1813.5
4908,22.0,7.503964824818591,4.289668484806045,7.615773105863909,4.289668484806045,3241.4545454545455,1813.8181818181818
4909,7.0,3.0237157840738176,2.799416848895061,3.1622776601683795,2.799416848895061,394.2857142857143,1813.0
4910,18.0,5.258737584977436,4.268749491621899,5.385164807134504,4.268749491621899,799.2222222222222,1813.5
4911,81.0,15.83936644915937,6.5385499465194545,16.1245154965971,6.5385499465194545,899.9876543209876,1814.7407407407406
4912,18.0,5.076445469458138,4.461918168377471,5.385164807134504,4.461918168377471,3060.1111111111113,1814.2777777777778
4913,28.0,12.808970202705082,5.308029795074349,12.529964086141668,5.308029795074349,3260.5,1815.142857142857
4914,70.0,12.812810962117974,7.861767323770853,13.038404810405298,7.861767323770853,1382.0,1819.0714285714287
4915,17.0,7.2993570363297025,3.357531842615517,8.0,3.357531842615517,1212.764705882353,1816.7058823529412
4916,5.0,3.098386676965933,1.7888543819998317,3.1622776601683795,1.7888543819998317,1359.4,1816.2
4917,32.0,7.350411917247681,5.569409272695199,7.615773105863909,5.569409272695199,2941.34375,1817.8125
4918,7.0,3.0237157840738176,2.799416848895061,3.1622776601683795,2.799416848895061,3247.714285714286,1816.0
4919,12.0,4.894994431930091,2.9693109114997,5.0990195135927845,2.9693109114997,966.8333333333334,1816.9166666666667
4920,5.0,2.5298221281347035,2.5298221281347035,3.0,2.5298221281347035,1091.0,1817.0
4921,28.0,8.652002245558126,4.120630029101703,8.246211251235321,4.120630029101703,1396.7142857142858,1819.5
4922,30.0,7.845904932160561,5.028540567594442,8.06225774829855,5.028540567594442,1424.2666666666667,1818.6333333333334
4923,24.0,9.036719645764965,3.7124308058588733,8.602325267042627,3.7124308058588733,1451.3333333333333,1818.9166666666667
4924,66.0,14.958113609829052,8.06274281028453,16.492422502470642,8.06274281028453,2742.0151515151515,1822.4242424242425
4925,10.0,4.079215610874227,3.224903099319419,4.123105625617661,3.224903099319419,3046.5,1817.4
4926,6.0,3.265986323710904,2.0,3.1622776601683795,2.0,3040.5,1818.0
4927,5.0,5.656854249492381,0.0,5.0,0.0,3222.0,1819.0
4928,8.0,3.4641016151377544,2.7386127875258306,3.605551275463989,2.7386127875258306,1136.125,1819.125
4929,108.0,19.11755483817799,8.06994642366739,17.72004514666935,8.06994642366739,1171.7222222222222,1824.1944444444443
4930,11.0,4.0,3.468869823334348,4.123105625617661,3.468869823334348,1257.4545454545455,1821.3636363636363
4931,10.0,3.9191835884530852,3.0983866769659336,4.123105625617661,3.0983866769659336,1344.0,1821.8
4932,107.0,25.383108036471338,10.688551029768268,21.540659228538015,10.688551029768268,1415.9345794392523,1831.9158878504672
4933,7.0,5.656854249492381,1.3997084244475309,5.0,1.3997084244475309,3013.285714285714,1821.2857142857142
4934,16.0,6.324555320336759,3.122498999199199,6.082762530298219,3.122498999199199,2755.5,1821.875
4935,7.0,3.0237157840738176,2.7994168488950604,3.1622776601683795,2.7994168488950604,677.0,1823.7142857142858
4936,16.0,5.149449337222181,3.918950308868696,5.385164807134504,3.918950308868696,1123.1875,1824.6875
4937,99.0,16.181880154326358,12.007175449383759,17.46424919657298,12.007175449383759,1350.4343434343434,1830.20202020202
4938,127.0,19.41480890034471,9.067921574821229,18.788294228055936,9.067921574821229,1373.6614173228347,1831.8503937007874
4939,8.0,3.8888437389046198,2.6223833385648136,4.123105625617661,2.6223833385648136,1102.25,1825.25
4940,16.0,5.149449337222181,3.918950308868696,5.385164807134504,3.918950308868696,1152.1875,1825.3125
4941,18.0,7.822469367052589,2.9303158156249354,7.280109889280518,2.9303158156249354,1442.6666666666667,1825.1666666666667
4942,7.0,3.0237157840738176,2.799416848895061,3.1622776601683795,2.799416848895061,2750.285714285714,1825.0
4943,103.0,16.91182842836223,9.059248939218616,17.46424919657298,9.059248939218616,3029.233009708738,1831.6601941747572
4944,21.0,6.237071096074327,4.3259052941747935,6.324555320336759,4.3259052941747935,374.6666666666667,1827.6190476190477
4945,12.0,6.831300510639732,2.0,6.082762530298219,2.0,413.5,1827.5
4946,37.0,7.664294324929796,6.109723126221121,8.246211251235321,6.109723126221121,2731.5675675675675,1827.4324324324325
4947,6.0,3.265986323710904,2.0,3.1622776601683795,2.0,3237.0,1826.5
4948,8.0,4.47213595499958,2.0,4.123105625617661,2.0,1390.5,1827.5
4949,14.0,8.0,2.0,7.0710678118654755,2.0,3051.0,1827.5
4950,20.0,5.323496810631642,4.806285645609791,5.830951894845301,4.806285645609791,3013.15,1830.25
4951,6.0,3.8297084310253524,1.8856180831641272,4.0,1.8856180831641272,3262.6666666666665,1829.5
4952,7.0,3.0237157840738176,2.799416848895061,3.1622776601683795,2.799416848895061,942.7142857142857,1830.0
4953,211.0,38.957986907117885,9.320269638375745,36.124783736376884,9.320269638375745,1188.1943127962086,1834.952606635071
4954,20.0,7.2769059257624935,3.795608007632335,7.211102550927978,3.795608007632335,1277.7,1832.0
4955,7.0,4.796702691401646,1.7646790841090736,4.47213595499958,1.7646790841090736,530.7142857142857,1832.0
4956,24.0,8.960266494641596,3.4225172526962115,8.602325267042627,3.4225172526962115,684.0,1833.5
4957,90.0,14.265530721157477,8.928070100130713,13.92838827718412,8.928070100130713,1390.0111111111112,1834.9
4958,62.0,11.689915888613827,7.500216973827552,12.206555615733702,7.500216973827552,1402.6290322580646,1834.8225806451612
4959,19.0,6.130029255048877,4.147759005432688,6.708203932499369,4.147759005432688,369.94736842105266,1833.3157894736842
4960,26.0,6.759031256564451,4.898568142382612,7.0710678118654755,4.898568142382612,382.0769230769231,1833.8461538461538
4961,54.0,11.900562324142145,6.0392580932662865,12.529964086141668,6.0392580932662865,390.4259259259259,1835.7592592592594
4962,22.0,10.137065967396474,2.984847577390759,9.486832980505138,2.984847577390759,540.1363636363636,1833.9545454545455
4963,8.0,3.4641016151377544,2.7386127875258306,3.605551275463989,2.7386127875258306,557.875,1833.125
4964,5.0,3.098386676965933,1.7888543819998317,3.1622776601683795,1.7888543819998317,2725.8,1832.6
4965,45.0,8.904523069710255,6.713784402240159,9.433981132056603,6.713784402240159,3119.3777777777777,1836.1333333333334
4966,10.0,4.0,3.149603149604724,4.123105625617661,3.149603149604724,3246.7,1833.3
4967,18.0,8.774510735561458,3.36951633975299,7.615773105863909,3.36951633975299,513.1111111111111,1836.2777777777778
4968,6.0,3.265986323710904,2.0,3.1622776601683795,2.0,1430.0,1833.5
4969,25.0,8.76373118458721,5.233451607141665,8.06225774829855,5.233451607141665,1441.08,1836.04
4970,22.0,8.39913415450989,4.03292236596706,8.06225774829855,4.03292236596706,1454.2272727272727,1836.5
4971,20.0,7.731010827707835,3.198667157092813,7.280109889280518,3.198667157092813,2773.95,1836.15
4972,14.0,5.970019061217462,3.015554059580296,5.830951894845301,3.015554059580296,596.8571428571429,1835.4285714285713
4973,20.0,6.0,4.09878030638384,6.082762530298219,4.09878030638384,2715.5,1835.5
4974,16.0,6.0,3.4641016151377544,6.082762530298219,3.4641016151377544,3091.5,1835.5
4975,23.0,5.989160743318726,5.1121164217011295,6.324555320336759,5.1121164217011295,2738.391304347826,1837.4347826086957
4976,16.0,5.267826876426369,4.0,5.385164807134504,4.0,3006.5,1837.375
4977,16.0,9.16515138991168,2.0,8.06225774829855,2.0,3043.5,1835.5
4978,6.0,3.8297084310253524,1.8856180831641265,3.605551275463989,1.8856180831641265,3216.8333333333335,1836.0
4979,14.0,4.20883424647321,4.120630029101703,4.47213595499958,4.120630029101703,569.2857142857143,1837.5
4980,12.0,5.176698236986771,2.9404489126020366,5.385164807134504,2.9404489126020366,557.4166666666666,1838.1666666666667
4981,5.0,3.098386676965933,1.7888543819998317,3.1622776601683795,1.7888543819998317,1289.4,1838.2
4982,7.0,3.0237157840738176,2.799416848895061,3.1622776601683795,2.799416848895061,2680.0,1838.2857142857142
4983,7.0,4.155374705678736,1.9054711331003737,4.123105625617661,1.9054711331003737,95.71428571428571,1838.5714285714287
4984,5.0,3.098386676965933,1.7888543819998317,3.1622776601683795,1.7888543819998317,441.2,1838.4
4985,7.0,4.155374705678736,1.9054711331003737,4.123105625617661,1.9054711331003737,2725.714285714286,1838.5714285714287
