,Area,Major,Minor,Feret,MinFeret,CentroidX,CentroidY
1,2952023.0,3890.0820780158106,1445.9502238784048,3540.6327118186096,1445.9502238784048,1530.0241000832311,1278.5676605500703
2,40.0,9.744038670818647,5.646566246985047,9.486832980505138,5.646566246985047,426.725,1.85
3,7987.0,312.3404777259046,36.98962846144016,290.2912330746487,36.98962846144016,666.1150619757105,14.751971954425942
4,9473.0,148.5735673512383,84.51420324867938,157.1146078504478,84.51420324867938,859.3142615855589,59.65797529821598
5,5.0,3.098386676965933,1.7888543819998317,3.1622776601683795,1.7888543819998317,1004.6,0.8
6,10.0,4.585203148326627,3.0620111182971863,5.0990195135927845,3.0620111182971863,1334.1,0.7
7,34.0,9.125166003290682,4.919897748459266,8.94427190999916,4.919897748459266,1449.3235294117646,3.176470588235294
8,15.0,4.994771490645755,4.036917413160297,5.385164807134504,4.036917413160297,1518.0666666666666,1.1333333333333333
9,29.0,8.849338063050265,5.499608733932733,9.486832980505138,5.499608733932733,1588.7586206896551,1.8620689655172413
10,33.0,9.5039711826238,4.830607675127862,9.486832980505138,4.830607675127862,1604.1515151515152,1.4545454545454546
11,31.0,11.222003982708408,4.913616767089675,9.486832980505138,4.913616767089675,1645.8064516129032,3.7419354838709675
12,6.0,3.8297084310253524,1.8856180831641272,4.0,1.8856180831641272,1675.5,0.3333333333333333
13,11.0,4.346129984141888,3.067356324605906,4.47213595499958,3.067356324605906,1693.6363636363637,0.9090909090909091
14,133.0,25.162523354243078,7.371565942772385,25.0,7.371565942772385,1747.984962406015,3.7518796992481205
15,30.0,8.69840342949338,4.351245032554859,8.246211251235321,4.351245032554859,1763.5,3.2666666666666666
16,8.0,3.9722133299273006,2.6403638502198645,4.123105625617661,2.6403638502198645,1769.25,0.625
17,6.0,4.363338213437162,1.65500979239906,4.123105625617661,1.65500979239906,1800.1666666666667,0.3333333333333333
18,89.0,17.101626434192102,6.88847229017913,17.46424919657298,6.88847229017913,1836.9101123595506,3.2247191011235956
19,8.0,3.4641016151377544,2.7386127875258306,3.605551275463989,2.7386127875258306,1848.125,0.875
20,6.0,3.8297084310253524,1.8856180831641272,4.0,1.8856180831641272,1861.5,0.3333333333333333
21,18.0,5.258737584977436,4.268749491621899,5.385164807134504,4.268749491621899,1875.5,1.7777777777777777
22,33.0,9.637147785965105,4.395040781351356,9.219544457292887,4.395040781351356,1884.121212121212,1.393939393939394
23,176.0,22.538628924031944,15.984557359945432,23.53720459187964,15.984557359945432,1906.3863636363637,6.863636363636363
24,29.0,8.933746060183514,4.22639074343844,8.54400374531753,4.22639074343844,1951.5172413793102,3.7241379310344827
25,129.0,14.965696750760264,13.041516888650351,16.1245154965971,13.041516888650351,1964.8217054263566,4.5271317829457365
26,240.0,44.88682355512177,11.932891705898381,40.607881008493905,11.932891705898381,1981.5375,15.675
27,90.0,14.832354120593033,11.603545100341012,15.652475842498529,11.603545100341012,1998.4777777777779,4.533333333333333
28,22.0,6.4666979068286325,4.271760045262084,6.324555320336759,4.271760045262084,2012.5,1.3636363636363635
29,16.0,5.244535484642193,3.9204397139005818,5.385164807134504,3.9204397139005818,2030.1875,1.1875
30,337.0,38.99050340699385,21.56105245289397,36.61966684720111,21.56105245289397,2100.6557863501484,11.308605341246292
31,216.0,22.678240064085564,14.931584935735984,23.323807579381203,14.931584935735984,2127.652777777778,8.49074074074074
32,118822.0,1113.3956638696043,158.73314686113332,1137.235683576628,158.73314686113332,2837.540573294508,63.743978387840635
33,12.0,3.8297084310253524,3.8297084310253524,4.123105625617661,3.8297084310253524,1857.5,3.5
34,118.0,20.357173964137235,8.303891557020151,18.681541692269406,8.303891557020151,2047.3050847457628,6.135593220338983
35,37.0,9.105111775303735,5.513096848099311,9.219544457292887,5.513096848099311,1612.918918918919,7.513513513513513
36,3287.0,94.50529126772356,48.744364856743786,99.9599919967984,48.744364856743786,1000.5810769698813,51.49802251292972
37,10.0,4.0,3.149603149604724,4.123105625617661,3.149603149604724,1689.3,5.7
38,39.0,9.191473117521921,5.561980344146794,9.486832980505138,5.561980344146794,464.05128205128204,9.256410256410257
39,6.0,3.1269438398822857,2.309401076758503,3.1622776601683795,2.309401076758503,1582.1666666666667,6.166666666666667
40,177.0,21.187947880050128,17.351645758332797,23.08679276123039,17.351645758332797,2028.4519774011299,16.63276836158192
41,42.0,13.713753931977498,5.292023757642099,12.083045973594572,5.292023757642099,1804.595238095238,9.214285714285714
42,5.0,3.098386676965933,1.7888543819998317,3.1622776601683795,1.7888543819998317,1862.8,6.6
43,28.0,10.17960781426421,3.6516802189184676,10.198039027185569,3.6516802189184676,1565.4642857142858,12.285714285714286
44,40.0,10.108353964600893,5.56787034029506,10.295630140987,5.56787034029506,1606.475,11.775
45,8.0,4.47213595499958,2.0,4.123105625617661,2.0,1631.5,8.5
46,5.0,3.098386676965933,1.7888543819998317,3.1622776601683795,1.7888543819998317,1670.4,9.2
47,7.0,3.0237157840738176,2.799416848895061,3.1622776601683795,2.799416848895061,1710.0,9.285714285714286
48,70.0,11.873419529873736,8.01925428452408,12.649110640673518,8.01925428452408,1733.2714285714285,11.714285714285714
49,10.0,4.381780460041329,2.6832815729997477,4.47213595499958,2.6832815729997477,1814.0,9.5
50,18.0,6.831300510639732,3.265986323710904,6.324555320336759,3.265986323710904,1919.0,11.5
51,18.0,5.258737584977436,4.268749491621899,5.385164807134504,4.268749491621899,1688.7777777777778,11.5
52,32.0,9.38083151964686,4.242640687119285,9.055385138137417,4.242640687119285,1844.0,11.5
53,19.0,5.84502823813456,4.110208831745895,6.082762530298219,4.110208831745895,1941.6842105263158,12.842105263157896
54,18.0,5.258737584977436,4.268749491621899,5.385164807134504,4.268749491621899,2166.222222222222,11.5
55,6.0,3.265986323710904,2.0,3.1622776601683795,2.0,1352.5,12.0
56,157.0,22.744563776526505,18.36445476107321,24.413111231467404,18.36445476107321,2005.7707006369426,18.687898089171973
57,34.0,11.2508000086252,4.0336968451513,10.816653826391969,4.0336968451513,1625.1764705882354,14.735294117647058
58,32.0,9.590195232915514,4.578826857893247,9.219544457292887,4.578826857893247,1676.25,13.5625
59,30.0,8.937816846363637,4.192041006316156,9.055385138137417,4.192041006316156,1891.7666666666667,13.433333333333334
60,108.0,19.786250996251308,9.642414158292425,19.72308292331602,9.642414158292425,1934.2962962962963,19.27777777777778
61,175.0,33.06344486813364,10.966840985762035,31.38470965295043,10.966840985762035,439.8285714285714,22.194285714285716
62,5.0,3.098386676965933,1.7888543819998317,3.1622776601683795,1.7888543819998317,833.4,15.2
63,25.0,6.229132290364385,5.019752076461521,6.324555320336759,5.019752076461521,1148.08,16.56
64,37.0,11.13883504921407,4.164546375638568,11.045361017187261,4.164546375638568,1883.5945945945946,19.324324324324323
65,11.0,4.346129984141888,3.067356324605906,4.47213595499958,3.067356324605906,1992.6363636363637,14.909090909090908
66,171.0,31.05922392174206,15.137836548687426,26.40075756488817,15.137836548687426,2150.4561403508774,21.526315789473685
67,18.0,6.318284641858517,3.5873949658833078,6.324555320336759,3.5873949658833078,1685.7777777777778,17.38888888888889
68,7.0,4.155374705678736,1.9054711331003737,4.123105625617661,1.9054711331003737,1960.4285714285713,16.285714285714285
69,32.0,10.099504938362077,5.141740950300783,8.94427190999916,5.141740950300783,2075.5,16.8125
70,49.0,16.243714007390953,7.607520401418767,13.341664064126334,7.607520401418767,465.0612244897959,20.897959183673468
71,25.0,9.122673993991373,3.5384769604101525,8.54400374531753,3.5384769604101525,1741.32,19.56
72,29.0,8.84188090177615,4.198915623833291,9.055385138137417,4.198915623833291,1953.3103448275863,19.862068965517242
73,5.0,3.098386676965933,1.7888543819998317,3.1622776601683795,1.7888543819998317,1968.4,17.2
74,12.0,3.8297084310253524,3.8297084310253524,4.123105625617661,3.8297084310253524,2099.5,17.5
75,40.0,12.421755109484328,5.585696017507576,12.083045973594572,5.585696017507576,1386.975,21.325
76,21.0,6.258173505705088,4.157977767102647,6.324555320336759,4.157977767102647,1790.5714285714287,20.38095238095238
77,60.0,17.920064634930707,4.364523027512127,16.278820596099706,4.364523027512127,2055.366666666667,20.933333333333334
78,63.0,16.27394077892624,5.665699123721172,15.231546211727817,5.665699123721172,1807.079365079365,23.07936507936508
79,70.0,15.620997971921623,7.777986591814426,17.0,7.777986591814426,2124.457142857143,25.042857142857144
80,16.0,6.602897716712576,3.025184579927621,6.324555320336759,3.025184579927621,1176.25,22.125
81,8.0,3.4641016151377544,2.8284271247461903,4.0,2.8284271247461903,1342.0,22.5
82,10.0,4.09878030638384,2.9933259094191533,4.123105625617661,2.9933259094191533,1721.8,22.5
83,36.0,10.981831638708009,4.31241286558573,10.198039027185569,4.31241286558573,1899.6944444444443,25.88888888888889
84,41.0,10.76693214325918,5.322608581271437,11.045361017187261,5.322608581271437,2088.317073170732,25.926829268292682
85,5.0,3.098386676965933,1.7888543819998317,3.1622776601683795,1.7888543819998317,1129.4,23.2
86,57.0,10.150017269095555,7.298219435703183,10.816653826391969,7.298219435703183,456.140350877193,26.42105263157895
87,38.0,12.747547769680141,4.791933820269142,12.083045973594572,4.791933820269142,1836.1842105263158,27.92105263157895
88,34.0,8.231932086840425,5.292810296095056,8.06225774829855,5.292810296095056,1917.3529411764705,25.647058823529413
89,20.0,6.767551021855303,3.7683223278516436,6.708203932499369,3.7683223278516436,2074.3,25.4
90,9.0,3.265986323710904,3.265986323710904,3.605551275463989,3.265986323710904,498.0,25.0
91,9.0,3.885753375057407,2.7954428906961324,4.123105625617661,2.7954428906961324,1622.6666666666667,24.88888888888889
92,14.0,8.0,2.0,7.0710678118654755,2.0,1843.5,27.0
93,36.0,8.459051693633013,5.333333333333333,8.246211251235321,5.333333333333333,1889.0,27.5
94,9.0,5.274258481434536,1.946056459258261,5.0990195135927845,1.946056459258261,1483.5555555555557,27.22222222222222
95,72.0,11.60816000986654,9.290111772249611,12.083045973594572,9.290111772249611,2048.0416666666665,29.875
96,18.0,7.67515970126274,2.9740561494137148,7.211102550927978,2.9740561494137148,1171.4444444444443,29.11111111111111
97,29.0,8.504440860756826,4.2611318058210035,8.246211251235321,4.2611318058210035,1763.3793103448277,28.551724137931036
98,10.0,4.09878030638384,2.9933259094191533,4.123105625617661,2.9933259094191533,579.5,28.8
99,67.0,20.548374937087154,5.146286974464932,18.681541692269406,5.146286974464932,1943.1791044776119,31.73134328358209
100,20.0,12.01413050427733,2.6945627152087055,11.180339887498949,2.6945627152087055,815.55,29.65
101,9.0,3.885753375057407,2.7954428906961324,4.123105625617661,2.7954428906961324,2150.6666666666665,29.88888888888889
102,8.0,4.47213595499958,2.0,4.123105625617661,2.0,1552.5,32.5
103,79.0,12.583761186307171,8.875820152284831,13.416407864998739,8.875820152284831,2140.3164556962024,35.49367088607595
104,35.0,10.11371236711564,4.4065079088968515,9.486832980505138,4.4065079088968515,2188.457142857143,34.885714285714286
105,33.0,8.607817290509429,4.90713291911486,8.54400374531753,4.90713291911486,821.8484848484849,35.84848484848485
106,22.0,6.4666979068286325,4.271760045262084,6.324555320336759,4.271760045262084,1203.5,33.36363636363637
107,18.0,7.416721908507127,3.0395969654079673,7.0710678118654755,3.0395969654079673,1259.8333333333333,35.111111111111114
108,9.0,3.265986323710904,3.265986323710904,3.605551275463989,3.265986323710904,1382.0,33.0
109,17.0,5.300439353437239,4.092631588351591,5.385164807134504,4.092631588351591,1402.7058823529412,33.588235294117645
110,5.0,3.098386676965933,1.7888543819998317,3.1622776601683795,1.7888543819998317,1600.8,32.4
111,16.0,11.337417067121434,2.638744823991818,10.0,2.638744823991818,1663.375,37.125
112,20.0,8.018739711857144,3.271056929111018,8.06225774829855,3.271056929111018,1773.4,34.45
113,22.0,8.591750800516843,3.1701083225750346,8.06225774829855,3.1701083225750346,1793.909090909091,35.5
114,10.0,4.0,3.149603149604724,4.123105625617661,3.149603149604724,1993.3,33.3
115,41.0,11.205193687159424,5.177845398983716,10.816653826391969,5.177845398983716,2056.6585365853657,35.34146341463415
116,40.0,10.75326539944534,5.578286766480517,10.295630140987,5.578286766480517,2116.95,34.775
117,70.0,10.912955634784584,8.72114784425689,12.206555615733702,8.72114784425689,471.8285714285714,38.128571428571426
118,6.0,3.265986323710904,2.0,3.1622776601683795,2.0,1967.0,33.5
119,94.0,29.351337103991376,5.811133129017876,25.317977802344327,5.811133129017876,2007.5531914893618,44.92553191489362
120,26.0,7.416743706482128,4.686398083127506,7.615773105863909,4.686398083127506,460.2307692307692,36.53846153846154
121,25.0,6.706749056640745,4.7971988796847365,6.708203932499369,4.7971988796847365,1717.52,35.6
122,7.0,4.155374705678736,1.9054711331003737,4.123105625617661,1.9054711331003737,2064.5714285714284,35.285714285714285
123,18.0,8.988693350859903,2.9302061179360233,8.06225774829855,2.9302061179360233,504.27777777777777,37.05555555555556
124,6.0,3.265986323710904,2.0,3.1622776601683795,2.0,1265.0,35.5
125,43.0,11.666641724206247,6.059183129115022,11.180339887498949,6.059183129115022,1802.9302325581396,39.23255813953488
126,42.0,12.454310854154635,5.177255387522675,11.704699910719626,5.177255387522675,449.6190476190476,38.095238095238095
127,168.0,25.729860830459156,9.713544484505118,25.80697580112788,9.713544484505118,815.1071428571429,44.19047619047619
128,28.0,6.0,5.8901508937395155,6.324555320336759,5.8901508937395155,1347.5,38.214285714285715
129,62.0,16.453333016270385,7.646019223818592,14.7648230602334,7.646019223818592,427.4516129032258,41.354838709677416
130,131.0,25.07632455327445,10.317947471128237,25.0,10.317947471128237,443.21374045801525,50.725190839694655
131,40.0,12.463958840019798,4.690386981294009,11.704699910719626,4.690386981294009,1996.225,41.7
132,73.0,13.38048743154373,9.420091493346273,13.038404810405298,9.420091493346273,2247.054794520548,41.97260273972603
133,36.0,10.290734563967044,4.643013273449776,9.486832980505138,4.643013273449776,2077.6111111111113,42.22222222222222
134,93.0,19.06810095915835,12.529907294146197,19.697715603592208,12.529907294146197,2093.451612903226,44.96774193548387
135,6.0,3.126943839882286,2.309401076758503,3.1622776601683795,2.309401076758503,320.8333333333333,40.166666666666664
136,18.0,5.693388843125944,3.935296437229382,6.082762530298219,3.935296437229382,544.6111111111111,41.27777777777778
137,10.0,6.0,1.959591794226542,6.0,1.959591794226542,1899.5,39.4
138,11.0,4.346129984141888,3.067356324605907,4.47213595499958,3.067356324605907,2025.090909090909,40.63636363636363
139,34.0,10.592849539645172,4.1476865041033895,10.295630140987,4.1476865041033895,2316.029411764706,41.38235294117647
140,262.0,33.12811143174895,21.270615348927123,31.953090617340916,21.270615348927123,2160.8167938931297,54.156488549618324
141,28.0,8.0,4.47213595499958,7.615773105863909,4.47213595499958,2171.5,43.0
142,142.0,23.60491958532669,8.76592806483298,24.515301344262525,8.76592806483298,2258.6408450704225,51.690140845070424
143,10.0,4.09878030638384,2.9933259094191533,4.123105625617661,2.9933259094191533,414.5,41.8
144,24.0,6.289320754704403,5.033222956847166,6.324555320336759,5.033222956847166,1740.8333333333333,43.5
145,14.0,4.20883424647321,4.120630029101703,4.47213595499958,4.120630029101703,489.2857142857143,43.5
146,6.0,3.265986323710904,2.0,3.1622776601683795,2.0,2179.5,43.0
147,155.0,21.505929389697688,12.301040794311616,20.615528128088304,12.301040794311616,2351.238709677419,52.329032258064515
148,60.0,14.332988688393488,6.25361155498217,13.152946437965905,6.25361155498217,401.78333333333336,49.45
149,14.0,4.20883424647321,4.120630029101703,4.47213595499958,4.120630029101703,465.5,44.285714285714285
150,22.0,5.743006776491533,4.980260749410062,6.324555320336759,4.980260749410062,1867.2727272727273,45.36363636363637
151,17.0,6.968282042137844,4.5682218551151195,7.280109889280518,4.5682218551151195,410.11764705882354,47.0
152,20.0,11.271211834395686,2.9393509120516104,10.04987562112089,2.9393509120516104,803.4,48.4
153,12.0,4.47213595499958,3.265986323710904,4.47213595499958,3.265986323710904,1876.0,45.5
154,14.0,5.390979766146216,3.2448688564710855,5.385164807134504,3.2448688564710855,1943.857142857143,46.07142857142857
155,25.0,7.374269390775276,4.220444402225297,7.280109889280518,4.220444402225297,1972.12,45.56
156,40.0,12.884838203068094,4.365884157963536,12.36931687685298,4.365884157963536,2396.1,49.85
157,6.0,3.265986323710904,2.0,3.1622776601683795,2.0,337.5,46.0
158,84.0,13.476713660534285,9.688081055376827,13.892443989449804,9.688081055376827,387.39285714285717,50.73809523809524
159,9.0,3.885753375057407,2.7954428906961324,4.123105625617661,2.7954428906961324,451.6666666666667,46.111111111111114
160,5.0,5.656854249492381,0.0,5.0,0.0,1260.0,45.0
161,25.0,8.633875439755748,4.548427738327005,8.54400374531753,4.548427738327005,2123.96,49.08
162,29.0,6.7284620161259525,5.500630044211442,7.211102550927978,5.500630044211442,1079.0689655172414,49.41379310344828
163,11.0,4.346129984141888,3.067356324605907,4.47213595499958,3.067356324605907,1430.6363636363637,48.09090909090909
164,10.0,4.079215610874228,3.22490309931942,4.123105625617661,3.22490309931942,2187.5,48.6
165,19.0,6.26555080945735,3.8719737258060962,6.324555320336759,3.8719737258060962,2196.0,49.36842105263158
166,12.0,4.47213595499958,3.265986323710904,4.47213595499958,3.265986323710904,2344.5,48.0
167,32.0,6.907637526875175,6.266491745570708,7.615773105863909,6.266491745570708,358.28125,51.375
168,661.0,44.02223759161229,30.483902865086094,43.32435804486894,30.483902865086094,465.4856278366112,66.40393343419062
169,138.0,21.14524052192172,10.54845474835049,21.633307652783937,10.54845474835049,528.4855072463768,58.130434782608695
170,10.0,4.244901238393523,3.1081849166812976,4.47213595499958,3.1081849166812976,1838.1,49.4
171,9.0,4.277662731533559,2.643019518000728,4.123105625617661,2.643019518000728,2334.5555555555557,48.666666666666664
172,11.0,7.000091071529563,1.904422265109768,7.0,1.904422265109768,1420.1818181818182,49.36363636363637
173,24.0,6.582805886043833,4.915960401250875,6.708203932499369,4.915960401250875,2025.875,53.125
174,38.0,9.774617610137032,6.380571935260069,9.486832980505138,6.380571935260069,2049.0789473684213,54.36842105263158
175,6.0,4.363338213437162,1.65500979239906,4.123105625617661,1.65500979239906,592.3333333333334,52.833333333333336
176,10.0,3.919183588453085,3.0983866769659336,4.123105625617661,3.0983866769659336,1832.8,54.0
177,41.0,18.08284102704623,3.382009328914566,16.1245154965971,3.382009328914566,2198.3414634146343,60.0
178,89.0,22.1764670118895,11.017599321630755,21.633307652783937,11.017599321630755,2401.4606741573034,59.943820224719104
179,6.0,3.126943839882286,2.309401076758503,3.1622776601683795,2.309401076758503,365.8333333333333,55.166666666666664
180,9.0,5.048517253312363,2.473340214085466,5.0990195135927845,2.473340214085466,1417.5555555555557,55.22222222222222
181,12.0,3.8297084310253524,3.8297084310253524,4.123105625617661,3.8297084310253524,347.5,56.5
182,30.0,7.354571410039837,5.377241283322619,7.615773105863909,5.377241283322619,1678.1666666666667,57.53333333333333
183,7.0,3.0237157840738176,2.799416848895061,3.1622776601683795,2.799416848895061,335.0,57.285714285714285
184,19.0,7.492680403004184,3.2705206734387104,7.615773105863909,3.2705206734387104,410.57894736842104,57.526315789473685
185,27.0,8.172165640169155,4.108649860257362,8.06225774829855,4.108649860257362,499.44444444444446,59.407407407407405
186,6.0,3.1269438398822857,2.309401076758503,3.1622776601683795,2.309401076758503,659.1666666666666,57.166666666666664
187,5.0,3.098386676965933,1.7888543819998317,3.1622776601683795,1.7888543819998317,1198.8,56.6
188,6.0,3.265986323710904,2.0,3.1622776601683795,2.0,1869.5,57.0
189,54.0,10.513029405329151,7.640064697371574,10.816653826391969,7.640064697371574,2142.0925925925926,59.51851851851852
190,6.0,3.265986323710904,2.0,3.1622776601683795,2.0,2305.5,57.0
191,22.0,8.404560834658554,3.7581495120652004,8.246211251235321,3.7581495120652004,2057.4545454545455,59.63636363636363
192,20.0,6.0,4.09878030638384,6.082762530298219,4.09878030638384,2107.5,59.5
193,26.0,9.000738636427691,4.032965473146721,8.94427190999916,4.032965473146721,2182.269230769231,61.03846153846154
194,13.0,4.318667337728677,3.6794648440311994,4.47213595499958,3.6794648440311994,301.61538461538464,59.61538461538461
195,118.0,16.465889634908844,13.146862959595076,17.804493814764857,13.146862959595076,2334.5508474576272,65.35593220338983
196,18.0,5.258737584977436,4.268749491621899,5.385164807134504,4.268749491621899,2414.222222222222,59.5
197,6.0,3.265986323710904,2.0,3.1622776601683795,2.0,1752.0,59.5
198,12.0,7.254100593569994,2.1448185938651525,6.4031242374328485,2.1448185938651525,1892.0833333333333,61.0
199,14.0,4.20883424647321,4.120630029101703,4.47213595499958,4.120630029101703,331.5,61.714285714285715
200,73.0,18.02671714726769,6.565098637608481,16.278820596099706,6.565098637608481,343.09589041095893,67.71232876712328
201,58.0,11.380139939686792,7.0104492228598625,11.180339887498949,7.0104492228598625,352.4310344827586,64.36206896551724
202,16.0,5.244535484642193,3.9204397139005818,5.385164807134504,3.9204397139005818,384.8125,61.8125
203,8.0,4.976979969245306,1.7971283720789095,5.0990195135927845,1.7971283720789095,1721.5,63.0
204,19.0,7.13908543895501,3.395074945791963,7.0710678118654755,3.395074945791963,1944.7368421052631,62.1578947368421
205,6.0,3.265986323710904,2.0,3.1622776601683795,2.0,1983.5,62.0
206,7.0,4.155374705678736,1.9054711331003737,4.123105625617661,1.9054711331003737,2035.5714285714287,62.285714285714285
207,10.0,3.9191835884530852,3.0983866769659336,4.123105625617661,3.0983866769659336,2310.2,62.0
208,31.0,8.227704970427196,5.570938878994184,8.54400374531753,5.570938878994184,375.35483870967744,64.83870967741936
209,13.0,7.274824872330393,2.836782909936273,6.4031242374328485,2.836782909936273,2407.6923076923076,63.69230769230769
210,30.0,11.0233475622815,4.28916304565979,10.44030650891055,4.28916304565979,2431.4333333333334,66.03333333333333
211,8.0,9.16515138991168,0.0,8.0,0.0,1744.0,66.5
212,56.0,10.206961799718643,7.40219025795762,10.816653826391969,7.40219025795762,2349.0178571428573,67.78571428571429
213,52.0,11.316006808205131,6.736902829872218,11.40175425099138,6.736902829872218,2416.673076923077,67.26923076923077
214,5.0,3.098386676965933,1.7888543819998317,3.1622776601683795,1.7888543819998317,434.6,65.2
215,16.0,5.149449337222181,3.918950308868696,5.385164807134504,3.918950308868696,667.6875,66.1875
216,10.0,3.9191835884530852,3.0983866769659336,4.123105625617661,3.0983866769659336,1553.0,65.8
217,19.0,6.409971260585169,3.829947927250814,6.324555320336759,3.829947927250814,1957.157894736842,66.26315789473684
218,25.0,7.374269390775276,4.220444402225297,7.280109889280518,4.220444402225297,2251.44,67.12
219,85.0,13.891175829765762,8.174477676133451,13.892443989449804,8.174477676133451,2273.164705882353,68.68235294117648
220,19.0,7.455128930368747,3.15086937833595,7.0710678118654755,3.15086937833595,367.89473684210526,68.0
221,17.0,6.585670706008097,3.1796084995103278,6.324555320336759,3.1796084995103278,424.94117647058823,67.3529411764706
222,17.0,6.325392207287136,3.42034442484157,6.324555320336759,3.42034442484157,1263.6470588235295,67.23529411764706
223,20.0,5.928859703180825,4.253072139054142,6.324555320336759,4.253072139054142,1491.6,67.75
224,21.0,6.6130446164788745,4.061329618496173,6.708203932499369,4.061329618496173,1424.5238095238096,68.76190476190476
225,28.0,8.246211251235321,4.20883424647321,8.06225774829855,4.20883424647321,2154.5,67.5
226,53.0,12.418646882309103,5.5111195987381665,13.152946437965905,5.5111195987381665,334.37735849056605,74.43396226415095
227,13.0,4.318667337728677,3.6794648440311994,4.47213595499958,3.6794648440311994,2403.6153846153848,69.38461538461539
228,13.0,4.919459827476725,3.3758773884632336,5.0990195135927845,3.3758773884632336,2409.4615384615386,70.15384615384616
229,5.0,3.098386676965933,1.7888543819998317,3.1622776601683795,1.7888543819998317,1525.6,69.8
230,5.0,3.098386676965933,1.7888543819998317,3.1622776601683795,1.7888543819998317,1675.6,69.8
231,9.0,3.265986323710904,3.265986323710904,3.605551275463989,3.265986323710904,2313.0,70.0
232,44.0,13.672678916742344,5.308655025693248,12.649110640673518,5.308655025693248,2365.3863636363635,72.70454545454545
233,8.0,3.4641016151377544,2.7386127875258306,3.605551275463989,2.7386127875258306,437.125,71.125
234,8.0,4.100618600451318,2.4869513653533066,4.123105625617661,2.4869513653533066,1270.0,72.25
235,32.0,9.38083151964686,4.242640687119285,9.055385138137417,4.242640687119285,2299.5,75.0
236,675.0,40.45536358652251,30.78823243377893,44.598206241955516,30.78823243377893,2473.6014814814816,92.00592592592592
237,5.0,3.098386676965933,1.7888543819998317,3.1622776601683795,1.7888543819998317,359.4,72.8
238,27.0,8.738911744104383,3.9040807841039045,9.055385138137417,3.9040807841039045,401.5925925925926,75.81481481481481
239,36.0,8.459051693633013,5.333333333333333,8.246211251235321,5.333333333333333,505.0,75.5
240,22.0,5.752469825293227,4.851514205136848,6.082762530298219,4.851514205136848,1835.5,73.72727272727273
241,24.0,7.118052168020874,4.163331998932265,7.0710678118654755,4.163331998932265,1955.5,75.0
242,13.0,4.907725735659753,3.279400065550629,5.0,3.279400065550629,1984.6153846153845,73.53846153846153
243,6.0,3.126943839882286,2.309401076758503,3.1622776601683795,2.309401076758503,2098.8333333333335,73.16666666666667
244,22.0,6.402478858785094,4.30644337539164,6.324555320336759,4.30644337539164,2197.5,74.27272727272727
245,17.0,6.585670706008097,3.1796084995103278,6.324555320336759,3.1796084995103278,295.94117647058823,75.6470588235294
246,22.0,5.752469825293227,4.851514205136848,6.082762530298219,4.851514205136848,442.72727272727275,75.5
247,7.0,3.0237157840738176,2.7994168488950604,3.1622776601683795,2.7994168488950604,1461.0,73.71428571428571
248,24.0,6.831300510639732,4.47213595499958,6.708203932499369,4.47213595499958,1858.5,75.5
249,22.0,6.4666979068286325,4.271760045262084,6.324555320336759,4.271760045262084,2141.6363636363635,75.5
250,34.0,14.712956662998552,3.2132155208749364,14.035668847618199,3.2132155208749364,2246.5588235294117,79.20588235294117
251,30.0,8.33083870287641,4.933492548781109,8.54400374531753,4.933492548781109,351.03333333333336,77.8
252,16332.0,202.26725351353318,107.02516652457878,216.3631207022121,107.02516652457878,1567.6021307861865,150.27755326965467
253,34.0,8.476195470026857,5.359252224176346,9.486832980505138,5.359252224176346,2160.323529411765,77.8529411764706
254,44.0,13.51752594487403,4.635878380923657,12.649110640673518,4.635878380923657,2178.431818181818,76.06818181818181
255,5.0,3.098386676965933,1.7888543819998317,3.1622776601683795,1.7888543819998317,326.6,75.8
256,12.0,5.294328785763617,2.862220279862641,5.0990195135927845,2.862220279862641,527.25,77.08333333333333
257,29.0,7.0493419802375925,5.146140167221414,7.211102550927978,5.146140167221414,1702.5862068965516,78.41379310344827
258,30.0,7.97226070703101,5.415897719493817,8.54400374531753,5.415897719493817,2315.1,78.53333333333333
259,15.0,5.433874815756726,3.464374889583069,5.830951894845301,3.464374889583069,2326.3333333333335,77.6
260,81.0,14.283376317677947,8.736577800497,13.92838827718412,8.736577800497,2417.8765432098767,81.71604938271605
261,12.0,3.8297084310253524,3.8297084310253524,4.123105625617661,3.8297084310253524,339.5,78.5
262,71.0,12.481522097273496,8.27707434040331,13.038404810405298,8.27707434040331,2287.676056338028,83.05633802816901
263,12.0,5.485458865381724,2.649689066157795,5.385164807134504,2.649689066157795,393.0833333333333,78.91666666666667
264,27.0,6.706417938853266,5.428733402746586,7.280109889280518,5.428733402746586,470.7037037037037,80.66666666666667
265,5.0,3.098386676965933,1.7888543819998317,3.1622776601683795,1.7888543819998317,1287.2,78.4
266,11.0,4.346129984141888,3.067356324605906,4.47213595499958,3.067356324605906,568.9090909090909,80.63636363636364
267,12.0,4.47213595499958,3.265986323710904,4.47213595499958,3.265986323710904,2123.5,80.0
268,7.0,3.0237157840738176,2.799416848895061,3.1622776601683795,2.799416848895061,327.2857142857143,81.0
269,6.0,3.126943839882286,2.309401076758503,3.1622776601683795,2.309401076758503,387.8333333333333,81.16666666666667
270,56.0,12.344650852853443,7.617943601057955,12.083045973594572,7.617943601057955,511.89285714285717,83.625
271,15.0,5.9825936213138124,3.0484451785557387,6.082762530298219,3.0484451785557387,2115.3333333333335,80.93333333333334
272,12.0,5.702196280712472,2.694946261803124,5.830951894845301,2.694946261803124,2147.0833333333335,82.41666666666667
273,108.0,26.22523421903737,6.913420947433468,25.298221281347036,6.913420947433468,2405.787037037037,91.86111111111111
274,52.0,11.247961250426759,8.359768810966212,12.649110640673518,8.359768810966212,499.2692307692308,87.1923076923077
275,6.0,4.363338213437162,1.65500979239906,4.123105625617661,1.65500979239906,1807.3333333333333,82.16666666666667
276,5.0,3.098386676965933,1.7888543819998317,3.1622776601683795,1.7888543819998317,1877.2,81.4
277,126.0,28.641564990425575,11.126310875574761,26.076809620810597,11.126310875574761,348.3888888888889,91.44444444444444
278,6.0,3.126943839882286,2.309401076758503,3.1622776601683795,2.309401076758503,1221.8333333333333,82.83333333333333
279,96.0,17.84470434730674,9.575115988940093,20.591260281974,9.575115988940093,2330.9479166666665,88.35416666666667
280,24.0,7.621167908255661,4.150103043266468,8.06225774829855,4.150103043266468,322.5,85.29166666666667
281,12.0,3.8297084310253524,3.8297084310253524,4.123105625617661,3.8297084310253524,1266.5,84.5
282,76.0,17.212943843660703,7.6699503024586315,16.278820596099706,7.6699503024586315,408.5,87.94736842105263
283,31.0,7.433698357960516,5.337248967176948,8.246211251235321,5.337248967176948,2299.4193548387098,86.09677419354838
284,6.0,3.265986323710904,2.0,3.1622776601683795,2.0,2321.5,87.0
285,39.0,9.293549631623863,5.281250344238718,9.219544457292887,5.281250344238718,331.8205128205128,88.92307692307692
286,17.0,5.8487650121869175,3.6612026138446656,6.082762530298219,3.6612026138446656,1057.235294117647,88.29411764705883
287,10.0,4.098780306383839,3.0983866769659336,4.47213595499958,3.0983866769659336,1200.8,88.1
288,23.0,6.065591898075515,4.948381323597873,6.324555320336759,4.948381323597873,1489.6521739130435,89.30434782608695
289,55.0,12.8719247672061,6.03719866025785,12.806248474865697,6.03719866025785,384.72727272727275,92.23636363636363
290,17.0,7.560662487438352,2.876774081818821,7.0710678118654755,2.876774081818821,529.7647058823529,90.82352941176471
291,12.0,7.936025244754662,2.0323913072358484,7.280109889280518,2.0323913072358484,1747.3333333333333,89.16666666666667
292,9.0,3.885753375057407,2.7954428906961324,4.123105625617661,2.7954428906961324,2122.1111111111113,89.33333333333333
293,22.0,6.7414751252203455,4.062379396262226,7.0710678118654755,4.062379396262226,2339.590909090909,91.22727272727273
294,19.0,5.544698233777089,4.2956952169149805,5.830951894845301,4.2956952169149805,2395.4210526315787,90.10526315789474
295,161.0,27.46274484046619,8.489664883915124,28.635642126552707,8.489664883915124,2447.4658385093167,102.3913043478261
296,21.0,7.145518077127555,4.219389696861203,7.615773105863909,4.219389696861203,367.42857142857144,92.80952380952381
297,22.0,6.330163122833192,4.3970437245959575,6.324555320336759,4.3970437245959575,1410.3636363636363,90.86363636363636
298,303.0,29.485820066703763,15.226144831695487,31.144823004794873,15.226144831695487,2352.1716171617163,101.23102310231023
299,7.0,3.7032803990902057,2.138089935299395,3.605551275463989,2.138089935299395,360.0,91.0
300,21.0,6.258173505705088,4.157977767102647,6.324555320336759,4.157977767102647,2412.6190476190477,91.42857142857143
301,17.0,5.407484316598831,4.128298728284949,5.830951894845301,4.128298728284949,1175.9411764705883,93.47058823529412
302,59.0,20.05659965582678,8.616238226716387,18.973665961010276,8.616238226716387,2306.5593220338983,94.91525423728814
303,15.0,4.618802153517006,4.026578365477733,5.0,4.026578365477733,2225.4,93.4
304,5.0,3.098386676965933,1.7888543819998317,3.1622776601683795,1.7888543819998317,446.8,93.6
305,8.0,3.4641016151377544,2.7386127875258306,3.605551275463989,2.7386127875258306,522.875,94.125
306,8.0,4.976979969245306,1.7971283720789095,5.0990195135927845,1.7971283720789095,2385.0,94.5
307,82.0,19.442772688934472,6.989156642324234,18.027756377319946,6.989156642324234,342.4878048780488,102.09756097560975
308,9.0,3.265986323710904,3.265986323710904,3.605551275463989,3.265986323710904,2379.0,96.0
309,30.0,9.916823447506408,3.883147554910752,10.04987562112089,3.883147554910752,398.53333333333336,100.6
310,24.0,6.525967725261095,4.777908738717933,7.0710678118654755,4.777908738717933,1250.75,97.625
311,26.0,6.921870234299088,4.907923436599665,7.211102550927978,4.907923436599665,1693.576923076923,99.88461538461539
312,6.0,3.265986323710904,2.0,3.1622776601683795,2.0,2158.0,97.5
313,30.0,8.69840342949338,4.351245032554859,8.246211251235321,4.351245032554859,2363.5,100.26666666666667
314,28.0,8.246211251235321,4.20883424647321,8.06225774829855,4.20883424647321,523.5,99.5
315,23.0,7.39179666355037,3.8869054472910975,7.280109889280518,3.8869054472910975,2243.8695652173915,100.43478260869566
316,12.0,5.294328785763617,2.862220279862641,5.0990195135927845,2.862220279862641,320.75,102.08333333333333
317,7.0,3.6486656040768595,2.5058084612197167,4.0,2.5058084612197167,373.57142857142856,101.14285714285714
318,5.0,3.098386676965933,1.7888543819998317,3.1622776601683795,1.7888543819998317,335.4,101.8
319,14.0,4.742873420478221,3.6860255520522984,5.0990195135927845,3.6860255520522984,2401.214285714286,102.35714285714286
320,60.0,11.187594781174829,7.7555679433127835,11.704699910719626,7.7555679433127835,648.9666666666667,105.98333333333333
321,53.0,9.219773485730858,7.510266788769412,9.486832980505138,7.510266788769412,949.5094339622641,105.69811320754717
322,6.0,3.265986323710904,2.0,3.1622776601683795,2.0,2379.0,102.5
323,310.0,44.93619633472757,29.603144552488637,43.60045871318328,29.603144552488637,294.28387096774196,122.48064516129033
324,43.0,10.323116625647904,5.257979772596285,10.198039027185569,5.257979772596285,389.8837209302326,107.6046511627907
325,91.0,22.60092488470416,8.870427739506964,20.0,8.870427739506964,2393.021978021978,109.64835164835165
326,76.0,16.04579358245668,6.281758205194398,15.524174696260024,6.281758205194398,2777.7631578947367,109.9342105263158
327,39.0,9.293549631623863,5.281250344238719,9.219544457292887,5.281250344238719,310.0769230769231,108.17948717948718
328,5.0,3.098386676965933,1.7888543819998317,3.1622776601683795,1.7888543819998317,1229.8,104.6
329,18.0,5.258737584977436,4.268749491621899,5.385164807134504,4.268749491621899,962.5,107.22222222222223
330,5.0,5.656854249492381,0.0,5.0,0.0,2235.0,106.0
331,21.0,5.8694885268038455,4.644054804078778,6.324555320336759,4.644054804078778,1245.4761904761904,110.28571428571429
332,207.0,31.671078763228028,14.061845798477446,30.886890422961002,14.061845798477446,2490.6570048309177,121.6231884057971
333,23.0,6.687264684376521,4.4660830118026,6.708203932499369,4.4660830118026,2431.8260869565215,111.43478260869566
334,72.0,16.84891244207451,5.821412275155526,17.26267650163207,5.821412275155526,406.9583333333333,120.11111111111111
335,22.0,6.005960538612905,4.606266840617432,6.4031242374328485,4.606266840617432,537.0909090909091,112.95454545454545
336,12.0,5.076029330140736,2.983386147688169,5.0,2.983386147688169,2223.5,112.5
337,27.0,7.073823254528085,4.846277106478603,7.280109889280518,4.846277106478603,2290.8518518518517,113.88888888888889
338,26.0,7.132299563990928,4.642880402557598,7.211102550927978,4.642880402557598,2385.3846153846152,113.6923076923077
339,34.0,10.05812281033056,4.230010527376954,10.04987562112089,4.230010527376954,2403.4411764705883,115.26470588235294
340,13.0,4.318667337728677,3.6794648440311994,4.47213595499958,3.6794648440311994,2609.3846153846152,112.61538461538461
341,7.0,3.0237157840738176,2.799416848895061,3.1622776601683795,2.799416848895061,2648.285714285714,112.0
342,36.0,8.459051693633013,5.333333333333333,8.246211251235321,5.333333333333333,302.0,115.5
343,5.0,3.098386676965933,1.7888543819998317,3.1622776601683795,1.7888543819998317,523.4,113.2
344,177.0,18.231705727637603,13.24975493663888,19.313207915827967,13.24975493663888,2335.8418079096045,120.045197740113
345,19.0,6.795567362155886,3.622458182584505,6.324555320336759,3.622458182584505,2422.4210526315787,113.10526315789474
346,14.0,4.74287342047822,3.6860255520522984,5.0990195135927845,3.6860255520522984,2440.785714285714,113.35714285714286
347,13.0,5.055900530816918,3.1378581622109447,5.0990195135927845,3.1378581622109447,382.0,115.3076923076923
348,33.0,9.857975087364983,4.20539426819841,9.486832980505138,4.20539426819841,2467.909090909091,114.54545454545455
349,134.0,21.616067690312196,10.736013737180867,21.470910553583888,10.736013737180867,2791.9402985074626,123.17164179104478
350,96.0,16.271925941508595,8.273878476443107,15.811388300841896,8.273878476443107,2652.59375,122.63541666666667
351,17.0,5.181899763382574,4.041201040002321,5.385164807134504,4.041201040002321,626.4117647058823,118.11764705882354
352,53.0,8.790508923731169,7.715020523851341,9.486832980505138,7.715020523851341,649.7358490566038,119.94339622641509
353,18.0,5.258737584977436,4.268749491621899,5.385164807134504,4.268749491621899,2427.5,118.22222222222223
354,21.0,6.284044138129436,4.205939561148798,6.324555320336759,4.205939561148798,2446.4761904761904,117.9047619047619
355,114.0,15.087281815276846,10.770256601981359,17.0,10.770256601981359,2630.8333333333335,122.49122807017544
356,14.0,4.74024689744533,3.7660484032669737,5.0,3.7660484032669737,373.35714285714283,118.71428571428571
357,13.0,5.547001962252291,2.935197542821372,5.385164807134504,2.935197542821372,392.2307692307692,118.15384615384616
358,8.0,3.4641016151377544,2.7386127875258306,3.605551275463989,2.7386127875258306,1493.875,117.875
359,18.0,8.255397134479853,2.9138279737595685,7.615773105863909,2.9138279737595685,1996.111111111111,119.44444444444444
360,92.0,14.17728961566908,11.203678751443203,14.7648230602334,11.203678751443203,362.6521739130435,124.43478260869566
361,8.0,3.4641016151377544,2.7386127875258306,3.605551275463989,2.7386127875258306,427.875,120.125
362,58.0,11.513402022681012,8.001959006556007,11.180339887498949,8.001959006556007,2596.0862068965516,123.41379310344827
363,7.0,3.0237157840738176,2.799416848895061,3.1622776601683795,2.799416848895061,1131.2857142857142,121.0
364,136.0,26.462410244402772,8.023883883072957,24.331050121192877,8.023883883072957,1655.860294117647,132.8308823529412
365,43.0,10.56801651224151,6.146322134424519,11.180339887498949,6.146322134424519,2285.767441860465,124.0
366,8.0,3.4641016151377544,2.7386127875258306,3.605551275463989,2.7386127875258306,2389.875,121.125
367,25.0,9.73242004847715,3.183959798741184,9.055385138137417,3.183959798741184,2409.92,124.0
368,84.0,20.091872728729506,8.67394288505352,18.973665961010276,8.67394288505352,2610.6666666666665,128.16666666666666
369,13.0,6.587953171551761,2.6031495927703614,6.324555320336759,2.6031495927703614,1244.6923076923076,123.0
370,55.0,9.139855219977557,7.76524820052136,9.486832980505138,7.76524820052136,1852.7272727272727,124.83636363636364
371,12.0,6.831300510639732,2.0,6.082762530298219,2.0,2468.5,123.5
372,31.0,9.280480460903169,4.159120189398489,9.055385138137417,4.159120189398489,323.9032258064516,125.45161290322581
373,15.0,5.9825936213138124,3.0484451785557374,6.082762530298219,3.0484451785557374,2125.0666666666666,126.33333333333333
374,25.0,7.1797633533123895,4.599456292914678,7.280109889280518,4.599456292914678,2445.28,129.24
375,33.0,8.324532165334928,5.058215443742959,8.54400374531753,5.058215443742959,2457.969696969697,130.0909090909091
376,71.0,17.118060101788824,9.611847402864932,15.524174696260024,9.611847402864932,2747.8169014084506,134.53521126760563
377,447.0,44.63215545796865,26.134839977986307,44.598206241955516,26.134839977986307,2761.8612975391497,150.53914988814319
378,14.0,5.449353665897314,3.145851452097728,5.385164807134504,3.145851452097728,2302.0714285714284,129.85714285714286
379,19.0,5.54469823377709,4.2956952169149805,5.830951894845301,4.2956952169149805,2423.5789473684213,129.89473684210526
380,18.0,7.097764472921567,3.0939225541184827,7.0710678118654755,3.0939225541184827,2431.0555555555557,130.83333333333334
381,8.0,3.4641016151377544,2.7386127875258306,3.605551275463989,2.7386127875258306,2501.875,129.125
382,40.0,10.416384457402225,5.444165210166693,9.486832980505138,5.444165210166693,2713.025,132.125
383,21.0,5.637580414075711,4.727494722282231,6.082762530298219,4.727494722282231,1292.1904761904761,130.9047619047619
384,22.0,5.752469825293227,4.851514205136848,6.082762530298219,4.851514205136848,2704.2727272727275,131.5
385,12.0,7.825380780056434,2.491557764043972,7.211102550927978,2.491557764043972,396.5833333333333,133.16666666666666
386,5.0,3.098386676965933,1.7888543819998317,3.1622776601683795,1.7888543819998317,2386.4,130.8
387,57.0,10.505689566293327,8.471803420045301,12.0,8.471803420045301,2900.5789473684213,135.64912280701753
388,62.0,16.65848659107319,6.937023560505595,14.866068747318506,6.937023560505595,2492.967741935484,136.74193548387098
389,137.0,22.274350620235964,12.9194001183191,21.633307652783937,12.9194001183191,2577.6642335766423,139.65693430656935
390,10.0,4.09878030638384,2.9933259094191533,4.123105625617661,2.9933259094191533,2600.5,133.2
391,27.0,7.274831075586515,4.714483292147865,7.280109889280518,4.714483292147865,526.925925925926,134.96296296296296
392,14.0,5.500380504117843,3.32444533101387,5.830951894845301,3.32444533101387,536.6428571428571,134.92857142857142
393,20.0,6.965531479079344,3.831627749919703,7.280109889280518,3.831627749919703,2549.1,135.2
394,10.0,4.09878030638384,2.9933259094191533,4.123105625617661,2.9933259094191533,2859.5,134.8
395,325.0,42.56702868158004,13.025447032826719,43.68065933568311,13.025447032826719,2883.1323076923077,143.07384615384615
396,75.0,18.714237600316473,6.845564657743408,18.027756377319946,6.845564657743408,334.1333333333333,140.26666666666668
397,7.0,4.155374705678736,1.9054711331003737,4.123105625617661,1.9054711331003737,2408.5714285714284,136.71428571428572
398,30.0,8.937816846363637,4.192041006316156,9.055385138137417,4.192041006316156,2595.5666666666666,138.76666666666668
399,31.0,9.073699842654623,4.292980051325732,9.055385138137417,4.292980051325732,2619.483870967742,138.8709677419355
400,180.0,22.44648706907304,11.91055796751113,25.317977802344327,11.91055796751113,2657.0444444444443,141.11666666666667
401,30.0,7.229033763294613,5.268666683984129,7.280109889280518,5.268666683984129,2800.8333333333335,137.73333333333332
402,28.0,8.508932159111692,4.387611506973311,8.54400374531753,4.387611506973311,2811.8571428571427,137.53571428571428
403,9.0,5.274258481434536,1.946056459258261,5.0990195135927845,1.946056459258261,313.22222222222223,136.55555555555554
404,6.0,3.265986323710904,2.0,3.1622776601683795,2.0,2309.5,137.0
405,19.0,7.347338259627431,3.178877656956105,7.0710678118654755,3.178877656956105,2379.684210526316,137.0
406,7.0,3.0237157840738176,2.799416848895061,3.1622776601683795,2.799416848895061,2791.285714285714,138.0
407,12.0,3.8297084310253524,3.8297084310253524,4.123105625617661,3.8297084310253524,281.5,139.5
408,7.0,8.0,0.0,7.0,0.0,363.0,138.0
409,13.0,4.318667337728677,3.6794648440311994,4.47213595499958,3.6794648440311994,409.38461538461536,139.6153846153846
410,104.0,14.468733147118359,9.499166462608308,14.866068747318506,9.499166462608308,2963.625,146.17307692307693
411,26.0,12.772167347346004,2.9061496431584453,12.041594578792296,2.9061496431584453,377.0769230769231,145.03846153846155
412,12.0,3.8297084310253524,3.8297084310253524,4.123105625617661,3.8297084310253524,448.5,141.5
413,10.0,4.09878030638384,2.9933259094191533,4.123105625617661,2.9933259094191533,1382.2,141.5
414,135.0,16.145141979884873,12.505373914119408,17.46424919657298,12.505373914119408,2706.074074074074,147.53333333333333
415,23.0,7.208432285542979,4.063849713650666,7.280109889280518,4.063849713650666,2018.3478260869565,143.65217391304347
416,12.0,3.8297084310253524,3.8297084310253524,4.123105625617661,3.8297084310253524,2459.5,142.5
417,13.0,7.374559389423114,2.2519980270076925,6.708203932499369,2.2519980270076925,2606.3846153846152,143.53846153846155
418,11.0,5.0559593483889005,2.688989307749465,5.0990195135927845,2.688989307749465,415.90909090909093,142.8181818181818
419,114.0,16.99974443524397,10.940607885024287,18.439088914585774,10.940607885024287,2784.4298245614036,150.35087719298247
420,9.0,4.312594463574638,2.66092866090476,4.47213595499958,2.66092866090476,2910.1111111111113,142.77777777777777
421,9.0,3.885753375057407,2.7954428906961324,4.123105625617661,2.7954428906961324,3006.3333333333335,142.88888888888889
422,12.0,3.8297084310253524,3.8297084310253524,4.123105625617661,3.8297084310253524,2531.5,144.5
423,14.0,4.742873420478221,3.686025552052299,5.0990195135927845,3.686025552052299,2633.3571428571427,144.78571428571428
424,67.0,16.07553722836813,5.740113286959525,14.560219778561036,5.740113286959525,2799.597014925373,145.0
425,12.0,4.47213595499958,3.265986323710904,4.47213595499958,3.265986323710904,2841.5,144.0
426,142.0,19.882885281376996,15.669049661149051,21.470910553583888,15.669049661149051,2860.478873239437,150.6549295774648
427,134.0,18.61602657917245,9.775243389229278,18.384776310850235,9.775243389229278,2939.208955223881,150.1044776119403
428,201.0,20.14957036609576,14.096879930831761,21.02379604162864,14.096879930831761,3154.587064676617,151.60199004975124
429,95.0,20.25156002763006,10.092578145439926,18.384776310850235,10.092578145439926,2641.926315789474,153.7578947368421
430,231.0,32.30893462984652,15.887853601124926,31.04834939252005,15.887853601124926,2813.753246753247,154.41991341991343
431,12.0,6.831300510639732,2.0,6.082762530298219,2.0,419.5,146.5
432,13.0,4.318667337728677,3.6794648440311994,4.47213595499958,3.6794648440311994,2569.3846153846152,147.3846153846154
433,12.0,4.268749491621899,3.8297084310253524,4.47213595499958,3.8297084310253524,3022.8333333333335,147.5
434,75.0,17.64056598131935,6.092949356323131,16.492422502470642,6.092949356323131,423.0,151.52
435,7.0,3.7032803990902057,2.138089935299395,3.605551275463989,2.138089935299395,438.0,148.0
436,14.0,5.449353665897314,3.1458514520977277,5.385164807134504,3.1458514520977277,2751.9285714285716,149.14285714285714
437,14.0,4.20883424647321,4.120630029101703,4.47213595499958,4.120630029101703,2845.5,148.28571428571428
438,27.0,7.207461842732501,4.907130386264938,7.280109889280518,4.907130386264938,2915.0,149.62962962962962
439,12.0,4.464216783173839,3.409739589526534,4.47213595499958,3.409739589526534,2418.3333333333335,149.5
440,79.0,23.440049413769525,5.918130291154246,21.37755832643195,5.918130291154246,2603.0379746835442,157.9620253164557
441,305.0,26.908011854132074,15.777598511836295,26.92582403567252,15.777598511836295,1653.2196721311475,163.29180327868852
442,5.0,3.098386676965933,1.7888543819998317,3.1622776601683795,1.7888543819998317,2697.4,149.8
443,23.0,6.041438422612472,4.879655796198477,6.324555320336759,4.879655796198477,315.39130434782606,151.65217391304347
444,20.0,11.149677635142849,2.3589592265224457,10.198039027185569,2.3589592265224457,2574.35,154.1
445,33.0,10.497672221176177,5.014485726484521,10.295630140987,5.014485726484521,2621.3636363636365,154.78787878787878
446,11.0,4.346129984141888,3.067356324605906,4.47213595499958,3.067356324605906,3017.3636363636365,150.9090909090909
447,15.0,5.44427222102846,3.5295435627168024,6.0,3.5295435627168024,1073.1333333333334,153.46666666666667
448,58.0,14.428416548095361,9.064787903940342,13.416407864998739,9.064787903940342,2564.844827586207,156.18965517241378
449,31.0,9.86256028811949,4.083855461067653,9.219544457292887,4.083855461067653,2630.3548387096776,155.4516129032258
450,5.0,5.656854249492381,0.0,5.0,0.0,2654.0,153.0
451,42.0,9.680288646823803,6.05394816282442,9.486832980505138,6.05394816282442,2716.5714285714284,154.38095238095238
452,148.0,21.928995108607246,9.731874709434688,21.37755832643195,9.731874709434688,2929.060810810811,160.95945945945945
453,39.0,12.081365625616172,4.428982280571151,12.041594578792296,4.428982280571151,344.71794871794873,156.53846153846155
454,12.0,6.289791763513158,2.4932503583514882,6.082762530298219,2.4932503583514882,2551.8333333333335,152.66666666666666
455,26.0,7.829493173053266,4.139674682338879,8.06225774829855,4.139674682338879,2611.423076923077,155.26923076923077
456,27.0,8.10657537289386,4.1634349018271735,8.246211251235321,4.1634349018271735,3003.4814814814813,155.85185185185185
457,25.0,6.687593551728714,4.934054366023596,7.0710678118654755,4.934054366023596,3205.44,155.36
458,42.0,8.726336523322058,6.251405907877537,8.94427190999916,6.251405907877537,1714.0,156.47619047619048
459,96.0,15.472198741632859,8.625198676582794,16.1245154965971,8.625198676582794,2534.9479166666665,159.85416666666666
460,24.0,7.103819664052353,4.565227457222551,7.280109889280518,4.565227457222551,2593.375,155.33333333333334
461,24.0,7.780977749291874,4.107682063121661,7.615773105863909,4.107682063121661,262.75,157.375
462,16.0,5.267826876426369,4.0,5.385164807134504,4.0,2352.375,155.5
463,77.0,15.377723994764619,7.031137053316035,15.231546211727817,7.031137053316035,2664.7272727272725,158.7922077922078
464,96.0,23.611057775755256,7.488572267050379,21.93171219946131,7.488572267050379,2878.1875,158.38541666666666
465,31.0,7.461114499974051,5.4322840559454235,7.615773105863909,5.4322840559454235,2913.4193548387098,157.1290322580645
466,10.0,3.919183588453085,3.0983866769659336,4.123105625617661,3.0983866769659336,446.8,156.0
467,8.0,4.47213595499958,2.0,4.123105625617661,2.0,1176.5,156.5
468,77.0,18.736612959337425,6.052802404723736,17.72004514666935,6.052802404723736,312.5844155844156,159.45454545454547
469,8.0,3.4641016151377544,2.7386127875258306,3.605551275463989,2.7386127875258306,391.125,156.875
470,63.0,10.533547060541899,7.819601983927489,11.180339887498949,7.819601983927489,616.6825396825396,159.66666666666666
471,8.0,3.8888437389046198,2.6223833385648136,4.123105625617661,2.6223833385648136,2920.25,157.75
472,7.0,3.0237157840738176,2.799416848895061,3.1622776601683795,2.799416848895061,433.7142857142857,158.0
473,7.0,3.0237157840738176,2.799416848895061,3.1622776601683795,2.799416848895061,2407.285714285714,158.0
474,19.0,5.84502823813456,4.110208831745895,6.082762530298219,4.110208831745895,2513.315789473684,159.1578947368421
475,47.0,12.17204327488278,6.963578851309853,11.180339887498949,6.963578851309853,2842.0425531914893,160.48936170212767
476,13.0,4.8357641986159114,3.440104580768907,5.0,3.440104580768907,2894.769230769231,158.76923076923077
477,14.0,4.74287342047822,3.6860255520522984,5.0990195135927845,3.6860255520522984,2981.785714285714,158.64285714285714
478,5.0,3.098386676965933,1.7888543819998317,3.1622776601683795,1.7888543819998317,1222.6,158.8
479,6.0,3.1269438398822857,2.309401076758503,3.1622776601683795,2.309401076758503,2521.1666666666665,159.83333333333334
480,38.0,12.482566636139982,4.503915315146887,11.40175425099138,4.503915315146887,2997.9210526315787,163.52631578947367
481,123.0,21.56867728923616,12.583429265644368,21.840329667841555,12.583429265644368,3020.9349593495936,167.15447154471545
482,9.0,3.885753375057407,2.7954428906961324,4.123105625617661,2.7954428906961324,3221.8888888888887,160.33333333333334
483,73.0,20.384968520134816,5.760177843415572,19.235384061671343,5.760177843415572,297.43835616438355,168.84931506849315
484,10.0,4.381780460041329,2.6832815729997477,4.47213595499958,2.6832815729997477,437.0,161.5
485,53.0,9.30985179101076,7.623542513979339,10.198039027185569,7.623542513979339,2710.867924528302,164.32075471698113
486,49.0,13.427916651150774,5.04565667127679,13.0,5.04565667127679,2799.387755102041,163.77551020408163
487,13.0,4.318667337728677,3.6794648440311994,4.47213595499958,3.6794648440311994,2886.3846153846152,161.3846153846154
488,9.0,3.265986323710904,3.265986323710904,3.605551275463989,3.265986323710904,351.0,162.0
489,10.0,3.9191835884530852,3.0983866769659336,4.123105625617661,3.0983866769659336,2305.0,162.2
490,86.0,18.26135607509042,6.847200206242069,17.0,6.847200206242069,2726.0581395348836,167.7093023255814
491,28.0,8.437327153167212,4.149659477081632,8.246211251235321,4.149659477081632,2821.5,164.28571428571428
492,15.0,6.791134621996741,2.8402741439135504,6.324555320336759,2.8402741439135504,2915.8,162.2
493,9.0,3.885753375057407,2.7954428906961324,4.123105625617661,2.7954428906961324,1086.111111111111,164.66666666666666
494,24.0,6.109587177964963,5.05312335352673,6.324555320336759,5.05312335352673,3197.6666666666665,165.70833333333334
495,28.0,7.370878217725672,4.942191451195868,7.280109889280518,4.942191451195868,495.57142857142856,167.03571428571428
496,19.0,5.84502823813456,4.110208831745895,6.082762530298219,4.110208831745895,2900.842105263158,165.68421052631578
497,48.0,15.083379343716034,4.828158242850461,13.92838827718412,4.828158242850461,3028.6041666666665,169.97916666666666
498,11.0,3.9999999999999996,3.468869823334348,4.123105625617661,3.468869823334348,347.6363636363636,166.45454545454547
499,8.0,4.47213595499958,2.0,4.123105625617661,2.0,432.5,165.5
500,13.0,6.767447900705303,2.4664358325269884,6.082762530298219,2.4664358325269884,459.61538461538464,167.3846153846154
501,5.0,3.098386676965933,1.7888543819998317,3.1622776601683795,1.7888543819998317,2338.4,166.2
502,56.0,15.308160655476211,5.577561916999836,14.317821063276353,5.577561916999836,2652.1428571428573,171.82142857142858
503,12.0,4.47213595499958,3.265986323710904,4.47213595499958,3.265986323710904,3040.5,167.0
504,9.0,3.885753375057407,2.7954428906961324,4.123105625617661,2.7954428906961324,3150.6666666666665,166.88888888888889
505,43.0,14.067747126661802,4.12462099494717,13.0,4.12462099494717,2643.767441860465,172.04651162790697
506,5.0,3.098386676965933,1.7888543819998317,3.1622776601683795,1.7888543819998317,2846.6,167.8
507,45.0,10.597149714874133,5.41207366702756,10.198039027185569,5.41207366702756,2987.777777777778,168.88888888888889
508,6.0,3.265986323710904,2.0,3.1622776601683795,2.0,2592.5,169.0
509,26.0,7.829493173053267,4.13967468233888,8.06225774829855,4.13967468233888,3155.423076923077,171.73076923076923
510,137.0,15.995096254371083,11.602085371650123,17.0,11.602085371650123,621.992700729927,175.5036496350365
511,27.0,7.340649541467454,4.8615588621330765,7.615773105863909,4.8615588621330765,2450.3703703703704,171.59259259259258
512,28.0,6.850780405061453,5.2765820419763845,7.280109889280518,5.2765820419763845,2461.5714285714284,172.0
513,58.0,17.608709869275764,4.778809771026773,15.297058540778355,4.778809771026773,2965.2413793103447,176.1206896551724
514,36.0,10.519822558706334,4.268749491621899,10.04987562112089,4.268749491621899,251.5,171.5
515,12.0,3.8297084310253524,3.8297084310253524,4.123105625617661,3.8297084310253524,1123.5,171.5
516,13.0,5.328287442446824,3.169735438983623,5.385164807134504,3.169735438983623,2440.230769230769,172.07692307692307
517,18.0,5.258737584977436,4.268749491621899,5.385164807134504,4.268749491621899,3000.777777777778,171.5
518,5.0,3.098386676965933,1.7888543819998317,3.1622776601683795,1.7888543819998317,267.8,171.4
519,6.0,3.265986323710904,2.0,3.1622776601683795,2.0,1182.0,171.5
520,74.0,19.000341295626846,6.087818787469691,17.46424919657298,6.087818787469691,2507.9594594594596,178.67567567567568
521,6.0,3.265986323710904,2.0,3.1622776601683795,2.0,2521.0,171.5
522,45.0,13.531457061845293,4.557117960336863,13.038404810405298,4.557117960336863,2910.4,173.17777777777778
523,20.0,5.894111444352154,4.411286692287972,6.082762530298219,4.411286692287972,2112.45,174.4
524,13.0,4.318667337728677,3.6794648440311994,4.47213595499958,3.6794648440311994,2771.3846153846152,173.6153846153846
525,8.0,3.4641016151377544,2.7386127875258306,3.605551275463989,2.7386127875258306,2933.875,173.875
526,10.0,4.09878030638384,2.9933259094191533,4.123105625617661,2.9933259094191533,3059.5,174.2
527,88.0,16.8637951893098,9.703071776280751,18.027756377319946,9.703071776280751,3225.6363636363635,182.9318181818182
528,19.0,6.622348419446912,3.5634980050433045,6.708203932499369,3.5634980050433045,2778.4736842105262,176.6315789473684
529,47.0,11.192702789973513,5.32306239016575,11.045361017187261,5.32306239016575,3005.872340425532,179.0
530,332.0,41.188153525112476,22.473834618555774,41.23105625617661,22.473834618555774,262.0090361445783,186.01506024096386
531,18.0,5.258737584977436,4.268749491621899,5.385164807134504,4.268749491621899,259.5,176.77777777777777
532,22.0,6.107778821811488,4.658680320288244,6.324555320336759,4.658680320288244,2599.681818181818,176.72727272727272
533,6.0,3.8297084310253524,1.8856180831641272,4.0,1.8856180831641272,2926.3333333333335,176.5
534,32.0,9.38083151964686,4.242640687119285,9.055385138137417,4.242640687119285,3032.5,179.0
535,35.0,10.11371236711564,4.406507908896854,9.486832980505138,4.406507908896854,306.54285714285714,179.88571428571427
536,8.0,3.9722133299273006,2.6403638502198645,4.123105625617661,2.6403638502198645,325.625,177.25
537,138.0,24.776176252804124,11.741686346113044,25.179356624028344,11.741686346113044,342.34057971014494,189.3840579710145
538,36.0,8.793005430285884,5.75672177774988,9.433981132056603,5.75672177774988,1386.0277777777778,179.88888888888889
539,6.0,3.265986323710904,2.0,3.1622776601683795,2.0,2568.5,177.0
540,36.0,10.557924718733078,6.256797070720954,10.816653826391969,6.256797070720954,2897.4444444444443,178.66666666666666
541,5.0,2.5298221281347035,2.5298221281347035,3.0,2.5298221281347035,2953.0,177.0
542,6.0,3.265986323710904,2.0,3.1622776601683795,2.0,2990.0,176.5
543,26.0,7.549442551621722,4.332347027793453,7.280109889280518,4.332347027793453,3163.5,179.23076923076923
544,17.0,5.181899763382574,4.041201040002321,5.385164807134504,4.041201040002321,3217.4117647058824,177.88235294117646
545,20.0,6.6559430149377405,3.8908125863245457,6.708203932499369,3.8908125863245457,1373.85,178.75
546,78.0,20.630146197128735,6.315501745440832,19.235384061671343,6.315501745440832,3109.576923076923,184.62820512820514
547,10.0,4.477016006518516,2.8768607330520872,4.47213595499958,2.8768607330520872,2552.8,179.3
548,12.0,6.831300510639732,2.0,6.082762530298219,2.0,2819.5,178.5
549,33.0,7.463180301119416,5.722679209252405,7.615773105863909,5.722679209252405,379.8181818181818,182.21212121212122
550,21.0,7.942636766117542,3.3817248781696065,8.06225774829855,3.3817248781696065,2479.4761904761904,180.85714285714286
551,6.0,3.9999999999999996,1.632993161855452,4.123105625617661,1.632993161855452,2726.5,181.5
552,10.0,4.09878030638384,2.9933259094191533,4.123105625617661,2.9933259094191533,2782.8,181.5
553,25.0,7.648960617957299,4.093580518926958,8.06225774829855,4.093580518926958,2979.16,181.52
554,5.0,3.098386676965933,1.7888543819998317,3.1622776601683795,1.7888543819998317,352.8,181.6
555,8.0,3.4641016151377544,2.7386127875258306,3.605551275463989,2.7386127875258306,401.125,181.875
556,13.0,4.296689244236598,3.9041777047536987,4.47213595499958,3.9041777047536987,2653.769230769231,182.6153846153846
557,25.0,7.930640799029909,4.590526823444367,7.615773105863909,4.590526823444367,2872.56,184.28
558,8.0,3.4641016151377544,2.7386127875258306,3.605551275463989,2.7386127875258306,2888.875,181.875
559,39.0,8.852109971595567,6.98710499636763,9.486832980505138,6.98710499636763,3170.769230769231,184.84615384615384
560,10344.0,147.45099895766728,125.81287321250294,162.50538452617502,125.81287321250294,1401.1200696055685,278.31119489559165
561,10.0,5.075562357094393,2.560989410217543,5.0990195135927845,2.560989410217543,3077.7,182.7
562,12.0,3.8297084310253524,3.8297084310253524,4.123105625617661,3.8297084310253524,1379.5,184.5
563,38.0,10.0,4.959671153427263,9.486832980505138,4.959671153427263,2666.342105263158,186.73684210526315
564,59.0,15.603047323345224,6.86833631863791,14.422205101855956,6.86833631863791,3023.2033898305085,188.77966101694915
565,451.0,54.8337661873941,21.813991076574823,52.49761899362675,21.813991076574823,3203.951219512195,201.38359201773835
566,384.0,51.23075232740324,18.397053408847572,48.83646178829912,18.397053408847572,3257.2317708333335,202.15625
567,98.0,21.108506537521325,6.619318311762723,21.02379604162864,6.619318311762723,235.77551020408163,193.29591836734693
568,29.0,7.405832080434374,5.118595956065557,7.615773105863909,5.118595956065557,313.41379310344826,186.06896551724137
569,8.0,3.4641016151377544,2.7386127875258306,3.605551275463989,2.7386127875258306,360.125,185.125
570,5.0,3.098386676965933,1.7888543819998317,3.1622776601683795,1.7888543819998317,2712.6,185.2
571,9.0,3.885753375057407,2.7954428906961324,4.123105625617661,2.7954428906961324,2916.3333333333335,185.11111111111111
572,34.0,7.327893771288151,6.022239683090647,7.615773105863909,6.022239683090647,2928.4117647058824,186.8235294117647
573,13.0,4.318667337728677,3.6794648440311994,4.47213595499958,3.6794648440311994,3038.3846153846152,185.3846153846154
574,32.0,12.411180705764874,5.116770806753973,10.770329614269007,5.116770806753973,3058.96875,185.78125
575,24.0,7.118052168020874,4.163331998932265,7.0710678118654755,4.163331998932265,2691.5,188.0
576,10.0,4.09878030638384,2.9933259094191533,4.123105625617661,2.9933259094191533,2704.5,185.8
577,10.0,6.0,1.959591794226542,6.0,1.959591794226542,2759.6,187.5
578,8.0,4.47213595499958,2.0,4.123105625617661,2.0,1339.5,186.5
579,5.0,5.656854249492381,0.0,5.0,0.0,1355.0,186.0
580,8.0,3.4641016151377544,2.7386127875258306,3.605551275463989,2.7386127875258306,2632.875,186.875
581,16.0,4.47213595499958,4.47213595499958,5.0,4.47213595499958,2651.5,187.5
582,10.0,4.09878030638384,2.9933259094191533,4.123105625617661,2.9933259094191533,2504.5,189.2
583,232.0,32.75535306221537,13.768557352614469,35.12833614050059,13.768557352614469,244.54310344827587,205.74137931034483
584,59.0,12.477822943492495,6.990081952906367,12.206555615733702,6.990081952906367,1650.3728813559321,193.3050847457627
585,22.0,6.991061992671318,4.4071048178802785,7.211102550927978,4.4071048178802785,2560.8636363636365,191.4090909090909
586,13.0,5.967366459522713,2.749933666636242,6.082762530298219,2.749933666636242,2735.769230769231,191.30769230769232
587,8.0,3.4641016151377544,2.7386127875258306,3.605551275463989,2.7386127875258306,2936.125,190.125
588,6.0,3.265986323710904,2.0,3.1622776601683795,2.0,3033.0,189.5
589,29.0,10.02887575847686,4.182178444097836,9.486832980505138,4.182178444097836,3236.310344827586,191.27586206896552
590,95.0,17.70073918421319,10.135927087742278,17.46424919657298,10.135927087742278,297.22105263157897,199.02105263157895
591,5.0,3.098386676965933,1.7888543819998317,3.1622776601683795,1.7888543819998317,2655.4,191.2
592,9.0,6.586417573021536,1.685623260404093,6.324555320336759,1.685623260404093,2824.0,192.33333333333334
593,33.0,10.400306439869173,4.174215604266525,9.848857801796104,4.174215604266525,283.24242424242425,194.6969696969697
594,66.0,14.673076428334191,7.052681326631884,13.601470508735444,7.052681326631884,307.8333333333333,198.24242424242425
595,9.0,3.885753375057407,2.7954428906961324,4.123105625617661,2.7954428906961324,2625.1111111111113,192.33333333333334
596,11.0,3.9999999999999996,3.468869823334348,4.123105625617661,3.468869823334348,3041.6363636363635,192.54545454545453
597,17.0,11.170914764462367,2.232104303722055,9.486832980505138,2.232104303722055,3151.6470588235293,195.0
598,36.0,7.981212046502545,5.9205861777796756,8.602325267042627,5.9205861777796756,328.6111111111111,194.19444444444446
599,32.0,9.38083151964686,4.242640687119285,9.055385138137417,4.242640687119285,1387.5,196.0
600,9.0,3.885753375057407,2.7954428906961324,4.123105625617661,2.7954428906961324,1401.3333333333333,193.11111111111111
601,21.0,8.226004473807071,3.123601555590147,8.06225774829855,3.123601555590147,2811.3333333333335,193.04761904761904
602,25.0,6.687593551728714,4.934054366023596,7.0710678118654755,4.934054366023596,3091.64,193.56
603,17.0,6.585670706008097,3.1796084995103278,6.324555320336759,3.1796084995103278,255.05882352941177,195.64705882352942
604,17.0,6.585670706008097,3.1796084995103278,6.324555320336759,3.1796084995103278,319.94117647058823,195.35294117647058
605,12.0,6.831300510639732,2.0,6.082762530298219,2.0,533.5,195.5
606,68.0,10.175757127506492,8.553353098928046,10.770329614269007,8.553353098928046,624.5294117647059,197.38235294117646
607,23.0,8.879990161010365,3.210955619125892,8.246211251235321,3.210955619125892,1379.6521739130435,193.95652173913044
608,6.0,3.265986323710904,2.0,3.1622776601683795,2.0,2945.0,193.5
609,41.0,12.379490672701454,6.631982347952823,13.0,6.631982347952823,3059.1951219512193,198.97560975609755
610,39.0,11.41483527389734,5.055382674603953,10.295630140987,5.055382674603953,3119.974358974359,197.76923076923077
611,24.0,5.5377492419453835,5.5377492419453835,6.082762530298219,5.5377492419453835,275.5,197.5
612,8.0,3.4641016151377544,2.7386127875258306,3.605551275463989,2.7386127875258306,2582.125,196.125
613,39.0,10.777605462808712,5.082717385148702,10.44030650891055,5.082717385148702,1330.4871794871794,199.2051282051282
614,10.0,4.098780306383839,3.0983866769659336,4.47213595499958,3.0983866769659336,2613.8,197.1
615,13.0,4.318667337728677,3.6794648440311994,4.47213595499958,3.6794648440311994,3046.3846153846152,197.6153846153846
616,29.0,9.67965340036835,3.985992827891812,9.219544457292887,3.985992827891812,3109.793103448276,197.93103448275863
617,46.0,9.725720758746656,6.165039271573933,10.198039027185569,6.165039271573933,358.5217391304348,200.30434782608697
618,26.0,8.046255508678572,4.388367838850767,8.246211251235321,4.388367838850767,1310.1153846153845,198.92307692307693
619,41.0,16.419750131420223,5.3349790940026,14.212670403551895,5.3349790940026,2946.0,202.17073170731706
620,8.0,4.507893913753563,2.104493398028036,4.47213595499958,2.104493398028036,3166.25,197.875
621,103.0,22.5160807431233,8.233799533033762,21.540659228538015,8.233799533033762,3239.766990291262,206.3009708737864
622,13.0,6.01840342143666,3.0055379097030204,6.324555320336759,3.0055379097030204,2541.0,199.69230769230768
623,5.0,3.098386676965933,1.7888543819998317,3.1622776601683795,1.7888543819998317,225.2,199.6
624,65.0,19.77262802945492,5.115088225473317,19.6468827043885,5.115088225473317,1373.076923076923,208.56923076923076
625,33.0,8.478996332014475,5.100649996267294,8.602325267042627,5.100649996267294,349.06060606060606,203.24242424242425
626,32.0,9.38083151964686,4.242640687119285,9.055385138137417,4.242640687119285,371.5,204.0
627,60.0,17.466694390377633,4.52095471306615,16.1245154965971,4.52095471306615,394.93333333333334,207.98333333333332
628,9.0,5.274258481434536,1.946056459258261,5.0990195135927845,1.946056459258261,401.77777777777777,200.44444444444446
629,21.0,6.110100926607786,4.288887713980078,6.4031242374328485,4.288887713980078,2741.1428571428573,201.85714285714286
630,162.0,20.670915063698416,10.842625660456187,21.540659228538015,10.842625660456187,2893.9938271604938,209.9506172839506
631,89.0,16.375051521079953,9.357903089078526,16.1245154965971,9.357903089078526,286.29213483146066,206.4943820224719
632,32.0,10.69940322857671,4.526756073870368,9.848857801796104,4.526756073870368,3067.59375,204.84375
633,7.0,4.155374705678736,1.9054711331003737,4.123105625617661,1.9054711331003737,3184.714285714286,201.42857142857142
634,10.0,4.079215610874227,3.224903099319419,4.123105625617661,3.224903099319419,2578.6,203.5
635,9.0,4.25044367047193,2.612014068307059,4.47213595499958,2.612014068307059,3081.0,203.33333333333334
636,31.0,9.57439716930119,4.436394394466018,9.486832980505138,4.436394394466018,203.38709677419354,205.70967741935485
637,6.0,3.265986323710904,2.0,3.1622776601683795,2.0,3097.0,203.5
638,6.0,3.265986323710904,2.0,3.1622776601683795,2.0,768.5,205.0
639,34.0,12.857491995234104,4.070288998789572,12.36931687685298,4.070288998789572,1345.2058823529412,205.8235294117647
640,118.0,21.6719888591406,7.579985686203255,21.95449840010015,7.579985686203255,3160.593220338983,210.20338983050848
641,14.0,5.018775010702015,3.5736649346885305,5.385164807134504,3.5736649346885305,3190.714285714286,205.78571428571428
642,13.0,6.803329105713765,2.3656647869217795,6.324555320336759,2.3656647869217795,383.46153846153845,205.92307692307693
643,41.0,11.019676514304587,5.6128661751669915,10.816653826391969,5.6128661751669915,986.8780487804878,209.6341463414634
644,123.0,15.347877778654377,10.542395319672137,16.401219466856727,10.542395319672137,1601.6747967479675,211.6910569105691
645,113.0,17.568406813819262,12.891609334218998,18.788294228055936,12.891609334218998,226.86725663716814,212.93805309734512
646,32.0,8.678958674616535,4.747109786417246,9.055385138137417,4.747109786417246,275.25,209.40625
647,39.0,9.293549631623863,5.281250344238719,9.219544457292887,5.281250344238719,331.1794871794872,209.07692307692307
648,40.0,10.248995118809274,4.923220394683106,10.198039027185569,4.923220394683106,1012.4,209.1
649,28.0,7.341762457444981,4.892367393433266,7.280109889280518,4.892367393433266,1333.6785714285713,210.17857142857142
650,29.0,8.504440860756826,4.2611318058210035,8.246211251235321,4.2611318058210035,307.44827586206895,211.6206896551724
651,25.0,7.2290435607232135,4.594619592215033,7.211102550927978,4.594619592215033,362.8,209.88
652,11.0,4.51260859854213,2.9541957835039856,5.0,2.9541957835039856,377.0,209.0
653,11.0,6.410747983365109,1.9649396885733192,6.082762530298219,1.9649396885733192,1130.4545454545455,211.72727272727272
654,8.0,4.507893913753563,2.104493398028036,4.47213595499958,2.104493398028036,3007.875,210.75
655,26.0,6.007884366082042,5.547001962252291,6.708203932499369,5.547001962252291,3070.0,212.1153846153846
656,14.0,4.20883424647321,4.120630029101703,4.47213595499958,4.120630029101703,3173.714285714286,211.5
657,13.0,5.055900530816918,3.1378581622109447,5.0990195135927845,3.1378581622109447,347.0,213.30769230769232
658,8.0,4.47213595499958,2.0,4.123105625617661,2.0,426.5,211.5
659,60.0,9.61897651246892,8.267188274357997,10.295630140987,8.267188274357997,995.0333333333333,215.33333333333334
660,14.0,4.742873420478221,3.686025552052299,5.0990195135927845,3.686025552052299,281.35714285714283,214.21428571428572
661,7.0,3.0237157840738176,2.799416848895061,3.1622776601683795,2.799416848895061,381.7142857142857,214.0
662,6.0,3.1269438398822857,2.309401076758503,3.1622776601683795,2.309401076758503,2925.1666666666665,213.83333333333334
663,8.0,4.47213595499958,2.0,4.123105625617661,2.0,3107.5,213.5
664,5.0,2.5298221281347035,2.5298221281347035,3.0,2.5298221281347035,3190.0,214.0
665,5.0,3.098386676965933,1.7888543819998317,3.1622776601683795,1.7888543819998317,2952.6,214.8
666,14.0,4.780914437337574,3.5456210417116734,5.0,3.5456210417116734,206.5,216.5
667,6.0,3.1269438398822857,2.309401076758503,3.1622776601683795,2.309401076758503,249.16666666666666,216.16666666666666
668,68.0,18.115007058603588,5.642658845926908,16.76305461424021,5.642658845926908,260.1029411764706,218.72058823529412
669,14.0,4.20883424647321,4.120630029101703,4.47213595499958,4.120630029101703,293.7142857142857,216.5
670,49.0,15.356635495600104,4.519621010329944,14.560219778561036,4.519621010329944,3077.204081632653,221.0612244897959
671,7.0,4.155374705678736,1.9054711331003737,4.123105625617661,1.9054711331003737,3157.4285714285716,216.71428571428572
672,11.0,5.196736578748781,2.5652886368981065,5.385164807134504,2.5652886368981065,3222.090909090909,217.27272727272728
673,38.0,9.210977432561535,5.191085476184401,10.0,5.191085476184401,3230.0,219.5
674,24.0,6.247108760764933,4.9245720533820805,6.324555320336759,4.9245720533820805,314.7083333333333,218.20833333333334
675,27.0,7.938275297929308,4.2650812833134,8.06225774829855,4.2650812833134,403.3703703703704,217.4814814814815
676,54.0,11.609656753285977,6.0485426921812495,11.704699910719626,6.0485426921812495,1326.2592592592594,220.33333333333334
677,18.0,7.097764472921567,3.0939225541184827,7.0710678118654755,3.0939225541184827,1334.9444444444443,219.16666666666666
678,49.0,14.464974488001054,4.769470970282136,13.038404810405298,4.769470970282136,3095.183673469388,220.3469387755102
679,8.0,3.4641016151377544,2.7386127875258306,3.605551275463989,2.7386127875258306,3101.875,217.125
680,6.0,3.1269438398822857,2.309401076758503,3.1622776601683795,2.309401076758503,3178.1666666666665,217.16666666666666
681,6.0,3.265986323710904,2.0,3.1622776601683795,2.0,1003.0,217.5
682,50.0,10.898043565226143,6.24594640150178,11.180339887498949,6.24594640150178,3247.28,221.02
683,21.0,5.5692312854981045,4.822894035696703,5.830951894845301,4.822894035696703,2981.1428571428573,221.33333333333334
684,79.0,19.415174759183422,6.407479691137127,17.46424919657298,6.407479691137127,3199.7088607594937,223.45569620253164
685,6.0,3.265986323710904,2.0,3.1622776601683795,2.0,323.5,222.0
686,5.0,3.098386676965933,1.7888543819998317,3.1622776601683795,1.7888543819998317,2623.8,221.4
687,7.0,3.0237157840738176,2.799416848895061,3.1622776601683795,2.799416848895061,249.28571428571428,223.0
688,32.0,9.069160816544807,4.648623138483947,9.219544457292887,4.648623138483947,208.375,227.15625
689,13.0,4.318667337728677,3.6794648440311994,4.47213595499958,3.6794648440311994,273.38461538461536,224.6153846153846
690,113.0,19.716923657589767,11.304709176117075,18.384776310850235,11.304709176117075,294.353982300885,228.20353982300884
691,14.0,4.20883424647321,4.120630029101703,4.47213595499958,4.120630029101703,356.5,224.28571428571428
692,194.0,25.159838281005488,11.66255400880203,25.298221281347036,11.66255400880203,1278.7164948453608,231.7422680412371
693,7.0,3.0237157840738176,2.799416848895061,3.1622776601683795,2.799416848895061,3169.285714285714,224.0
694,124.0,19.60419821672802,11.904540149498317,18.439088914585774,11.904540149498317,250.08064516129033,231.1048387096774
695,30.0,8.937816846363637,4.192041006316156,9.055385138137417,4.192041006316156,1353.5666666666666,227.76666666666668
696,14.0,8.0,2.0,7.0710678118654755,2.0,3127.5,227.0
697,6.0,6.831300510639732,0.0,6.0,0.0,2712.0,227.5
698,27.0,7.336335848663945,4.684254121230105,7.280109889280518,4.684254121230105,745.7777777777778,227.74074074074073
699,5.0,5.656854249492381,0.0,5.0,0.0,755.0,227.0
700,20.0,8.442088138841395,3.1386538286395065,8.246211251235321,3.1386538286395065,1391.7,228.8
701,10.0,4.079215610874228,3.22490309931942,4.123105625617661,3.22490309931942,491.5,229.6
702,23.0,6.667281608803803,4.352291467154875,6.708203932499369,4.352291467154875,3067.608695652174,229.56521739130434
703,6.0,3.265986323710904,2.0,3.1622776601683795,2.0,1321.0,229.5
704,10.0,3.919183588453085,3.0983866769659336,4.123105625617661,3.0983866769659336,2143.8,230.0
705,5.0,3.098386676965933,1.7888543819998317,3.1622776601683795,1.7888543819998317,1144.6,232.2
706,51.0,9.62849606325928,6.882846117156009,10.198039027185569,6.882846117156009,3243.764705882353,235.33333333333334
707,14.0,10.593535747935737,2.3950332003287547,9.219544457292887,2.3950332003287547,3158.1428571428573,233.5
708,9.0,3.885753375057407,2.7954428906961324,4.123105625617661,2.7954428906961324,3185.3333333333335,232.88888888888889
709,31.0,6.867805940657944,5.795037629249588,7.280109889280518,5.795037629249588,329.6774193548387,236.4516129032258
710,13.0,6.587953171551761,2.6031495927703614,6.324555320336759,2.6031495927703614,1437.6923076923076,237.0
711,53.0,8.466124479927979,8.130831762348105,9.219544457292887,8.130831762348105,345.49056603773585,239.30188679245282
712,155.0,30.91876368903552,12.654621211153263,25.0,12.654621211153263,1314.832258064516,243.8774193548387
713,38.0,11.797596517732634,4.16250065413107,11.180339887498949,4.16250065413107,204.8684210526316,237.73684210526315
714,18.0,5.28913906753229,4.283222569354137,5.385164807134504,4.283222569354137,465.1666666666667,238.27777777777777
715,14.0,4.20883424647321,4.120630029101703,4.47213595499958,4.120630029101703,721.5,237.71428571428572
716,9.0,4.277662731533559,2.643019518000728,4.123105625617661,2.643019518000728,3103.6666666666665,237.55555555555554
717,5.0,3.098386676965933,1.7888543819998317,3.1622776601683795,1.7888543819998317,3144.4,237.2
718,62.0,11.969895467301654,7.3018364690898245,12.083045973594572,7.3018364690898245,263.96774193548384,242.74193548387098
719,6.0,3.265986323710904,2.0,3.1622776601683795,2.0,275.5,239.0
720,3959.0,82.75395196721473,63.30369116121112,91.28526715741155,63.30369116121112,751.2513260924476,270.7810053043698
721,27.0,9.191189500809756,4.102855227733257,9.219544457292887,4.102855227733257,3213.4444444444443,244.37037037037038
722,29.0,6.278954609436001,5.818841337079276,6.708203932499369,5.818841337079276,1037.4137931034484,243.72413793103448
723,9.0,3.885753375057407,2.7954428906961324,4.123105625617661,2.7954428906961324,1295.111111111111,242.66666666666666
724,30.0,9.438415105630412,4.144164339355454,8.94427190999916,4.144164339355454,3259.733333333333,243.56666666666666
725,14.0,4.20883424647321,4.120630029101703,4.47213595499958,4.120630029101703,1336.2857142857142,243.5
726,8.0,3.4641016151377544,2.8284271247461903,4.0,2.8284271247461903,3230.0,243.5
727,10.0,3.919183588453085,3.0983866769659336,4.123105625617661,3.0983866769659336,298.8,246.0
728,14.0,4.20883424647321,4.120630029101703,4.47213595499958,4.120630029101703,276.5,248.28571428571428
729,19.0,7.600917787302088,3.673519681669959,7.211102550927978,3.673519681669959,362.2631578947368,248.94736842105263
730,29.0,8.372754176818516,4.381803048780465,8.54400374531753,4.381803048780465,1447.2413793103449,250.3448275862069
731,11.0,7.000091071529563,1.904422265109768,7.0,1.904422265109768,270.3636363636364,250.8181818181818
732,10.0,3.919183588453085,3.0983866769659336,4.123105625617661,3.0983866769659336,285.8,249.0
733,6.0,3.265986323710904,2.0,3.1622776601683795,2.0,309.5,249.0
734,26.0,7.850310698909535,4.427571700306583,8.06225774829855,4.427571700306583,1459.5384615384614,250.69230769230768
735,6.0,3.8297084310253524,1.8856180831641272,4.0,1.8856180831641272,1067.5,249.33333333333334
736,20.0,8.356771064486272,3.027272266540453,8.06225774829855,3.027272266540453,1309.9,251.95
737,7.0,3.0237157840738176,2.799416848895061,3.1622776601683795,2.799416848895061,3162.714285714286,254.0
738,15.0,5.215498621614658,3.7283771738060287,5.385164807134504,3.7283771738060287,701.6,255.73333333333332
739,302.0,37.48392572816823,13.875251770148397,37.69615364994153,13.875251770148397,1335.1523178807947,261.6456953642384
740,33.0,7.691002220225602,5.461275309609119,7.615773105863909,5.461275309609119,264.8787878787879,259.0
741,12.0,3.8297084310253524,3.8297084310253524,4.123105625617661,3.8297084310253524,3114.5,257.5
742,8.0,3.9722133299273006,2.6403638502198645,4.123105625617661,2.6403638502198645,3262.375,257.25
743,26.0,7.829493173053266,4.13967468233888,8.06225774829855,4.13967468233888,1379.2692307692307,259.5769230769231
744,5.0,3.098386676965933,1.7888543819998317,3.1622776601683795,1.7888543819998317,207.2,259.6
745,8.0,3.4641016151377544,3.3166247903554,4.123105625617661,3.3166247903554,305.75,260.5
746,19.0,6.007929625764467,3.9363446638591832,6.082762530298219,3.9363446638591832,1309.421052631579,261.57894736842104
747,10.0,3.9191835884530852,3.0983866769659336,4.123105625617661,3.0983866769659336,1774.0,263.2
748,38.0,10.322317352656235,4.861336231512541,9.486832980505138,4.861336231512541,234.3684210526316,267.13157894736844
749,9.0,3.885753375057407,2.7954428906961324,4.123105625617661,2.7954428906961324,281.1111111111111,264.6666666666667
750,205.0,24.215768501122298,19.92810113963502,25.96150997149434,19.92810113963502,216.6341463414634,272.1219512195122
751,14.0,7.017298793846583,2.6462077766235543,6.324555320336759,2.6462077766235543,1298.2857142857142,266.2142857142857
752,26.0,7.549442551621722,4.332347027793453,7.280109889280518,4.332347027793453,1323.2307692307693,267.5
753,10.0,4.09878030638384,2.9933259094191533,4.123105625617661,2.9933259094191533,2753.2,267.5
754,22.0,6.995672033882734,4.0394023247825235,7.211102550927978,4.0394023247825235,267.22727272727275,269.22727272727275
755,12.0,6.831300510639732,2.0,6.082762530298219,2.0,347.5,267.5
756,22.0,6.4666979068286325,4.271760045262084,6.324555320336759,4.271760045262084,245.63636363636363,271.5
757,8.0,4.1204045563213505,2.4025541184843804,4.123105625617661,2.4025541184843804,1292.625,271.25
758,6.0,3.265986323710904,2.0,3.1622776601683795,2.0,1329.0,270.5
759,7.0,4.155374705678736,1.9054711331003737,4.123105625617661,1.9054711331003737,312.57142857142856,272.7142857142857
760,14.0,4.742873420478221,3.686025552052299,5.0990195135927845,3.686025552052299,1353.357142857143,272.7857142857143
761,5.0,4.0,1.3856406460551023,3.605551275463989,1.3856406460551023,1374.8,272.2
762,42.0,12.319607354339825,4.281539796021848,12.041594578792296,4.281539796021848,1337.7380952380952,273.45238095238096
763,29.0,8.504440860756826,4.2611318058210035,8.246211251235321,4.2611318058210035,2802.448275862069,275.62068965517244
764,37.0,7.855667795322814,6.2026252069093895,8.54400374531753,6.2026252069093895,204.8918918918919,277.6756756756757
765,91.0,16.32498832137633,9.460141292468963,15.652475842498529,9.460141292468963,234.6813186813187,280.2967032967033
766,977.0,40.897524593088846,31.64336927522515,44.82186966202994,31.64336927522515,436.4503582395087,296.06550665301944
767,6.0,3.265986323710904,2.0,3.1622776601683795,2.0,246.0,280.5
768,49.0,11.159679104499363,5.727943264939541,10.44030650891055,5.727943264939541,1316.7551020408164,282.0612244897959
769,8.0,4.898979485566356,1.9364916731037085,5.0,1.9364916731037085,3144.625,282.0
770,30.0,7.986125008080744,5.161354970653064,8.246211251235321,5.161354970653064,223.43333333333334,285.8333333333333
771,12.0,3.8297084310253524,3.8297084310253524,4.123105625617661,3.8297084310253524,241.5,283.5
772,27.0,8.530838610363105,4.736525007550153,8.602325267042627,4.736525007550153,248.77777777777777,285.0
773,12.0,3.8297084310253524,3.8297084310253524,4.123105625617661,3.8297084310253524,346.5,283.5
774,87.0,17.947013658738687,7.638384476204348,17.26267650163207,7.638384476204348,2807.597701149425,291.48275862068965
775,16.0,4.898979485566356,4.0,5.0990195135927845,4.0,177.5,290.0
776,14.0,6.264461571686437,2.903444610220591,6.082762530298219,2.903444610220591,214.85714285714286,290.0
777,120.0,18.139825105840217,11.26208341770326,17.72004514666935,11.26208341770326,235.95833333333334,293.8833333333333
778,5.0,3.098386676965933,1.7888543819998317,3.1622776601683795,1.7888543819998317,278.4,291.8
779,7.0,3.0237157840738176,2.799416848895061,3.1622776601683795,2.799416848895061,2604.714285714286,294.0
780,7.0,5.044815499854966,1.8123273572878917,4.47213595499958,1.8123273572878917,260.42857142857144,296.14285714285717
781,84.0,13.139438684527335,12.066672456071828,15.132745950421556,12.066672456071828,184.42857142857142,304.26190476190476
782,73.0,11.666855766353036,8.825664730248675,12.206555615733702,8.825664730248675,172.2054794520548,302.7808219178082
783,48.0,13.430070709247675,5.623105179144239,12.36931687685298,5.623105179144239,248.35416666666666,302.0208333333333
784,16.0,5.291502622129181,3.872983346207417,6.0,3.872983346207417,259.5,300.75
785,6.0,3.1269438398822857,2.309401076758503,3.1622776601683795,2.309401076758503,273.1666666666667,299.8333333333333
786,56.0,15.030889681437735,6.6827456990615905,13.416407864998739,6.6827456990615905,2927.0535714285716,304.32142857142856
787,29.0,11.6799575969937,3.579169925784078,11.045361017187261,3.579169925784078,283.48275862068965,306.51724137931035
788,10.0,3.919183588453085,3.0983866769659336,4.123105625617661,3.0983866769659336,1207.8,305.0
789,12.0,6.831300510639732,2.0,6.082762530298219,2.0,203.5,306.5
790,36.0,9.044176820987271,5.283835256083656,9.219544457292887,5.283835256083656,220.72222222222223,308.80555555555554
791,42.0,14.663984815069748,3.7587959609202137,13.152946437965905,3.7587959609202137,237.1904761904762,307.2142857142857
792,9.0,3.885753375057407,2.7954428906961324,4.123105625617661,2.7954428906961324,719.1111111111111,309.3333333333333
793,170.0,22.90608671765193,11.158817991394553,23.769728648009426,11.158817991394553,950.4823529411765,313.83529411764704
794,8.0,3.4641016151377544,2.7386127875258306,3.605551275463989,2.7386127875258306,2802.875,309.125
795,8.0,3.4641016151377544,2.7386127875258306,3.605551275463989,2.7386127875258306,520.875,310.125
796,9.0,4.312594463574638,2.660928660904759,4.47213595499958,2.660928660904759,246.11111111111111,311.22222222222223
797,121.0,23.676305587086034,10.787489115316031,21.95449840010015,10.787489115316031,196.58677685950414,316.45454545454544
798,7.0,3.685706545597305,2.822514422975452,4.123105625617661,2.822514422975452,256.42857142857144,312.42857142857144
799,26.0,7.927449707667483,4.178903377693128,8.06225774829855,4.178903377693128,352.2307692307692,313.34615384615387
800,6.0,3.265986323710904,2.0,3.1622776601683795,2.0,273.0,312.5
801,58.0,11.562223429723863,7.2626048573209685,11.704699910719626,7.2626048573209685,2911.5344827586205,315.8965517241379
802,15.0,6.822412295180275,2.7643004795498793,7.0710678118654755,2.7643004795498793,1323.8,317.2
803,17.0,5.181899763382574,4.041201040002321,5.385164807134504,4.041201040002321,1031.4117647058824,316.88235294117646
804,67.0,13.627647085217268,6.661991711334682,13.892443989449804,6.661991711334682,415.1194029850746,321.1940298507463
805,14.0,9.768754855587861,1.9794866372215747,8.06225774829855,1.9794866372215747,1339.5,318.42857142857144
806,14.0,5.449353665897314,3.1458514520977277,5.385164807134504,3.1458514520977277,183.92857142857142,321.14285714285717
807,66.0,16.35768191523483,6.4984407206538775,15.264337522473747,6.4984407206538775,927.0,324.030303030303
808,6.0,3.265986323710904,2.0,3.1622776601683795,2.0,209.0,321.5
809,7.0,3.5820700954176696,2.4713456540351717,3.605551275463989,2.4713456540351717,832.1428571428571,322.2857142857143
810,6.0,3.6514837167011076,2.10818510677892,3.605551275463989,2.10818510677892,1337.6666666666667,323.3333333333333
811,13.0,4.318667337728677,3.6794648440311994,4.47213595499958,3.6794648440311994,214.3846153846154,325.61538461538464
812,76.0,15.972879162926988,7.437278711063226,15.524174696260024,7.437278711063226,185.06578947368422,328.9736842105263
813,6.0,3.9999999999999996,1.632993161855452,4.123105625617661,1.632993161855452,240.5,325.5
814,20.0,5.700651850964227,4.388914270534128,5.830951894845301,4.388914270534128,225.25,328.95
815,10.0,4.381780460041329,2.6832815729997477,4.47213595499958,2.6832815729997477,1981.0,328.5
816,67.0,9.872092977446677,8.677664457714572,10.295630140987,8.677664457714572,203.044776119403,331.44776119402985
817,7.0,3.5820700954176696,2.4713456540351717,3.605551275463989,2.4713456540351717,3262.1428571428573,329.2857142857143
818,14.0,4.622586516683976,4.073190097361144,5.385164807134504,4.073190097361144,1456.357142857143,331.0
819,47.0,12.901160728778676,5.9324000281309415,11.704699910719626,5.9324000281309415,232.7659574468085,336.78723404255317
820,11.0,6.410747983365109,1.964939688573319,6.082762530298219,1.964939688573319,1892.5454545454545,339.72727272727275
821,16.0,5.0942109424386555,3.9747974632600163,5.385164807134504,3.9747974632600163,275.625,340.0
822,13.0,4.748377429419916,3.5597537413447733,5.0990195135927845,3.5597537413447733,301.9230769230769,342.15384615384613
823,6.0,3.126943839882286,2.309401076758503,3.1622776601683795,2.309401076758503,275.8333333333333,345.1666666666667
824,14.0,4.74287342047822,3.6860255520522984,5.0990195135927845,3.6860255520522984,232.78571428571428,347.64285714285717
825,12.0,4.47213595499958,3.265986323710904,4.47213595499958,3.265986323710904,388.5,348.0
826,49.0,12.045732873873634,5.215540293761818,11.40175425099138,5.215540293761818,202.28571428571428,353.0816326530612
827,7.0,3.0237157840738176,2.799416848895061,3.1622776601683795,2.799416848895061,422.2857142857143,352.0
828,35.0,10.730465967463664,4.111700343281452,10.198039027185569,4.111700343281452,228.45714285714286,355.62857142857143
829,8.0,4.47213595499958,2.345207879911715,4.47213595499958,2.345207879911715,1773.625,357.875
830,8.0,3.4641016151377544,2.8284271247461903,4.0,2.8284271247461903,555.5,358.0
831,27.0,8.74040824259194,4.7204771322820145,9.219544457292887,4.7204771322820145,2737.925925925926,359.22222222222223
832,11.0,5.196736578748781,2.5652886368981056,5.385164807134504,2.5652886368981056,520.9090909090909,359.72727272727275
833,20.0,6.0,4.09878030638384,6.082762530298219,4.09878030638384,317.5,363.5
834,26.0,6.9196048449194265,5.0489454201106545,7.211102550927978,5.0489454201106545,276.0769230769231,365.15384615384613
835,175.0,17.84486882021996,14.343784960505484,19.697715603592208,14.343784960505484,2728.102857142857,369.62285714285713
836,25.0,5.887478237751711,5.4258639865002145,6.324555320336759,5.4258639865002145,227.4,365.56
837,13.0,4.318667337728677,3.6794648440311994,4.47213595499958,3.6794648440311994,200.3846153846154,365.61538461538464
838,14.0,5.018775010702015,3.5736649346885305,5.385164807134504,3.5736649346885305,206.71428571428572,365.7857142857143
839,55.0,10.466206391726637,6.743592842612717,10.770329614269007,6.743592842612717,2741.109090909091,370.8363636363636
840,30.0,8.937816846363637,4.192041006316156,9.055385138137417,4.192041006316156,195.56666666666666,370.76666666666665
841,6.0,3.265986323710904,2.0,3.1622776601683795,2.0,311.0,367.5
842,18.0,5.900439563226915,3.893600082530547,6.082762530298219,3.893600082530547,526.7777777777778,368.77777777777777
843,12.0,4.379650052432559,3.672238021274514,4.47213595499958,3.672238021274514,2786.75,368.75
844,32.0,9.38083151964686,4.242640687119285,9.055385138137417,4.242640687119285,187.5,372.0
845,26.0,7.829493173053267,4.13967468233888,8.06225774829855,4.13967468233888,219.42307692307693,371.7307692307692
846,8.0,3.9722133299273006,2.6403638502198645,4.123105625617661,2.6403638502198645,785.375,371.75
847,6.0,3.126943839882286,2.309401076758503,3.1622776601683795,2.309401076758503,1803.8333333333333,373.8333333333333
848,144.0,35.36822438564038,9.868071101475852,33.13608305156178,9.868071101475852,252.84722222222223,388.2361111111111
849,68.0,19.697715603592208,4.365641250653994,18.027756377319946,4.365641250653994,179.5,383.5
850,10.0,4.079215610874227,3.224903099319419,4.123105625617661,3.224903099319419,2115.5,377.4
851,13.0,4.3616645597524775,3.7565911332956423,4.47213595499958,3.7565911332956423,2736.5384615384614,378.84615384615387
852,47.0,8.847597439276884,7.416702767525307,9.486832980505138,7.416702767525307,240.7872340425532,382.0851063829787
853,44.0,9.617798670785342,6.2689394334928545,9.848857801796104,6.2689394334928545,264.1818181818182,381.95454545454544
854,12.0,5.485458865381723,2.649689066157795,5.385164807134504,2.649689066157795,231.08333333333334,381.0833333333333
855,9.0,4.618802153517006,2.351778943168525,4.47213595499958,2.351778943168525,3218.4444444444443,379.8888888888889
856,5.0,3.098386676965933,1.7888543819998317,3.1622776601683795,1.7888543819998317,1869.6,380.8
857,13.0,4.706787243316417,3.508232077228117,5.0990195135927845,3.508232077228117,2722.230769230769,381.84615384615387
858,33.0,7.618317973814528,5.5938261939933085,8.06225774829855,5.5938261939933085,2986.818181818182,383.3333333333333
859,16.0,7.792844766310255,2.6733070246776496,7.0710678118654755,2.6733070246776496,276.1875,382.6875
860,5.0,3.098386676965933,1.7888543819998317,3.1622776601683795,1.7888543819998317,224.2,384.4
861,12.0,3.8297084310253524,3.8297084310253524,4.123105625617661,3.8297084310253524,1189.5,386.5
862,5.0,3.098386676965933,1.7888543819998317,3.1622776601683795,1.7888543819998317,1272.4,386.2
863,17.0,8.743491482770793,3.320452549521101,7.615773105863909,3.320452549521101,304.3529411764706,388.7647058823529
864,11.0,4.346129984141888,3.067356324605906,4.47213595499958,3.067356324605906,581.9090909090909,388.3636363636364
865,68.0,16.113004435299796,7.0466179896621695,14.422205101855956,7.0466179896621695,160.48529411764707,392.9117647058824
866,32.0,12.913508071484218,3.732132002985953,11.704699910719626,3.732132002985953,143.9375,393.875
867,19.0,5.82062203221556,4.312402283149799,6.324555320336759,4.312402283149799,365.1578947368421,391.89473684210526
868,5.0,3.098386676965933,1.7888543819998317,3.1622776601683795,1.7888543819998317,262.8,390.4
869,58.0,13.09809212649657,6.777772425719635,12.206555615733702,6.777772425719635,223.0344827586207,394.5
870,23.0,6.041438422612472,4.879655796198477,6.324555320336759,4.879655796198477,195.6086956521739,393.6521739130435
871,15.0,9.142536533340367,2.142849391421262,8.246211251235321,2.142849391421262,183.66666666666666,396.3333333333333
872,10.0,4.541385054734408,2.774134420794162,4.47213595499958,2.774134420794162,2359.2,394.3
873,12.0,3.8297084310253524,3.8297084310253524,4.123105625617661,3.8297084310253524,818.5,395.5
874,10.0,5.656854249492381,2.0,5.0990195135927845,2.0,1963.5,396.0
875,17.0,6.581770869225052,3.273361315398147,6.4031242374328485,3.273361315398147,247.05882352941177,398.8235294117647
876,8.0,3.4641016151377544,2.8284271247461903,4.0,2.8284271247461903,265.0,398.5
877,23.0,6.7489989016348035,4.468031016043397,7.280109889280518,4.468031016043397,302.5217391304348,400.2608695652174
878,6.0,3.265986323710904,2.0,3.1622776601683795,2.0,660.0,398.5
879,10.0,4.0,3.149603149604724,4.123105625617661,3.149603149604724,177.3,400.3
880,87.0,11.597738105944991,9.566923683169442,12.206555615733702,9.566923683169442,210.64367816091954,403.58620689655174
881,6.0,3.265986323710904,2.0,3.1622776601683795,2.0,320.5,401.0
882,12.0,4.418071998329192,3.3718731747306854,4.47213595499958,3.3718731747306854,348.4166666666667,402.75
883,25.0,10.696150929472397,3.9934390309539927,9.433981132056603,3.9934390309539927,188.88,404.72
884,7.0,8.0,0.0,7.0,0.0,235.0,402.0
885,15.0,8.174122130049518,2.59087172432825,7.615773105863909,2.59087172432825,2243.9333333333334,406.0
886,14.0,6.05122561235416,2.849098535667036,6.082762530298219,2.849098535667036,275.85714285714283,407.57142857142856
887,5.0,3.098386676965933,1.7888543819998317,3.1622776601683795,1.7888543819998317,199.4,406.8
888,35.0,9.872740750913666,4.677869114565285,10.04987562112089,4.677869114565285,225.45714285714286,411.6
889,11.0,4.51260859854213,2.9541957835039856,5.0,2.9541957835039856,294.0,410.0
890,13.0,4.318667337728677,3.6794648440311994,4.47213595499958,3.6794648440311994,177.3846153846154,411.61538461538464
891,101.0,21.244056668198187,7.150429408845937,19.313207915827967,7.150429408845937,183.34653465346534,416.1485148514852
892,6.0,3.265986323710904,2.0,3.1622776601683795,2.0,433.0,411.5
893,13.0,4.835764198615911,3.4401045807689066,5.0,3.4401045807689066,200.23076923076923,414.7692307692308
894,31.0,9.280480460903169,4.15912018939849,9.055385138137417,4.15912018939849,211.09677419354838,417.5483870967742
895,8.0,3.4641016151377544,2.8284271247461903,4.0,2.8284271247461903,323.5,418.0
896,28.0,6.6689151776387465,6.092405689721709,7.280109889280518,6.092405689721709,246.89285714285714,421.17857142857144
897,6.0,3.265986323710904,2.0,3.1622776601683795,2.0,289.0,419.5
898,32.0,12.522069820490417,4.236480545306811,10.770329614269007,4.236480545306811,261.75,425.375
899,11.0,3.8138503569823694,3.6725472503134826,4.123105625617661,3.6725472503134826,2450.181818181818,422.1818181818182
900,105.0,15.512160228425625,8.7861262396662,16.15549442140351,8.7861262396662,180.45714285714286,429.34285714285716
901,5.0,3.098386676965933,1.7888543819998317,3.1622776601683795,1.7888543819998317,241.4,423.8
902,5.0,3.098386676965933,1.7888543819998317,3.1622776601683795,1.7888543819998317,2640.6,424.2
903,6.0,3.265986323710904,2.0,3.1622776601683795,2.0,281.0,424.5
904,5.0,3.098386676965933,1.7888543819998317,3.1622776601683795,1.7888543819998317,402.2,425.4
905,11.0,6.410747983365109,1.9649396885733192,6.082762530298219,1.9649396885733192,2827.2727272727275,425.45454545454544
906,58.0,13.216331441656747,8.498257392303723,12.36931687685298,8.498257392303723,202.77586206896552,432.13793103448273
907,85.0,14.762296986081203,13.219179188640322,14.866068747318506,13.219179188640322,220.23529411764707,437.67058823529413
908,24.0,9.3616047299166,3.1445404526863565,9.055385138137417,3.1445404526863565,285.0416666666667,435.1666666666667
909,26.0,8.207156924406826,4.286068812915709,8.246211251235321,4.286068812915709,2014.576923076923,435.96153846153845
910,8.0,3.4641016151377544,2.7386127875258306,3.605551275463989,2.7386127875258306,259.125,436.875
911,5.0,3.098386676965933,1.7888543819998317,3.1622776601683795,1.7888543819998317,2521.2,437.6
912,10.0,3.9191835884530852,3.0983866769659336,4.123105625617661,3.0983866769659336,184.2,440.0
913,31.0,8.582013580273145,5.158611223482694,9.219544457292887,5.158611223482694,3148.2258064516127,442.19354838709677
914,61.0,14.744839980623851,5.909108460525617,14.142135623730951,5.909108460525617,170.27868852459017,446.0655737704918
915,43.0,9.035041519328239,6.127122660706417,9.486832980505138,6.127122660706417,230.34883720930233,443.8139534883721
916,5.0,3.098386676965933,1.7888543819998317,3.1622776601683795,1.7888543819998317,238.6,441.2
917,14.0,4.736736307736684,3.8560927893333474,5.0990195135927845,3.8560927893333474,2146.5714285714284,441.35714285714283
918,9.0,3.885753375057407,2.7954428906961324,4.123105625617661,2.7954428906961324,2428.1111111111113,441.6666666666667
919,27.0,8.399836532989692,4.098204965830745,9.055385138137417,4.098204965830745,245.5185185185185,445.8888888888889
920,8.0,4.47213595499958,2.0,4.123105625617661,2.0,2715.5,443.5
921,35.0,10.057639720808021,4.466268768873243,10.198039027185569,4.466268768873243,210.77142857142857,445.9142857142857
922,10.0,3.9191835884530852,3.0983866769659336,4.123105625617661,3.0983866769659336,2032.0,445.8
923,5.0,3.098386676965933,1.7888543819998317,3.1622776601683795,1.7888543819998317,3056.8,445.6
924,13.0,6.05146522335812,2.8400984460105683,6.082762530298219,2.8400984460105683,263.61538461538464,448.46153846153845
925,7.0,4.155374705678736,1.9054711331003737,4.123105625617661,1.9054711331003737,1134.4285714285713,448.7142857142857
926,11.0,4.629794335505376,3.1259584100192797,5.0990195135927845,3.1259584100192797,2663.3636363636365,448.90909090909093
927,5.0,3.098386676965933,1.7888543819998317,3.1622776601683795,1.7888543819998317,1395.6,449.2
928,58.0,11.300130435083446,6.690919793214745,11.40175425099138,6.690919793214745,219.79310344827587,453.37931034482756
929,17.0,6.977662992015562,3.1088840998543237,7.0710678118654755,3.1088840998543237,239.8235294117647,451.70588235294116
930,8.0,3.4641016151377544,2.7386127875258306,3.605551275463989,2.7386127875258306,2722.125,454.125
931,11.0,4.346129984141888,3.067356324605906,4.47213595499958,3.067356324605906,3254.909090909091,454.3636363636364
932,338.0,35.7568930833575,25.2806737607494,36.89173349139343,25.2806737607494,197.87573964497042,474.9881656804734
933,40.0,7.911301030767716,6.47466725018156,8.602325267042627,6.47466725018156,710.625,457.05
934,8.0,3.4641016151377544,2.7386127875258306,3.605551275463989,2.7386127875258306,249.125,457.125
935,7.0,3.0237157840738176,2.799416848895061,3.1622776601683795,2.799416848895061,3234.714285714286,457.0
936,92.0,17.131010893684365,8.607109909648099,16.492422502470642,8.607109909648099,172.52173913043478,465.19565217391306
937,18.0,5.258737584977436,4.268749491621899,5.385164807134504,4.268749491621899,216.77777777777777,459.5
938,21.0,6.09107946640365,4.545149955960138,6.324555320336759,4.545149955960138,3029.809523809524,461.85714285714283
939,7.0,3.0237157840738176,2.7994168488950604,3.1622776601683795,2.7994168488950604,254.0,461.7142857142857
940,10.0,6.218285588473019,1.9730495027213006,5.830951894845301,1.9730495027213006,1505.5,462.7
941,31.0,9.39203027299633,4.348737233968125,9.055385138137417,4.348737233968125,200.58064516129033,466.0
942,14.0,4.780914437337574,3.5456210417116734,5.0,3.5456210417116734,745.5,463.5
943,6.0,3.1269438398822857,2.309401076758503,3.1622776601683795,2.309401076758503,2614.1666666666665,465.1666666666667
944,9156.0,160.21175883675443,85.63093439513673,180.94197965093673,85.63093439513673,2097.7541502839667,539.3042813455658
945,18.0,10.434605264691484,2.982748857656397,10.198039027185569,2.982748857656397,247.5,470.0
946,6.0,3.6514837167011076,2.10818510677892,3.605551275463989,2.10818510677892,2777.6666666666665,469.6666666666667
947,7.0,4.155374705678736,1.9054711331003737,4.123105625617661,1.9054711331003737,3203.4285714285716,471.2857142857143
948,5.0,3.098386676965933,1.7888543819998317,3.1622776601683795,1.7888543819998317,160.2,472.6
949,8.0,4.1204045563213505,2.4025541184843804,4.123105625617661,2.4025541184843804,2888.75,473.625
950,7.0,3.7032803990902057,2.6802375770419595,4.123105625617661,2.6802375770419595,3076.714285714286,473.42857142857144
951,11.0,6.410747983365109,1.9649396885733192,6.082762530298219,1.9649396885733192,239.45454545454547,475.27272727272725
952,15.0,5.9825936213138124,3.0484451785557374,6.082762530298219,3.0484451785557374,2614.0666666666666,475.3333333333333
953,223.0,22.00850764237253,16.494890783436308,22.561028345356956,16.494890783436308,173.7354260089686,481.9641255605381
954,9.0,3.885753375057407,2.7954428906961324,4.123105625617661,2.7954428906961324,2775.1111111111113,477.6666666666667
955,8.0,3.4641016151377544,2.7386127875258306,3.605551275463989,2.7386127875258306,2011.125,478.125
956,8.0,3.4641016151377544,2.7386127875258306,3.605551275463989,2.7386127875258306,2485.875,477.875
957,12.0,8.150049730330068,1.8315204533186535,8.0,1.8315204533186535,343.6666666666667,481.1666666666667
958,9.0,4.988876515698588,2.2662308949301266,5.0990195135927845,2.2662308949301266,2951.8888888888887,478.6666666666667
959,8.0,3.4641016151377544,2.7386127875258306,3.605551275463989,2.7386127875258306,137.125,479.875
960,18.0,5.258737584977436,4.268749491621899,5.385164807134504,4.268749491621899,2099.5,480.77777777777777
961,12.0,3.8297084310253524,3.8297084310253524,4.123105625617661,3.8297084310253524,2012.5,482.5
962,18.0,5.258737584977436,4.268749491621899,5.385164807134504,4.268749491621899,142.22222222222223,483.5
963,20.0,6.318163432630155,4.029988937773296,6.324555320336759,4.029988937773296,158.5,483.8
964,5.0,3.098386676965933,1.7888543819998317,3.1622776601683795,1.7888543819998317,2032.8,483.6
965,6.0,3.265986323710904,2.0,3.1622776601683795,2.0,2200.0,483.5
966,117.0,19.20198154032608,10.659450545484239,20.8806130178211,10.659450545484239,217.77777777777777,490.55555555555554
967,35.0,12.296541905987858,4.644236719344193,10.770329614269007,4.644236719344193,136.88571428571427,487.6
968,5.0,3.098386676965933,1.7888543819998317,3.1622776601683795,1.7888543819998317,731.4,485.8
969,5.0,3.335641688875783,2.0575457524521585,3.1622776601683795,2.0575457524521585,2380.8,486.0
970,13.0,4.893866668307499,3.7562269141336495,5.0990195135927845,3.7562269141336495,2522.923076923077,487.0
971,5.0,3.098386676965933,1.7888543819998317,3.1622776601683795,1.7888543819998317,2732.8,485.6
972,8.0,3.4641016151377544,2.8284271247461903,4.0,2.8284271247461903,3078.0,486.5
973,9.0,3.265986323710904,3.265986323710904,3.605551275463989,3.265986323710904,153.0,487.0
974,5.0,3.098386676965933,1.7888543819998317,3.1622776601683795,1.7888543819998317,198.6,486.8
975,5.0,3.098386676965933,1.7888543819998317,3.1622776601683795,1.7888543819998317,2103.2,486.4
976,6.0,3.8297084310253524,1.8856180831641265,3.605551275463989,1.8856180831641265,183.83333333333334,489.0
977,16.0,7.050941567744672,2.9426557746787685,7.0710678118654755,2.9426557746787685,2222.9375,489.6875
978,5.0,3.098386676965933,1.7888543819998317,3.1622776601683795,1.7888543819998317,2278.4,488.8
979,51.0,12.234474568138133,6.803784847475086,12.083045973594572,6.803784847475086,2615.7450980392155,492.3137254901961
980,16.0,8.365651378276668,2.6487500858211726,7.615773105863909,2.6487500858211726,3009.0,491.25
981,27.0,6.72068065232787,5.050208431791945,6.708203932499369,5.050208431791945,2003.4074074074074,491.48148148148147
982,20.0,6.0,4.09878030638384,6.082762530298219,4.09878030638384,2651.5,491.5
983,20.0,6.0,4.09878030638384,6.082762530298219,4.09878030638384,2507.5,491.5
984,34.0,11.256742027723375,4.277398688937424,10.44030650891055,4.277398688937424,168.38235294117646,497.2352941176471
985,5.0,3.098386676965933,1.7888543819998317,3.1622776601683795,1.7888543819998317,1331.8,493.4
986,13.0,4.3616645597524775,3.7565911332956423,4.47213595499958,3.7565911332956423,1997.5384615384614,494.15384615384613
987,9.0,4.25044367047193,2.612014068307059,4.47213595499958,2.612014068307059,2259.3333333333335,494.0
988,5.0,2.5298221281347035,2.5298221281347035,3.0,2.5298221281347035,2662.0,494.0
989,6.0,3.9999999999999996,1.632993161855452,4.123105625617661,1.632993161855452,3080.5,494.5
990,8.0,4.47213595499958,2.0,4.123105625617661,2.0,728.5,496.5
991,16.0,6.705926673379754,3.1965680739277165,6.708203932499369,3.1965680739277165,2560.3125,498.125
992,17.0,6.585670706008097,3.1796084995103278,6.324555320336759,3.1796084995103278,175.05882352941177,499.6470588235294
993,60.0,12.40535178735592,6.2713211729401515,13.152946437965905,6.2713211729401515,196.28333333333333,499.4
994,26.0,5.950486032558066,5.5746679790749045,6.324555320336759,5.5746679790749045,618.3076923076923,499.5
995,12.0,3.8297084310253524,3.8297084310253524,4.123105625617661,3.8297084310253524,593.5,499.5
996,44.0,12.58639895524571,5.39014245818745,12.36931687685298,5.39014245818745,2240.090909090909,502.95454545454544
997,14.0,4.74287342047822,3.6860255520522984,5.0990195135927845,3.6860255520522984,2757.785714285714,499.35714285714283
998,34.0,9.34471488567677,4.919930433463145,9.433981132056603,4.919930433463145,2369.6176470588234,503.02941176470586
999,40.0,8.378837305202435,6.644929300823899,8.94427190999916,6.644929300823899,2713.95,503.5
1000,6.0,3.1269438398822857,2.309401076758503,3.1622776601683795,2.309401076758503,1846.1666666666667,501.8333333333333
1001,8.0,3.4641016151377544,2.8284271247461903,4.0,2.8284271247461903,2301.5,502.0
1002,51.0,13.229317295300723,5.6596540944892615,13.038404810405298,5.6596540944892615,2624.9803921568628,506.98039215686276
1003,15.0,4.9746021616473675,3.7712361663282534,5.0990195135927845,3.7712361663282534,2473.4,505.06666666666666
1004,37.0,15.741174755759372,4.47694412560875,13.601470508735444,4.47694412560875,219.21621621621622,505.56756756756755
1005,12.0,4.167620293867669,3.631321610887408,4.47213595499958,3.631321610887408,506.6666666666667,505.25
1006,26.0,7.605665904189708,4.307692307692308,7.280109889280518,4.307692307692308,747.6153846153846,507.0
1007,23.0,8.879990161010365,3.210955619125894,8.246211251235321,3.210955619125894,2412.9565217391305,507.6521739130435
1008,16.0,5.291502622129181,3.872983346207417,6.0,3.872983346207417,208.25,507.5
1009,8.0,3.4641016151377544,2.8284271247461903,4.0,2.8284271247461903,2502.0,507.5
1010,2257.0,106.86147110822313,40.26074397219379,100.16985574512923,40.26074397219379,720.3681878599912,555.9144882587506
1011,5.0,3.098386676965933,1.7888543819998317,3.1622776601683795,1.7888543819998317,1789.6,510.2
1012,8.0,3.4641016151377544,2.7386127875258306,3.605551275463989,2.7386127875258306,2332.125,510.125
1013,7.0,4.155374705678736,1.9054711331003737,4.123105625617661,1.9054711331003737,2552.285714285714,509.57142857142856
1014,8.0,4.1204045563213505,2.4025541184843804,4.123105625617661,2.4025541184843804,2680.375,509.75
1015,7.0,3.7032803990902057,2.138089935299395,3.605551275463989,2.138089935299395,2719.0,510.0
1016,10.0,5.338218791517724,2.6198129959764405,5.385164807134504,2.6198129959764405,2848.5,511.2
1017,26.0,8.095582841183305,4.011816864740092,8.06225774829855,4.011816864740092,2593.6153846153848,515.5
1018,7.0,3.7032803990902057,2.138089935299395,3.605551275463989,2.138089935299395,2644.0,513.0
1019,6.0,3.1269438398822857,2.309401076758503,3.1622776601683795,2.309401076758503,2652.1666666666665,513.1666666666666
1020,5.0,3.098386676965933,1.7888543819998317,3.1622776601683795,1.7888543819998317,3022.4,513.2
1021,6.0,3.265986323710904,2.0,3.1622776601683795,2.0,3225.5,513.0
1022,18.0,7.822469367052589,2.9303158156249354,7.280109889280518,2.9303158156249354,2277.8333333333335,516.3333333333334
1023,11.0,4.51260859854213,2.9541957835039856,5.0,2.9541957835039856,2474.0,515.0
1024,12.0,6.831300510639732,2.0,6.082762530298219,2.0,2535.5,515.5
1025,14.0,5.385850544710804,3.352239828714826,5.385164807134504,3.352239828714826,2313.285714285714,517.2142857142857
1026,7.0,3.0237157840738176,2.799416848895061,3.1622776601683795,2.799416848895061,2794.0,517.2857142857143
1027,23.0,7.156138677580158,4.0371011683506755,7.280109889280518,4.0371011683506755,3071.086956521739,517.3478260869565
1028,6.0,3.265986323710904,2.0,3.1622776601683795,2.0,2637.5,518.0
1029,11.0,4.346129984141888,3.067356324605907,4.47213595499958,3.067356324605907,3230.3636363636365,518.0909090909091
1030,12.0,5.033222956847167,2.9059326290271157,5.0,2.9059326290271157,277.3333333333333,520.6666666666666
1031,15.0,4.9746021616473675,3.7712361663282534,5.0990195135927845,3.7712361663282534,1075.4,521.0666666666667
1032,15.0,4.77795383588526,3.981909289096598,5.0990195135927845,3.981909289096598,2144.6666666666665,520.7333333333333
1033,56.0,9.849208037406578,7.362913064201404,10.295630140987,7.362913064201404,2628.0714285714284,523.4107142857143
1034,7.0,3.0237157840738176,2.799416848895061,3.1622776601683795,2.799416848895061,2482.285714285714,521.0
1035,6.0,3.1269438398822857,2.309401076758503,3.1622776601683795,2.309401076758503,2659.1666666666665,521.1666666666666
1036,19.0,7.439090861913986,3.4166910254953256,7.280109889280518,3.4166910254953256,2840.9473684210525,523.578947368421
1037,281.0,25.542853810388724,16.035602974720312,26.476404589747453,16.035602974720312,1054.5195729537365,534.2206405693951
1038,147.0,17.985572821154502,12.133153673389398,18.35755975068582,12.133153673389398,1567.0272108843537,528.530612244898
1039,6.0,3.8297084310253524,1.8856180831641272,4.0,1.8856180831641272,2318.3333333333335,523.5
1040,26.0,7.276234721643606,4.5015007350064895,7.211102550927978,4.5015007350064895,2571.230769230769,524.4230769230769
1041,12.0,4.47213595499958,3.265986323710904,4.47213595499958,3.265986323710904,2696.5,523.0
1042,12.0,4.364045181411538,3.5213000580812737,4.47213595499958,3.5213000580812737,238.91666666666666,525.6666666666666
1043,12.0,4.464216783173839,3.409739589526534,4.47213595499958,3.409739589526534,2492.3333333333335,525.5
1044,42.0,12.420660504032979,4.6942073522833425,12.083045973594572,4.6942073522833425,2509.1666666666665,529.3095238095239
1045,7.0,3.0237157840738176,2.799416848895061,3.1622776601683795,2.799416848895061,273.7142857142857,526.0
1046,42.0,12.151120612384602,4.768202532572068,11.180339887498949,4.768202532572068,1074.4285714285713,528.6904761904761
1047,31.0,14.129890904095026,3.6181819012347347,12.649110640673518,3.6181819012347347,2447.3225806451615,527.7741935483871
1048,49.0,10.440499463199997,6.2161980996410495,10.770329614269007,6.2161980996410495,2600.918367346939,529.8979591836735
1049,11.0,4.972652484064489,2.745394340098455,5.0,2.745394340098455,2612.3636363636365,526.8181818181819
1050,8.0,3.4641016151377544,2.7386127875258306,3.605551275463989,2.7386127875258306,3071.125,527.125
1051,5.0,3.098386676965933,1.7888543819998317,3.1622776601683795,1.7888543819998317,248.4,529.2
1052,62.0,18.03165954060834,4.499016344952535,16.278820596099706,4.499016344952535,2273.951612903226,535.5
1053,62.0,18.029082265191327,4.3476711816902585,17.029386365926403,4.3476711816902585,2475.467741935484,536.241935483871
1054,6.0,3.265986323710904,2.0,3.1622776601683795,2.0,2637.5,529.0
1055,28.0,8.246211251235321,4.20883424647321,8.06225774829855,4.20883424647321,2707.5,531.5
1056,7.0,8.0,0.0,7.0,0.0,2968.0,531.0
1057,25.0,7.374269390775276,4.220444402225297,7.280109889280518,4.220444402225297,2483.44,531.88
1058,12.0,3.8297084310253524,3.8297084310253524,4.123105625617661,3.8297084310253524,741.5,531.5
1059,5.0,3.098386676965933,1.7888543819998317,3.1622776601683795,1.7888543819998317,882.8,530.4
1060,7.0,3.0237157840738176,2.7994168488950604,3.1622776601683795,2.7994168488950604,2913.0,531.7142857142857
1061,7.0,3.0237157840738176,2.799416848895061,3.1622776601683795,2.799416848895061,457.2857142857143,534.0
1062,31.0,6.80663269166524,5.872441422287169,7.211102550927978,5.872441422287169,2442.8709677419356,536.3548387096774
1063,7.0,4.0,2.2131333406899527,4.123105625617661,2.2131333406899527,2697.285714285714,536.5714285714286
1064,28.0,8.246211251235321,4.20883424647321,8.06225774829855,4.20883424647321,2291.5,539.5
1065,22.0,5.743006776491533,4.980260749410063,6.324555320336759,4.980260749410063,2427.7272727272725,537.6363636363636
1066,8.0,3.4641016151377544,2.8284271247461903,4.0,2.8284271247461903,2660.5,537.0
1067,6.0,3.126943839882286,2.309401076758503,3.1622776601683795,2.309401076758503,2756.8333333333335,537.1666666666666
1068,16.0,6.324555320336759,3.122498999199199,6.082762530298219,3.122498999199199,2419.125,539.5
1069,25.0,7.374269390775276,4.220444402225297,7.280109889280518,4.220444402225297,2601.44,539.88
1070,70.0,21.105150970656144,4.438370547628582,20.223748416156685,4.438370547628582,699.6857142857143,551.1285714285714
1071,33.0,12.169383908372732,3.522163561479795,11.180339887498949,3.522163561479795,2466.121212121212,545.7878787878788
1072,14.0,5.3909797661462155,3.2448688564710846,5.385164807134504,3.2448688564710846,2530.0714285714284,542.8571428571429
1073,7.0,3.0237157840738176,2.799416848895061,3.1622776601683795,2.799416848895061,2627.714285714286,542.0
1074,5.0,2.5298221281347035,2.5298221281347035,3.0,2.5298221281347035,2649.0,542.0
1075,31.0,6.968326378158106,5.723436385035038,7.280109889280518,5.723436385035038,2497.8064516129034,545.0967741935484
1076,8.0,3.4641016151377544,2.8284271247461903,4.0,2.8284271247461903,547.5,545.0
1077,36.0,8.914627813962133,5.26915352212927,8.94427190999916,5.26915352212927,2488.8611111111113,546.5277777777778
1078,23.0,7.38786655225108,3.9864793487725785,7.280109889280518,3.9864793487725785,2619.2608695652175,545.695652173913
1079,37.0,8.57256186666723,5.849950496111454,9.219544457292887,5.849950496111454,2662.0,547.5675675675676
1080,13.0,7.554371880072024,1.9753176197160076,7.0710678118654755,1.9753176197160076,2781.769230769231,544.5384615384615
1081,181.0,17.51571846543242,14.607935732525771,20.591260281974,14.607935732525771,3257.171270718232,552.182320441989
1082,16.0,6.324555320336759,3.122498999199199,6.082762530298219,3.122498999199199,2479.875,547.5
1083,18.0,10.40161065884645,2.288797602935667,9.219544457292887,2.288797602935667,2712.722222222222,549.0
1084,32.0,10.443973934943095,5.0961047326589775,10.44030650891055,5.0961047326589775,2757.15625,548.9375
1085,9.0,4.988876515698589,2.2662308949301266,5.0990195135927845,2.2662308949301266,2814.3333333333335,547.1111111111111
1086,11.0,4.533315962095487,3.0114583009821128,4.47213595499958,3.0114583009821128,2544.5454545454545,548.1818181818181
1087,6.0,3.9999999999999996,1.632993161855452,4.123105625617661,1.632993161855452,3107.5,547.5
1088,6.0,3.265986323710904,2.0,3.1622776601683795,2.0,3239.0,547.5
1089,9.0,4.618802153517007,2.3517789431685254,4.47213595499958,2.3517789431685254,575.8888888888889,549.4444444444445
1090,5.0,3.098386676965933,1.7888543819998317,3.1622776601683795,1.7888543819998317,3198.6,549.2
1091,5.0,3.098386676965933,1.7888543819998317,3.1622776601683795,1.7888543819998317,2639.4,549.8
1092,6.0,3.265986323710904,2.0,3.1622776601683795,2.0,3006.5,550.0
1093,284.0,37.87317283646815,10.63721081893232,36.40054944640259,10.63721081893232,1046.7077464788733,557.1584507042254
1094,6.0,3.265986323710904,2.0,3.1622776601683795,2.0,2537.0,550.5
1095,75.0,16.27319243523447,8.084943974879398,15.811388300841896,8.084943974879398,2476.4133333333334,558.3733333333333
1096,11.0,4.346129984141888,3.067356324605907,4.47213595499958,3.067356324605907,2491.3636363636365,553.0909090909091
1097,11.0,3.9999999999999996,3.468869823334348,4.123105625617661,3.468869823334348,2627.5454545454545,553.6363636363636
1098,19.0,7.555452556931076,3.2205900657915194,7.280109889280518,3.2205900657915194,2800.0526315789475,554.7894736842105
1099,5.0,3.098386676965933,1.7888543819998317,3.1622776601683795,1.7888543819998317,2897.2,552.6
1100,23.0,6.96447723968836,4.225544345978251,7.280109889280518,4.225544345978251,1947.5217391304348,556.5652173913044
1101,9.0,6.586417573021535,1.685623260404093,6.082762530298219,1.685623260404093,2280.6666666666665,556.0
1102,23.0,6.667281608803804,4.352291467154875,6.708203932499369,4.352291467154875,2587.4347826086955,555.6086956521739
1103,184.0,39.73177357872835,12.367313390562408,36.40054944640259,12.367313390562408,2614.766304347826,565.6467391304348
1104,10.0,6.0,1.959591794226542,6.0,1.959591794226542,2872.4,555.5
1105,22.0,9.834323216519383,3.4850525111193438,10.04987562112089,3.4850525111193438,704.4090909090909,559.7272727272727
1106,8.0,4.47213595499958,2.0,4.123105625617661,2.0,2680.5,555.5
1107,14.0,4.742873420478221,3.6860255520522984,5.0990195135927845,3.6860255520522984,2238.214285714286,557.6428571428571
1108,8.0,3.4641016151377544,2.8284271247461903,4.0,2.8284271247461903,2334.5,558.0
1109,6.0,3.265986323710904,2.0,3.1622776601683795,2.0,2455.0,557.5
1110,8.0,3.4641016151377544,2.7386127875258306,3.605551275463989,2.7386127875258306,2624.125,557.875
1111,9.0,3.265986323710904,3.265986323710904,3.605551275463989,3.265986323710904,2631.0,558.0
1112,11.0,4.346129984141888,3.067356324605906,4.47213595499958,3.067356324605906,3102.3636363636365,557.9090909090909
1113,50.0,15.272141048346379,4.6575645781259505,14.317821063276353,4.6575645781259505,692.48,563.58
1114,58.0,13.16324896093276,5.726109484161756,13.0,5.726109484161756,747.7241379310345,563.8965517241379
1115,6.0,3.265986323710904,2.0,3.1622776601683795,2.0,2257.5,559.0
1116,21.0,10.071257566672084,3.8958286379558817,8.54400374531753,3.8958286379558817,2571.4761904761904,561.2380952380952
1117,12.0,5.485458865381723,2.649689066157795,5.385164807134504,2.649689066157795,2730.9166666666665,560.9166666666666
1118,10.0,4.09878030638384,2.9933259094191533,4.123105625617661,2.9933259094191533,2395.5,560.8
1119,41.0,10.85165953675092,5.570378058201463,10.44030650891055,5.570378058201463,2507.3658536585367,565.390243902439
1120,96.0,26.764632224172804,5.313107817704113,24.515301344262525,5.313107817704113,2596.7395833333335,571.6041666666666
1121,9.0,3.885753375057407,2.7954428906961324,4.123105625617661,2.7954428906961324,2748.8888888888887,561.3333333333334
1122,9.0,3.885753375057407,2.7954428906961324,4.123105625617661,2.7954428906961324,2814.6666666666665,561.1111111111111
1123,26.0,7.549442551621722,4.332347027793453,7.280109889280518,4.332347027793453,2627.5,563.7692307692307
1124,38.0,7.256094153684285,6.826099547251757,7.615773105863909,6.826099547251757,2702.5,563.6842105263158
1125,5.0,3.098386676965933,1.7888543819998317,3.1622776601683795,1.7888543819998317,2722.2,561.4
1126,20.0,7.731010827707836,3.198667157092813,7.280109889280518,3.198667157092813,2782.05,563.85
1127,20.0,6.0,4.09878030638384,6.082762530298219,4.09878030638384,2835.5,563.5
1128,63.0,13.671611942535877,7.373257804173439,13.416407864998739,7.373257804173439,2555.2380952380954,566.9206349206349
1129,12.0,3.8297084310253524,3.8297084310253524,4.123105625617661,3.8297084310253524,2609.5,563.5
1130,5.0,5.656854249492381,0.0,5.0,0.0,2975.0,564.0
1131,7.0,3.0237157840738176,2.799416848895061,3.1622776601683795,2.799416848895061,2849.0,565.2857142857143
1132,10.0,4.09878030638384,2.9933259094191533,4.123105625617661,2.9933259094191533,2395.5,566.2
1133,18.0,5.333333333333333,4.216370213557839,5.385164807134504,4.216370213557839,2949.6666666666665,567.0
1134,6.0,3.265986323710904,2.0,3.1622776601683795,2.0,3217.5,566.0
1135,51.0,14.333427603627758,6.258802981537612,13.45362404707371,6.258802981537612,3086.3137254901962,571.4901960784314
1136,20.0,8.068109040320387,3.1473189405429554,8.06225774829855,3.1473189405429554,2493.15,570.8
1137,32.0,7.570032124798189,5.6005793119572385,8.54400374531753,5.6005793119572385,2664.21875,569.9375
1138,9.0,4.618802153517006,2.351778943168525,4.47213595499958,2.351778943168525,2688.4444444444443,568.1111111111111
1139,56.0,10.854889415752535,6.703863358918419,11.40175425099138,6.703863358918419,2987.8035714285716,570.6428571428571
1140,5.0,3.098386676965933,1.7888543819998317,3.1622776601683795,1.7888543819998317,2568.6,568.8
1141,33.0,8.546806519535028,5.410159054870065,9.219544457292887,5.410159054870065,2577.4242424242425,572.6969696969697
1142,25.0,10.702288360923962,3.1832410904032264,9.219544457292887,3.1832410904032264,2641.92,572.04
1143,6.0,3.265986323710904,2.0,3.1622776601683795,2.0,2280.5,570.0
1144,6.0,3.265986323710904,2.0,3.1622776601683795,2.0,2656.0,569.5
1145,28.0,8.246211251235321,4.20883424647321,8.06225774829855,4.20883424647321,2939.5,572.5
1146,35.0,11.143217095675956,4.674740907745957,10.770329614269007,4.674740907745957,3166.4857142857145,573.2571428571429
1147,12.0,4.47213595499958,3.265986323710904,4.47213595499958,3.265986323710904,2167.0,571.5
1148,8.0,3.4641016151377544,2.8284271247461903,4.0,2.8284271247461903,2825.0,571.5
1149,8.0,3.4641016151377544,2.7386127875258306,3.605551275463989,2.7386127875258306,2560.875,572.125
1150,62.0,13.395254709787553,6.157576347332922,14.560219778561036,6.157576347332922,2813.6935483870966,576.1774193548387
1151,18.0,5.258737584977436,4.268749491621899,5.385164807134504,4.268749491621899,2317.222222222222,573.5
1152,13.0,4.318667337728677,3.6794648440311994,4.47213595499958,3.6794648440311994,2659.3846153846152,573.6153846153846
1153,13.0,4.318667337728677,3.6794648440311994,4.47213595499958,3.6794648440311994,2796.6153846153848,573.6153846153846
1154,9.0,3.885753375057407,2.7954428906961324,4.123105625617661,2.7954428906961324,2304.8888888888887,574.3333333333334
1155,20.0,10.214320680608743,2.81205494855427,10.44030650891055,2.81205494855427,2631.25,577.15
1156,9.0,4.988876515698588,2.2662308949301266,5.0990195135927845,2.2662308949301266,2838.8888888888887,573.6666666666666
1157,6.0,3.265986323710904,2.0,3.1622776601683795,2.0,2690.0,574.5
1158,10.0,4.09878030638384,2.9933259094191533,4.123105625617661,2.9933259094191533,3262.2,575.5
1159,33.0,7.923350108254808,5.273872186263285,8.246211251235321,5.273872186263285,2456.939393939394,578.969696969697
1160,5.0,4.34169545110285,1.2765894445250698,4.123105625617661,1.2765894445250698,2501.6,575.6
1161,48.0,8.936882894398543,7.189414418946946,9.486832980505138,7.189414418946946,2727.0833333333335,579.75
1162,12.0,4.894994431930091,2.9693109114997,5.0990195135927845,2.9693109114997,2145.8333333333335,576.9166666666666
1163,8.0,3.4641016151377544,2.8284271247461903,4.0,2.8284271247461903,2207.0,577.5
1164,93.0,17.924145549256245,9.521300943994502,17.4928556845359,9.521300943994502,2279.8709677419356,583.1505376344086
1165,38.0,8.837718209916785,5.489854657012756,8.54400374531753,5.489854657012756,2393.8947368421054,579.5
1166,19.0,9.302124858218853,2.7098061368651822,8.246211251235321,2.7098061368651822,2710.7368421052633,579.8947368421053
1167,8.0,3.4641016151377544,2.7386127875258306,3.605551275463989,2.7386127875258306,2788.875,576.875
1168,6.0,3.265986323710904,2.0,3.1622776601683795,2.0,2441.0,577.5
1169,52.0,17.59944415945043,4.18214472599351,15.524174696260024,4.18214472599351,2564.5576923076924,583.7884615384615
1170,16.0,6.324555320336759,3.122498999199199,6.082762530298219,3.122498999199199,2605.875,579.5
1171,41.0,8.565386953228476,6.425706848809799,9.055385138137417,6.425706848809799,2265.170731707317,582.0
1172,20.0,5.614955635921827,4.555466299582263,6.082762530298219,4.555466299582263,740.35,581.4
1173,10.0,3.9191835884530852,3.0983866769659336,4.123105625617661,3.0983866769659336,1278.0,580.2
1174,21.0,6.0795957277493695,4.414977975750349,6.324555320336759,4.414977975750349,2666.095238095238,581.2857142857143
1175,104.0,27.942310892338604,7.677064619207848,25.495097567963924,7.677064619207848,2799.5576923076924,594.7307692307693
1176,23.0,7.659622166321599,3.9437609779305047,7.280109889280518,3.9437609779305047,3112.913043478261,581.695652173913
1177,5.0,3.098386676965933,1.7888543819998317,3.1622776601683795,1.7888543819998317,2152.4,581.8
1178,8.0,3.4641016151377544,2.7386127875258306,3.605551275463989,2.7386127875258306,2302.875,581.875
1179,6.0,3.265986323710904,2.0,3.1622776601683795,2.0,2445.5,582.0
1180,8.0,3.4641016151377544,2.7386127875258306,3.605551275463989,2.7386127875258306,2952.875,582.125
1181,5.0,3.098386676965933,1.7888543819998317,3.1622776601683795,1.7888543819998317,2334.8,582.6
1182,32.0,9.38083151964686,4.242640687119285,9.055385138137417,4.242640687119285,2465.5,587.0
1183,36.0,10.526530750091242,4.348355982448951,10.198039027185569,4.348355982448951,2497.4444444444443,587.0277777777778
1184,112.0,21.47022280449035,10.201362557603025,20.12461179749811,10.201362557603025,2516.2053571428573,590.9910714285714
1185,5.0,3.098386676965933,1.7888543819998317,3.1622776601683795,1.7888543819998317,3257.2,583.4
1186,8.0,3.4641016151377544,2.7386127875258306,3.605551275463989,2.7386127875258306,1270.125,584.875
1187,9.0,3.885753375057407,2.7954428906961324,4.123105625617661,2.7954428906961324,2188.8888888888887,585.3333333333334
1188,96.0,15.650020656991602,9.188635377595674,15.0,9.188635377595674,2329.9375,590.125
1189,65.0,19.145003856273057,5.441497260134127,17.26267650163207,5.441497260134127,2551.0461538461536,588.1538461538462
1190,22.0,8.591750800516843,3.1701083225750346,8.06225774829855,3.1701083225750346,2677.090909090909,587.5
1191,8.0,3.4641016151377544,2.8284271247461903,4.0,2.8284271247461903,3217.0,585.5
1192,5.0,3.098386676965933,1.7888543819998317,3.1622776601683795,1.7888543819998317,1054.6,585.8
1193,28.0,8.246211251235321,4.20883424647321,8.06225774829855,4.20883424647321,2643.5,588.5
1194,8.0,3.4641016151377544,2.8284271247461903,4.0,2.8284271247461903,2529.0,587.5
1195,28.0,8.246211251235321,4.20883424647321,8.06225774829855,4.20883424647321,3099.5,587.5
1196,6.0,3.265986323710904,2.0,3.1622776601683795,2.0,739.0,587.5
1197,75.0,14.352319075214236,10.194338485808753,14.317821063276353,10.194338485808753,2298.48,591.8
1198,38.0,9.133998828851356,5.419211135217017,9.486832980505138,5.419211135217017,2314.8947368421054,590.2105263157895
1199,58.0,12.115134821008553,7.132595911728827,11.661903789690601,7.132595911728827,2637.0,592.5172413793103
1200,6.0,3.8297084310253524,1.8856180831641272,4.0,1.8856180831641272,3118.3333333333335,589.5
1201,9.0,3.885753375057407,2.7954428906961324,4.123105625617661,2.7954428906961324,3222.1111111111113,589.6666666666666
1202,225.0,37.65417054460846,10.37769324757434,36.6742416417845,10.37769324757434,2478.9422222222224,607.4133333333333
1203,8.0,3.4641016151377544,2.7386127875258306,3.605551275463989,2.7386127875258306,3189.875,589.875
1204,30.0,10.377582135551876,4.0752927799235215,9.219544457292887,4.0752927799235215,1292.0666666666666,592.4
1205,55.0,17.067118420092093,4.608086432575944,17.11724276862369,4.608086432575944,1303.7818181818182,597.7272727272727
1206,11.0,4.0,3.468869823334348,4.123105625617661,3.468869823334348,2230.4545454545455,592.6363636363636
1207,39.0,11.046117390402587,5.5751742025725095,10.816653826391969,5.5751742025725095,2650.1794871794873,595.2564102564103
1208,15.0,5.133545581275998,3.7844768886224203,5.385164807134504,3.7844768886224203,2686.133333333333,593.2
1209,6.0,4.363338213437162,1.65500979239906,4.123105625617661,1.65500979239906,2692.8333333333335,591.6666666666666
1210,17.0,6.444926698162791,3.3253684855442724,6.324555320336759,3.3253684855442724,2701.5882352941176,592.1176470588235
1211,8.0,3.8888437389046198,2.6223833385648136,4.123105625617661,2.6223833385648136,3065.75,592.75
1212,8.0,3.4641016151377544,2.7386127875258306,3.605551275463989,2.7386127875258306,1241.875,592.875
1213,20.0,7.848566748139434,3.0983866769659336,8.0,3.0983866769659336,2248.0,595.5
1214,26.0,7.549442551621722,4.332347027793453,7.280109889280518,4.332347027793453,2443.5,595.2307692307693
1215,17.0,6.977662992015562,3.1088840998543237,7.0710678118654755,3.1088840998543237,2503.176470588235,595.2941176470588
1216,34.0,8.656396824716092,4.958060603431673,8.602325267042627,4.958060603431673,2557.0882352941176,594.9117647058823
1217,13.0,4.3616645597524775,3.7565911332956423,4.47213595499958,3.7565911332956423,2568.5384615384614,593.1538461538462
1218,48.0,15.423631059532939,4.881278799370981,14.317821063276353,4.881278799370981,2619.3958333333335,595.4166666666666
1219,30.0,8.937816846363637,4.192041006316156,9.055385138137417,4.192041006316156,2659.4333333333334,596.2333333333333
1220,10.0,3.9191835884530852,3.0983866769659336,4.123105625617661,3.0983866769659336,2673.2,593.0
1221,17.0,5.6871994758893925,3.8790160584420166,6.082762530298219,3.8790160584420166,2761.176470588235,594.6470588235294
1222,29.0,7.416505195455973,6.650541002976136,8.06225774829855,6.650541002976136,2898.4137931034484,595.3793103448276
1223,40.0,10.806621276745359,5.637103563089341,12.041594578792296,5.637103563089341,2951.75,598.05
1224,10.0,3.9191835884530852,3.0983866769659336,4.123105625617661,3.0983866769659336,2973.0,593.2
1225,12.0,3.8297084310253524,3.8297084310253524,4.123105625617661,3.8297084310253524,2718.5,595.5
1226,24.0,7.118052168020874,4.163331998932265,7.0710678118654755,4.163331998932265,2732.0,595.5
1227,8.0,3.4641016151377544,3.3166247903554,4.123105625617661,3.3166247903554,3142.25,595.5
1228,6.0,4.363338213437162,1.65500979239906,4.123105625617661,1.65500979239906,2279.3333333333335,596.8333333333334
1229,15.0,4.618802153517007,4.061745656460751,5.0990195135927845,4.061745656460751,2450.133333333333,596.4666666666667
1230,10.0,4.1952353926806065,3.0983866769659336,4.123105625617661,3.0983866769659336,2822.5,596.5
1231,6.0,3.265986323710904,2.0,3.1622776601683795,2.0,2859.5,596.0
1232,14.0,4.20883424647321,4.120630029101703,4.47213595499958,4.120630029101703,2288.5,597.7142857142857
1233,40.0,9.374743872858732,5.398534738083813,9.219544457292887,5.398534738083813,2378.9,597.975
1234,26.0,7.399095438449665,4.5429067872155064,7.280109889280518,4.5429067872155064,2679.923076923077,597.8846153846154
1235,10.0,4.541385054734408,2.7741344207941614,4.47213595499958,2.7741344207941614,3208.8,597.7
1236,13.0,5.547001962252291,2.935197542821372,5.385164807134504,2.935197542821372,2158.769230769231,598.1538461538462
1237,22.0,13.013818004272077,2.89699966644569,11.704699910719626,2.89699966644569,2172.3636363636365,601.5909090909091
1238,26.0,8.521377423473117,3.8463503260092295,8.246211251235321,3.8463503260092295,2471.5,600.3076923076923
1239,5.0,3.098386676965933,1.7888543819998317,3.1622776601683795,1.7888543819998317,2573.6,597.8
1240,18.0,7.4592264092024365,2.9672185326836598,7.211102550927978,2.9672185326836598,2938.0,599.5
1241,7.0,3.0237157840738176,2.799416848895061,3.1622776601683795,2.799416848895061,3069.285714285714,598.0
1242,11.0,4.533315962095487,3.0114583009821128,4.47213595499958,3.0114583009821128,3131.818181818182,598.4545454545455
1243,23.0,7.778973235436555,3.9171300853527113,8.06225774829855,3.9171300853527113,1943.1739130434783,601.5217391304348
1244,9.0,4.618802153517007,2.3517789431685254,4.47213595499958,2.3517789431685254,2232.8888888888887,599.4444444444445
1245,77.0,11.688536274812094,9.290579708098415,12.649110640673518,9.290579708098415,2256.0,603.3246753246754
1246,8.0,4.47213595499958,2.0,4.123105625617661,2.0,2697.5,598.5
1247,5.0,3.098386676965933,1.7888543819998317,3.1622776601683795,1.7888543819998317,2854.2,598.4
1248,24.0,9.3616047299166,3.1445404526863565,9.055385138137417,3.1445404526863565,1295.9583333333333,602.8333333333334
1249,7.0,4.155374705678736,1.9054711331003737,4.123105625617661,1.9054711331003737,2497.4285714285716,600.7142857142857
1250,48.0,14.46707978994281,4.4513720876308875,13.341664064126334,4.4513720876308875,2635.8333333333335,601.1666666666666
1251,43.0,10.132019237796076,5.387810602925781,10.198039027185569,5.387810602925781,2909.9302325581393,603.7906976744187
1252,45.0,9.231117575076608,6.146306663278555,9.486832980505138,6.146306663278555,2360.5555555555557,603.9333333333333
1253,12.0,5.45588823816547,2.730477202774252,5.385164807134504,2.730477202774252,2561.1666666666665,601.75
1254,64.0,17.443377295683995,5.410319516481088,16.492422502470642,5.410319516481088,2900.09375,607.640625
1255,22.0,6.7414751252203455,4.062379396262226,7.0710678118654755,4.062379396262226,3251.409090909091,603.2272727272727
1256,6.0,3.126943839882286,2.309401076758503,3.1622776601683795,2.309401076758503,1248.8333333333333,601.8333333333334
1257,14.0,5.449353665897314,3.145851452097728,5.385164807134504,3.145851452097728,663.9285714285714,603.8571428571429
1258,120.0,23.314699874304296,16.325926646969428,22.360679774997898,16.325926646969428,2276.133333333333,612.0166666666667
1259,8.0,3.8888437389046198,2.6223833385648136,4.123105625617661,2.6223833385648136,959.75,604.75
1260,326.0,31.27355879926798,18.603350774565452,32.449961479175904,18.603350774565452,2191.122699386503,617.2423312883435
1261,16.0,4.898979485566356,4.0,5.0990195135927845,4.0,432.0,605.5
1262,9.0,3.885753375057407,2.7954428906961324,4.123105625617661,2.7954428906961324,2192.8888888888887,605.3333333333334
1263,23.0,6.366156084212641,4.65374171070227,6.324555320336759,4.65374171070227,2235.391304347826,606.7826086956521
1264,13.0,4.318667337728677,3.6794648440311994,4.47213595499958,3.6794648440311994,2316.6153846153848,605.6153846153846
1265,7.0,3.648665604076859,2.5058084612197167,4.0,2.5058084612197167,2528.1428571428573,605.5714285714286
1266,5.0,3.098386676965933,1.7888543819998317,3.1622776601683795,1.7888543819998317,2870.6,605.2
1267,70.0,20.37046275320293,5.2240576023448595,18.384776310850235,5.2240576023448595,2499.1285714285714,613.5857142857143
1268,5.0,3.098386676965933,1.7888543819998317,3.1622776601683795,1.7888543819998317,2566.2,605.4
1269,6.0,3.265986323710904,2.0,3.1622776601683795,2.0,2590.5,606.0
1270,6.0,6.831300510639732,0.0,6.0,0.0,2819.5,605.0
1271,8.0,3.4641016151377544,2.8284271247461903,4.0,2.8284271247461903,2962.5,606.0
1272,5.0,5.656854249492381,0.0,5.0,0.0,2987.0,605.0
1273,10.0,4.09878030638384,2.9933259094191533,4.123105625617661,2.9933259094191533,2475.5,606.8
1274,38.0,10.94408443281693,4.5876966470890475,10.44030650891055,4.5876966470890475,2460.0526315789475,609.3421052631579
1275,47.0,17.201142680023025,4.044266452060401,15.132745950421556,4.044266452060401,2632.340425531915,609.1702127659574
1276,9.0,3.885753375057407,2.7954428906961324,4.123105625617661,2.7954428906961324,2665.1111111111113,608.3333333333334
1277,21.0,8.35249726552048,3.1708647927310456,8.246211251235321,3.1708647927310456,2738.095238095238,610.952380952381
1278,8.0,4.47213595499958,2.0,4.123105625617661,2.0,1127.5,608.5
1279,27.0,7.811725553869514,4.378866832323128,7.615773105863909,4.378866832323128,2210.4444444444443,611.1111111111111
1280,25.0,8.442647970906291,3.944223020995631,8.06225774829855,3.944223020995631,2263.12,610.72
1281,24.0,7.118052168020874,4.163331998932265,7.0710678118654755,4.163331998932265,2371.5,611.0
1282,32.0,9.38083151964686,4.242640687119285,9.055385138137417,4.242640687119285,2717.5,612.0
1283,27.0,8.052977945949317,4.235200842300054,8.06225774829855,4.235200842300054,2939.6296296296296,611.8518518518518
1284,30.0,9.313890149782695,4.047263169929746,9.055385138137417,4.047263169929746,2989.4,611.8333333333334
1285,5.0,3.098386676965933,1.7888543819998317,3.1622776601683795,1.7888543819998317,1224.4,609.8
1286,31.0,8.99504577823943,4.652846972998444,8.94427190999916,4.652846972998444,2413.6129032258063,612.3870967741935
1287,14.0,6.369570517030843,2.79941684889506,6.082762530298219,2.79941684889506,2934.714285714286,611.5
1288,7.0,3.0237157840738176,2.7994168488950604,3.1622776601683795,2.7994168488950604,3094.0,609.7142857142857
1289,6.0,3.265986323710904,2.0,3.1622776601683795,2.0,3224.0,609.5
1290,8.0,3.4641016151377544,2.8284271247461903,4.0,2.8284271247461903,1257.0,611.5
1291,21.0,11.491235373339494,2.600634725933479,11.0,2.600634725933479,2526.3809523809523,615.1904761904761
1292,12.0,4.268749491621899,3.8297084310253524,4.47213595499958,3.8297084310253524,2574.8333333333335,611.5
1293,125.0,21.015737772997994,12.135478476623208,22.561028345356956,12.135478476623208,2601.992,619.912
1294,33.0,10.239661523581315,6.177778122793231,9.848857801796104,6.177778122793231,2786.181818181818,612.5757575757576
1295,28.0,8.246211251235321,4.20883424647321,8.06225774829855,4.20883424647321,2859.5,611.5
1296,18.0,5.258737584977436,4.268749491621899,5.385164807134504,4.268749491621899,1434.2222222222222,612.5
1297,95.0,15.973574948256774,7.779404964363944,15.811388300841896,7.779404964363944,2437.8105263157895,618.5157894736842
1298,34.0,9.551812464027828,4.767418229599544,10.198039027185569,4.767418229599544,3103.9117647058824,615.6764705882352
1299,30.0,12.69080153254918,3.289241860520884,12.041594578792296,3.289241860520884,3143.866666666667,616.2
1300,33.0,9.641717526337095,4.290164434399711,9.219544457292887,4.290164434399711,2314.878787878788,613.5454545454545
1301,33.0,8.011896545052787,5.381374578636509,8.246211251235321,5.381374578636509,2364.939393939394,615.1515151515151
1302,126.0,21.09416064064078,13.422485576121609,20.396078054371138,13.422485576121609,2922.3888888888887,620.6904761904761
1303,7.0,3.0237157840738176,2.799416848895061,3.1622776601683795,2.799416848895061,2070.285714285714,614.0
1304,19.0,6.007929625764467,3.9363446638591832,6.082762530298219,3.9363446638591832,2097.4210526315787,615.578947368421
1305,10.0,4.09878030638384,2.9933259094191533,4.123105625617661,2.9933259094191533,2173.8,614.5
1306,6.0,3.1269438398822857,2.309401076758503,3.1622776601683795,2.309401076758503,2287.1666666666665,614.1666666666666
1307,28.0,7.490092856823476,4.928109586667364,7.615773105863909,4.928109586667364,2328.035714285714,615.2857142857143
1308,31.0,8.846516839234969,4.823558360316559,8.54400374531753,4.823558360316559,2404.064516129032,616.1935483870968
1309,10.0,3.9191835884530852,3.0983866769659336,4.123105625617661,3.0983866769659336,3089.0,614.2
1310,25.0,7.374269390775276,4.220444402225297,7.280109889280518,4.220444402225297,2235.12,615.56
1311,7.0,3.0237157840738176,2.799416848895061,3.1622776601683795,2.799416848895061,2257.285714285714,615.0
1312,32.0,11.52339116767653,4.8162050409751584,11.40175425099138,4.8162050409751584,2588.53125,617.0
1313,45.0,9.243038159100559,6.387203538811103,9.486832980505138,6.387203538811103,3077.711111111111,617.2222222222222
1314,11.0,4.346129984141888,3.067356324605906,4.47213595499958,3.067356324605906,1291.909090909091,616.3636363636364
1315,28.0,8.246211251235321,4.20883424647321,8.06225774829855,4.20883424647321,2491.5,618.5
1316,36.0,10.519822558706334,4.268749491621899,10.04987562112089,4.268749491621899,2507.5,619.5
1317,67.0,14.901654325218514,10.396031798926954,13.892443989449804,10.396031798926954,2626.7611940298507,620.1044776119403
1318,32.0,6.715120135252402,6.131448570209797,7.280109889280518,6.131448570209797,2684.5625,617.875
1319,8.0,3.4641016151377544,2.7386127875258306,3.605551275463989,2.7386127875258306,3056.875,616.125
1320,8.0,4.1204045563213505,2.4025541184843804,4.123105625617661,2.4025541184843804,3125.75,616.375
1321,6.0,3.7712361663282534,2.309401076758503,4.0,2.309401076758503,1084.3333333333333,617.0
1322,8.0,4.507893913753563,2.104493398028036,4.47213595499958,2.104493398028036,1249.25,617.125
1323,38.0,11.930351291436589,4.369906285471542,11.40175425099138,4.369906285471542,2308.1315789473683,620.8421052631579
1324,124.0,17.79088463215548,14.622532306699993,18.35755975068582,14.622532306699993,2339.6774193548385,624.508064516129
1325,32.0,10.363383559515805,4.03387607622712,10.0,4.03387607622712,2459.28125,619.3125
1326,42.0,9.797364601082316,5.435487714276728,9.486832980505138,5.435487714276728,2542.0476190476193,620.0952380952381
1327,17.0,9.261451458356774,2.4304686346783333,8.246211251235321,2.4304686346783333,2616.294117647059,619.6470588235294
1328,8.0,3.4641016151377544,2.7386127875258306,3.605551275463989,2.7386127875258306,2653.875,617.125
1329,94.0,15.256952745566219,12.583535143356071,17.72004514666935,12.583535143356071,2730.1702127659573,623.1914893617021
1330,6.0,3.8297084310253524,1.8856180831641265,3.605551275463989,1.8856180831641265,2743.8333333333335,617.0
1331,102.0,19.511637952753656,11.559598594083363,18.027756377319946,11.559598594083363,2797.9313725490197,625.6764705882352
1332,22.0,6.741475125220345,4.062379396262224,7.0710678118654755,4.062379396262224,2981.2272727272725,617.4090909090909
1333,10.0,3.9191835884530852,3.0983866769659336,4.123105625617661,3.0983866769659336,3001.0,617.2
1334,13.0,7.554371880072024,1.9753176197160076,7.0710678118654755,1.9753176197160076,3176.4615384615386,619.2307692307693
1335,8.0,4.100618600451318,2.4869513653533066,4.123105625617661,2.4869513653533066,2873.0,618.75
1336,15.0,5.9825936213138124,3.0484451785557374,6.082762530298219,3.0484451785557374,3039.0666666666666,619.3333333333334
1337,6.0,3.8297084310253524,1.8856180831641272,4.0,1.8856180831641272,3262.6666666666665,618.5
1338,11.0,5.406498133144969,2.6459748477598324,5.385164807134504,2.6459748477598324,2536.2727272727275,620.4545454545455
1339,28.0,8.73015942695432,4.0315882893795925,9.055385138137417,4.0315882893795925,2820.035714285714,619.5714285714286
1340,66.0,12.960671932592863,7.53485019393535,13.601470508735444,7.53485019393535,1195.0757575757575,624.5151515151515
1341,6.0,3.265986323710904,2.0,3.1622776601683795,2.0,1225.0,619.5
1342,6.0,3.265986323710904,2.0,3.1622776601683795,2.0,2054.0,619.5
1343,15.0,5.828739972657829,3.3544682138615496,5.830951894845301,3.3544682138615496,2561.8,621.0
1344,50.0,13.434240289833099,6.522912527010087,13.152946437965905,6.522912527010087,2646.48,623.52
1345,10.0,4.381780460041329,2.6832815729997477,4.47213595499958,2.6832815729997477,2934.0,620.5
1346,116.0,20.22714883057224,10.509908161709522,19.924858845171276,10.509908161709522,2520.6206896551726,629.6034482758621
1347,14.0,4.742873420478221,3.686025552052299,5.0990195135927845,3.686025552052299,3005.6428571428573,622.2142857142857
1348,29.0,8.181659377899045,4.510766391510529,8.06225774829855,4.510766391510529,3050.448275862069,621.5862068965517
1349,5.0,3.098386676965933,1.7888543819998317,3.1622776601683795,1.7888543819998317,3182.6,621.2
1350,9.0,3.265986323710904,3.265986323710904,3.605551275463989,3.265986323710904,1250.0,622.0
1351,7.0,3.5820700954176696,2.4713456540351717,3.605551275463989,2.4713456540351717,2416.714285714286,622.1428571428571
1352,14.0,4.742873420478221,3.6860255520522984,5.0990195135927845,3.6860255520522984,2969.214285714286,622.3571428571429
1353,38.0,9.832927241299801,5.253725393467339,9.848857801796104,5.253725393467339,1636.5263157894738,625.8157894736842
1354,58.0,16.991558724278104,4.998966589094731,16.15549442140351,4.998966589094731,2237.5862068965516,628.6551724137931
1355,6.0,3.265986323710904,2.0,3.1622776601683795,2.0,3256.5,623.0
1356,27.0,6.666666666666667,5.172471185213657,6.708203932499369,5.172471185213657,2372.814814814815,625.1851851851852
1357,5.0,2.5298221281347035,2.5298221281347035,3.0,2.5298221281347035,2454.0,624.0
1358,10.0,5.138093031466052,2.529822128134703,5.0990195135927845,2.529822128134703,2512.7,624.4
1359,68.0,9.893551078413477,8.798395575665051,10.295630140987,8.798395575665051,2395.0,627.5
1360,30.0,8.748333174572933,4.332820482472512,8.246211251235321,4.332820482472512,2586.6,627.5
1361,25.0,6.687593551728714,4.934054366023596,7.0710678118654755,4.934054366023596,2691.64,625.56
1362,33.0,7.656539004777579,5.482755334738735,7.615773105863909,5.482755334738735,2902.0,627.1818181818181
1363,12.0,3.8297084310253524,3.8297084310253524,4.123105625617661,3.8297084310253524,3128.5,625.5
1364,10.0,4.0,3.149603149604724,4.123105625617661,3.149603149604724,3134.3,625.3
1365,27.0,8.218638618610974,4.133398193789031,8.246211251235321,4.133398193789031,3149.6296296296296,627.5925925925926
1366,90.0,16.235828997364045,7.897668352768939,17.26267650163207,7.897668352768939,2327.6555555555556,634.0888888888888
1367,135.0,14.875183160827888,13.557892280092759,17.4928556845359,13.557892280092759,2361.2,632.8592592592593
1368,17.0,6.585670706008097,3.1796084995103278,6.324555320336759,3.1796084995103278,2743.0588235294117,627.3529411764706
1369,5.0,5.656854249492381,0.0,5.0,0.0,2815.0,627.0
1370,28.0,6.546536707079771,5.421047417431508,6.708203932499369,5.421047417431508,2840.8571428571427,627.5
1371,27.0,10.561800602623105,3.3894171404080953,10.04987562112089,3.3894171404080953,3224.296296296296,629.3333333333334
1372,62.0,16.553979613054793,5.646275868836689,15.297058540778355,5.646275868836689,2250.2580645161293,632.6774193548387
1373,43.0,11.345904054510052,5.064168165296648,10.770329614269007,5.064168165296648,2316.7441860465115,628.5348837209302
1374,56.0,12.124167447951073,6.235143356301876,11.704699910719626,6.235143356301876,2285.0,632.0892857142857
1375,54.0,11.129301670755675,6.4607150617168445,11.40175425099138,6.4607150617168445,2305.425925925926,631.925925925926
1376,37.0,10.945691484911057,4.290290574422902,10.198039027185569,4.290290574422902,2467.5945945945946,628.3783783783783
1377,13.0,6.157407510195152,3.0074761237704206,6.324555320336759,3.0074761237704206,2872.6153846153848,629.6153846153846
1378,39.0,9.293549631623863,5.281250344238718,9.219544457292887,5.281250344238718,2827.8205128205127,629.9230769230769
1379,36.0,8.459051693633013,5.333333333333333,8.246211251235321,5.333333333333333,2891.5,630.0
1380,10.0,4.09878030638384,2.9933259094191533,4.123105625617661,2.9933259094191533,2966.5,629.2
1381,20.0,6.788312934921345,3.7254271563915413,7.0710678118654755,3.7254271563915413,3027.75,631.2
1382,6.0,3.265986323710904,2.0,3.1622776601683795,2.0,1184.5,630.0
1383,5.0,3.098386676965933,1.7888543819998317,3.1622776601683795,1.7888543819998317,2198.6,630.2
1384,54.0,11.648712273557846,7.240733089526311,11.40175425099138,7.240733089526311,2715.314814814815,632.7037037037037
1385,35.0,8.18686479101416,5.404659742709894,8.54400374531753,5.404659742709894,2448.3142857142857,633.8285714285714
1386,5.0,2.5298221281347035,2.5298221281347035,3.0,2.5298221281347035,2553.0,631.0
1387,89.0,20.678941834910265,5.558162345014883,19.235384061671343,5.558162345014883,2622.0561797752807,639.1910112359551
1388,10.0,4.477016006518517,2.876860733052088,4.47213595499958,2.876860733052088,1284.2,632.7
1389,24.0,9.3616047299166,3.1445404526863565,9.055385138137417,3.1445404526863565,2488.9583333333335,635.1666666666666
1390,44.0,10.413395877048789,5.330330756837217,10.198039027185569,5.330330756837217,2505.068181818182,635.6818181818181
1391,82.0,21.142253545637978,5.631643321901449,19.6468827043885,5.631643321901449,2748.8414634146343,640.5243902439024
1392,66.0,10.420599420318654,8.349059338339886,11.40175425099138,8.349059338339886,2850.8030303030305,635.2121212121212
1393,39.0,9.691024910119834,5.433103965777065,10.0,5.433103965777065,2916.641025641026,633.2820512820513
1394,5.0,3.098386676965933,1.7888543819998317,3.1622776601683795,1.7888543819998317,2972.8,631.6
1395,20.0,7.731010827707836,3.198667157092813,7.280109889280518,3.198667157092813,1059.15,632.95
1396,6.0,3.126943839882286,2.309401076758503,3.1622776601683795,2.309401076758503,1144.8333333333333,632.8333333333334
1397,34.0,10.432609450411483,4.111520970621845,10.198039027185569,4.111520970621845,1221.6470588235295,636.3235294117648
1398,6.0,3.126943839882286,2.309401076758503,3.1622776601683795,2.309401076758503,1530.8333333333333,633.1666666666666
1399,8.0,3.4641016151377544,2.7386127875258306,3.605551275463989,2.7386127875258306,1822.125,633.125
1400,12.0,4.47213595499958,3.265986323710904,4.47213595499958,3.265986323710904,2123.5,633.0
1401,25.0,7.758740977380628,4.136899617577723,8.06225774829855,4.136899617577723,2205.72,635.64
1402,78.0,20.594044970714496,8.29951953026254,17.88854381999832,8.29951953026254,2274.0897435897436,639.0128205128206
1403,29.0,8.504440860756826,4.2611318058210035,8.246211251235321,4.2611318058210035,2413.551724137931,635.6206896551724
1404,21.0,10.994992220459162,2.5123614650363173,10.04987562112089,2.5123614650363173,2563.6190476190477,637.0
1405,32.0,9.38083151964686,4.242640687119285,9.055385138137417,4.242640687119285,2595.5,636.0
1406,9.0,3.885753375057407,2.7954428906961324,4.123105625617661,2.7954428906961324,2605.6666666666665,633.1111111111111
1407,6.0,3.126943839882286,2.309401076758503,3.1622776601683795,2.309401076758503,3087.8333333333335,633.1666666666666
1408,25.0,8.499743300688346,4.50821071184606,8.54400374531753,4.50821071184606,3097.12,635.2
1409,42.0,12.824532569036,5.172167730677435,12.083045973594572,5.172167730677435,3187.309523809524,636.9761904761905
1410,5.0,3.098386676965933,1.7888543819998317,3.1622776601683795,1.7888543819998317,3238.6,632.8
1411,28.0,6.0,5.8901508937395155,6.324555320336759,5.8901508937395155,2342.214285714286,635.5
1412,23.0,6.667281608803804,4.352291467154875,6.708203932499369,4.352291467154875,2773.5652173913045,635.3913043478261
1413,14.0,6.540472681096179,2.7549163411272692,6.082762530298219,2.7549163411272692,1959.2857142857142,636.6428571428571
1414,18.0,6.531972647421808,3.8297084310253524,6.324555320336759,3.8297084310253524,2097.0,635.5
1415,33.0,12.294243031135982,3.9472392334298902,11.40175425099138,3.9472392334298902,2197.818181818182,638.3030303030303
1416,48.0,18.635169695989262,5.006374310318475,17.26267650163207,5.006374310318475,2380.5,640.75
1417,11.0,6.755367456166083,2.0208955432270623,6.324555320336759,2.0208955432270623,2423.2727272727275,635.0
1418,65.0,10.475288036629731,8.188081088422903,10.816653826391969,8.188081088422903,2530.6615384615384,637.4
1419,32.0,9.38083151964686,4.242640687119285,9.055385138137417,4.242640687119285,2579.0,635.5
1420,104.0,14.830844158097417,11.30809376664125,16.278820596099706,11.30809376664125,2638.5576923076924,640.3365384615385
1421,28.0,7.055240352009208,5.086909159781685,7.211102550927978,5.086909159781685,2821.714285714286,636.8928571428571
1422,12.0,4.268749491621899,3.8297084310253524,4.47213595499958,3.8297084310253524,3160.1666666666665,635.5
1423,6.0,3.265986323710904,2.0,3.1622776601683795,2.0,1433.0,635.5
1424,42.0,7.816077690203744,7.178772867338494,9.055385138137417,7.178772867338494,1611.0,638.3571428571429
1425,5.0,3.098386676965933,1.7888543819998317,3.1622776601683795,1.7888543819998317,2442.6,635.8
1426,21.0,5.316632771645399,4.992156306471802,5.830951894845301,4.992156306471802,3219.190476190476,637.1428571428571
1427,105.0,27.699161502354578,9.475323645603186,22.80350850198276,9.475323645603186,2183.4285714285716,645.2285714285714
1428,8.0,3.4641016151377544,2.7386127875258306,3.605551275463989,2.7386127875258306,2176.875,638.125
1429,13.0,4.318667337728677,3.6794648440311994,4.47213595499958,3.6794648440311994,2601.3846153846152,638.3846153846154
1430,101.0,24.190798598892552,5.703765151660162,23.194827009486403,5.703765151660162,3056.633663366337,648.019801980198
1431,6.0,3.265986323710904,2.0,3.1622776601683795,2.0,2059.5,639.0
1432,7.0,3.0237157840738176,2.799416848895061,3.1622776601683795,2.799416848895061,915.7142857142857,640.0
1433,72.0,11.190635496527902,9.340667655236327,11.704699910719626,9.340667655236327,2132.1805555555557,644.4166666666666
1434,24.0,6.831300510639732,4.47213595499958,6.708203932499369,4.47213595499958,2291.5,640.5
1435,29.0,6.341063442449138,5.829948411900614,6.708203932499369,5.829948411900614,2475.4137931034484,641.1379310344828
1436,16.0,9.38083151964686,1.984313483298443,9.0,1.984313483298443,2682.4375,643.0
1437,25.0,7.374269390775276,4.220444402225297,7.280109889280518,4.220444402225297,2785.56,642.12
1438,22.0,6.149648918286458,4.559976801448893,6.324555320336759,4.559976801448893,2813.181818181818,641.4090909090909
1439,5.0,3.098386676965933,1.7888543819998317,3.1622776601683795,1.7888543819998317,2972.8,639.4
1440,8.0,4.47213595499958,2.0,4.123105625617661,2.0,3086.5,640.5
1441,12.0,4.894994431930092,2.9693109114997,5.0990195135927845,2.9693109114997,3112.8333333333335,640.0833333333334
1442,18.0,7.097764472921567,3.0939225541184827,7.0710678118654755,3.0939225541184827,1231.9444444444443,643.1666666666666
1443,12.0,8.455906639697105,2.172525056920783,7.280109889280518,2.172525056920783,1347.4166666666667,642.75
1444,96.0,18.491647948996537,7.4863253496948285,18.973665961010276,7.4863253496948285,2314.4791666666665,644.0208333333334
1445,34.0,15.552095472075825,3.4702105165990718,14.035668847618199,3.4702105165990718,2416.6176470588234,641.8823529411765
1446,8.0,4.100618600451318,2.4869513653533066,4.123105625617661,2.4869513653533066,2442.75,641.0
1447,128.0,18.312728796187145,14.523197337786817,18.384776310850235,14.523197337786817,2494.2265625,649.5390625
1448,25.0,7.65884994244076,4.688498433312649,8.06225774829855,4.688498433312649,2734.4,643.4
1449,34.0,7.861096723135193,5.543384333293745,8.06225774829855,5.543384333293745,2838.0588235294117,643.0882352941177
1450,10.0,6.0,1.959591794226542,6.0,1.959591794226542,2082.4,643.5
1451,394.0,53.93285293115906,18.364785874732906,53.23532661682466,18.364785874732906,2238.6218274111675,659.3578680203045
1452,18.0,5.258737584977436,4.268749491621899,5.385164807134504,4.268749491621899,2334.222222222222,643.5
1453,45.0,10.24883195145818,5.734578820458731,10.44030650891055,5.734578820458731,2704.4444444444443,645.0666666666667
1454,12.0,3.8297084310253524,3.8297084310253524,4.123105625617661,3.8297084310253524,3041.5,643.5
1455,36.0,10.519822558706334,4.268749491621899,10.04987562112089,4.268749491621899,3139.5,643.5
1456,80.0,19.881880716937008,7.02750447580707,18.788294228055936,7.02750447580707,3226.6625,649.7375
1457,16.0,5.301859257350197,3.7852065221398448,5.385164807134504,3.7852065221398448,1968.8125,644.5
1458,228.0,18.00395851593498,16.838814967626316,20.248456731316587,16.838814967626316,2515.6666666666665,651.0219298245614
1459,6.0,3.1269438398822857,2.309401076758503,3.1622776601683795,2.309401076758503,2577.1666666666665,643.8333333333334
1460,5.0,3.098386676965933,1.7888543819998317,3.1622776601683795,1.7888543819998317,2721.2,643.6
1461,12.0,6.831300510639732,2.0,6.082762530298219,2.0,2867.5,643.5
1462,6.0,3.265986323710904,2.0,3.1622776601683795,2.0,3254.0,643.5
1463,47.0,10.50082616206309,6.09816422444053,10.44030650891055,6.09816422444053,2363.9148936170213,646.4255319148937
1464,9.0,5.274258481434536,1.946056459258261,5.0990195135927845,1.946056459258261,2572.5555555555557,645.7777777777778
1465,12.0,3.8297084310253524,3.8297084310253524,4.123105625617661,3.8297084310253524,3019.5,645.5
1466,13.0,4.318667337728677,3.6794648440311994,4.47213595499958,3.6794648440311994,3184.6153846153848,645.6153846153846
1467,22.0,7.048428818464492,4.431925680855448,7.211102550927978,4.431925680855448,2326.7272727272725,646.9545454545455
1468,36.0,10.519822558706334,4.268749491621899,10.04987562112089,4.268749491621899,2891.5,649.5
1469,82.0,18.7190013022955,10.06983062208345,18.027756377319946,10.06983062208345,2901.2804878048782,654.1585365853658
1470,92.0,15.634456055951274,13.749599866902853,15.524174696260024,13.749599866902853,2922.054347826087,651.0434782608696
1471,13.0,5.327693424801688,2.9221156196156555,5.385164807134504,2.9221156196156555,3079.0,646.0
1472,6.0,3.126943839882286,2.309401076758503,3.1622776601683795,2.309401076758503,823.8333333333334,646.8333333333334
1473,19.0,10.224405119522043,2.3570580767932277,9.219544457292887,2.3570580767932277,1215.8947368421052,649.9473684210526
1474,7.0,3.0237157840738176,2.799416848895061,3.1622776601683795,2.799416848895061,2805.714285714286,647.0
1475,21.0,5.875876393086047,4.525079467464661,6.082762530298219,4.525079467464661,2939.6190476190477,648.5238095238095
1476,20.0,7.225608390745808,3.502939249199704,7.615773105863909,3.502939249199704,2337.1,648.4
1477,10.0,3.9191835884530852,3.0983866769659336,4.123105625617661,3.0983866769659336,2393.0,648.2
1478,5.0,3.098386676965933,1.7888543819998317,3.1622776601683795,1.7888543819998317,2402.6,647.8
1479,14.0,8.246211251235321,1.9794866372215747,8.0,1.9794866372215747,2412.5,647.4285714285714
1480,6.0,3.8297084310253524,1.8856180831641272,4.0,1.8856180831641272,2453.6666666666665,648.5
1481,15.0,5.518707419053415,3.534823833516445,5.385164807134504,3.534823833516445,2464.3333333333335,648.7333333333333
1482,103.0,31.949913191574645,7.513717158189091,26.476404589747453,7.513717158189091,2597.2718446601943,659.6796116504854
1483,8.0,4.47213595499958,2.0,4.123105625617661,2.0,2874.5,647.5
1484,23.0,7.035289236178807,4.363664442539932,7.280109889280518,4.363664442539932,3003.5652173913045,649.304347826087
1485,11.0,4.346129984141888,3.067356324605907,4.47213595499958,3.067356324605907,3109.6363636363635,648.0909090909091
1486,13.0,4.318667337728677,3.6794648440311994,4.47213595499958,3.6794648440311994,1010.6153846153846,649.3846153846154
1487,13.0,4.318667337728677,3.6794648440311994,4.47213595499958,3.6794648440311994,1177.3846153846155,649.6153846153846
1488,10.0,4.079215610874227,3.224903099319419,4.123105625617661,3.224903099319419,2227.5,649.4
1489,122.0,27.159547001713293,11.599306151443555,26.40075756488817,11.599306151443555,2278.909836065574,659.6311475409836
1490,12.0,4.894994431930091,2.9693109114997,5.0990195135927845,2.9693109114997,2472.8333333333335,648.9166666666666
1491,20.0,6.2906103577220325,3.9734394832840088,6.324555320336759,3.9734394832840088,2576.5,650.3
1492,9.0,5.274258481434536,1.946056459258261,5.0990195135927845,1.946056459258261,2614.222222222222,648.5555555555555
1493,17.0,7.275199862046785,3.0676647980663088,7.280109889280518,3.0676647980663088,2711.0,650.5294117647059
1494,13.0,4.318667337728677,3.6794648440311994,4.47213595499958,3.6794648440311994,2760.6153846153848,649.3846153846154
1495,13.0,4.318667337728677,3.6794648440311994,4.47213595499958,3.6794648440311994,2782.3846153846152,649.3846153846154
1496,23.0,9.169742138011769,3.1011533941082474,9.055385138137417,3.1011533941082474,2791.913043478261,651.695652173913
1497,614.0,60.2771254435854,22.506027209575198,63.071388124885914,22.506027209575198,2802.802931596091,681.0928338762214
1498,106.0,17.50629929479538,8.634674799235418,17.08800749063506,8.634674799235418,2820.0754716981132,655.9716981132076
1499,36.0,10.519822558706334,4.268749491621899,10.04987562112089,4.268749491621899,2909.5,652.5
1500,65.0,17.43614339484204,5.960011066841494,16.1245154965971,5.960011066841494,3103.8153846153846,654.4
1501,38.0,13.775465390415059,3.9355597873496717,12.165525060596439,3.9355597873496717,1099.578947368421,654.3157894736842
1502,6.0,3.265986323710904,2.0,3.1622776601683795,2.0,2089.0,649.5
1503,22.0,8.591750800516843,3.1701083225750346,8.06225774829855,3.1701083225750346,2115.5,649.9090909090909
1504,28.0,6.233549779791836,6.0,6.708203932499369,6.0,2261.0,651.5
1505,13.0,4.318667337728677,3.6794648440311994,4.47213595499958,3.6794648440311994,2320.3846153846152,650.6153846153846
1506,10.0,6.0,1.959591794226542,6.0,1.959591794226542,2964.4,651.5
1507,6.0,6.831300510639732,0.0,6.0,0.0,2983.0,651.5
1508,15.0,4.77795383588526,3.981909289096598,5.0990195135927845,3.981909289096598,2993.3333333333335,650.7333333333333
1509,40.0,9.877601362087207,6.12070186593768,11.045361017187261,6.12070186593768,1913.1,653.275
1510,29.0,7.302452386475383,5.103563962980677,7.615773105863909,5.103563962980677,1931.3793103448277,652.5862068965517
1511,5.0,5.656854249492381,0.0,5.0,0.0,2002.0,652.0
1512,12.0,4.268749491621899,3.8297084310253524,4.47213595499958,3.8297084310253524,2022.8333333333333,651.5
1513,58.0,18.298594834395534,5.532818546634829,15.524174696260024,5.532818546634829,2832.310344827586,653.448275862069
1514,10.0,4.541385054734408,2.774134420794162,4.47213595499958,2.774134420794162,2457.2,652.3
1515,22.0,8.398895815092525,4.06200337287783,8.06225774829855,4.06200337287783,2609.1363636363635,653.6363636363636
1516,321.0,42.5922426530931,18.27833167725236,38.58756276314948,18.27833167725236,2869.323987538941,661.981308411215
1517,12.0,4.167620293867669,3.631321610887408,4.47213595499958,3.631321610887408,1181.25,653.6666666666666
1518,81.0,12.385466582309213,8.786863274506073,13.416407864998739,8.786863274506073,2363.604938271605,658.5432098765432
1519,14.0,5.449353665897314,3.145851452097728,5.385164807134504,3.145851452097728,2433.9285714285716,653.8571428571429
1520,72.0,18.36193677450621,6.168399665411323,16.278820596099706,6.168399665411323,2770.8333333333335,654.2222222222222
1521,54.0,12.407262709495402,6.2702749407501335,12.083045973594572,6.2702749407501335,3186.796296296296,654.4814814814815
1522,8.0,3.4641016151377544,2.8284271247461903,4.0,2.8284271247461903,1061.5,654.0
1523,9.0,3.885753375057407,2.7954428906961324,4.123105625617661,2.7954428906961324,1191.3333333333333,654.1111111111111
1524,6.0,3.265986323710904,2.0,3.1622776601683795,2.0,2093.5,654.0
1525,6.0,3.265986323710904,2.0,3.1622776601683795,2.0,2127.5,654.0
1526,71.0,13.3366103058787,7.1002353282519515,14.142135623730951,7.1002353282519515,2406.3521126760565,659.7042253521126
1527,31.0,9.82233886551751,4.942574971439595,10.04987562112089,4.942574971439595,3148.064516129032,656.2903225806451
1528,9.0,3.885753375057407,2.7954428906961324,4.123105625617661,2.7954428906961324,3237.8888888888887,654.6666666666666
1529,9.0,3.265986323710904,3.265986323710904,3.605551275463989,3.265986323710904,3257.0,654.0
1530,24.0,9.906083286265904,3.7204483799383032,9.848857801796104,3.7204483799383032,1244.3333333333333,656.875
1531,6.0,3.8297084310253524,1.8856180831641272,4.0,1.8856180831641272,2147.5,654.6666666666666
1532,16.0,6.38837916069811,3.0312722905008225,6.324555320336759,3.0312722905008225,2341.5,655.0
1533,7.0,3.0237157840738176,2.7994168488950604,3.1622776601683795,2.7994168488950604,2998.0,654.7142857142857
1534,17.0,6.855803266994698,3.217819595370112,6.708203932499369,3.217819595370112,2132.823529411765,656.1764705882352
1535,75.0,19.17120843067241,5.895298557791014,18.027756377319946,5.895298557791014,2293.2933333333335,662.4133333333333
1536,164.0,21.674512333716084,12.052119633966338,23.021728866442675,12.052119633966338,2578.4756097560976,664.3963414634146
1537,61.0,15.943588917593713,5.182846954434705,15.524174696260024,5.182846954434705,2618.8688524590166,661.9180327868852
1538,270.0,34.22888209523053,16.230215629259543,35.11409973215888,16.230215629259543,2709.6296296296296,671.0518518518519
1539,56.0,12.093194837956151,7.013074221751982,12.206555615733702,7.013074221751982,2758.0,660.0
1540,56.0,8.743048267976246,8.283738979086284,9.433981132056603,8.283738979086284,2219.3571428571427,659.3571428571429
1541,144.0,19.825321931249007,12.923915736983824,21.213203435596427,12.923915736983824,2255.9583333333335,665.7222222222222
1542,47.0,13.503027757634758,9.429856968422266,12.529964086141668,9.429856968422266,2325.6170212765956,659.531914893617
1543,36.0,10.087273912863687,5.535518650971633,10.0,5.535518650971633,2386.5,658.4444444444445
1544,59.0,14.256496739185897,7.258646664542587,13.416407864998739,7.258646664542587,2417.2542372881358,662.9152542372881
1545,7.0,3.0237157840738176,2.799416848895061,3.1622776601683795,2.799416848895061,2449.0,657.2857142857143
1546,31.0,9.31049431304841,4.1959574366364425,9.219544457292887,4.1959574366364425,2459.3870967741937,660.0967741935484
1547,18.0,5.258737584977436,4.268749491621899,5.385164807134504,4.268749491621899,2723.5,657.7777777777778
1548,8.0,3.4641016151377544,2.7386127875258306,3.605551275463989,2.7386127875258306,3029.875,657.125
1549,27.0,7.811725553869512,4.378866832323127,7.615773105863909,4.378866832323127,1146.5555555555557,659.8888888888889
1550,12.0,7.118052168020874,1.9720265943665378,7.0,1.9720265943665378,1235.0,657.4166666666666
1551,18.0,6.831300510639732,3.265986323710904,6.324555320336759,3.265986323710904,1545.0,659.5
1552,52.0,13.325771604512568,5.174827603907727,13.341664064126334,5.174827603907727,2100.269230769231,662.9615384615385
1553,59.0,15.95323469580369,5.160165743171159,15.297058540778355,5.160165743171159,2336.3728813559323,664.6779661016949
1554,24.0,7.144250257399453,4.260766680316147,7.280109889280518,4.260766680316147,2379.4166666666665,659.5416666666666
1555,6.0,3.265986323710904,2.0,3.1622776601683795,2.0,3048.5,658.0
1556,55.0,18.924161234938737,5.793677594277987,18.027756377319946,5.793677594277987,3075.5272727272727,663.3636363636364
1557,59.0,16.693192998142564,5.597819565163975,16.1245154965971,5.597819565163975,3096.5254237288136,664.4237288135594
1558,10.0,4.09878030638384,2.9933259094191533,4.123105625617661,2.9933259094191533,1032.2,659.5
1559,12.0,5.597316206471151,3.0737321065039485,6.082762530298219,3.0737321065039485,2015.5833333333333,660.8333333333334
1560,15.0,6.116757990784166,3.062087979351537,6.082762530298219,3.062087979351537,2198.0666666666666,660.9333333333333
1561,20.0,6.0,4.09878030638384,6.082762530298219,4.09878030638384,2307.5,659.5
1562,12.0,4.268749491621899,3.8297084310253524,4.47213595499958,3.8297084310253524,3000.1666666666665,659.5
1563,81.0,24.8285962442153,6.356229458194219,22.02271554554524,6.356229458194219,3213.814814814815,667.3827160493827
1564,8.0,4.47213595499958,2.0,4.123105625617661,2.0,2036.5,659.5
1565,32.0,9.538036180668287,4.508075067727104,9.486832980505138,4.508075067727104,2787.9375,661.90625
1566,403.0,40.51714440149773,25.85284782362306,42.80186911806539,25.85284782362306,2834.672456575682,678.9677419354839
1567,11.0,6.410747983365109,1.9649396885733192,6.082762530298219,1.9649396885733192,3083.2727272727275,659.5454545454545
1568,37.0,15.520852661059509,4.036736764223145,13.341664064126334,4.036736764223145,3137.135135135135,665.3513513513514
1569,54.0,9.492120408123606,7.444798680069482,10.198039027185569,7.444798680069482,2091.277777777778,663.6481481481482
1570,179.0,32.624374559063355,8.347287733179002,29.614185789921695,8.347287733179002,2168.4525139664806,674.4692737430167
1571,39.0,14.338606976016633,3.5993476224881595,13.152946437965905,3.5993476224881595,2498.128205128205,661.2051282051282
1572,34.0,13.461880643567323,4.249476009457685,11.704699910719626,4.249476009457685,3022.6176470588234,664.6764705882352
1573,6.0,3.265986323710904,2.0,3.1622776601683795,2.0,1184.5,662.0
1574,7.0,4.634736211286691,1.826347935745029,4.47213595499958,1.826347935745029,1771.2857142857142,661.7142857142857
1575,31.0,10.694237706595382,3.970439937632944,10.770329614269007,3.970439937632944,1777.258064516129,665.1612903225806
1576,48.0,11.854479274107275,6.451674117431752,11.704699910719626,6.451674117431752,2132.3541666666665,665.6041666666666
1577,55.0,12.131494405505999,6.164714348070711,11.704699910719626,6.164714348070711,2434.4,664.709090909091
1578,105.0,26.446044517139708,5.287191484763711,26.1725046566048,5.287191484763711,2454.1809523809525,672.0571428571428
1579,7.0,3.0237157840738176,2.799416848895061,3.1622776601683795,2.799416848895061,2719.285714285714,662.0
1580,36.0,11.773323108757852,4.415877499195318,11.180339887498949,4.415877499195318,2928.9166666666665,665.8333333333334
1581,12.0,3.8297084310253524,3.8297084310253524,4.123105625617661,3.8297084310253524,3051.5,662.5
1582,315.0,34.276284582657304,18.86476220301727,37.69615364994153,18.86476220301727,2911.9650793650794,676.3523809523809
1583,15.0,4.974602161647368,3.7712361663282534,5.0990195135927845,3.7712361663282534,2312.6,665.0666666666667
1584,60.0,15.375889071424668,8.246469395169411,13.892443989449804,8.246469395169411,2729.3,666.5166666666667
1585,125.0,24.735001295052136,7.531854415332869,25.179356624028344,7.531854415332869,2775.936,674.328
1586,33.0,9.092236249503634,4.718496159486327,8.94427190999916,4.718496159486327,2122.4545454545455,667.8484848484849
1587,33.0,10.773586108296174,4.142502752221149,9.848857801796104,4.142502752221149,2155.3939393939395,667.8181818181819
1588,641.0,51.37419050761611,23.76369782449487,58.05170109479997,23.76369782449487,2344.4633385335414,690.0218408736349
1589,11.0,3.8138503569823694,3.6725472503134826,4.123105625617661,3.6725472503134826,2744.181818181818,665.1818181818181
1590,32.0,9.38083151964686,4.242640687119285,9.055385138137417,4.242640687119285,2851.5,668.0
1591,30.0,8.860165574699614,4.446686580417311,8.54400374531753,4.446686580417311,2988.4666666666667,667.2
1592,6.0,3.265986323710904,2.0,3.1622776601683795,2.0,118.0,665.5
1593,26.0,7.549442551621722,4.332347027793453,7.280109889280518,4.332347027793453,3253.5,667.7692307692307
1594,18.0,5.258737584977436,4.268749491621899,5.385164807134504,4.268749491621899,2142.222222222222,667.5
1595,44.0,12.10895680013079,4.9976465458944075,11.180339887498949,4.9976465458944075,2318.1363636363635,670.7272727272727
1596,24.0,7.118052168020874,4.163331998932265,7.0710678118654755,4.163331998932265,2483.0,667.5
1597,36.0,10.519822558706334,4.268749491621899,10.04987562112089,4.268749491621899,3179.5,667.5
1598,15.0,5.412742168049184,3.5777087639996634,5.385164807134504,3.5777087639996634,1189.1333333333334,668.8666666666667
1599,51.0,9.20143301100504,7.090310304175692,9.486832980505138,7.090310304175692,2051.176470588235,671.4705882352941
1600,41.0,12.479038586961229,6.146337339515073,12.083045973594572,6.146337339515073,2084.487804878049,671.0975609756098
1601,32.0,9.897761227212687,4.228246999536003,9.848857801796104,4.228246999536003,3034.21875,669.15625
1602,10.0,4.0,3.149603149604724,4.123105625617661,3.149603149604724,1947.7,669.7
1603,38.0,9.384643349901724,5.660324418197696,9.433981132056603,5.660324418197696,2204.157894736842,670.3157894736842
1604,74.0,18.9996719221787,5.489352674123897,18.027756377319946,5.489352674123897,2981.5945945945946,677.2297297297297
1605,25.0,9.73242004847715,3.183959798741184,9.055385138137417,3.183959798741184,3164.0,669.08
1606,6.0,3.265986323710904,2.0,3.1622776601683795,2.0,129.0,669.5
1607,211.0,29.101192125002406,11.532599585378957,29.274562336608895,11.532599585378957,2221.867298578199,682.5639810426541
1608,94.0,19.322584640669877,7.361663069456222,18.439088914585774,7.361663069456222,2328.436170212766,677.6702127659574
1609,36.0,10.544676828201403,4.389371334513545,10.295630140987,4.389371334513545,2148.027777777778,673.3888888888889
1610,68.0,11.937370242062828,7.944501787961923,12.806248474865697,7.944501787961923,2246.6176470588234,675.8676470588235
1611,7.0,3.0237157840738176,2.799416848895061,3.1622776601683795,2.799416848895061,2285.714285714286,672.0
1612,37.0,12.214660095468565,5.146505605760339,10.44030650891055,5.146505605760339,2371.6216216216217,673.1081081081081
1613,22.0,6.7414751252203455,4.062379396262226,7.0710678118654755,4.062379396262226,2445.590909090909,673.7727272727273
1614,12.0,3.8297084310253524,3.8297084310253524,4.123105625617661,3.8297084310253524,2947.5,672.5
1615,58.0,11.54955935793722,7.311731954777021,11.40175425099138,7.311731954777021,3010.5344827586205,674.1896551724138
1616,12.0,4.167620293867669,3.631321610887408,4.47213595499958,3.631321610887408,3131.75,672.3333333333334
1617,12.0,4.167620293867669,3.631321610887408,4.47213595499958,3.631321610887408,933.6666666666666,673.75
1618,10.0,4.0,3.149603149604724,4.123105625617661,3.149603149604724,1216.3,673.3
1619,9.0,3.265986323710904,3.265986323710904,3.605551275463989,3.265986323710904,2000.0,673.0
1620,64.0,19.510331189915437,5.5981393658797876,17.46424919657298,5.5981393658797876,2062.921875,679.296875
1621,12.0,4.464216783173839,3.409739589526534,4.47213595499958,3.409739589526534,2638.3333333333335,673.5
1622,25.0,9.017136850364674,4.040995300887573,8.54400374531753,4.040995300887573,2751.24,674.8
1623,13.0,4.3616645597524775,3.7565911332956423,4.47213595499958,3.7565911332956423,2824.153846153846,673.4615384615385
1624,6.0,3.265986323710904,2.0,3.1622776601683795,2.0,3025.5,673.0
1625,26.0,10.0,4.196363599072571,8.54400374531753,4.196363599072571,3043.5,673.2307692307693
1626,7.0,4.155374705678736,1.9054711331003737,4.123105625617661,1.9054711331003737,1113.2857142857142,673.5714285714286
1627,13.0,4.318667337728677,3.6794648440311994,4.47213595499958,3.6794648440311994,2533.3846153846152,674.6153846153846
1628,33.0,7.5714983525838955,5.911053087337222,8.06225774829855,5.911053087337222,2898.242424242424,675.1515151515151
1629,26.0,7.324911493695527,4.566677933593754,7.280109889280518,4.566677933593754,2968.6923076923076,676.3076923076923
1630,33.0,8.513513876929748,5.497254404266819,9.486832980505138,5.497254404266819,3240.818181818182,675.1818181818181
1631,8.0,5.321869122843981,1.7826129808008924,5.0990195135927845,1.7826129808008924,1974.625,676.375
1632,55.0,10.259318715438779,6.956198210562602,10.44030650891055,6.956198210562602,2178.8,679.1090909090909
1633,23.0,6.366156084212641,4.653741710702269,6.324555320336759,4.653741710702269,2280.217391304348,675.6086956521739
1634,32.0,9.38083151964686,4.242640687119285,9.055385138137417,4.242640687119285,2604.0,675.5
1635,210.0,30.359694174036107,12.58814145376136,29.832867780352597,12.58814145376136,2643.7238095238095,684.2904761904762
1636,328.0,40.04963833347173,14.793889219329065,38.62641583165593,14.793889219329065,3169.125,693.219512195122
1637,5.0,3.098386676965933,1.7888543819998317,3.1622776601683795,1.7888543819998317,2117.8,675.4
1638,20.0,5.6080087285383815,4.577143006356403,5.830951894845301,4.577143006356403,2137.85,677.45
1639,5.0,3.098386676965933,1.7888543819998317,3.1622776601683795,1.7888543819998317,2385.4,676.2
1640,53.0,10.345002095229253,7.0076862902644566,11.704699910719626,7.0076862902644566,851.0754716981132,680.8301886792453
1641,9.0,3.885753375057407,2.7954428906961324,4.123105625617661,2.7954428906961324,1148.888888888889,677.6666666666666
1642,27.0,8.457643907829677,4.070261043280923,8.246211251235321,4.070261043280923,2732.222222222222,677.3333333333334
1643,15.0,4.77795383588526,3.981909289096598,5.0990195135927845,3.981909289096598,2828.266666666667,677.6666666666666
1644,5.0,5.656854249492381,0.0,5.0,0.0,2020.0,677.0
1645,55.0,13.556782025792183,6.813460785974886,13.416407864998739,6.813460785974886,2034.8909090909092,680.0
1646,8.0,5.321869122843981,1.7826129808008924,5.0990195135927845,1.7826129808008924,2123.375,678.625
1647,93.0,25.537101066225166,7.827208116834651,21.400934559032695,7.827208116834651,2311.1505376344085,684.236559139785
1648,16.0,5.149449337222181,3.918950308868696,5.385164807134504,3.918950308868696,2501.1875,678.3125
1649,7.0,3.0237157840738176,2.799416848895061,3.1622776601683795,2.799416848895061,2872.285714285714,678.0
1650,29.0,11.438483303770964,3.1537088852863557,11.180339887498949,3.1537088852863557,2191.9655172413795,683.3103448275862
1651,107.0,18.56150085843511,14.155432425602061,18.439088914585774,14.155432425602061,2288.878504672897,684.4672897196261
1652,10.0,4.09878030638384,2.9933259094191533,4.123105625617661,2.9933259094191533,137.8,680.5
1653,29.0,10.334093203280931,3.8340550116516807,11.0,3.8340550116516807,1225.551724137931,683.4137931034483
1654,11.0,4.51260859854213,2.9541957835039856,5.0,2.9541957835039856,2081.0,681.0
1655,47.0,11.413631614168757,5.6069942154460675,11.180339887498949,5.6069942154460675,2154.404255319149,681.531914893617
1656,63.0,19.341525942743775,4.614065666128911,18.110770276274835,4.614065666128911,2364.3968253968255,687.936507936508
1657,25.0,9.652691776023222,3.280478848749626,9.219544457292887,3.280478848749626,3022.96,683.32
1658,62.0,11.274685818107535,7.234088195720615,12.649110640673518,7.234088195720615,3071.0806451612902,683.7096774193549
1659,13.0,4.318667337728677,3.6794648440311994,4.47213595499958,3.6794648440311994,3153.3846153846152,680.6153846153846
1660,14.0,5.449353665897314,3.145851452097728,5.385164807134504,3.145851452097728,1142.0714285714287,681.8571428571429
1661,26.0,7.549442551621722,4.332347027793453,7.280109889280518,4.332347027793453,1323.5,683.2307692307693
1662,5.0,2.5298221281347035,2.5298221281347035,3.0,2.5298221281347035,2089.0,681.0
1663,126.0,23.291580051504063,7.984594381182877,21.93171219946131,7.984594381182877,2272.904761904762,689.468253968254
1664,154.0,22.735010564694914,10.392680535190614,21.18962010041709,10.392680535190614,2855.9805194805194,688.1688311688312
1665,57.0,13.424277666437774,6.081363559150682,12.36931687685298,6.081363559150682,2945.4912280701756,685.719298245614
1666,8.0,3.4641016151377544,2.7386127875258306,3.605551275463989,2.7386127875258306,3093.875,681.125
1667,8.0,3.4641016151377544,2.7386127875258306,3.605551275463989,2.7386127875258306,3109.875,681.125
1668,53.0,13.491258801183212,6.855537609090673,13.0,6.855537609090673,3140.603773584906,686.9622641509434
1669,18.0,7.347659875138195,3.3314132305030215,7.280109889280518,3.3314132305030215,3247.0555555555557,682.3888888888889
1670,26.0,7.549442551621722,4.332347027793453,7.280109889280518,4.332347027793453,2211.5,683.7692307692307
1671,50.0,13.987389725858801,6.824025839410308,13.601470508735444,6.824025839410308,3259.46,686.7
1672,26.0,7.050713149593597,6.054280137842432,7.280109889280518,6.054280137842432,2245.0,685.4230769230769
1673,12.0,3.8297084310253524,3.8297084310253524,4.123105625617661,3.8297084310253524,2917.5,683.5
1674,41.0,9.591095696428658,5.495890785411582,9.486832980505138,5.495890785411582,2133.951219512195,686.6585365853658
1675,19.0,5.894503054821655,4.200314913318668,6.324555320336759,4.200314913318668,2750.7368421052633,685.8421052631579
1676,168.0,29.419320872909484,9.372799174497157,30.364452901377952,9.372799174497157,2879.1369047619046,694.6011904761905
1677,42.0,12.243252489212603,5.5938338464928865,10.770329614269007,5.5938338464928865,3051.904761904762,686.0
1678,8.0,3.4641016151377544,2.8284271247461903,4.0,2.8284271247461903,2086.0,685.5
1679,26.0,7.399095438449665,4.5429067872155064,7.280109889280518,4.5429067872155064,3159.923076923077,685.8846153846154
1680,112.0,15.736215678951053,9.421078504458375,16.76305461424021,9.421078504458375,3194.348214285714,690.2946428571429
1681,9.0,4.277662731533559,2.643019518000728,4.123105625617661,2.643019518000728,3240.6666666666665,685.5555555555555
1682,10.0,4.09878030638384,2.9933259094191533,4.123105625617661,2.9933259094191533,121.8,686.5
1683,7.0,3.0237157840738176,2.799416848895061,3.1622776601683795,2.799416848895061,141.71428571428572,686.0
1684,7.0,3.6486656040768595,2.5058084612197162,4.0,2.5058084612197162,2369.8571428571427,686.5714285714286
1685,94.0,14.771746071615903,9.467159869984698,15.524174696260024,9.467159869984698,2507.6382978723404,691.7234042553191
1686,23.0,7.739147650117367,3.934208231121799,7.280109889280518,3.934208231121799,2913.304347826087,689.3913043478261
1687,321.0,47.229076572552394,12.510523932789445,42.5440947723653,12.510523932789445,114.38006230529595,696.2585669781931
1688,9.0,5.311578320742264,2.045042168517769,5.0,2.045042168517769,895.5555555555555,688.6666666666666
1689,6.0,3.265986323710904,2.0,3.1622776601683795,2.0,2358.5,688.0
1690,10.0,3.9191835884530852,3.0983866769659336,4.123105625617661,3.0983866769659336,2497.0,688.8
1691,43.0,10.237575026791221,5.4018662744835355,10.44030650891055,5.4018662744835355,2662.093023255814,691.4186046511628
1692,29.0,7.405832080434374,5.1185959560655565,7.615773105863909,5.1185959560655565,2938.0689655172414,689.4137931034483
1693,218.0,38.43876943104784,12.763427243150241,34.48187929913333,12.763427243150241,3041.197247706422,698.2293577981651
1694,30.0,8.698403429493382,4.351245032554859,8.246211251235321,4.351245032554859,3043.5,690.7333333333333
1695,53.0,13.389849419342745,7.038616427009791,13.038404810405298,7.038616427009791,3120.377358490566,692.3207547169811
1696,28.0,9.338186269008819,3.825573407892296,8.94427190999916,3.825573407892296,195.67857142857142,691.3214285714286
1697,6.0,3.265986323710904,2.0,3.1622776601683795,2.0,966.5,689.0
1698,34.0,8.89200002240472,5.6487267723149115,9.486832980505138,5.6487267723149115,1420.1470588235295,690.7941176470588
1699,10.0,4.381780460041329,2.6832815729997477,4.47213595499958,2.6832815729997477,1956.5,689.0
1700,6.0,3.265986323710904,2.0,3.1622776601683795,2.0,2049.0,688.5
1701,26.0,7.829493173053266,4.13967468233888,8.06225774829855,4.13967468233888,2173.576923076923,691.2692307692307
1702,63.0,19.035047536893185,4.592000261542187,17.26267650163207,4.592000261542187,2180.4761904761904,696.0
1703,30.0,8.748333174572933,4.332820482472512,8.246211251235321,4.332820482472512,2251.6,691.5
1704,5.0,2.5298221281347035,2.5298221281347035,3.0,2.5298221281347035,2257.0,689.0
1705,34.0,9.859118038631998,4.442855835035544,9.486832980505138,4.442855835035544,2900.5588235294117,692.2352941176471
1706,136.0,28.99795603144491,11.320589349950879,26.248809496813376,11.320589349950879,2914.625,700.4117647058823
1707,45.0,13.97226767183374,4.513183192202914,14.035668847618199,4.513183192202914,2991.777777777778,694.8222222222222
1708,25.0,7.489452520533452,4.229905547725045,7.280109889280518,4.229905547725045,3017.56,691.32
1709,9.0,3.885753375057407,2.7954428906961324,4.123105625617661,2.7954428906961324,3064.3333333333335,689.1111111111111
1710,45.0,13.172970562491091,4.858873226261297,12.649110640673518,4.858873226261297,2890.311111111111,694.6
1711,24.0,9.616541025038353,3.1126845937905356,9.055385138137417,3.1126845937905356,1971.125,690.875
1712,22.0,6.741475125220345,4.062379396262224,7.0710678118654755,4.062379396262224,1995.2272727272727,691.5909090909091
1713,18.0,5.258737584977436,4.268749491621899,5.385164807134504,4.268749491621899,2054.222222222222,691.5
1714,37.0,7.684891931039823,6.274823305902056,8.06225774829855,6.274823305902056,2396.864864864865,693.2702702702703
1715,6.0,3.8297084310253524,1.8856180831641272,4.0,1.8856180831641272,2713.3333333333335,691.5
1716,22.0,6.402478858785094,4.30644337539164,6.324555320336759,4.30644337539164,91.5,693.7272727272727
1717,13.0,5.571304993630558,2.8888018368456154,6.0,2.8888018368456154,717.9230769230769,693.6153846153846
1718,23.0,6.041438422612472,4.8796557961984774,6.324555320336759,4.8796557961984774,1643.608695652174,693.3478260869565
1719,53.0,13.538458299153078,5.2436132333307865,13.038404810405298,5.2436132333307865,1947.5283018867924,696.566037735849
1720,76.0,19.36455850514999,7.576390006789002,17.4928556845359,7.576390006789002,2295.842105263158,698.2368421052631
1721,16.0,5.813820066492655,3.7349024397495767,6.082762530298219,3.7349024397495767,3184.0,693.375
1722,87.0,15.463065420859097,10.544658174069081,15.264337522473747,10.544658174069081,3213.32183908046,696.8390804597701
1723,13.0,4.748377429419916,3.5597537413447733,5.0990195135927845,3.5597537413447733,181.92307692307693,693.8461538461538
1724,28.0,8.175348211411746,4.4516000321970255,8.246211251235321,4.4516000321970255,1155.0357142857142,693.6071428571429
1725,15.0,5.40599920284407,3.568014598401305,5.385164807134504,3.568014598401305,1276.9333333333334,694.2
1726,12.0,4.320493798938574,3.590109871423003,5.0,3.590109871423003,1681.1666666666667,694.0
1727,15.0,4.618802153517006,4.026578365477733,5.0,4.026578365477733,2158.6,693.6
1728,31.0,10.705880778714947,4.156928972127039,9.486832980505138,4.156928972127039,2211.064516129032,693.4516129032259
1729,13.0,4.666384888647108,3.8430756913220914,5.0990195135927845,3.8430756913220914,2230.0,693.8461538461538
1730,42.0,11.663307291882592,4.657318866492675,11.180339887498949,4.657318866492675,2643.7619047619046,696.8809523809524
1731,16.0,4.898979485566356,4.0,5.0990195135927845,4.0,289.0,694.5
1732,8.0,3.4641016151377544,2.7386127875258306,3.605551275463989,2.7386127875258306,297.125,694.125
1733,6.0,4.363338213437162,1.65500979239906,4.123105625617661,1.65500979239906,1269.1666666666667,693.6666666666666
1734,12.0,4.894994431930091,2.9693109114997,5.0990195135927845,2.9693109114997,1579.0833333333333,694.8333333333334
1735,20.0,7.441244673965887,3.4738851020398354,7.280109889280518,3.4738851020398354,2308.25,694.85
1736,14.0,4.20883424647321,4.120630029101703,4.47213595499958,4.120630029101703,2355.5,694.7142857142857
1737,10.0,4.381780460041329,2.6832815729997477,4.47213595499958,2.6832815729997477,2471.5,694.0
1738,6.0,3.265986323710904,2.0,3.1622776601683795,2.0,2792.5,694.0
1739,15.0,6.16320124949665,3.4752226663086154,5.830951894845301,3.4752226663086154,2966.6,695.3333333333334
1740,71.0,14.482957009047237,10.343781102386378,15.524174696260024,10.343781102386378,1224.3098591549297,700.7746478873239
1741,21.0,10.991979149762058,2.823929941099686,10.04987562112089,2.823929941099686,2045.5238095238096,695.2380952380952
1742,15.0,5.656854249492381,3.265986323710904,5.385164807134504,3.265986323710904,2519.0,695.0
1743,5.0,3.098386676965933,1.7888543819998317,3.1622776601683795,1.7888543819998317,3262.6,694.8
1744,46.0,10.41031583295923,5.926741890585627,10.816653826391969,5.926741890585627,160.67391304347825,698.8913043478261
1745,34.0,9.848682134802988,4.365641250653994,9.219544457292887,4.365641250653994,2203.5,698.7647058823529
1746,36.0,8.027729719194863,5.847865496418119,8.06225774829855,5.847865496418119,2369.527777777778,697.5277777777778
1747,36.0,10.519822558706334,4.268749491621899,10.04987562112089,4.268749491621899,2403.5,699.5
1748,47.0,9.771141999817948,6.291228809707853,10.198039027185569,6.291228809707853,2982.553191489362,699.3829787234042
1749,23.0,9.509706749091555,3.0915879592224997,9.219544457292887,3.0915879592224997,3060.7391304347825,696.1739130434783
1750,323.0,33.021219038322094,18.52556552720371,32.202484376209235,18.52556552720371,3113.201238390093,706.0990712074304
1751,8.0,3.4641016151377544,2.8284271247461903,4.0,2.8284271247461903,203.5,697.0
1752,11.0,4.346129984141888,3.067356324605906,4.47213595499958,3.067356324605906,322.90909090909093,697.3636363636364
1753,14.0,5.613118538709359,3.1692145207544065,5.830951894845301,3.1692145207544065,594.5,698.2857142857143
1754,26.0,7.549442551621722,4.332347027793453,7.280109889280518,4.332347027793453,1338.5,699.2307692307693
1755,12.0,6.722948692190054,2.4316808987388043,6.708203932499369,2.4316808987388043,1876.3333333333333,697.1666666666666
1756,28.0,7.8665721238905695,4.604201958286475,7.615773105863909,4.604201958286475,1994.357142857143,699.0357142857143
1757,9.0,3.885753375057407,2.7954428906961324,4.123105625617661,2.7954428906961324,2054.3333333333335,696.8888888888889
1758,85.0,19.476235202689615,7.354380991556008,17.204650534085253,7.354380991556008,2082.8,702.564705882353
1759,32.0,9.38083151964686,4.242640687119285,9.055385138137417,4.242640687119285,2411.5,700.0
1760,14.0,4.20883424647321,4.120630029101703,4.47213595499958,4.120630029101703,2467.5,697.2857142857143
1761,54.0,22.35234007025057,4.209180520493734,19.697715603592208,4.209180520493734,2500.9074074074074,701.5
1762,14.0,8.0,2.0,7.0710678118654755,2.0,2814.5,699.0
1763,36.0,12.671278484249045,3.7276657170491982,12.041594578792296,3.7276657170491982,2821.3055555555557,701.5555555555555
1764,42.0,12.146650786756663,5.106210643543706,11.40175425099138,5.106210643543706,2862.3809523809523,700.8333333333334
1765,57.0,9.75661051803869,7.5039126522636534,10.295630140987,7.5039126522636534,2945.842105263158,699.8771929824561
1766,10.0,3.9191835884530852,3.0983866769659336,4.123105625617661,3.0983866769659336,2958.2,697.0
1767,141.0,26.699985376965913,12.487832082747033,24.596747752497688,12.487832082747033,3023.2695035460993,708.5531914893617
1768,138.0,18.827810379137063,11.712351292306233,19.235384061671343,11.712351292306233,3080.3985507246375,702.7246376811594
1769,26.0,7.549442551621722,4.332347027793453,7.280109889280518,4.332347027793453,3155.5,699.2307692307693
1770,68.0,24.31458103079858,6.705503639139674,19.4164878389476,6.705503639139674,3247.3676470588234,702.1764705882352
1771,16.0,6.897762385807147,2.965783887767969,6.708203932499369,2.965783887767969,1142.1875,699.4375
1772,28.0,8.246211251235321,4.20883424647321,8.06225774829855,4.20883424647321,1331.5,700.5
1773,29.0,8.504440860756826,4.2611318058210035,8.246211251235321,4.2611318058210035,2131.551724137931,700.3793103448276
1774,105.0,16.41433550134338,10.20082131900261,17.4928556845359,10.20082131900261,2267.6190476190477,702.6380952380953
1775,31.0,7.343069402188968,5.344163262307683,7.615773105863909,5.344163262307683,2830.032258064516,699.8064516129032
1776,27.0,10.660897721155955,3.9464339234093844,10.198039027185569,3.9464339234093844,2927.1481481481483,702.1111111111111
1777,29.0,6.989797860119875,5.589083174012624,7.615773105863909,5.589083174012624,3199.9310344827586,700.7586206896551
1778,46.0,9.362273971265928,6.525795839754337,9.433981132056603,6.525795839754337,85.1304347826087,702.1304347826087
1779,6.0,3.8297084310253524,1.8856180831641272,4.0,1.8856180831641272,1022.3333333333334,699.5
1780,6.0,6.831300510639732,0.0,6.0,0.0,2099.5,698.0
1781,21.0,6.258173505705088,4.157977767102647,6.324555320336759,4.157977767102647,2836.6190476190477,699.5714285714286
1782,248.0,31.44554922580461,14.173933072249735,33.54101966249684,14.173933072249735,3188.9475806451615,710.0806451612904
1783,7.0,3.7032803990902057,2.138089935299395,3.605551275463989,2.138089935299395,1886.0,700.0
1784,46.0,13.456887995886058,4.29985174308272,13.038404810405298,4.29985174308272,2209.4565217391305,704.7608695652174
1785,243.0,30.15905762859022,15.792466433674285,31.064449134018133,15.792466433674285,2323.0041152263375,710.7860082304527
1786,128.0,16.04531417924728,13.799097086014218,17.11724276862369,13.799097086014218,2894.484375,708.265625
1787,8.0,4.47213595499958,2.0,4.123105625617661,2.0,1318.5,701.5
1788,30.0,7.357304196176973,5.129767968374508,7.615773105863909,5.129767968374508,2003.7333333333333,701.9666666666667
1789,180.0,25.691213196513935,17.903350511929233,26.076809620810597,17.903350511929233,2237.266666666667,710.1944444444445
1790,13.0,4.318667337728677,3.6794648440311994,4.47213595499958,3.6794648440311994,2488.6153846153848,701.6153846153846
1791,18.0,5.333333333333333,4.216370213557839,5.385164807134504,4.216370213557839,2868.3333333333335,702.0
1792,12.0,4.464216783173839,3.409739589526534,4.47213595499958,3.409739589526534,2952.6666666666665,701.5
1793,6.0,3.265986323710904,2.0,3.1622776601683795,2.0,144.0,701.5
1794,22.0,8.808914676719455,3.056987238868882,9.0,3.056987238868882,211.86363636363637,701.9545454545455
1795,50.0,11.270370115742878,6.420432808944413,12.083045973594572,6.420432808944413,1191.08,706.72
1796,7.0,4.155374705678736,1.9054711331003737,4.123105625617661,1.9054711331003737,2118.5714285714284,702.2857142857143
1797,8.0,3.4641016151377544,2.7386127875258306,3.605551275463989,2.7386127875258306,2279.125,701.875
1798,17.0,6.585670706008096,3.1796084995103278,6.324555320336759,3.1796084995103278,2963.6470588235293,703.0588235294117
1799,22.0,8.956932750974133,3.160416385159526,8.54400374531753,3.160416385159526,2174.8636363636365,706.4545454545455
1800,43.0,10.326686731985928,5.3246059615887225,10.198039027185569,5.3246059615887225,2368.813953488372,707.6046511627907
1801,32.0,9.38083151964686,4.242640687119285,9.055385138137417,4.242640687119285,2671.5,707.0
1802,67.0,19.03878425407802,6.1960318996909844,16.15549442140351,6.1960318996909844,2748.0149253731342,710.223880597015
1803,36.0,10.519822558706334,4.268749491621899,10.04987562112089,4.268749491621899,2883.5,707.5
1804,42.0,9.952251862890648,5.5115078824917525,9.848857801796104,5.5115078824917525,105.26190476190476,708.0952380952381
1805,5.0,3.098386676965933,1.7888543819998317,3.1622776601683795,1.7888543819998317,253.6,704.8
1806,5.0,2.5298221281347035,2.5298221281347035,3.0,2.5298221281347035,278.0,705.0
1807,33.0,8.529318459314476,5.077185804374403,8.54400374531753,5.077185804374403,1253.1515151515152,706.969696969697
1808,6.0,3.265986323710904,2.0,3.1622776601683795,2.0,1830.0,704.5
1809,67.0,10.717591019576709,8.235494773811647,11.40175425099138,8.235494773811647,2074.9701492537315,707.7910447761194
1810,111.0,17.967761376090362,10.412024841571625,18.681541692269406,10.412024841571625,2184.3783783783783,712.5225225225225
1811,139.0,24.357718748516515,8.171497800275015,25.96150997149434,8.171497800275015,2530.4964028776976,718.410071942446
1812,51.0,9.89735402866505,6.581586245176899,9.848857801796104,6.581586245176899,2536.450980392157,707.9215686274509
1813,11.0,5.0559593483889005,2.688989307749465,5.0990195135927845,2.688989307749465,3095.181818181818,706.0909090909091
1814,20.0,7.870425639437693,3.3070228686965226,7.615773105863909,3.3070228686965226,113.15,707.65
1815,11.0,6.410747983365109,1.964939688573319,6.082762530298219,1.964939688573319,855.5454545454545,707.2727272727273
1816,58.0,17.360552722061435,4.489653440884483,16.1245154965971,4.489653440884483,1348.0,712.1551724137931
1817,161.0,25.14820889428386,13.866781290507534,26.1725046566048,13.866781290507534,2165.2298136645963,716.9316770186335
1818,6.0,6.831300510639732,0.0,6.0,0.0,2992.0,707.5
1819,35.0,7.15151482504116,6.2285975583554265,7.615773105863909,6.2285975583554265,164.42857142857142,709.3714285714286
1820,18.0,6.323912746677603,3.604966281866751,6.708203932499369,3.604966281866751,823.5,708.2222222222222
1821,11.0,4.346129984141888,3.067356324605907,4.47213595499958,3.067356324605907,925.6363636363636,707.0909090909091
1822,12.0,3.8297084310253524,3.8297084310253524,4.123105625617661,3.8297084310253524,2377.5,707.5
1823,95.0,16.849433874585696,7.753398807259481,16.64331697709324,7.753398807259481,2414.4105263157894,713.0631578947368
1824,32.0,7.817825002761937,5.378520914358363,8.06225774829855,5.378520914358363,2121.84375,710.4375
1825,9.0,5.076757022710608,2.331612033672926,5.0990195135927845,2.331612033672926,3063.777777777778,709.3333333333334
1826,6.0,3.8297084310253524,1.8856180831641272,4.0,1.8856180831641272,1920.3333333333333,709.5
1827,169.0,22.35296080411775,13.715988632172769,22.20360331117452,13.715988632172769,2099.041420118343,716.5384615384615
1828,263.0,28.415691793140077,15.138975304255087,31.38470965295043,15.138975304255087,2817.9239543726235,716.8403041825095
1829,9.0,3.885753375057407,2.7954428906961324,4.123105625617661,2.7954428906961324,2920.8888888888887,709.6666666666666
1830,6.0,3.265986323710904,2.0,3.1622776601683795,2.0,1390.0,709.5
1831,13.0,4.318667337728677,3.6794648440311994,4.47213595499958,3.6794648440311994,2025.3846153846155,710.3846153846154
1832,22.0,6.772332551205248,4.277943556439725,7.0710678118654755,4.277943556439725,2843.7272727272725,712.2272727272727
1833,6.0,3.0550504633038935,2.666666666666667,3.1622776601683795,2.666666666666667,769.1666666666666,710.6666666666666
1834,16.0,5.671046209682951,3.6522917309054934,6.082762530298219,3.6522917309054934,2168.625,712.875
1835,154.0,24.810462275667653,9.429165858400726,23.769728648009426,9.429165858400726,3046.474025974026,721.7597402597403
1836,32.0,9.38083151964686,4.242640687119285,9.055385138137417,4.242640687119285,1333.5,715.0
1837,24.0,8.944513497987202,3.382325047769537,8.54400374531753,3.382325047769537,1860.5833333333333,714.6666666666666
1838,8.0,4.1204045563213505,2.4025541184843804,4.123105625617661,2.4025541184843804,1992.25,712.375
1839,27.0,8.151413468411803,4.2541354401967375,8.246211251235321,4.2541354401967375,2032.2222222222222,714.3333333333334
1840,11.0,5.0559593483889005,2.688989307749465,5.0990195135927845,2.688989307749465,2262.181818181818,713.0909090909091
1841,101.0,14.978050457617622,9.31610725076229,14.866068747318506,9.31610725076229,2362.1782178217823,717.4851485148515
1842,11.0,4.0,3.4688698233343476,4.123105625617661,3.4688698233343476,2795.3636363636365,712.4545454545455
1843,162.0,22.795731476734982,12.907622637717227,23.600847442411894,12.907622637717227,2861.716049382716,719.7098765432099
1844,539.0,43.29861899543302,22.612771171646504,45.617978911828175,22.612771171646504,2983.5250463821894,731.0667903525047
1845,16.0,5.291502622129181,3.872983346207417,6.0,3.872983346207417,3219.5,712.25
1846,25.0,9.73242004847715,3.183959798741184,9.055385138137417,3.183959798741184,3262.08,715.0
1847,62.0,16.906088631094576,5.743655476066758,15.297058540778355,5.743655476066758,136.3548387096774,714.6935483870968
1848,25.0,9.652691776023222,3.280478848749626,9.219544457292887,3.280478848749626,214.96,715.68
1849,8.0,3.4641016151377544,2.7386127875258306,3.605551275463989,2.7386127875258306,1089.125,712.875
1850,18.0,5.165470331961805,4.579545527372419,5.385164807134504,4.579545527372419,1511.7222222222222,713.6666666666666
1851,6.0,3.265986323710904,2.0,3.1622776601683795,2.0,1873.5,713.0
1852,10.0,4.09878030638384,2.9933259094191533,4.123105625617661,2.9933259094191533,2299.5,712.8
1853,32.0,8.84561218051766,5.0857172701476046,8.54400374531753,5.0857172701476046,2308.84375,713.75
1854,31.0,8.918010762315438,4.6651440443759595,8.54400374531753,4.6651440443759595,3057.2258064516127,713.8064516129032
1855,51.0,11.909004301486389,5.591597840744187,11.40175425099138,5.591597840744187,3141.7450980392155,717.1960784313726
1856,25.0,7.917834093015614,3.9681611957529666,8.06225774829855,3.9681611957529666,3236.8,714.76
1857,22.0,6.7414751252203455,4.062379396262226,7.0710678118654755,4.062379396262226,1211.409090909091,715.7727272727273
1858,66.0,19.254280142258427,5.5126506289095785,18.027756377319946,5.5126506289095785,1995.030303030303,721.3333333333334
1859,20.0,6.0,4.09878030638384,6.082762530298219,4.09878030638384,2371.5,715.5
1860,25.0,7.5400947781820165,4.4085111700019874,8.06225774829855,4.4085111700019874,2511.56,716.72
1861,12.0,7.118052168020874,1.9720265943665378,7.0,1.9720265943665378,2518.5833333333335,716.0
1862,674.0,51.362059676866565,25.430172622838715,50.60632371551998,25.430172622838715,2921.146884272997,728.4005934718101
1863,30.0,8.69840342949338,4.351245032554859,8.246211251235321,4.351245032554859,2955.266666666667,714.5
1864,63.0,17.020074013129403,6.423229072582151,15.524174696260024,6.423229072582151,3091.6825396825398,719.4285714285714
1865,28.0,8.75738870169003,4.113439926080237,8.54400374531753,4.113439926080237,1371.7142857142858,716.1785714285714
1866,20.0,6.318163432630155,4.029988937773296,6.324555320336759,4.029988937773296,3201.2,716.5
1867,63.0,17.087311380681218,5.155638185361941,15.132745950421556,5.155638185361941,1320.2380952380952,717.7777777777778
1868,16.0,5.301859257350197,3.7852065221398448,5.385164807134504,3.7852065221398448,2146.1875,716.5
1869,22.0,8.519908653730381,3.455442395978393,8.06225774829855,3.455442395978393,3159.7727272727275,717.7272727272727
1870,86.0,15.944523457598727,10.208447956303264,15.0,10.208447956303264,156.7093023255814,720.6744186046511
1871,66.0,12.934972984127626,7.536112634692497,12.649110640673518,7.536112634692497,169.6969696969697,720.5
1872,11.0,6.081053090682383,2.1922402412245745,5.830951894845301,2.1922402412245745,413.27272727272725,717.6363636363636
1873,35.0,8.414351135727099,5.248782275237883,8.54400374531753,5.248782275237883,2020.2285714285715,717.9714285714285
1874,7.0,3.6486656040768595,2.5058084612197162,4.0,2.5058084612197162,2110.8571428571427,717.5714285714286
1875,12.0,3.8297084310253524,3.8297084310253524,4.123105625617661,3.8297084310253524,2315.5,717.5
1876,60.0,14.861978498705012,7.373634381559667,14.212670403551895,7.373634381559667,2941.55,720.3333333333334
1877,20.0,5.138093031466052,4.9396356140913875,5.385164807134504,4.9396356140913875,3106.25,718.25
1878,8.0,3.8888437389046198,2.6223833385648136,4.123105625617661,2.6223833385648136,312.25,718.25
1879,7.0,3.7032803990902057,2.138089935299395,3.605551275463989,2.138089935299395,1116.0,718.0
1880,7.0,3.0237157840738176,2.799416848895061,3.1622776601683795,2.799416848895061,1153.7142857142858,718.0
1881,6.0,3.8297084310253524,1.8856180831641272,4.0,1.8856180831641272,1947.5,717.6666666666666
1882,13.0,4.318667337728677,3.6794648440311994,4.47213595499958,3.6794648440311994,2053.6153846153848,718.3846153846154
1883,13.0,4.318667337728677,3.6794648440311994,4.47213595499958,3.6794648440311994,2125.6153846153848,718.3846153846154
1884,7.0,4.155374705678736,1.9054711331003737,4.123105625617661,1.9054711331003737,2222.5714285714284,718.2857142857143
1885,8.0,3.4641016151377544,2.7386127875258306,3.605551275463989,2.7386127875258306,2846.875,717.875
1886,10.0,4.09878030638384,2.9933259094191533,4.123105625617661,2.9933259094191533,3219.5,718.2
1887,6.0,3.8297084310253524,1.8856180831641272,4.0,1.8856180831641272,1126.5,718.3333333333334
1888,6.0,3.265986323710904,2.0,3.1622776601683795,2.0,1495.0,718.5
1889,7.0,3.7032803990902057,2.138089935299395,3.605551275463989,2.138089935299395,1038.0,720.0
1890,40.0,9.656560828513152,5.217358811240162,10.04987562112089,5.217358811240162,2045.925,723.7
1891,70.0,14.593663008078614,6.947595385404287,14.317821063276353,6.947595385404287,2117.3571428571427,725.7571428571429
1892,16.0,5.149449337222181,3.918950308868696,5.385164807134504,3.918950308868696,2336.1875,720.6875
1893,28.0,8.246211251235321,4.20883424647321,8.06225774829855,4.20883424647321,2539.5,722.5
1894,48.0,13.042139052577932,5.744547950486951,12.206555615733702,5.744547950486951,2743.6458333333335,724.3125
1895,11.0,4.346129984141888,3.067356324605907,4.47213595499958,3.067356324605907,2854.3636363636365,720.0909090909091
1896,19.0,5.271572221283754,4.5005385950383054,5.385164807134504,4.5005385950383054,2886.157894736842,720.8421052631579
1897,19.0,5.313811782373573,4.549082573876348,5.385164807134504,4.549082573876348,402.94736842105266,721.7894736842105
1898,10.0,4.09878030638384,2.9933259094191533,4.123105625617661,2.9933259094191533,474.8,721.5
1899,15.0,4.974602161647368,3.7712361663282534,5.0990195135927845,3.7712361663282534,1002.4,721.9333333333333
1900,7.0,4.155374705678736,1.9054711331003737,4.123105625617661,1.9054711331003737,1381.7142857142858,720.5714285714286
1901,28.0,6.920905143809859,5.262405222432048,7.280109889280518,5.262405222432048,1870.642857142857,721.9285714285714
1902,18.0,5.033222956847167,4.575835618216445,5.385164807134504,4.575835618216445,1918.2222222222222,721.9444444444445
1903,51.0,14.61273340785161,5.789971514642307,13.892443989449804,5.789971514642307,2190.5098039215686,725.4901960784314
1904,65.0,9.978987170062416,8.456246157923642,10.816653826391969,8.456246157923642,2251.2153846153847,723.5538461538462
1905,28.0,6.278516427989624,5.727540594302476,6.708203932499369,5.727540594302476,2973.6071428571427,722.2857142857143
1906,7.0,3.7032803990902057,2.138089935299395,3.605551275463989,2.138089935299395,3023.0,721.0
1907,28.0,8.261497032856473,4.301484489908107,8.246211251235321,4.301484489908107,3059.5714285714284,723.9642857142857
1908,182.0,28.561594216234667,12.084818864894041,29.68164415931166,12.084818864894041,3076.543956043956,732.0934065934066
1909,24.0,7.393691004272944,4.109609335312652,8.0,4.109609335312652,3131.6666666666665,723.5
1910,104.0,24.667223167626002,10.202099535210673,20.808652046684813,10.202099535210673,3217.1634615384614,729.0769230769231
1911,28.0,8.875890624255554,4.077588612349029,9.219544457292887,4.077588612349029,3245.714285714286,723.75
1912,5.0,3.098386676965933,1.7888543819998317,3.1622776601683795,1.7888543819998317,3256.6,721.2
1913,7.0,7.260683829712151,1.2192423703306703,6.082762530298219,1.2192423703306703,249.14285714285714,723.8571428571429
1914,16.0,6.324555320336759,3.122498999199199,6.082762530298219,3.122498999199199,349.125,723.5
1915,48.0,13.904343423570705,4.8807798287962,12.649110640673518,4.8807798287962,1284.5208333333333,726.3958333333334
1916,54.0,11.740988926264786,8.333477489723991,12.165525060596439,8.333477489723991,1953.5925925925926,726.3703703703703
1917,15.0,8.701579641278252,1.9816549121722193,8.06225774829855,1.9816549121722193,1964.2666666666667,721.5333333333333
1918,10.0,3.9191835884530852,3.0983866769659336,4.123105625617661,3.0983866769659336,1985.0,722.8
1919,22.0,6.559966576803562,4.162988695019062,6.708203932499369,4.162988695019062,2217.5,723.5
1920,206.0,30.452611472192824,15.005504893794605,34.17601498127012,15.005504893794605,3035.766990291262,737.1213592233009
1921,12.0,3.8297084310253524,3.8297084310253524,4.123105625617661,3.8297084310253524,201.5,723.5
1922,7.0,3.0237157840738176,2.799416848895061,3.1622776601683795,2.799416848895061,377.2857142857143,723.0
1923,28.0,8.246211251235321,4.20883424647321,8.06225774829855,4.20883424647321,2147.5,723.5
1924,12.0,6.831300510639732,2.0,6.082762530298219,2.0,3203.5,722.5
1925,7.0,3.0237157840738176,2.799416848895061,3.1622776601683795,2.799416848895061,856.7142857142857,724.0
1926,9.0,5.048517253312363,2.4733402140854652,5.0990195135927845,2.4733402140854652,1009.7777777777778,725.4444444444445
1927,6.0,3.265986323710904,2.0,3.1622776601683795,2.0,1854.5,724.0
1928,7.0,3.0237157840738176,2.799416848895061,3.1622776601683795,2.799416848895061,1943.7142857142858,724.0
1929,9.0,4.8159526410079625,2.457878772601081,5.0,2.457878772601081,2305.1111111111113,724.2222222222222
1930,56.0,13.426426281333484,7.179296748408818,13.92838827718412,7.179296748408818,1267.607142857143,728.5178571428571
1931,108.0,17.194612609379366,12.512146179391825,18.384776310850235,12.512146179391825,1326.9444444444443,728.7407407407408
1932,10.0,3.9191835884530852,3.0983866769659336,4.123105625617661,3.0983866769659336,1423.0,725.8
1933,10.0,4.079215610874228,3.22490309931942,4.123105625617661,3.22490309931942,1696.5,725.6
1934,13.0,7.554371880072024,1.9753176197160076,7.0710678118654755,1.9753176197160076,1819.2307692307693,724.5384615384615
1935,33.0,7.656539004777579,5.482755334738735,7.615773105863909,5.482755334738735,2073.818181818182,726.0
1936,13.0,4.318667337728677,3.6794648440311994,4.47213595499958,3.6794648440311994,2200.3846153846152,725.6153846153846
1937,8.0,3.4641016151377544,2.7386127875258306,3.605551275463989,2.7386127875258306,2206.125,725.125
1938,54.0,12.469633696014903,5.5957194680509765,11.704699910719626,5.5957194680509765,2341.962962962963,729.0925925925926
1939,13.0,4.296689244236598,3.9041777047536987,4.47213595499958,3.9041777047536987,2333.769230769231,726.3846153846154
1940,217.0,38.26990085980311,15.86052623266804,35.34119409414458,15.86052623266804,208.19815668202764,745.8294930875576
1941,15.0,5.853358443508645,3.3327291850216287,5.830951894845301,3.3327291850216287,690.4,727.7333333333333
1942,99.0,18.274447247145737,8.838002341714256,18.110770276274835,8.838002341714256,2004.7272727272727,734.1414141414141
1943,31.0,7.166147397484116,5.582148273231109,7.615773105863909,5.582148273231109,2237.3225806451615,728.3548387096774
1944,21.0,6.292603470977365,4.436957095697652,6.708203932499369,4.436957095697652,403.1904761904762,729.1428571428571
1945,21.0,8.555282809665952,3.003379425592425,8.246211251235321,3.003379425592425,1917.952380952381,730.3809523809524
1946,18.0,7.269822592049919,3.368562058849163,7.615773105863909,3.368562058849163,1967.7777777777778,728.2222222222222
1947,74.0,19.3025406227319,6.832597394741247,17.26267650163207,6.832597394741247,2052.7837837837837,735.2702702702703
1948,34.0,10.245431085683407,4.144450577366713,10.04987562112089,4.144450577366713,2211.5,731.7058823529412
1949,219.0,28.094790763350098,17.71134081118945,27.65863337187866,17.71134081118945,2230.077625570776,739.2054794520548
1950,18.0,5.258737584977436,4.268749491621899,5.385164807134504,4.268749491621899,2371.5,728.7777777777778
1951,50.0,10.172685634018237,6.484787351289094,10.44030650891055,6.484787351289094,3000.16,730.72
1952,276.0,28.25952797914591,23.905413856387995,30.528675044947494,23.905413856387995,3117.5615942028985,738.25
1953,5.0,3.098386676965933,1.7888543819998317,3.1622776601683795,1.7888543819998317,281.2,728.6
1954,36.0,8.459051693633013,5.333333333333333,8.246211251235321,5.333333333333333,2158.0,731.5
1955,29.0,8.504440860756826,4.2611318058210035,8.246211251235321,4.2611318058210035,2291.448275862069,731.6206896551724
1956,32.0,9.38083151964686,4.242640687119285,9.055385138137417,4.242640687119285,2955.5,732.0
1957,7.0,3.0237157840738176,2.799416848895061,3.1622776601683795,2.799416848895061,3055.0,729.2857142857143
1958,6.0,3.1269438398822857,2.309401076758503,3.1622776601683795,2.309401076758503,3150.1666666666665,729.1666666666666
1959,403.0,35.37026092284562,26.591595859589084,40.11234224026316,26.591595859589084,3174.9875930521093,747.3399503722085
1960,18.0,5.258737584977436,4.268749491621899,5.385164807134504,4.268749491621899,3233.777777777778,729.5
1961,7.0,3.7032803990902057,2.138089935299395,3.605551275463989,2.138089935299395,3240.0,729.0
1962,10.0,3.9191835884530852,3.0983866769659336,4.123105625617661,3.0983866769659336,830.0,730.8
1963,5.0,3.098386676965933,1.7888543819998317,3.1622776601683795,1.7888543819998317,1258.2,729.4
1964,36.0,8.589848029714075,5.314057036242829,8.54400374531753,5.314057036242829,1302.888888888889,732.3333333333334
1965,51.0,9.93043865745727,6.766552614402199,10.770329614269007,6.766552614402199,1791.4117647058824,732.3725490196078
1966,19.0,9.726397086993993,2.9135223439158695,8.54400374531753,2.9135223439158695,1824.8947368421052,732.578947368421
1967,7.0,8.0,0.0,7.0,0.0,3263.0,732.0
1968,13.0,8.06258714658329,1.9309107473937825,8.0,1.9309107473937825,435.38461538461536,733.3076923076923
1969,23.0,6.278492549053399,5.0185103611847195,6.708203932499369,5.0185103611847195,1425.9565217391305,733.2173913043479
1970,9.0,3.885753375057407,2.7954428906961324,4.123105625617661,2.7954428906961324,1846.111111111111,731.6666666666666
1971,26.0,7.829493173053266,4.13967468233888,8.06225774829855,4.13967468233888,2195.269230769231,731.5769230769231
1972,972.0,72.27907477352565,35.042314481461204,74.43117626371358,35.042314481461204,3161.998971193416,774.2993827160494
1973,23.0,5.91603192984548,5.084782055220669,6.324555320336759,5.084782055220669,213.47826086956522,733.5217391304348
1974,19.0,8.659513471853334,3.0515562268881538,8.06225774829855,3.0515562268881538,333.2631578947368,732.6315789473684
1975,43.0,13.134073634280554,4.376068637990868,13.0,4.376068637990868,1893.6046511627908,736.9302325581396
1976,16.0,5.149449337222181,3.918950308868696,5.385164807134504,3.918950308868696,2030.6875,733.1875
1977,14.0,5.449353665897314,3.1458514520977277,5.385164807134504,3.1458514520977277,166.07142857142858,734.1428571428571
1978,60.0,11.687508229754041,7.185010341095811,13.341664064126334,7.185010341095811,1163.6166666666666,735.35
1979,12.0,3.8297084310253524,3.8297084310253524,4.123105625617661,3.8297084310253524,1235.5,733.5
1980,9.0,4.277662731533559,2.643019518000728,4.123105625617661,2.643019518000728,1934.3333333333333,733.5555555555555
1981,128.0,21.050056843614357,13.957510489629028,22.561028345356956,13.957510489629028,3054.0546875,743.203125
1982,202.0,37.28281247712378,13.749888588400545,32.01562118716424,13.749888588400545,3092.970297029703,744.8762376237623
1983,37.0,10.627170232444707,4.840599630868126,9.848857801796104,4.840599630868126,3207.162162162162,736.1351351351351
1984,14.0,4.20883424647321,4.120630029101703,4.47213595499958,4.120630029101703,347.5,734.7142857142857
1985,5.0,3.098386676965933,1.7888543819998317,3.1622776601683795,1.7888543819998317,1045.4,734.2
1986,64.0,10.204651427065055,8.312373788641793,10.816653826391969,8.312373788641793,1972.15625,737.734375
1987,6.0,3.126943839882286,2.309401076758503,3.1622776601683795,2.309401076758503,1984.8333333333333,734.1666666666666
1988,8.0,3.4641016151377544,2.7386127875258306,3.605551275463989,2.7386127875258306,2217.125,733.875
1989,48.0,11.254628677422755,7.8244630628703336,10.44030650891055,7.8244630628703336,2371.5,736.0833333333334
1990,46.0,13.304063651412369,4.39367133796862,12.165525060596439,4.39367133796862,2787.5,738.2608695652174
1991,6.0,3.1269438398822857,2.309401076758503,3.1622776601683795,2.309401076758503,2815.1666666666665,733.8333333333334
1992,13.0,5.327693424801688,2.9221156196156555,5.385164807134504,2.9221156196156555,324.0,735.0
1993,6.0,3.265986323710904,2.0,3.1622776601683795,2.0,385.5,735.0
1994,5.0,3.098386676965933,1.7888543819998317,3.1622776601683795,1.7888543819998317,1278.8,734.6
1995,7.0,3.0237157840738176,2.799416848895061,3.1622776601683795,2.799416848895061,1979.2857142857142,735.0
1996,10.0,4.09878030638384,2.9933259094191533,4.123105625617661,2.9933259094191533,2186.5,734.8
1997,28.0,6.546536707079771,5.573259772323189,6.708203932499369,5.573259772323189,1202.107142857143,737.1071428571429
1998,8.0,4.797340992447142,2.3948944448944434,5.0,2.3948944448944434,1661.25,735.875
1999,89.0,14.981311795188258,10.0056612665101,14.7648230602334,10.0056612665101,2077.3370786516853,742.4044943820224
2000,14.0,5.3909797661462155,3.2448688564710864,5.385164807134504,3.2448688564710864,2165.0714285714284,736.1428571428571
2001,16.0,6.514932809935373,3.15129346174354,6.324555320336759,3.15129346174354,2199.8125,736.4375
2002,18.0,5.258737584977436,4.268749491621899,5.385164807134504,4.268749491621899,2803.5,736.7777777777778
2003,8.0,4.47213595499958,2.0,4.123105625617661,2.0,2995.5,736.5
2004,16.0,6.146661721525478,3.661427273773636,7.0,3.661427273773636,3059.625,736.3125
2005,127.0,24.73258924708018,9.759571867435673,22.80350850198276,9.759571867435673,3236.244094488189,743.1259842519685
2006,8.0,3.4641016151377544,2.7386127875258306,3.605551275463989,2.7386127875258306,158.875,737.125
2007,23.0,8.196498495860034,3.601199958461561,8.06225774829855,3.601199958461561,1344.7826086956522,739.8260869565217
2008,6.0,3.265986323710904,2.0,3.1622776601683795,2.0,1417.0,736.5
2009,6.0,3.8297084310253524,1.8856180831641272,4.0,1.8856180831641272,1673.5,736.3333333333334
2010,36.0,9.359965974476365,5.5906381109412635,8.94427190999916,5.5906381109412635,1839.111111111111,739.0555555555555
2011,38.0,11.639122619782766,4.497961278912024,10.816653826391969,4.497961278912024,1953.1052631578948,739.6842105263158
2012,8.0,3.4641016151377544,2.7386127875258306,3.605551275463989,2.7386127875258306,1960.125,736.875
2013,28.0,8.246211251235321,4.20883424647321,8.06225774829855,4.20883424647321,1997.5,739.5
2014,39.0,12.176273218123578,4.12031907681029,12.165525060596439,4.12031907681029,2019.8461538461538,741.4615384615385
2015,32.0,9.38083151964686,4.242640687119285,9.055385138137417,4.242640687119285,2115.5,740.0
2016,14.0,4.74287342047822,3.6860255520522984,5.0990195135927845,3.6860255520522984,2152.785714285714,737.3571428571429
2017,26.0,7.829493173053266,4.139674682338879,8.06225774829855,4.139674682338879,2307.423076923077,739.2692307692307
2018,372.0,51.025973112960926,17.336570634260838,52.81098370604357,17.336570634260838,2958.0080645161293,756.9784946236559
2019,36.0,9.989272355052213,6.533266688193489,10.295630140987,6.533266688193489,3009.6111111111113,738.6666666666666
2020,86.0,12.893762806752848,8.65957887652024,13.416407864998739,8.65957887652024,3139.953488372093,741.1162790697674
2021,21.0,8.226004473807071,3.1236015555901466,8.06225774829855,3.1236015555901466,3191.0476190476193,739.3333333333334
2022,5.0,3.098386676965933,1.7888543819998317,3.1622776601683795,1.7888543819998317,950.2,737.4
2023,38.0,9.761703679469163,5.088687143272345,10.04987562112089,5.088687143272345,1259.5,741.7894736842105
2024,315.0,42.86079413079224,15.557758378128327,39.84971769034255,15.557758378128327,2184.190476190476,746.1047619047619
2025,24.0,6.21825270205921,5.022173057773122,6.324555320336759,5.022173057773122,2337.5833333333335,739.5
2026,28.0,8.246211251235321,4.20883424647321,8.06225774829855,4.20883424647321,179.5,739.5
2027,7.0,3.0237157840738176,2.799416848895061,3.1622776601683795,2.799416848895061,510.2857142857143,739.0
2028,17.0,6.107500675213027,4.157724232845425,7.0710678118654755,4.157724232845425,1111.3529411764705,741.4117647058823
2029,16.0,4.47213595499958,4.47213595499958,5.0,4.47213595499958,1267.5,739.5
2030,123.0,29.435209375796976,10.366937819810548,26.248809496813376,10.366937819810548,1328.3170731707316,747.3577235772358
2031,12.0,6.831300510639732,2.0,6.082762530298219,2.0,2099.5,738.5
2032,18.0,5.258737584977436,4.268749491621899,5.385164807134504,4.268749491621899,2206.222222222222,739.5
2033,25.0,6.132060986158656,5.172642270835181,6.324555320336759,5.172642270835181,3216.8,740.76
2034,14.0,4.20883424647321,4.120630029101703,4.47213595499958,4.120630029101703,1845.5,740.2857142857143
2035,8.0,4.1204045563213505,2.4025541184843804,4.123105625617661,2.4025541184843804,318.25,741.375
2036,8.0,3.4641016151377544,2.8284271247461903,4.0,2.8284271247461903,1352.5,741.0
2037,82.0,12.839248116484493,9.419099876585152,13.0,9.419099876585152,2160.4024390243903,744.9512195121952
2038,29.0,9.439475478660116,3.917063886280291,9.055385138137417,3.917063886280291,2218.793103448276,741.3448275862069
2039,8.0,3.4641016151377544,2.7386127875258306,3.605551275463989,2.7386127875258306,2013.875,741.875
2040,34.0,10.371761477202856,4.36535469870181,9.433981132056603,4.36535469870181,3087.3823529411766,744.2941176470588
2041,5.0,3.098386676965933,1.7888543819998317,3.1622776601683795,1.7888543819998317,1385.2,742.6
2042,5.0,3.098386676965933,1.7888543819998317,3.1622776601683795,1.7888543819998317,1808.8,742.4
2043,5.0,3.098386676965933,1.7888543819998317,3.1622776601683795,1.7888543819998317,1987.8,742.6
2044,5.0,3.098386676965933,1.7888543819998317,3.1622776601683795,1.7888543819998317,2201.4,742.8
2045,49.0,16.31496529358458,4.960586004524155,14.317821063276353,4.960586004524155,331.55102040816325,749.6938775510204
2046,24.0,6.809439783974742,4.671827722943823,7.211102550927978,4.671827722943823,518.3333333333334,745.0416666666666
2047,78.0,22.332903418995585,5.541084803677864,20.12461179749811,5.541084803677864,2064.6666666666665,751.2820512820513
2048,114.0,22.35488747818477,12.18041141643105,20.615528128088304,12.18041141643105,2093.0789473684213,749.7105263157895
2049,24.0,6.081140986576509,4.932066489508719,6.324555320336759,4.932066489508719,2121.3333333333335,745.125
2050,27.0,6.845440291166728,5.138282783533367,7.280109889280518,5.138282783533367,2133.0,744.7037037037037
2051,649.0,56.776191826879916,24.6504978555544,57.982756057296896,24.6504978555544,2165.5392912172574,769.9630200308167
2052,30.0,8.937816846363637,4.192041006316156,9.055385138137417,4.192041006316156,2211.4333333333334,746.7666666666667
2053,166.0,26.773582473072967,11.191457991958806,25.0,11.191457991958806,2242.222891566265,752.6024096385543
2054,108.0,12.978863406512314,10.939746269163146,14.7648230602334,10.939746269163146,2943.1574074074074,747.9351851851852
2055,33.0,9.890337097484664,4.424176188260013,9.486832980505138,4.424176188260013,3203.5151515151515,745.3939393939394
2056,5.0,3.098386676965933,1.7888543819998317,3.1622776601683795,1.7888543819998317,935.6,745.2
2057,9.0,3.885753375057407,2.7954428906961324,4.123105625617661,2.7954428906961324,1123.3333333333333,744.8888888888889
2058,6.0,3.1269438398822857,2.309401076758503,3.1622776601683795,2.309401076758503,1500.1666666666667,745.1666666666666
2059,28.0,8.423887304521836,4.251933561010386,8.246211251235321,4.251933561010386,1773.6785714285713,747.7142857142857
2060,23.0,7.031547361993568,4.07603391436928,7.280109889280518,4.07603391436928,1779.4782608695652,747.3478260869565
2061,35.0,9.672471565370953,4.741224755739522,9.219544457292887,4.741224755739522,1933.6857142857143,747.8571428571429
2062,16.0,9.16515138991168,2.0,8.06225774829855,2.0,2008.5,747.5
2063,57.0,13.031771810852833,6.067838216346392,12.649110640673518,6.067838216346392,2030.877192982456,749.561403508772
2064,58.0,9.758886026634958,7.6217540760460425,9.848857801796104,7.6217540760460425,2109.137931034483,747.8103448275862
2065,7.0,8.0,0.0,7.0,0.0,258.0,748.0
2066,7386.0,103.85661926395571,100.15886331515051,132.00378782444085,100.15886331515051,1241.8238559436772,802.882615759545
2067,16.0,7.088089730728403,2.9170162785186085,7.0710678118654755,2.9170162785186085,1280.25,747.625
2068,8.0,4.47213595499958,2.0,4.123105625617661,2.0,1104.5,747.5
2069,55.0,15.115207252370016,5.212565615549914,14.317821063276353,5.212565615549914,1210.9454545454546,751.9636363636364
2070,17.0,9.850849153622065,1.985817190609744,9.055385138137417,1.985817190609744,1299.764705882353,746.4705882352941
2071,120.0,27.332446493218608,10.104544182682664,25.553864678361276,10.104544182682664,1311.3833333333334,754.8833333333333
2072,13.0,5.055900530816918,3.1378581622109447,5.0990195135927845,3.1378581622109447,1382.0,747.6923076923077
2073,10.0,4.0,3.149603149604724,4.123105625617661,3.149603149604724,1881.7,747.7
2074,20.0,6.645102788757206,3.837005202869967,7.0710678118654755,3.837005202869967,846.6,749.6
2075,25.0,7.354970347594297,4.313746768878374,7.211102550927978,4.313746768878374,911.44,749.32
2076,12.0,3.8297084310253524,3.8297084310253524,4.123105625617661,3.8297084310253524,1510.5,748.5
2077,20.0,5.512080432420263,4.780896286945539,6.082762530298219,4.780896286945539,3069.75,749.4
2078,83.0,17.342295515707324,8.787761621192786,17.08800749063506,8.787761621192786,192.09638554216866,752.8674698795181
2079,22.0,5.862690723160744,4.7699920782652985,6.324555320336759,4.7699920782652985,1115.8181818181818,749.8181818181819
2080,9.0,4.277662731533559,2.643019518000728,4.123105625617661,2.643019518000728,1262.6666666666667,749.5555555555555
2081,15.0,5.4708717688103095,3.4677251397407383,5.385164807134504,3.4677251397407383,1760.1333333333334,749.6
2082,33.0,9.890337097484666,4.424176188260013,9.486832980505138,4.424176188260013,2043.4848484848485,749.6060606060606
2083,10.0,4.09878030638384,2.9933259094191533,4.123105625617661,2.9933259094191533,312.5,750.2
2084,12.0,3.8297084310253524,3.8297084310253524,4.123105625617661,3.8297084310253524,1428.5,750.5
2085,7.0,4.155374705678736,1.9054711331003737,4.123105625617661,1.9054711331003737,1896.7142857142858,749.5714285714286
2086,20.0,7.731010827707836,3.198667157092813,7.280109889280518,3.198667157092813,2379.15,751.05
2087,61.0,16.746485990869456,4.754463668533394,16.492422502470642,4.754463668533394,349.3606557377049,758.7540983606557
2088,9.0,3.885753375057407,2.7954428906961324,4.123105625617661,2.7954428906961324,1033.888888888889,752.6666666666666
2089,104.0,19.81083950681769,9.480025038020841,18.681541692269406,9.480025038020841,1297.0096153846155,758.1634615384615
2090,37.0,8.658287594816981,5.400783332108742,8.54400374531753,5.400783332108742,1851.4054054054054,752.9459459459459
2091,134.0,19.724242531570386,10.038660595151697,19.6468827043885,10.038660595151697,2917.3880597014927,761.4104477611941
2092,12.0,4.464216783173839,3.409739589526534,4.47213595499958,3.409739589526534,3117.5,752.6666666666666
2093,201.0,32.849748587349275,12.24500026380058,30.23243291566195,12.24500026380058,3138.5522388059703,761.1840796019901
2094,30.0,9.14476170639053,4.09878030638384,9.055385138137417,4.09878030638384,3195.5,755.2
2095,30.0,8.748333174572933,4.332820482472512,8.246211251235321,4.332820482472512,178.4,755.5
2096,7.0,3.0237157840738176,2.799416848895061,3.1622776601683795,2.799416848895061,302.2857142857143,753.0
2097,13.0,5.327693424801688,2.9221156196156555,5.385164807134504,2.9221156196156555,378.0,754.0
2098,23.0,8.581641045573706,3.6360997599047598,8.54400374531753,3.6360997599047598,387.3478260869565,753.5652173913044
2099,22.0,5.752469825293227,4.851514205136848,6.082762530298219,4.851514205136848,491.5,753.7272727272727
2100,8.0,6.264845376455404,1.6588286255986004,6.0,1.6588286255986004,924.75,752.25
2101,5.0,4.093338188813542,1.563516060678838,4.0,1.563516060678838,1065.4,752.2
2102,28.0,8.204080824646105,4.304624550010331,8.246211251235321,4.304624550010331,1196.5357142857142,755.25
2103,31.0,9.183184967571426,4.358304285465905,9.219544457292887,4.358304285465905,1386.3548387096773,755.6451612903226
2104,68.0,11.810341729546668,8.792902603225292,12.649110640673518,8.792902603225292,1983.6764705882354,756.3088235294117
2105,12.0,5.773502691896257,2.7487370837451066,5.385164807134504,2.7487370837451066,2016.0,753.3333333333334
2106,142.0,29.828179313628826,10.116089331793187,25.553864678361276,10.116089331793187,2047.5704225352113,758.612676056338
2107,122.0,15.86974359105602,10.708353802012894,18.027756377319946,10.708353802012894,2211.877049180328,759.344262295082
2108,32.0,9.38083151964686,4.242640687119285,9.055385138137417,4.242640687119285,2227.5,756.0
2109,24.0,7.487020676387577,3.993059151996737,8.06225774829855,3.993059151996737,3123.5,755.5
2110,114.0,16.77645684247833,11.144294935137001,17.46424919657298,11.144294935137001,3217.464912280702,759.0350877192982
2111,29.0,6.9353489989359085,5.485759937053181,7.211102550927978,5.485759937053181,272.7931034482759,755.0344827586207
2112,29.0,6.613105792509087,5.594757772746148,7.0710678118654755,5.594757772746148,287.0344827586207,755.5862068965517
2113,9.0,3.885753375057407,2.7954428906961324,4.123105625617661,2.7954428906961324,580.3333333333334,754.1111111111111
2114,24.0,6.2182527020592095,5.022173057773121,6.324555320336759,5.022173057773121,865.4166666666666,755.5
2115,21.0,6.258173505705088,4.157977767102647,6.324555320336759,4.157977767102647,1187.4285714285713,755.3809523809524
2116,27.0,6.635317237498872,5.106277908033803,7.0710678118654755,5.106277908033803,1340.3703703703704,755.0
2117,20.0,6.0,4.09878030638384,6.082762530298219,4.09878030638384,1803.5,755.5
2118,29.0,8.857113098740713,5.253259165557627,9.219544457292887,5.253259165557627,1872.7931034482758,755.8620689655172
2119,12.0,3.8297084310253524,3.8297084310253524,4.123105625617661,3.8297084310253524,1120.5,755.5
2120,32.0,7.302161581445178,5.768204767383527,7.615773105863909,5.768204767383527,1282.65625,757.46875
2121,12.0,3.8297084310253524,3.8297084310253524,4.123105625617661,3.8297084310253524,2101.5,755.5
2122,9.0,3.265986323710904,3.265986323710904,3.605551275463989,3.265986323710904,241.0,756.0
2123,5.0,3.098386676965933,1.7888543819998317,3.1622776601683795,1.7888543819998317,685.8,755.4
2124,31.0,8.188768764756782,5.001482354535892,8.602325267042627,5.001482354535892,1172.5483870967741,757.9032258064516
2125,16.0,6.38837916069811,3.0312722905008225,6.324555320336759,3.0312722905008225,1538.5,756.0
2126,10.0,4.09878030638384,2.9933259094191533,4.123105625617661,2.9933259094191533,1944.5,757.2
2127,16.0,5.491121612710071,3.6874901266889313,5.385164807134504,3.6874901266889313,2021.875,758.0
2128,34.0,8.950784832651323,5.241013829984064,9.848857801796104,5.241013829984064,2940.9411764705883,758.0882352941177
2129,9.0,4.277662731533559,2.643019518000728,4.123105625617661,2.643019518000728,169.44444444444446,758.3333333333334
2130,6.0,3.126943839882286,2.309401076758503,3.1622776601683795,2.309401076758503,955.8333333333334,757.8333333333334
2131,9.0,3.885753375057407,2.7954428906961324,4.123105625617661,2.7954428906961324,1824.6666666666667,758.1111111111111
2132,6.0,3.265986323710904,2.0,3.1622776601683795,2.0,1959.0,757.5
2133,17.0,6.444926698162791,3.3253684855442733,6.324555320336759,3.3253684855442733,2181.5882352941176,758.8823529411765
2134,19.0,5.733405886701422,4.2227547935406715,5.830951894845301,4.2227547935406715,2336.7368421052633,758.8421052631579
2135,8.0,3.4641016151377544,2.7386127875258306,3.605551275463989,2.7386127875258306,208.875,759.125
2136,5.0,3.098386676965933,1.7888543819998317,3.1622776601683795,1.7888543819998317,1057.8,758.6
2137,6.0,3.265986323710904,2.0,3.1622776601683795,2.0,2014.5,759.0
2138,5.0,3.098386676965933,1.7888543819998317,3.1622776601683795,1.7888543819998317,3048.2,758.4
2139,83.0,18.968869629049237,8.585871303559,19.235384061671343,8.585871303559,1315.421686746988,767.4819277108434
2140,24.0,9.391959741049536,3.5569935807667457,9.219544457292887,3.5569935807667457,2190.3333333333335,762.2083333333334
2141,75.0,10.055256394910948,9.649377466928586,11.180339887498949,9.649377466928586,2977.08,762.96
2142,45.0,9.087221083929386,6.415274452829167,9.486832980505138,6.415274452829167,3206.733333333333,763.5333333333333
2143,36.0,10.526530750091242,4.348355982448951,10.198039027185569,4.348355982448951,187.55555555555554,764.9722222222222
2144,19.0,9.632826021048746,2.920140819377184,9.055385138137417,2.920140819377184,277.8421052631579,764.1052631578947
2145,55.0,14.424790960851213,5.324956131449425,13.601470508735444,5.324956131449425,336.0181818181818,762.5090909090909
2146,13.0,8.338836989538494,2.251077066153568,7.280109889280518,2.251077066153568,1204.1538461538462,763.0769230769231
2147,9.0,3.265986323710904,3.265986323710904,3.605551275463989,3.265986323710904,1377.0,761.0
2148,28.0,8.246211251235321,4.20883424647321,8.06225774829855,4.20883424647321,3179.5,763.5
2149,19.0,5.84502823813456,4.110208831745895,6.082762530298219,4.110208831745895,3185.315789473684,762.1578947368421
2150,41.0,9.593280833681389,5.838182109326468,10.0,5.838182109326468,3232.4634146341464,763.0243902439024
2151,25.0,7.891918988759095,4.1510498280391195,7.615773105863909,4.1510498280391195,885.48,764.2
2152,9.0,4.277662731533559,2.643019518000728,4.123105625617661,2.643019518000728,1136.6666666666667,762.5555555555555
2153,24.0,7.144250257399453,4.260766680316147,7.280109889280518,4.260766680316147,1150.4166666666667,763.5416666666666
2154,17.0,5.8487650121869175,3.6612026138446656,6.082762530298219,3.6612026138446656,1184.7058823529412,763.7647058823529
2155,25.0,7.374269390775276,4.220444402225297,7.280109889280518,4.220444402225297,1341.56,763.88
2156,25.0,7.374269390775276,4.220444402225297,7.280109889280518,4.220444402225297,1347.56,763.88
2157,27.0,10.73261269964961,3.1346632678099877,10.04987562112089,3.1346632678099877,1391.111111111111,765.3703703703703
2158,24.0,7.118052168020874,4.163331998932265,7.0710678118654755,4.163331998932265,1811.5,764.0
2159,8.0,3.9722133299273006,2.6403638502198645,4.123105625617661,2.6403638502198645,1904.625,762.25
2160,12.0,4.364045181411538,3.5213000580812737,4.47213595499958,3.5213000580812737,1910.9166666666667,762.3333333333334
2161,7.0,3.0237157840738176,2.799416848895061,3.1622776601683795,2.799416848895061,366.0,763.2857142857143
2162,451.0,42.05520860867522,23.473282391436417,44.77722635447622,23.473282391436417,2063.241685144124,782.7339246119734
2163,25.0,6.132060986158656,5.17264227083518,6.324555320336759,5.17264227083518,2118.2,764.76
2164,31.0,6.3854673711786445,6.309400350140724,7.280109889280518,6.309400350140724,2233.9032258064517,764.7741935483871
2165,76.0,11.014975903746944,9.348586396494788,11.704699910719626,9.348586396494788,849.1447368421053,767.6973684210526
2166,14.0,4.20883424647321,4.120630029101703,4.47213595499958,4.120630029101703,1333.5,764.2857142857143
2167,64.0,11.483306957367907,7.41862555146611,12.206555615733702,7.41862555146611,1381.25,767.578125
2168,50.0,15.992287964709051,4.381452459381713,16.1245154965971,4.381452459381713,859.84,771.9
2169,7.0,3.648665604076859,2.5058084612197167,4.0,2.5058084612197167,1990.142857142857,765.5714285714286
2170,33.0,9.85416697547191,4.189834566784357,10.04987562112089,4.189834566784357,2083.848484848485,765.4848484848485
2171,45.0,12.926480889429616,7.266185370598682,12.36931687685298,7.266185370598682,3189.8888888888887,770.3333333333334
2172,6.0,4.363338213437162,1.65500979239906,4.123105625617661,1.65500979239906,240.16666666666666,765.6666666666666
2173,5.0,3.098386676965933,1.7888543819998317,3.1622776601683795,1.7888543819998317,790.8,765.4
2174,16.0,4.898979485566356,4.0,5.0990195135927845,4.0,1195.5,767.0
2175,7.0,4.155374705678736,1.9054711331003737,4.123105625617661,1.9054711331003737,2927.4285714285716,766.2857142857143
2176,16.0,6.016463371806579,3.4626100698331315,6.324555320336759,3.4626100698331315,230.8125,768.875
2177,5.0,4.0,1.3856406460551023,3.605551275463989,1.3856406460551023,1910.8,766.8
2178,6.0,3.8297084310253524,1.8856180831641272,4.0,1.8856180831641272,2024.5,766.3333333333334
2179,7.0,4.155374705678736,1.9054711331003737,4.123105625617661,1.9054711331003737,199.42857142857142,768.7142857142857
2180,30.0,8.698403429493382,4.351245032554859,8.246211251235321,4.351245032554859,211.5,770.7333333333333
2181,88.0,14.497538172481956,8.948954331744211,15.652475842498529,8.948954331744211,265.10227272727275,774.1363636363636
2182,10.0,3.9191835884530852,3.0983866769659336,4.123105625617661,3.0983866769659336,878.0,768.8
2183,8.0,3.4641016151377544,2.7386127875258306,3.605551275463989,2.7386127875258306,1070.125,767.875
2184,298.0,41.508350184331064,18.354583796197588,39.408120990476064,18.354583796197588,1091.5738255033557,783.5570469798657
2185,32.0,7.527549648468683,5.35096919163613,7.615773105863909,5.35096919163613,2011.90625,768.9375
2186,156.0,25.078809679880738,14.173204825324316,25.179356624028344,14.173204825324316,2120.403846153846,778.25
2187,97.0,20.632368984474425,7.601616414287592,19.72308292331602,7.601616414287592,166.04123711340208,775.8659793814433
2188,6.0,3.265986323710904,2.0,3.1622776601683795,2.0,299.5,769.0
2189,8.0,3.4641016151377544,2.7386127875258306,3.605551275463989,2.7386127875258306,457.125,769.125
2190,6.0,3.1269438398822857,2.309401076758503,3.1622776601683795,2.309401076758503,484.1666666666667,769.1666666666666
2191,31.0,9.151171813227089,4.398711891843009,8.94427190999916,4.398711891843009,806.7096774193549,771.6129032258065
2192,7.0,3.0237157840738176,2.799416848895061,3.1622776601683795,2.799416848895061,985.2857142857143,769.0
2193,32.0,9.525587496944285,4.225746423776364,9.219544457292887,4.225746423776364,1452.21875,769.59375
2194,5.0,3.098386676965933,1.7888543819998317,3.1622776601683795,1.7888543819998317,1823.4,769.2
2195,62.0,12.813858303877996,7.696955287379579,12.649110640673518,7.696955287379579,1969.967741935484,774.6612903225806
2196,15.0,4.77795383588526,3.981909289096598,5.0990195135927845,3.981909289096598,2040.6666666666667,769.2666666666667
2197,14.0,4.20883424647321,4.120630029101703,4.47213595499958,4.120630029101703,3195.5,769.2857142857143
2198,28.0,8.246211251235321,4.20883424647321,8.06225774829855,4.20883424647321,251.5,770.5
2199,9.0,7.08907621888216,1.6380689752930697,6.324555320336759,1.6380689752930697,840.8888888888889,771.1111111111111
2200,28.0,10.8353340826433,4.547215408419717,10.0,4.547215408419717,1155.4642857142858,772.1071428571429
2201,23.0,7.758220226050399,4.078506530760494,7.615773105863909,4.078506530760494,1302.0,772.2608695652174
2202,18.0,7.097764472921567,3.0939225541184827,7.0710678118654755,3.0939225541184827,1427.0555555555557,771.8333333333334
2203,93.0,14.571594310241291,9.838057801662265,15.524174696260024,9.838057801662265,3229.6881720430106,775.4301075268817
2204,7.0,3.582070095417669,2.4713456540351713,3.605551275463989,2.4713456540351713,422.2857142857143,770.8571428571429
2205,8.0,3.4641016151377544,2.7386127875258306,3.605551275463989,2.7386127875258306,1166.125,770.875
2206,10.0,4.381780460041329,2.6832815729997477,4.47213595499958,2.6832815729997477,1188.5,771.0
2207,29.0,6.484311452645339,6.068874009151693,7.280109889280518,6.068874009151693,1289.0344827586207,773.0
2208,12.0,3.8297084310253524,3.8297084310253524,4.123105625617661,3.8297084310253524,1321.5,771.5
2209,172.0,18.9062436737786,15.60183064349818,18.973665961010276,15.60183064349818,3104.1046511627906,776.9302325581396
2210,9.0,3.885753375057407,2.7954428906961324,4.123105625617661,2.7954428906961324,812.8888888888889,772.6666666666666
2211,8.0,4.47213595499958,2.0,4.123105625617661,2.0,1022.5,772.5
2212,35.0,11.098168448384108,4.297275352899605,10.770329614269007,4.297275352899605,1113.8857142857144,774.8571428571429
2213,20.0,5.679582454964157,4.563150571399469,5.830951894845301,4.563150571399469,225.85,773.9
2214,14.0,4.742873420478221,3.686025552052299,5.0990195135927845,3.686025552052299,872.6428571428571,773.7857142857143
2215,45.0,9.407360321493728,7.120781024499303,10.198039027185569,7.120781024499303,1883.1333333333334,776.3555555555556
2216,12.0,3.8297084310253524,3.8297084310253524,4.123105625617661,3.8297084310253524,1892.5,773.5
2217,25.0,7.374269390775276,4.220444402225297,7.280109889280518,4.220444402225297,1995.12,773.56
2218,46.0,10.407458394075517,6.238678118930104,10.295630140987,6.238678118930104,2043.7826086956522,776.4782608695652
2219,239.0,30.551559210527845,11.826226395663024,30.083217912982647,11.826226395663024,2188.317991631799,788.1129707112971
2220,7.0,3.0237157840738176,2.799416848895061,3.1622776601683795,2.799416848895061,1515.7142857142858,774.0
2221,16.0,7.435332658011943,2.8554033453613963,7.280109889280518,2.8554033453613963,1639.6875,776.0
2222,10.0,3.919183588453085,3.0983866769659336,4.123105625617661,3.0983866769659336,3238.8,774.0
2223,23.0,13.180504384303926,3.426546787933991,11.180339887498949,3.426546787933991,196.0,777.8695652173913
2224,16.0,5.658228446265488,3.9902319293334374,5.830951894845301,3.9902319293334374,335.4375,776.0
2225,5.0,3.098386676965933,1.7888543819998317,3.1622776601683795,1.7888543819998317,1361.2,775.4
2226,13.0,5.967366459522713,2.749933666636242,6.082762530298219,2.749933666636242,1371.2307692307693,777.3076923076923
2227,42.0,13.07162051706784,4.446593397206897,12.36931687685298,4.446593397206897,1699.9285714285713,780.3571428571429
2228,30.0,9.477769330609863,5.408090612342458,9.055385138137417,5.408090612342458,1827.3,779.0333333333333
2229,10.0,4.09878030638384,2.9933259094191533,4.123105625617661,2.9933259094191533,1875.5,776.2
2230,79.0,16.387458957576904,10.26727322793302,17.26267650163207,10.26727322793302,3039.0632911392404,781.6582278481013
2231,40.0,9.37474387285873,5.398534738083813,9.219544457292887,5.398534738083813,3065.025,778.9
2232,36.0,10.519822558706334,4.268749491621899,10.04987562112089,4.268749491621899,3139.5,779.5
2233,460.0,52.790284698000924,19.445643796903,48.27007354458868,19.445643796903,3229.223913043478,795.0608695652174
2234,8.0,3.8888437389046198,2.6223833385648136,4.123105625617661,2.6223833385648136,230.75,777.25
2235,17.0,5.181899763382574,4.041201040002321,5.385164807134504,4.041201040002321,363.5882352941176,777.8823529411765
2236,16.0,6.324555320336759,3.122498999199199,6.082762530298219,3.122498999199199,880.875,778.5
2237,37.0,8.658287594816981,5.400783332108742,8.54400374531753,5.400783332108742,970.0540540540541,779.5945945945946
2238,9.0,3.885753375057407,2.7954428906961324,4.123105625617661,2.7954428906961324,987.3333333333334,776.8888888888889
2239,24.0,6.21825270205921,5.022173057773122,6.324555320336759,5.022173057773122,1057.5,777.5833333333334
2240,22.0,6.4666979068286325,4.271760045262084,6.324555320336759,4.271760045262084,1443.5,777.3636363636364
2241,16.0,6.97032909177562,2.879151325016879,7.0710678118654755,2.879151325016879,1550.8125,776.8125
2242,43.0,15.931040529675048,3.691116108061655,15.132745950421556,3.691116108061655,1630.8139534883721,784.2558139534884
2243,20.0,9.507891459203769,3.5999999999999988,8.06225774829855,3.5999999999999988,1747.5,777.3
2244,9.0,3.885753375057407,2.7954428906961324,4.123105625617661,2.7954428906961324,1801.111111111111,777.6666666666666
2245,15.0,5.148879227269528,3.609268690575713,5.385164807134504,3.609268690575713,1806.3333333333333,777.5333333333333
2246,282.0,43.165873666432724,11.921061468312317,44.91102314577124,11.921061468312317,1845.5567375886526,798.8085106382979
2247,14.0,4.74287342047822,3.6860255520522984,5.0990195135927845,3.6860255520522984,1896.7857142857142,777.3571428571429
2248,21.0,6.258173505705088,4.157977767102647,6.324555320336759,4.157977767102647,2021.6190476190477,777.4285714285714
2249,43.0,14.838192551614066,4.738143055698088,14.560219778561036,4.738143055698088,3204.9767441860463,783.3023255813954
2250,94.0,17.518862668474245,8.103523168531774,17.46424919657298,8.103523168531774,184.4468085106383,785.2978723404256
2251,13.0,4.296689244236598,3.9041777047536983,4.47213595499958,3.9041777047536983,241.23076923076923,778.6153846153846
2252,42.0,11.675920073561958,5.04846010113074,11.180339887498949,5.04846010113074,248.42857142857142,780.8095238095239
2253,17.0,6.471347161294289,3.565094839148882,6.4031242374328485,3.565094839148882,759.3529411764706,778.5882352941177
2254,29.0,10.169775531623724,3.9006897161698606,9.848857801796104,3.9006897161698606,1036.0689655172414,779.551724137931
2255,9.0,3.885753375057407,2.7954428906961324,4.123105625617661,2.7954428906961324,2006.111111111111,778.6666666666666
2256,20.0,6.640076617653603,3.9685491696197865,6.708203932499369,3.9685491696197865,2254.5,779.1
2257,8.0,4.47213595499958,2.0,4.123105625617661,2.0,211.5,779.5
2258,6.0,3.1269438398822857,2.309401076758503,3.1622776601683795,2.309401076758503,457.1666666666667,778.8333333333334
2259,23.0,6.353073730740285,4.6845162351125325,6.708203932499369,4.6845162351125325,768.1304347826087,780.0434782608696
2260,14.0,4.20883424647321,4.120630029101703,4.47213595499958,4.120630029101703,1080.2857142857142,779.5
2261,13.0,5.055900530816918,3.1378581622109447,5.0990195135927845,3.1378581622109447,2079.0,779.6923076923077
2262,30.0,8.25195197018573,4.685054228735491,8.246211251235321,4.685054228735491,1127.5333333333333,782.2333333333333
2263,88.0,17.206653959887152,7.2212142703120055,17.11724276862369,7.2212142703120055,1983.2045454545455,782.3863636363636
2264,86.0,11.973451509632852,10.971934613248278,13.0,10.971934613248278,2259.3023255813955,786.5
2265,14.0,5.018775010702015,3.5736649346885305,5.385164807134504,3.5736649346885305,307.7857142857143,782.7142857142857
2266,142.0,17.254390018495243,15.957465858309401,18.439088914585774,15.957465858309401,337.1056338028169,787.2816901408451
2267,8.0,3.4641016151377544,2.7386127875258306,3.605551275463989,2.7386127875258306,983.875,782.125
2268,52.0,12.621370855720095,7.428343534275177,11.704699910719626,7.428343534275177,1147.5576923076924,785.2692307692307
2269,5.0,3.098386676965933,1.7888543819998317,3.1622776601683795,1.7888543819998317,1163.4,781.8
2270,50.0,10.552628054993267,8.07497623110861,10.816653826391969,8.07497623110861,1321.12,785.52
2271,7.0,3.0237157840738176,2.7994168488950604,3.1622776601683795,2.7994168488950604,1393.0,781.7142857142857
2272,16.0,5.968584862682697,3.473254199875813,6.082762530298219,3.473254199875813,1401.5625,783.625
2273,28.0,6.70941307353972,5.646391360177556,7.211102550927978,5.646391360177556,1523.2142857142858,783.0714285714286
2274,24.0,8.258700509853119,3.706522674016207,8.06225774829855,3.706522674016207,1763.9583333333333,782.7916666666666
2275,6.0,3.265986323710904,2.0,3.1622776601683795,2.0,1902.0,781.5
2276,20.0,5.831903853025011,4.42593464130143,6.324555320336759,4.42593464130143,1962.5,783.0
2277,11.0,5.529681747206153,2.539175685738357,5.0990195135927845,2.539175685738357,193.9090909090909,783.3636363636364
2278,8.0,3.4641016151377544,2.7386127875258306,3.605551275463989,2.7386127875258306,886.125,783.125
2279,6.0,3.8297084310253524,1.8856180831641272,4.0,1.8856180831641272,1875.5,782.6666666666666
2280,12.0,3.8297084310253524,3.8297084310253524,4.123105625617661,3.8297084310253524,203.5,784.5
2281,78.0,19.961986472149185,6.557215194133057,18.384776310850235,6.557215194133057,320.87179487179486,791.4871794871794
2282,10.0,4.09878030638384,2.9933259094191533,4.123105625617661,2.9933259094191533,1048.8,784.5
2283,15.0,5.215498621614658,3.7283771738060287,5.385164807134504,3.7283771738060287,1430.7333333333333,784.6
2284,8.0,3.4641016151377544,2.8284271247461903,4.0,2.8284271247461903,1835.5,784.0
2285,15.0,8.701579641278252,1.9816549121722193,8.06225774829855,1.9816549121722193,1864.5333333333333,786.7333333333333
2286,20.0,5.138093031466052,4.9396356140913875,5.385164807134504,4.9396356140913875,1889.25,785.25
2287,17.0,5.3870802798335,4.375552082197965,6.082762530298219,4.375552082197965,1934.764705882353,785.4117647058823
2288,9.0,3.885753375057407,2.7954428906961324,4.123105625617661,2.7954428906961324,2000.3333333333333,784.1111111111111
2289,19.0,5.271572221283754,4.5005385950383054,5.385164807134504,4.5005385950383054,2030.157894736842,784.8421052631579
2290,10.0,4.09878030638384,2.9933259094191533,4.123105625617661,2.9933259094191533,2085.2,784.5
2291,33.0,7.113177370444118,6.089895037070325,7.615773105863909,6.089895037070325,2993.121212121212,785.6666666666666
2292,16.0,5.643816681348634,3.651689097846487,6.082762530298219,3.651689097846487,3189.625,784.3125
2293,23.0,9.061234893428571,3.360489248697511,9.055385138137417,3.360489248697511,729.7391304347826,788.0869565217391
2294,24.0,7.327189940229072,4.194051186810153,7.280109889280518,4.194051186810153,937.2916666666666,787.2083333333334
2295,35.0,8.240705579676296,5.358890773714476,8.246211251235321,5.358890773714476,1001.0285714285715,787.4
2296,12.0,3.8297084310253524,3.8297084310253524,4.123105625617661,3.8297084310253524,1139.5,785.5
2297,5.0,3.098386676965933,1.7888543819998317,3.1622776601683795,1.7888543819998317,1360.4,785.2
2298,7.0,4.155374705678736,1.9054711331003737,4.123105625617661,1.9054711331003737,1439.7142857142858,784.5714285714286
2299,23.0,6.925455221475497,4.260900402939359,7.211102550927978,4.260900402939359,1716.8695652173913,785.7391304347826
2300,43.0,12.270264150514056,5.78316041102706,12.165525060596439,5.78316041102706,1742.4186046511627,788.3720930232558
2301,5.0,3.098386676965933,1.7888543819998317,3.1622776601683795,1.7888543819998317,2101.2,784.4
2302,30.0,8.937816846363637,4.192041006316156,9.055385138137417,4.192041006316156,2163.4333333333334,788.2333333333333
2303,113.0,18.465681104815566,8.2312530141489,18.027756377319946,8.2312530141489,3255.1061946902655,792.9823008849557
2304,73.0,20.117109974091004,6.7252845618474115,17.26267650163207,6.7252845618474115,772.8082191780821,793.6027397260274
2305,8.0,3.4641016151377544,2.7386127875258306,3.605551275463989,2.7386127875258306,1076.125,786.125
2306,25.0,9.272051996398408,3.7719294500406946,8.94427190999916,3.7719294500406946,1168.24,787.2
2307,29.0,12.126979086307667,3.4177083260873005,11.045361017187261,3.4177083260873005,1312.448275862069,790.6551724137931
2308,9.0,3.885753375057407,2.7954428906961324,4.123105625617661,2.7954428906961324,1575.111111111111,786.3333333333334
2309,5.0,5.656854249492381,0.0,5.0,0.0,2159.0,787.0
2310,69.0,17.561153812607103,5.897528296919923,16.1245154965971,5.897528296919923,3031.0,792.6376811594203
2311,12.0,3.8297084310253524,3.8297084310253524,4.123105625617661,3.8297084310253524,261.5,787.5
2312,131.0,22.657568689127032,14.37469248567394,21.95449840010015,14.37469248567394,1021.0916030534352,796.9160305343512
2313,6.0,3.126943839882286,2.309401076758503,3.1622776601683795,2.309401076758503,1416.8333333333333,787.1666666666666
2314,12.0,3.8297084310253524,3.8297084310253524,4.123105625617661,3.8297084310253524,1765.5,787.5
2315,229.0,27.203516480291853,21.505490245115904,29.068883707497267,21.505490245115904,2041.2620087336245,799.7336244541485
2316,10.0,6.0,1.959591794226542,6.0,1.959591794226542,440.4,789.5
2317,11.0,4.899296620841423,2.9199003820073264,5.0990195135927845,2.9199003820073264,1160.7272727272727,789.2727272727273
2318,16.0,5.291502622129181,3.872983346207417,6.0,3.872983346207417,1835.5,788.75
2319,121.0,28.291628157331168,8.125450994197559,25.179356624028344,8.125450994197559,1118.719008264463,793.0
2320,13.0,4.318667337728677,3.6794648440311994,4.47213595499958,3.6794648440311994,1802.6153846153845,789.6153846153846
2321,11.0,4.533315962095487,3.0114583009821128,4.47213595499958,3.0114583009821128,1976.8181818181818,789.4545454545455
2322,93.0,16.509989728060997,9.338545003605294,15.811388300841896,9.338545003605294,2022.8817204301076,792.6344086021505
2323,19.0,5.271572221283754,4.5005385950383054,5.385164807134504,4.5005385950383054,3045.157894736842,789.8421052631579
2324,9.0,4.277662731533559,2.643019518000728,4.123105625617661,2.643019518000728,672.5555555555555,790.3333333333334
2325,12.0,5.294328785763617,2.862220279862641,5.0990195135927845,2.862220279862641,782.25,791.0833333333334
2326,22.0,7.680343722242551,3.565781772213832,7.615773105863909,3.565781772213832,1135.409090909091,791.8181818181819
2327,36.0,8.644387661474267,5.480875300252402,9.486832980505138,5.480875300252402,1511.4166666666667,793.0277777777778
2328,6.0,3.265986323710904,2.0,3.1622776601683795,2.0,1697.5,790.0
2329,10.0,4.541385054734408,2.774134420794161,4.47213595499958,2.774134420794161,1711.3,790.2
2330,13.0,6.016266814676309,2.6412366890834824,5.830951894845301,2.6412366890834824,1821.6153846153845,791.0
2331,10.0,4.381780460041329,2.6832815729997477,4.47213595499958,2.6832815729997477,1894.0,790.5
2332,16.0,6.928203230275509,2.8284271247461903,6.708203932499369,2.8284271247461903,1930.5,791.5
2333,29.0,11.350105262986004,3.329375603673816,10.44030650891055,3.329375603673816,1949.4137931034484,793.6551724137931
2334,69.0,21.195040985452856,4.931990768552142,20.024984394500787,4.931990768552142,2113.4347826086955,798.5072463768116
2335,83.0,12.532197474670772,9.282781853492256,13.038404810405298,9.282781853492256,165.21686746987953,795.8313253012049
2336,12.0,5.485458865381723,2.649689066157795,5.385164807134504,2.649689066157795,257.0833333333333,792.0833333333334
2337,28.0,12.469308037712773,4.826164860913198,10.816653826391969,4.826164860913198,1433.5714285714287,793.0
2338,11.0,5.685865648049052,2.5064919868752056,5.385164807134504,2.5064919868752056,2000.909090909091,791.1818181818181
2339,47.0,11.359319057691474,5.229179891121235,11.180339887498949,5.229179891121235,2089.063829787234,795.3404255319149
2340,30.0,7.505786784306766,5.432499759541161,7.615773105863909,5.432499759541161,2953.7,792.6666666666666
2341,145.0,22.019684711428756,9.476377857078456,21.095023109728988,9.476377857078456,155.7448275862069,799.3862068965517
2342,35.0,9.489620210789274,4.7580829283377275,9.219544457292887,4.7580829283377275,196.68571428571428,795.0285714285715
2343,74.0,15.768026173377631,7.456944394134362,17.26267650163207,7.456944394134362,228.83783783783784,797.2837837837837
2344,46.0,9.424559035943014,6.870802917033551,10.0,6.870802917033551,240.7608695652174,794.6304347826087
2345,20.0,8.031003107038627,3.2098269571327256,7.615773105863909,3.2098269571327256,308.15,792.55
2346,19.0,5.212526051472713,4.66479582459468,5.385164807134504,4.66479582459468,353.7368421052632,792.6315789473684
2347,39.0,9.009591071907158,5.564532402076835,8.94427190999916,5.564532402076835,1300.948717948718,794.5897435897435
2348,6.0,3.126943839882286,2.309401076758503,3.1622776601683795,2.309401076758503,1377.8333333333333,792.1666666666666
2349,32.0,10.982794776153657,5.036128861029269,9.486832980505138,5.036128861029269,1989.875,794.71875
2350,25.0,6.300969683062678,5.2803201657783045,6.708203932499369,5.2803201657783045,205.64,794.08
2351,11.0,4.51260859854213,2.9541957835039856,5.0,2.9541957835039856,713.0,794.0
2352,52.0,12.89840003081349,7.134666494954264,12.36931687685298,7.134666494954264,922.8076923076923,794.1346153846154
2353,25.0,7.374269390775276,4.220444402225297,7.280109889280518,4.220444402225297,959.56,795.12
2354,7.0,3.0237157840738176,2.799416848895061,3.1622776601683795,2.799416848895061,1293.2857142857142,793.0
2355,19.0,5.84502823813456,4.110208831745895,6.082762530298219,4.110208831745895,1829.6842105263158,794.1578947368421
2356,38.0,9.627671091958316,5.216150530168819,10.198039027185569,5.216150530168819,2946.0,797.078947368421
2357,12.0,3.8297084310253524,3.8297084310253524,4.123105625617661,3.8297084310253524,3051.5,793.5
2358,6.0,3.265986323710904,2.0,3.1622776601683795,2.0,430.0,793.5
2359,33.0,15.434736565167494,3.2284234541817085,13.601470508735444,3.2284234541817085,826.3030303030303,798.060606060606
2360,44.0,14.590226912113497,5.391421650489741,13.038404810405298,5.391421650489741,949.0681818181819,798.8181818181819
2361,16.0,6.324555320336759,3.122498999199199,6.082762530298219,3.122498999199199,967.125,795.5
2362,12.0,6.831300510639732,2.0,6.082762530298219,2.0,1387.5,795.5
2363,25.0,7.554136610795001,4.235920214716823,7.615773105863909,4.235920214716823,1901.64,795.68
2364,5.0,3.098386676965933,1.7888543819998317,3.1622776601683795,1.7888543819998317,3205.2,793.4
2365,15.0,5.258554520990449,3.5691337129452037,5.385164807134504,3.5691337129452037,174.73333333333332,797.0666666666667
2366,17.0,5.687199475889392,3.879016058442017,6.082762530298219,3.879016058442017,184.1764705882353,797.3529411764706
2367,22.0,8.591750800516843,3.1701083225750346,8.06225774829855,3.1701083225750346,1155.5,796.0909090909091
2368,53.0,13.797641937319879,5.359714224067672,13.0,5.359714224067672,3043.0754716981132,797.8679245283018
2369,9.0,3.885753375057407,2.7954428906961324,4.123105625617661,2.7954428906961324,190.11111111111111,797.6666666666666
2370,37.0,11.152599627559423,4.624317610870527,11.704699910719626,4.624317610870527,1449.081081081081,801.8648648648649
2371,14.0,4.780914437337574,3.5456210417116734,5.0,3.5456210417116734,144.5,798.5
2372,346.0,34.375443850914756,14.898474121226272,35.05709628591621,14.898474121226272,681.349710982659,813.1618497109827
2373,8.0,4.1204045563213505,2.4025541184843804,4.123105625617661,2.4025541184843804,905.25,798.625
2374,84.0,17.72415987205141,8.081737083714117,18.027756377319946,8.081737083714117,1129.5833333333333,805.75
2375,32.0,12.684111779909182,4.025799095182111,11.180339887498949,4.025799095182111,1317.96875,801.65625
2376,20.0,7.006696702349465,3.734461316078284,7.280109889280518,3.734461316078284,1363.1,798.5
2377,32.0,8.44662236402075,5.0402946976962095,8.54400374531753,5.0402946976962095,1396.125,800.75
2378,5.0,3.098386676965933,1.7888543819998317,3.1622776601683795,1.7888543819998317,1505.2,797.6
2379,5.0,3.098386676965933,1.7888543819998317,3.1622776601683795,1.7888543819998317,1999.8,797.6
2380,8.0,3.9722133299273006,2.6403638502198645,4.123105625617661,2.6403638502198645,726.25,798.625
2381,30.0,8.37907146920781,4.916643523393772,8.54400374531753,4.916643523393772,1607.0,802.0333333333333
2382,12.0,5.04402536508653,3.000375403313416,5.0990195135927845,3.000375403313416,1736.9166666666667,800.4166666666666
2383,6.0,3.1269438398822857,2.309401076758503,3.1622776601683795,2.309401076758503,1857.1666666666667,799.1666666666666
2384,9.0,4.25044367047193,2.612014068307059,4.47213595499958,2.612014068307059,1862.3333333333333,799.0
2385,5.0,3.098386676965933,1.7888543819998317,3.1622776601683795,1.7888543819998317,2118.8,798.4
2386,32.0,10.496162827255398,3.9689344796484063,10.295630140987,3.9689344796484063,203.46875,803.4375
2387,8.0,3.4641016151377544,2.7386127875258306,3.605551275463989,2.7386127875258306,1417.125,800.125
2388,29.0,8.504440860756826,4.2611318058210035,8.246211251235321,4.2611318058210035,1963.448275862069,802.6206896551724
2389,42.0,10.075902417342554,5.278631032590863,10.04987562112089,5.278631032590863,3213.8571428571427,803.5
2390,23.0,8.983075874883449,3.1207579904219758,9.0,3.1207579904219758,785.0,804.0
2391,6.0,3.7712361663282534,2.309401076758503,4.0,2.309401076758503,892.3333333333334,801.0
2392,63.0,13.167354946087455,7.019567568839401,13.038404810405298,7.019567568839401,1115.015873015873,803.4761904761905
2393,55.0,10.80879215729292,6.666290841843486,11.180339887498949,6.666290841843486,1167.581818181818,804.9818181818182
2394,25.0,7.374269390775276,4.220444402225297,7.280109889280518,4.220444402225297,1701.56,803.12
2395,10.0,6.040895836088439,1.8728527698485424,6.082762530298219,1.8728527698485424,1753.5,800.5
2396,5.0,3.098386676965933,1.7888543819998317,3.1622776601683795,1.7888543819998317,2095.6,801.2
2397,129.0,25.865397041672082,10.021630191931607,23.53720459187964,10.021630191931607,287.52713178294573,807.7596899224807
2398,11.0,6.410747983365109,1.964939688573319,6.082762530298219,1.964939688573319,835.5454545454545,803.7272727272727
2399,11.0,6.410747983365109,1.964939688573319,6.082762530298219,1.964939688573319,1047.5454545454545,803.2727272727273
2400,38.0,8.499633363446884,5.999999999999999,8.54400374531753,5.999999999999999,1384.8947368421052,803.5
2401,7.0,4.155374705678736,1.9054711331003737,4.123105625617661,1.9054711331003737,1501.5714285714287,802.7142857142857
2402,6.0,3.265986323710904,2.0,3.1622776601683795,2.0,1774.0,801.5
2403,12.0,6.831300510639732,2.0,6.082762530298219,2.0,1795.5,803.5
2404,220.0,39.144782268074856,12.187098097085597,36.796738985948195,12.187098097085597,178.3590909090909,813.3636363636364
2405,71.0,19.134134293053332,9.354634453149306,18.027756377319946,9.354634453149306,1091.1408450704225,810.2816901408451
2406,51.0,16.030765870836063,4.349797181638352,14.866068747318506,4.349797181638352,1151.0588235294117,808.5490196078431
2407,14.0,4.20883424647321,4.120630029101703,4.47213595499958,4.120630029101703,1311.2857142857142,803.5
2408,89.0,17.52931509670753,8.687157487983377,17.11724276862369,8.687157487983377,1763.9887640449438,807.4494382022472
2409,34.0,7.242514046632367,6.030140900582063,7.615773105863909,6.030140900582063,2106.5,805.4117647058823
2410,25.0,8.61870253147123,4.4350836152220845,8.246211251235321,4.4350836152220845,1031.12,806.44
2411,9.0,4.618802153517006,2.3517789431685254,4.47213595499958,2.3517789431685254,1304.111111111111,804.5555555555555
2412,11.0,4.533315962095487,3.011458300982113,4.47213595499958,3.011458300982113,1372.1818181818182,804.5454545454545
2413,21.0,6.258173505705088,4.157977767102647,6.324555320336759,4.157977767102647,1468.6190476190477,805.5714285714286
2414,8.0,3.4641016151377544,2.7386127875258306,3.605551275463989,2.7386127875258306,1555.125,804.875
2415,103.0,22.42698791941844,7.887759668795495,20.591260281974,7.887759668795495,2065.3883495145633,811.2621359223301
2416,24.0,10.514751768139444,3.2653051123334045,10.198039027185569,3.2653051123334045,231.41666666666666,810.0
2417,6.0,3.1269438398822857,2.309401076758503,3.1622776601683795,2.309401076758503,545.1666666666666,806.1666666666666
2418,24.0,9.520680275755694,3.7963406910328863,8.246211251235321,3.7963406910328863,731.2083333333334,806.625
2419,8.0,3.4641016151377544,2.7386127875258306,3.605551275463989,2.7386127875258306,1342.875,805.875
2420,15.0,4.77795383588526,3.981909289096598,5.0990195135927845,3.981909289096598,1401.6666666666667,806.2666666666667
2421,5.0,3.098386676965933,1.7888543819998317,3.1622776601683795,1.7888543819998317,1440.6,806.2
2422,9.0,4.277662731533559,2.643019518000728,4.123105625617661,2.643019518000728,1475.3333333333333,806.4444444444445
2423,104.0,12.412961868561629,10.868214287160828,13.0,10.868214287160828,1985.701923076923,810.6538461538462
2424,6.0,3.265986323710904,2.0,3.1622776601683795,2.0,1417.0,806.5
2425,60.0,13.0094535309797,6.148776476553129,12.206555615733702,6.148776476553129,136.05,811.8
2426,57.0,13.835158048731524,5.27739936780735,13.038404810405298,5.27739936780735,319.1929824561403,811.8245614035088
2427,16.0,6.324555320336759,3.122498999199199,6.082762530298219,3.122498999199199,955.5,807.875
2428,21.0,6.500688222867417,4.152371179930926,6.708203932499369,4.152371179930926,1138.7142857142858,808.9047619047619
2429,6.0,3.126943839882286,2.309401076758503,3.1622776601683795,2.309401076758503,1174.8333333333333,808.1666666666666
2430,38.0,9.915457157835139,4.8830701583205345,10.04987562112089,4.8830701583205345,1357.842105263158,811.6052631578947
2431,17.0,6.481630286872897,3.4833600939344693,6.324555320336759,3.4833600939344693,1428.8235294117646,808.7647058823529
2432,10.0,5.556314367017517,2.5626881696520787,5.385164807134504,2.5626881696520787,1534.9,808.5
2433,27.0,9.934504080154461,3.620510712205786,9.486832980505138,3.620510712205786,1817.5555555555557,811.3333333333334
2434,30.0,8.820543469648053,4.581388873601563,9.219544457292887,4.581388873601563,1901.4333333333334,811.0666666666667
2435,5.0,3.335641688875783,2.0575457524521585,3.1622776601683795,2.0575457524521585,1936.8,808.0
2436,18.0,6.609944996091904,3.584945888738465,6.708203932499369,3.584945888738465,1944.8333333333333,809.2222222222222
2437,283.0,31.482510441114457,19.395637948416894,30.23243291566195,19.395637948416894,2077.6961130742047,821.2791519434629
2438,20.0,6.742303647539196,3.9926609578550076,7.0710678118654755,3.9926609578550076,2193.9,809.55
2439,18.0,5.258737584977436,4.268749491621899,5.385164807134504,4.268749491621899,3131.5,808.7777777777778
2440,19.0,5.271572221283754,4.5005385950383054,5.385164807134504,4.5005385950383054,3254.157894736842,808.8421052631579
2441,7.0,3.582070095417669,2.4713456540351713,3.605551275463989,2.4713456540351713,145.28571428571428,808.8571428571429
2442,10.0,3.9191835884530852,3.0983866769659336,4.123105625617661,3.0983866769659336,854.0,809.2
2443,171.0,27.190674832817635,14.336015670022707,29.154759474226502,14.336015670022707,941.6900584795321,822.2222222222222
2444,6.0,3.265986323710904,2.0,3.1622776601683795,2.0,1017.5,809.0
2445,235.0,33.40234460466871,11.110870031448055,35.73513677041127,11.110870031448055,1067.5829787234043,824.7021276595744
2446,22.0,7.380770740999823,3.9000222668625963,7.280109889280518,3.9000222668625963,1696.7272727272727,811.5454545454545
2447,12.0,3.8297084310253524,3.8297084310253524,4.123105625617661,3.8297084310253524,1883.5,809.5
2448,121.0,25.741546715163075,7.241304983665776,25.495097567963924,7.241304983665776,2093.793388429752,818.7933884297521
2449,23.0,8.049234961329327,3.7938346533070115,8.246211251235321,3.7938346533070115,1120.9130434782608,813.0
2450,6.0,3.8297084310253524,1.8856180831641272,4.0,1.8856180831641272,1459.5,809.6666666666666
2451,26.0,7.549442551621722,4.332347027793453,7.280109889280518,4.332347027793453,1827.5,811.7692307692307
2452,5.0,3.098386676965933,1.7888543819998317,3.1622776601683795,1.7888543819998317,272.4,811.2
2453,56.0,16.911579599574907,8.642178600182126,15.811388300841896,8.642178600182126,1106.982142857143,815.2857142857143
2454,10.0,4.09878030638384,2.9933259094191533,4.123105625617661,2.9933259094191533,1343.8,811.5
2455,178.0,22.643297308016617,12.495359523901216,23.769728648009426,12.495359523901216,2053.1011235955057,821.2921348314607
2456,37.0,7.918503817180535,6.216921229115622,8.06225774829855,6.216921229115622,2113.4594594594596,813.5405405405405
2457,6.0,3.126943839882286,2.309401076758503,3.1622776601683795,2.309401076758503,749.8333333333334,811.8333333333334
2458,22.0,5.752469825293227,4.851514205136848,6.082762530298219,4.851514205136848,795.5,813.2727272727273
2459,28.0,7.055240352009206,5.086909159781684,7.211102550927978,5.086909159781684,1076.892857142857,813.7142857142857
2460,27.0,7.171562257310713,4.760747497756027,7.211102550927978,4.760747497756027,1412.4074074074074,813.4074074074074
2461,12.0,4.894994431930091,2.9693109114997,5.0990195135927845,2.9693109114997,1616.9166666666667,812.8333333333334
2462,14.0,5.656854249492381,3.155817433482075,5.385164807134504,3.155817433482075,1918.7857142857142,813.2142857142857
2463,65.0,20.913074004271262,4.427565436204586,19.1049731745428,4.427565436204586,2013.6923076923076,820.6615384615385
2464,22.0,5.944677150538391,4.755126370456127,6.324555320336759,4.755126370456127,2185.2727272727275,813.5909090909091
2465,42.0,10.242050405432417,5.420059730622103,10.44030650891055,5.420059730622103,1395.3333333333333,814.1428571428571
2466,10.0,5.656854249492381,2.0,5.0990195135927845,2.0,1806.5,814.0
2467,678.0,48.734482225660244,38.52663297873019,50.47771785649585,38.52663297873019,3244.349557522124,835.6519174041298
2468,7.0,3.0237157840738176,2.799416848895061,3.1622776601683795,2.799416848895061,326.7142857142857,814.0
2469,8.0,3.4641016151377544,2.7386127875258306,3.605551275463989,2.7386127875258306,822.125,813.875
2470,9.0,3.885753375057407,2.7954428906961324,4.123105625617661,2.7954428906961324,948.1111111111111,814.3333333333334
2471,39.0,7.622532300849472,6.929405417650534,8.246211251235321,6.929405417650534,1299.4102564102564,816.6153846153846
2472,8.0,3.4641016151377544,2.7386127875258306,3.605551275463989,2.7386127875258306,1309.875,813.875
2473,6.0,3.265986323710904,2.0,3.1622776601683795,2.0,1374.0,813.5
2474,30.0,7.909800046524696,5.875330430575146,8.246211251235321,5.875330430575146,1450.8333333333333,815.7333333333333
2475,51.0,10.864050044525062,6.359783765229295,10.770329614269007,6.359783765229295,2122.7843137254904,816.5686274509804
2476,24.0,11.075677977820549,3.2992291352945573,10.198039027185569,3.2992291352945573,1167.9166666666667,816.25
2477,24.0,6.831300510639732,4.47213595499958,6.708203932499369,4.47213595499958,163.5,817.5
2478,370.0,45.31251466177561,15.161314341838043,47.50789408087881,15.161314341838043,197.68648648648647,835.4324324324324
2479,71.0,16.337173200392197,7.588881220590832,15.231546211727817,7.588881220590832,288.01408450704224,818.3943661971831
2480,9.0,4.277662731533559,2.643019518000728,4.123105625617661,2.643019518000728,733.6666666666666,816.4444444444445
2481,8.0,4.1204045563213505,2.4025541184843804,4.123105625617661,2.4025541184843804,920.625,815.75
2482,25.0,6.795809747924389,5.4352341136344675,8.06225774829855,5.4352341136344675,1800.56,818.56
2483,37.0,8.922114023053101,5.457984921379491,9.486832980505138,5.457984921379491,3064.7297297297296,818.8108108108108
2484,7.0,3.0237157840738176,2.799416848895061,3.1622776601683795,2.799416848895061,3229.714285714286,816.0
2485,9.0,3.885753375057407,2.7954428906961324,4.123105625617661,2.7954428906961324,768.6666666666666,816.8888888888889
2486,36.0,11.24782478887845,4.33105558229897,11.180339887498949,4.33105558229897,882.9722222222222,821.0555555555555
2487,28.0,8.246211251235321,4.20883424647321,8.06225774829855,4.20883424647321,963.5,817.5
2488,7.0,3.582070095417669,2.4713456540351717,3.605551275463989,2.4713456540351717,1184.857142857143,816.7142857142857
2489,6.0,3.265986323710904,2.0,3.1622776601683795,2.0,1563.5,817.0
2490,30.0,8.779107394647871,4.288815689663726,8.54400374531753,4.288815689663726,1659.5,819.5
2491,33.0,9.641717526337095,4.290164434399711,9.219544457292887,4.290164434399711,1773.4545454545455,820.1212121212121
2492,16.0,8.393929289546177,3.0687051148813245,8.54400374531753,3.0687051148813245,1793.0625,818.9375
2493,11.0,4.348458452036872,3.3525616208337774,4.47213595499958,3.3525616208337774,2179.6363636363635,817.2727272727273
2494,26.0,7.549442551621722,4.332347027793453,7.280109889280518,4.332347027793453,930.5,819.7692307692307
2495,22.0,10.460181323335327,3.0596513178921283,9.486832980505138,3.0596513178921283,1048.5454545454545,820.7727272727273
2496,57.0,10.800434812972323,6.9876143537943545,11.180339887498949,6.9876143537943545,1152.1754385964912,820.6315789473684
2497,27.0,7.878918386697073,4.6035723359067475,8.06225774829855,4.6035723359067475,1714.9259259259259,820.4444444444445
2498,22.0,8.591750800516843,3.1701083225750346,8.06225774829855,3.1701083225750346,1747.5,817.9090909090909
2499,11.0,6.410747983365109,1.964939688573319,6.082762530298219,1.964939688573319,1846.5454545454545,819.2727272727273
2500,5.0,3.098386676965933,1.7888543819998317,3.1622776601683795,1.7888543819998317,1854.6,817.8
2501,35.0,9.221297279721835,5.415880178848843,9.486832980505138,5.415880178848843,1965.857142857143,820.3428571428572
2502,13.0,5.037401156029466,3.4259328114742646,5.385164807134504,3.4259328114742646,1008.4615384615385,819.9230769230769
2503,186.0,22.42548776233521,16.001402794240345,22.360679774997898,16.001402794240345,1130.747311827957,827.8655913978495
2504,14.0,4.20883424647321,4.120630029101703,4.47213595499958,4.120630029101703,1397.7142857142858,819.5
2505,49.0,15.078809939504383,4.483270184771564,14.035668847618199,4.483270184771564,2190.530612244898,823.9183673469388
2506,18.0,5.258737584977436,4.268749491621899,5.385164807134504,4.268749491621899,3224.777777777778,819.5
2507,30.0,9.994599700208886,4.256391161708862,9.433981132056603,4.256391161708862,739.6333333333333,821.7
2508,26.0,7.549442551621722,4.332347027793453,7.280109889280518,4.332347027793453,1619.7692307692307,820.5
2509,29.0,10.005655162045102,4.330690366092674,10.04987562112089,4.330690366092674,1630.0,822.8620689655172
2510,6.0,3.265986323710904,2.0,3.1622776601683795,2.0,1923.5,820.0
2511,30.0,7.423948774605715,5.096020902280008,7.615773105863909,5.096020902280008,816.1666666666666,822.9333333333333
2512,142.0,22.927391078253404,16.887749269252208,22.847319317591726,16.887749269252208,996.3943661971831,827.8028169014085
2513,86.0,13.98631385468514,7.97034161577419,13.601470508735444,7.97034161577419,1095.1279069767443,825.7209302325581
2514,17.0,6.026481184105726,3.720308332355353,5.830951894845301,3.720308332355353,1376.1176470588234,821.7058823529412
2515,34.0,10.05812281033056,4.230010527376954,10.04987562112089,4.230010527376954,1419.264705882353,821.5588235294117
2516,123.0,34.590055198627496,8.001918034800797,30.083217912982647,8.001918034800797,2106.357723577236,834.4146341463414
2517,17.0,6.96434421707008,3.030922457114571,7.0710678118654755,3.030922457114571,659.7058823529412,821.8823529411765
2518,7.0,3.0237157840738176,2.799416848895061,3.1622776601683795,2.799416848895061,696.7142857142857,822.0
2519,5.0,3.098386676965933,1.7888543819998317,3.1622776601683795,1.7888543819998317,905.2,821.6
2520,93.0,19.195713756790543,9.206913727368269,20.8806130178211,9.206913727368269,1168.5806451612902,825.9569892473119
2521,8.0,3.4641016151377544,2.8284271247461903,4.0,2.8284271247461903,1443.5,822.0
2522,72.0,12.07763005129213,8.021652057203756,12.806248474865697,8.021652057203756,165.56944444444446,826.9027777777778
2523,14.0,5.3909797661462155,3.2448688564710855,5.385164807134504,3.2448688564710855,1176.857142857143,823.9285714285714
2524,52.0,13.12360439692633,6.308302170317236,13.416407864998739,6.308302170317236,1387.3076923076924,826.0
2525,7.0,4.155374705678736,1.9054711331003737,4.123105625617661,1.9054711331003737,1429.2857142857142,822.5714285714286
2526,6.0,3.265986323710904,2.0,3.1622776601683795,2.0,1806.0,822.5
2527,12.0,3.8297084310253524,3.8297084310253524,4.123105625617661,3.8297084310253524,3229.5,823.5
2528,125.0,24.464220917440038,7.805586134473782,22.561028345356956,7.805586134473782,222.848,832.896
2529,40.0,13.844402847534244,3.862966450176043,13.152946437965905,3.862966450176043,306.75,829.775
2530,49.0,12.887528273750425,5.32577942935521,11.704699910719626,5.32577942935521,918.8367346938776,826.0612244897959
2531,47.0,9.078747127546588,8.425267523852186,10.0,8.425267523852186,1365.595744680851,826.5957446808511
2532,14.0,5.364197441180125,3.470117050280703,5.385164807134504,3.470117050280703,1832.2857142857142,824.7142857142857
2533,220.0,24.705953499815127,19.342096269826946,25.317977802344327,19.342096269826946,1933.0863636363636,832.5818181818182
2534,9.0,3.885753375057407,2.7954428906961324,4.123105625617661,2.7954428906961324,1945.111111111111,824.3333333333334
2535,36.0,10.519822558706334,4.268749491621899,10.04987562112089,4.268749491621899,3131.5,827.5
2536,9.0,4.618802153517006,2.3517789431685254,4.47213595499958,2.3517789431685254,237.55555555555554,825.1111111111111
2537,26.0,7.549442551621722,4.332347027793453,7.280109889280518,4.332347027793453,243.5,827.2307692307693
2538,48.0,13.541191225709625,4.9543781053717435,12.649110640673518,4.9543781053717435,283.1041666666667,827.125
2539,18.0,6.396357479416215,3.4960568451688605,6.4031242374328485,3.4960568451688605,299.0,826.1111111111111
2540,28.0,8.246211251235321,4.20883424647321,8.06225774829855,4.20883424647321,1033.5,827.5
2541,18.0,6.0569577960628385,3.810923615073318,6.324555320336759,3.810923615073318,1055.2777777777778,826.6666666666666
2542,31.0,7.72358165143158,5.188715573632308,8.06225774829855,5.188715573632308,1107.6129032258063,827.2903225806451
2543,17.0,7.775012802563579,3.5847195123546505,7.211102550927978,3.5847195123546505,1183.8823529411766,826.5882352941177
2544,16.0,5.901510161422514,3.830427889234676,6.324555320336759,3.830427889234676,1583.875,825.875
2545,60.0,16.14508739440338,6.052597029776138,14.422205101855956,6.052597029776138,1703.9666666666667,830.1333333333333
2546,24.0,7.327189940229072,4.194051186810153,7.280109889280518,4.194051186810153,1765.2083333333333,825.7083333333334
2547,26.0,6.407670781498028,5.265246456215876,6.708203932499369,5.265246456215876,1853.8846153846155,826.2692307692307
2548,8.0,4.1204045563213505,2.4025541184843804,4.123105625617661,2.4025541184843804,2037.625,825.25
2549,104.0,17.915298314998587,10.727835987879077,18.788294228055936,10.727835987879077,1327.625,831.7788461538462
2550,18.0,6.831300510639733,3.4712220781807352,6.708203932499369,3.4712220781807352,1680.9444444444443,827.7777777777778
2551,21.0,6.7452801829205375,4.3181384843995865,6.708203932499369,4.3181384843995865,1957.4761904761904,827.952380952381
2552,24.0,6.247108760764933,4.92457205338208,6.324555320336759,4.92457205338208,866.2083333333334,828.2916666666666
2553,6.0,3.8297084310253524,1.8856180831641272,4.0,1.8856180831641272,1120.3333333333333,827.5
2554,8.0,3.4641016151377544,2.8284271247461903,4.0,2.8284271247461903,1446.0,827.5
2555,18.0,5.258737584977436,4.268749491621899,5.385164807134504,4.268749491621899,3224.777777777778,827.5
2556,23.0,6.013934515175302,4.820294404911255,6.324555320336759,4.820294404911255,622.7826086956521,829.6086956521739
2557,8.0,4.47213595499958,2.0,4.123105625617661,2.0,1008.5,827.5
2558,68.0,12.60978842203447,7.844299098011796,12.529964086141668,7.844299098011796,2019.8823529411766,833.2352941176471
2559,74.0,17.47147414015592,6.968857605259492,15.652475842498529,6.968857605259492,2182.689189189189,833.3378378378378
2560,47.0,12.440807061157724,4.969483157634255,12.36931687685298,4.969483157634255,236.6595744680851,833.8297872340426
2561,22.0,7.341969707019594,3.993334507730114,8.06225774829855,3.993334507730114,329.6818181818182,829.8181818181819
2562,19.0,5.271572221283753,4.5005385950383054,5.385164807134504,4.5005385950383054,904.8421052631579,830.1578947368421
2563,10.0,5.945590686091159,2.1189505405898594,5.385164807134504,2.1189505405898594,1019.0,829.1
2564,11.0,4.346129984141888,3.067356324605906,4.47213595499958,3.067356324605906,1144.909090909091,829.6363636363636
2565,29.0,7.2399937337435984,5.195451535417823,7.615773105863909,5.195451535417823,1525.0344827586207,829.9655172413793
2566,27.0,12.18301966336856,3.4723025653835182,11.180339887498949,3.4723025653835182,1911.5185185185185,832.1851851851852
2567,10.0,4.09878030638384,2.9933259094191533,4.123105625617661,2.9933259094191533,3262.2,829.5
2568,10.0,4.381780460041329,2.6832815729997477,4.47213595499958,2.6832815729997477,314.5,830.0
2569,9.0,3.265986323710904,3.265986323710904,3.605551275463989,3.265986323710904,886.0,830.0
2570,9.0,3.885753375057407,2.7954428906961324,4.123105625617661,2.7954428906961324,1837.6666666666667,829.8888888888889
2571,12.0,5.446711546122731,2.8284271247461903,6.0,2.8284271247461903,2032.75,830.0
2572,13.0,5.547001962252291,2.935197542821372,5.385164807134504,2.935197542821372,300.7692307692308,831.1538461538462
2573,7.0,3.0237157840738176,2.799416848895061,3.1622776601683795,2.799416848895061,397.7142857142857,831.0
2574,7.0,4.155374705678736,1.9054711331003737,4.123105625617661,1.9054711331003737,643.2857142857143,830.4285714285714
2575,9.0,4.618802153517007,2.3517789431685254,4.47213595499958,2.3517789431685254,744.8888888888889,831.5555555555555
2576,42.0,10.508371449519569,5.413971825764259,10.770329614269007,5.413971825764259,1157.6904761904761,834.8333333333334
2577,14.0,8.0,2.0,7.0710678118654755,2.0,1891.0,830.5
2578,11.0,5.196736578748781,2.5652886368981056,5.385164807134504,2.5652886368981056,2095.909090909091,831.7272727272727
2579,35.0,10.942124650494655,4.166595778082529,10.295630140987,4.166595778082529,323.2857142857143,834.9142857142857
2580,7.0,4.99392736656725,1.772659614960501,5.0,1.772659614960501,894.2857142857143,833.1428571428571
2581,22.0,12.288803009132083,2.2767669424392705,11.045361017187261,2.2767669424392705,1078.4545454545455,836.4090909090909
2582,39.0,9.293549631623865,5.28125034423872,9.219544457292887,5.28125034423872,1816.923076923077,835.1794871794872
2583,29.0,8.501567682464598,4.381255986059743,8.246211251235321,4.381255986059743,285.58620689655174,835.2068965517242
2584,29.0,6.9353489989359085,5.485759937053181,7.211102550927978,5.485759937053181,293.7931034482759,834.0344827586207
2585,18.0,5.714937570531867,4.184773359585458,5.830951894845301,4.184773359585458,725.5555555555555,833.6666666666666
2586,6.0,3.1269438398822857,2.309401076758503,3.1622776601683795,2.309401076758503,870.1666666666666,833.1666666666666
2587,25.0,7.374269390775276,4.220444402225298,7.280109889280518,4.220444402225298,987.88,833.44
2588,91.0,19.477097827657662,7.720621902529025,18.601075237738275,7.720621902529025,1285.2307692307693,839.9230769230769
2589,30.0,8.974541613923263,4.2152952365250425,9.055385138137417,4.2152952365250425,1563.9666666666667,833.5666666666667
2590,13.0,4.318667337728677,3.6794648440311994,4.47213595499958,3.6794648440311994,1969.6153846153845,833.6153846153846
2591,6.0,3.265986323710904,2.0,3.1622776601683795,2.0,472.5,834.0
2592,6.0,3.265986323710904,2.0,3.1622776601683795,2.0,942.5,834.0
2593,17.0,6.585670706008097,3.1796084995103278,6.324555320336759,3.1796084995103278,1119.0588235294117,835.6470588235294
2594,30.0,7.229033763294612,5.268666683984129,7.280109889280518,5.268666683984129,1350.1666666666667,835.7333333333333
2595,94.0,15.758774953095132,8.861572512110317,15.652475842498529,8.861572512110317,170.46808510638297,839.1063829787234
2596,12.0,3.8297084310253524,3.8297084310253524,4.123105625617661,3.8297084310253524,448.5,835.5
2597,20.0,5.79329337655891,4.476354750588771,6.082762530298219,4.476354750588771,797.8,836.9
2598,13.0,4.318667337728677,3.6794648440311994,4.47213595499958,3.6794648440311994,976.3846153846154,835.6153846153846
2599,32.0,7.134660683600376,5.790864955245202,7.615773105863909,5.790864955245202,1169.1875,837.25
2600,51.0,9.87067000362265,6.719291759806373,10.198039027185569,6.719291759806373,1188.235294117647,837.1176470588235
2601,25.0,6.104680791221041,5.258751984767569,6.324555320336759,5.258751984767569,1721.32,837.0
2602,67.0,23.61263319809037,4.800894498037708,24.041630560342615,4.800894498037708,1915.3283582089553,846.8507462686567
2603,12.0,6.831300510639732,2.0,6.082762530298219,2.0,2195.5,834.5
2604,45.0,10.595315428300923,5.957547934726288,10.295630140987,5.957547934726288,3222.777777777778,837.2222222222222
2605,16.0,5.862022539337002,3.5105828217412802,6.082762530298219,3.5105828217412802,626.9375,837.625
2606,20.0,5.571594558682206,4.630046875968195,6.082762530298219,4.630046875968195,1975.4,837.4
2607,10.0,5.0228248744557495,2.5082325012942057,5.0990195135927845,2.5082325012942057,310.3,838.2
2608,5.0,3.098386676965933,1.7888543819998317,3.1622776601683795,1.7888543819998317,398.6,837.2
2609,7.0,4.155374705678736,1.9054711331003737,4.123105625617661,1.9054711331003737,936.5714285714286,837.2857142857143
2610,10.0,4.09878030638384,2.9933259094191533,4.123105625617661,2.9933259094191533,955.5,837.2
2611,26.0,7.549442551621722,4.332347027793453,7.280109889280518,4.332347027793453,1147.7692307692307,837.5
2612,52.0,10.83051591416772,6.209025369482473,10.816653826391969,6.209025369482473,1762.25,839.8461538461538
2613,64.0,10.763596063653099,8.366628265227966,11.180339887498949,8.366628265227966,1299.59375,841.484375
2614,6.0,3.1269438398822857,2.309401076758503,3.1622776601683795,2.309401076758503,1494.1666666666667,837.8333333333334
2615,9.0,3.885753375057407,2.7954428906961324,4.123105625617661,2.7954428906961324,1518.6666666666667,837.8888888888889
2616,28.0,8.105574650675873,6.439171133650908,8.602325267042627,6.439171133650908,2099.1428571428573,839.8214285714286
2617,25.0,9.73242004847715,3.183959798741184,9.055385138137417,3.183959798741184,301.08,843.0
2618,107.0,13.960220012870694,9.969445120972871,15.264337522473747,9.969445120972871,1314.2429906542056,843.1588785046729
2619,11.0,3.9999999999999996,3.468869823334348,4.123105625617661,3.468869823334348,1342.6363636363637,840.5454545454545
2620,6.0,3.265986323710904,2.0,3.1622776601683795,2.0,1542.5,840.0
2621,89.0,12.713663448420485,11.111169063975467,13.892443989449804,11.111169063975467,1852.7640449438202,844.1573033707865
2622,15.0,6.384920009059852,3.1179617327343894,6.324555320336759,3.1179617327343894,1903.4,840.4666666666667
2623,5.0,3.098386676965933,1.7888543819998317,3.1622776601683795,1.7888543819998317,2054.6,840.2
2624,24.0,6.21825270205921,5.022173057773122,6.324555320336759,5.022173057773122,331.5,841.5833333333334
2625,6.0,3.126943839882286,2.309401076758503,3.1622776601683795,2.309401076758503,520.8333333333334,840.8333333333334
2626,31.0,9.49456153173427,6.492212782587198,9.486832980505138,6.492212782587198,636.1935483870968,843.8709677419355
2627,18.0,5.033222956847167,4.575835618216445,5.385164807134504,4.575835618216445,755.7777777777778,841.9444444444445
2628,11.0,4.51260859854213,2.9541957835039856,5.0,2.9541957835039856,873.0,841.0
2629,8.0,5.321869122843981,1.7826129808008924,5.0990195135927845,1.7826129808008924,1054.625,841.625
2630,91.0,13.029764817659737,10.80504875384991,13.92838827718412,10.80504875384991,1100.989010989011,845.4615384615385
2631,8.0,4.1204045563213505,2.4025541184843804,4.123105625617661,2.4025541184843804,1177.25,841.375
2632,152.0,32.23414932943016,11.006441294623162,26.92582403567252,11.006441294623162,1337.796052631579,848.078947368421
2633,6.0,3.265986323710904,2.0,3.1622776601683795,2.0,1419.5,841.0
2634,7.0,3.0237157840738176,2.799416848895061,3.1622776601683795,2.799416848895061,1569.0,841.2857142857143
2635,28.0,8.246211251235321,4.20883424647321,8.06225774829855,4.20883424647321,1701.5,843.5
2636,26.0,8.095582841183305,4.011816864740092,8.06225774829855,4.011816864740092,1733.3846153846155,843.5
2637,6.0,3.265986323710904,2.0,3.1622776601683795,2.0,1743.0,840.5
2638,82.0,17.40167817689563,7.746975151142434,16.15549442140351,7.746975151142434,2030.7439024390244,843.4146341463414
2639,37.0,10.498355788896852,4.7784376696217965,10.0,4.7784376696217965,2045.6216216216217,844.027027027027
2640,43.0,12.858380649273453,4.914527698868305,11.704699910719626,4.914527698868305,928.0232558139535,845.6046511627907
2641,16.0,6.324555320336759,3.122498999199199,6.082762530298219,3.122498999199199,1271.125,843.5
2642,6.0,3.265986323710904,2.0,3.1622776601683795,2.0,1619.5,842.0
2643,26.0,6.3559138815469804,5.420102089384708,6.708203932499369,5.420102089384708,1812.923076923077,843.3076923076923
2644,23.0,6.667281608803804,4.352291467154875,6.708203932499369,4.352291467154875,1841.4347826086957,843.3913043478261
2645,451.0,31.68822890021159,23.234807233143016,33.83784863137726,23.234807233143016,235.97782705099777,857.1840354767183
2646,19.0,5.84502823813456,4.110208831745895,6.082762530298219,4.110208831745895,293.6842105263158,844.8421052631579
2647,45.0,10.609047617392267,5.619824698294226,10.770329614269007,5.619824698294226,941.0666666666667,846.6222222222223
2648,6.0,3.8297084310253524,1.8856180831641272,4.0,1.8856180831641272,1016.3333333333334,843.5
2649,28.0,7.366637513240279,5.070724167735392,7.615773105863909,5.070724167735392,3216.0714285714284,845.6785714285714
2650,21.0,5.767159369534862,4.678382743709163,6.082762530298219,4.678382743709163,977.4285714285714,845.1904761904761
2651,25.0,6.104680791221041,5.258751984767569,6.324555320336759,5.258751984767569,1789.0,845.68
2652,23.0,6.72217328235215,4.447499326157431,7.0710678118654755,4.447499326157431,877.9565217391304,847.2608695652174
2653,55.0,11.652752430281597,6.536494281553476,11.40175425099138,6.536494281553476,1131.7272727272727,848.3636363636364
2654,69.0,13.598310080791805,7.240697333563434,13.0,7.240697333563434,1356.7246376811595,848.7246376811594
2655,18.0,5.370242654930921,5.033222956847166,6.082762530298219,5.033222956847166,1395.5,846.5555555555555
2656,24.0,8.310656098522385,4.060609654676037,8.246211251235321,4.060609654676037,1468.0833333333333,845.75
2657,17.0,5.181899763382574,4.041201040002321,5.385164807134504,4.041201040002321,1573.8823529411766,845.4117647058823
2658,23.0,6.581332636333961,4.607654953485466,6.708203932499369,4.607654953485466,1867.8260869565217,845.6086956521739
2659,58.0,17.39447373887477,5.094651119568148,17.26267650163207,5.094651119568148,250.20689655172413,853.8965517241379
2660,9.0,3.885753375057407,2.7954428906961324,4.123105625617661,2.7954428906961324,435.3333333333333,846.1111111111111
2661,6.0,3.265986323710904,2.0,3.1622776601683795,2.0,681.0,845.5
2662,6.0,3.265986323710904,2.0,3.1622776601683795,2.0,728.5,846.0
2663,66.0,21.69865071573159,5.269988726311536,19.235384061671343,5.269988726311536,1111.060606060606,853.9848484848485
2664,6.0,3.265986323710904,2.0,3.1622776601683795,2.0,1217.0,845.5
2665,11.0,6.2040456539947195,2.148780011931928,6.324555320336759,2.148780011931928,221.54545454545453,847.0909090909091
2666,5.0,3.098386676965933,1.7888543819998317,3.1622776601683795,1.7888543819998317,449.6,846.8
2667,253.0,23.488106447396355,18.232142733307054,28.160255680657446,18.232142733307054,1191.6758893280632,858.6640316205534
2668,8.0,4.507893913753563,2.104493398028036,4.47213595499958,2.104493398028036,1540.875,847.75
2669,6.0,3.265986323710904,2.0,3.1622776601683795,2.0,1743.0,846.5
2670,52.0,8.88463508152568,7.702950656549451,9.486832980505138,7.702950656549451,1824.1923076923076,849.8846153846154
2671,15.0,4.9746021616473675,3.7712361663282534,5.0990195135927845,3.7712361663282534,1974.4,848.0666666666667
2672,8.0,3.4641016151377544,2.8284271247461903,4.0,2.8284271247461903,1979.5,847.0
2673,5.0,4.34169545110285,1.2765894445250698,4.123105625617661,1.2765894445250698,841.6,847.6
2674,439.0,46.388231927264236,20.315843379084043,40.80441152620633,20.315843379084043,1368.9612756264237,862.742596810934
2675,8.0,3.8888437389046198,2.6223833385648136,4.123105625617661,2.6223833385648136,1425.25,848.25
2676,16.0,9.16515138991168,2.0,8.06225774829855,2.0,1459.5,850.5
2677,225.0,26.271551285628973,18.390900674367956,28.30194339616981,18.390900674367956,1890.3155555555556,858.4444444444445
2678,121.0,29.667463773085228,9.957716654377714,25.709920264364882,9.957716654377714,1958.7603305785124,860.1570247933885
2679,22.0,9.160702110683983,3.5557728147878644,8.54400374531753,3.5557728147878644,201.8181818181818,850.5
2680,47.0,13.30418050988949,5.140854706846766,12.083045973594572,5.140854706846766,309.25531914893617,850.8297872340426
2681,8.0,3.4641016151377544,2.7386127875258306,3.605551275463989,2.7386127875258306,398.125,848.875
2682,28.0,9.225745575673603,5.720345554843389,8.54400374531753,5.720345554843389,513.6785714285714,851.8214285714286
2683,6.0,3.126943839882286,2.309401076758503,3.1622776601683795,2.309401076758503,645.8333333333334,848.8333333333334
2684,27.0,8.172165640169155,4.108649860257362,8.06225774829855,4.108649860257362,803.4444444444445,851.5925925925926
2685,6.0,3.265986323710904,2.0,3.1622776601683795,2.0,1157.5,849.0
2686,24.0,9.560994998388553,3.3505616737612716,9.219544457292887,3.3505616737612716,1222.125,851.3333333333334
2687,7.0,4.155374705678736,1.9054711331003737,4.123105625617661,1.9054711331003737,1305.2857142857142,848.5714285714286
2688,6.0,3.265986323710904,2.0,3.1622776601683795,2.0,1547.5,849.0
2689,32.0,9.535916471237469,4.290693073803107,9.219544457292887,4.290693073803107,282.78125,850.65625
2690,8.0,4.797340992447142,2.3948944448944434,5.0,2.3948944448944434,323.75,849.875
2691,11.0,6.040661958285633,2.413390290130804,5.830951894845301,2.413390290130804,538.0909090909091,850.7272727272727
2692,26.0,7.605665904189708,4.307692307692308,7.280109889280518,4.307692307692308,809.3846153846154,852.0
2693,15.0,4.618802153517006,4.026578365477733,5.0,4.026578365477733,952.6,850.4
2694,14.0,5.018775010702015,3.5736649346885314,5.385164807134504,3.5736649346885314,1093.2142857142858,850.7142857142857
2695,45.0,13.03578684341163,6.524114027381191,11.704699910719626,6.524114027381191,1277.888888888889,853.2
2696,22.0,6.4666979068286325,4.271760045262084,6.324555320336759,4.271760045262084,1689.3636363636363,851.5
2697,6.0,3.265986323710904,2.0,3.1622776601683795,2.0,1752.0,849.5
2698,9.0,3.885753375057407,2.7954428906961324,4.123105625617661,2.7954428906961324,1773.888888888889,850.6666666666666
2699,96.0,18.428147078812795,7.778102683351157,17.08800749063506,7.778102683351157,262.2916666666667,854.3854166666666
2700,56.0,12.058425870019644,6.109333627653321,12.36931687685298,6.109333627653321,772.8392857142857,855.5
2701,8.0,4.47213595499958,2.0,4.123105625617661,2.0,859.5,850.5
2702,11.0,5.189483704979297,2.6306840451061073,5.0,2.6306840451061073,1665.3636363636363,851.5454545454545
2703,32.0,9.38083151964686,4.242640687119285,9.055385138137417,4.242640687119285,1740.0,851.5
2704,37.0,8.600649036093614,7.490606569486422,9.433981132056603,7.490606569486422,1800.5675675675675,854.2972972972973
2705,21.0,6.64389419578969,3.9376297970420513,6.708203932499369,3.9376297970420513,1877.4285714285713,852.5714285714286
2706,12.0,3.8297084310253524,3.8297084310253524,4.123105625617661,3.8297084310253524,1953.5,851.5
2707,28.0,8.246211251235321,4.20883424647321,8.06225774829855,4.20883424647321,2035.5,851.5
2708,142.0,18.68667519301667,11.77356948135367,18.384776310850235,11.77356948135367,290.98591549295776,858.2323943661971
2709,19.0,5.544698233777089,4.2956952169149805,5.830951894845301,4.2956952169149805,1310.1052631578948,852.421052631579
2710,7.0,4.155374705678736,1.9054711331003737,4.123105625617661,1.9054711331003737,1814.2857142857142,851.4285714285714
2711,32.0,8.511428541560027,5.027358569061624,8.54400374531753,5.027358569061624,191.71875,853.96875
2712,504.0,32.26166290991736,26.475094600919327,38.27531841800928,26.475094600919327,922.0873015873016,867.6349206349206
2713,12.0,3.8297084310253524,3.8297084310253524,4.123105625617661,3.8297084310253524,1331.5,853.5
2714,10.0,4.381780460041329,2.6832815729997477,4.47213595499958,2.6832815729997477,1633.0,853.5
2715,14.0,4.20883424647321,4.120630029101703,4.47213595499958,4.120630029101703,1850.7142857142858,853.5
2716,55.0,13.296458980104372,6.597185481427074,12.529964086141668,6.597185481427074,173.0,857.8909090909091
2717,7.0,3.0237157840738176,2.799416848895061,3.1622776601683795,2.799416848895061,398.2857142857143,854.0
2718,6.0,3.265986323710904,2.0,3.1622776601683795,2.0,1016.5,854.0
2719,42.0,11.446871853590686,7.560996710271345,11.661903789690601,7.560996710271345,1060.6190476190477,855.7380952380952
2720,8.0,3.4641016151377544,2.7386127875258306,3.605551275463989,2.7386127875258306,1165.875,853.875
2721,5.0,3.335641688875783,2.0575457524521585,3.1622776601683795,2.0575457524521585,1234.2,854.0
2722,40.0,12.394463202418336,4.2868732106160765,12.165525060596439,4.2868732106160765,1295.2,858.9
2723,10.0,4.5692001405127005,2.757246828983344,5.0,2.757246828983344,1552.9,855.1
2724,11.0,4.967994363003793,2.848231107005645,5.0990195135927845,2.848231107005645,1938.0,854.3636363636364
2725,13.0,4.318667337728677,3.6794648440311994,4.47213595499958,3.6794648440311994,1946.6153846153845,854.3846153846154
2726,9.0,3.885753375057407,2.7954428906961324,4.123105625617661,2.7954428906961324,411.6666666666667,855.1111111111111
2727,5.0,3.098386676965933,1.7888543819998317,3.1622776601683795,1.7888543819998317,685.2,854.6
2728,5.0,3.098386676965933,1.7888543819998317,3.1622776601683795,1.7888543819998317,841.2,855.4
2729,68.0,12.906784393006578,7.310917774709709,12.649110640673518,7.310917774709709,1147.9264705882354,858.6911764705883
2730,239.0,27.73413959764977,23.105052005899314,29.410882339705484,23.105052005899314,1924.4686192468619,867.2468619246862
2731,24.0,6.081140986576509,4.932066489508719,6.324555320336759,4.932066489508719,2116.6666666666665,856.875
2732,9.0,3.885753375057407,2.7954428906961324,4.123105625617661,2.7954428906961324,331.3333333333333,856.8888888888889
2733,6.0,3.265986323710904,2.0,3.1622776601683795,2.0,723.5,857.0
2734,23.0,6.041438422612472,4.879655796198477,6.324555320336759,4.879655796198477,819.6086956521739,857.6521739130435
2735,16.0,5.149449337222181,3.918950308868696,5.385164807134504,3.918950308868696,862.3125,857.8125
2736,25.0,10.42188371224729,3.8771561599185866,10.04987562112089,3.8771561599185866,1042.88,857.76
2737,36.0,9.545043551585717,6.0962077176391825,9.433981132056603,6.0962077176391825,1120.638888888889,858.8611111111111
2738,54.0,18.673960628113157,5.266225011578408,17.26267650163207,5.266225011578408,1341.851851851852,862.925925925926
2739,26.0,7.829493173053266,4.139674682338879,8.06225774829855,4.139674682338879,1507.576923076923,859.7307692307693
2740,35.0,10.456110410740287,4.377908360052874,9.848857801796104,4.377908360052874,1771.6857142857143,860.1142857142858
2741,5.0,3.098386676965933,1.7888543819998317,3.1622776601683795,1.7888543819998317,419.2,857.4
2742,25.0,7.374269390775276,4.220444402225297,7.280109889280518,4.220444402225297,453.56,859.88
2743,40.0,11.092339699089639,4.8166378315169185,10.198039027185569,4.8166378315169185,1316.9,859.5
2744,7.0,3.0237157840738176,2.7994168488950604,3.1622776601683795,2.7994168488950604,1496.0,857.7142857142857
2745,22.0,12.04955871832638,2.3280259752714514,11.180339887498949,2.3280259752714514,1735.090909090909,861.8181818181819
2746,24.0,5.5377492419453835,5.5377492419453835,6.082762530298219,5.5377492419453835,1819.5,859.5
2747,12.0,6.831300510639732,2.0,6.082762530298219,2.0,1831.5,859.5
2748,16.0,6.324555320336759,3.122498999199199,6.082762530298219,3.122498999199199,1975.875,859.5
2749,100.0,28.000259777769603,5.794605454853492,24.351591323771842,5.794605454853492,315.12,867.69
2750,8.0,3.4641016151377544,2.8284271247461903,4.0,2.8284271247461903,481.0,859.5
2751,22.0,6.4666979068286325,4.271760045262084,6.324555320336759,4.271760045262084,1099.5,859.3636363636364
2752,17.0,5.366359905713177,4.0470547254255615,6.082762530298219,4.0470547254255615,1721.3529411764705,860.5882352941177
2753,32.0,7.566944576726799,5.693261347658729,8.06225774829855,5.693261347658729,3260.1875,861.71875
2754,68.0,15.335882322898089,7.621971556129252,14.7648230602334,7.621971556129252,1053.8382352941176,864.7352941176471
2755,13.0,4.318667337728677,3.6794648440311994,4.47213595499958,3.6794648440311994,1436.3846153846155,860.3846153846154
2756,56.0,14.667542294061793,5.994975701715017,14.317821063276353,5.994975701715017,1667.9107142857142,864.3214285714286
2757,58.0,13.829260005502404,6.237479104869502,12.649110640673518,6.237479104869502,1008.8103448275862,862.6379310344828
2758,76.0,15.790318972559612,7.914425178987984,16.64331697709324,7.914425178987984,1129.8815789473683,864.8815789473684
2759,8.0,4.100618600451318,2.4869513653533066,4.123105625617661,2.4869513653533066,1288.0,861.75
2760,7.0,3.0237157840738176,2.799416848895061,3.1622776601683795,2.799416848895061,1520.0,862.2857142857143
2761,5.0,3.098386676965933,1.7888543819998317,3.1622776601683795,1.7888543819998317,514.8,862.4
2762,19.0,7.224620356785373,3.6606595809168607,6.708203932499369,3.6606595809168607,1598.9473684210527,863.9473684210526
2763,183.0,34.26212692200143,11.894966059689287,30.463092423455635,11.894966059689287,1199.8524590163934,873.5191256830601
2764,25.0,6.65337869023909,4.886691314608727,7.280109889280518,4.886691314608727,1565.28,865.68
2765,5.0,3.098386676965933,1.7888543819998317,3.1622776601683795,1.7888543819998317,1855.4,863.8
2766,12.0,5.076029330140736,2.983386147688169,5.0,2.983386147688169,1870.5,864.5
2767,9.0,3.885753375057407,2.7954428906961324,4.123105625617661,2.7954428906961324,265.3333333333333,864.8888888888889
2768,7.0,3.0237157840738176,2.799416848895061,3.1622776601683795,2.799416848895061,335.0,865.2857142857143
2769,19.0,11.021733825204263,3.628991999485748,9.219544457292887,3.628991999485748,818.7894736842105,868.5263157894736
2770,53.0,12.181127710807083,9.615478997105303,13.038404810405298,9.615478997105303,962.1132075471698,871.622641509434
2771,13.0,4.318667337728677,3.6794648440311994,4.47213595499958,3.6794648440311994,1088.6153846153845,865.3846153846154
2772,24.0,7.86123455969282,3.9799346836826524,8.06225774829855,3.9799346836826524,1251.5833333333333,866.875
2773,133.0,17.904746130354518,10.060087290921368,17.46424919657298,10.060087290921368,1332.7368421052631,872.2406015037594
2774,9.0,3.885753375057407,2.7954428906961324,4.123105625617661,2.7954428906961324,1394.6666666666667,865.1111111111111
2775,30.0,6.3456021516217564,5.962847939999438,6.708203932499369,5.962847939999438,1822.3333333333333,866.5
2776,21.0,6.258173505705089,4.157977767102647,6.324555320336759,4.157977767102647,643.4285714285714,867.6190476190476
2777,17.0,10.017049539159652,3.8489515289987684,8.54400374531753,3.8489515289987684,829.4705882352941,868.4117647058823
2778,16.0,5.291502622129181,3.872983346207417,6.0,3.872983346207417,883.5,866.25
2779,6.0,3.265986323710904,2.0,3.1622776601683795,2.0,942.0,865.5
2780,35.0,18.694364891367364,3.1856673414611585,16.278820596099706,3.1856673414611585,1608.4,872.1428571428571
2781,19.0,5.695310541255227,4.169006159014705,6.082762530298219,4.169006159014705,1937.4736842105262,867.6315789473684
2782,24.0,6.831300510639732,4.47213595499958,6.708203932499369,4.47213595499958,309.5,867.5
2783,9.0,3.885753375057407,2.7954428906961324,4.123105625617661,2.7954428906961324,896.8888888888889,867.3333333333334
2784,134.0,17.4605323339915,12.007587634616248,19.235384061671343,12.007587634616248,1097.4850746268658,874.3731343283582
2785,151.0,21.970704081312125,15.511092227551012,23.345235059857504,15.511092227551012,1161.1059602649007,876.0264900662252
2786,29.0,6.866326905332598,5.48588499145311,7.280109889280518,5.48588499145311,1498.344827586207,869.1379310344828
2787,18.0,5.258737584977436,4.268749491621899,5.385164807134504,4.268749491621899,1832.7777777777778,867.5
2788,1093.0,71.95881179668538,29.65554966579529,81.74350127074322,29.65554966579529,1275.3092406221408,888.8828911253431
2789,6.0,3.265986323710904,2.0,3.1622776601683795,2.0,3255.0,867.5
2790,12.0,3.8297084310253524,3.8297084310253524,4.123105625617661,3.8297084310253524,331.5,869.5
2791,8.0,4.100618600451318,2.4869513653533066,4.123105625617661,2.4869513653533066,731.0,869.25
2792,30.0,7.627102144711484,4.9884958306001685,8.06225774829855,4.9884958306001685,1301.0666666666666,869.9333333333333
2793,13.0,7.877791782002487,2.2293457421922342,7.211102550927978,2.2293457421922342,1541.4615384615386,870.4615384615385
2794,24.0,9.349518064039893,3.7234781787959377,8.54400374531753,3.7234781787959377,1728.9583333333333,869.7083333333334
2795,68.0,14.436479549907164,10.630788481643515,14.560219778561036,10.630788481643515,264.3529411764706,874.8529411764706
2796,10.0,5.215361924162119,2.5298221281347044,5.0,2.5298221281347044,358.9,870.7
2797,7.0,4.634736211286692,1.8263479357450285,4.47213595499958,1.8263479357450285,618.7142857142857,870.2857142857143
2798,15.0,6.689596662859233,2.8056226956746744,6.4031242374328485,2.8056226956746744,938.9333333333333,871.2
2799,45.0,13.404809838508388,4.332930079054117,13.0,4.332930079054117,1064.8666666666666,874.9777777777778
2800,5.0,3.098386676965933,1.7888543819998317,3.1622776601683795,1.7888543819998317,1846.4,869.8
2801,29.0,11.298499380517766,3.3277612568639277,11.045361017187261,3.3277612568639277,369.13793103448273,875.0
2802,7.0,3.7032803990902057,2.138089935299395,3.605551275463989,2.138089935299395,652.0,871.0
2803,20.0,7.731010827707836,3.198667157092813,7.280109889280518,3.198667157092813,995.15,870.95
2804,9.0,3.885753375057407,2.7954428906961324,4.123105625617661,2.7954428906961324,1816.6666666666667,870.8888888888889
2805,10.0,4.541385054734408,2.7741344207941614,4.47213595499958,2.7741344207941614,1016.2,872.7
2806,20.0,5.138093031466052,4.9396356140913875,5.385164807134504,4.9396356140913875,1046.25,872.75
2807,13.0,4.3616645597524775,3.7565911332956423,4.47213595499958,3.7565911332956423,1085.5384615384614,872.1538461538462
2808,11.0,4.967994363003793,2.848231107005645,5.0990195135927845,2.848231107005645,1308.0,872.6363636363636
2809,26.0,8.058954371513103,4.038278384125134,8.06225774829855,4.038278384125134,1407.5,874.6923076923077
2810,11.0,5.055959348388901,2.6889893077494644,5.0990195135927845,2.6889893077494644,1696.090909090909,872.1818181818181
2811,34.0,7.317595233874591,5.915453691875131,7.615773105863909,5.915453691875131,1828.6176470588234,874.2352941176471
2812,5.0,3.098386676965933,1.7888543819998317,3.1622776601683795,1.7888543819998317,509.8,872.6
2813,20.0,9.068893962167577,2.8557244795253776,8.246211251235321,2.8557244795253776,542.8,875.9
2814,261.0,38.91177482337891,11.54155259844751,35.510561809129406,11.54155259844751,805.1455938697318,886.3295019157088
2815,38.0,9.965887571667688,5.828070304005977,10.0,5.828070304005977,950.5263157894736,876.3947368421053
2816,101.0,13.631448765329171,10.281056489808735,14.212670403551895,10.281056489808735,1030.1386138613861,876.1683168316831
2817,39.0,11.899127068818101,4.700272683291178,11.180339887498949,4.700272683291178,1177.7179487179487,877.8461538461538
2818,7.0,3.7032803990902057,2.138089935299395,3.605551275463989,2.138089935299395,1225.0,873.0
2819,5.0,2.5298221281347035,2.5298221281347035,3.0,2.5298221281347035,1513.0,873.0
2820,23.0,6.328529434294958,4.768635583852837,6.708203932499369,4.768635583852837,1891.2608695652175,873.9130434782609
2821,216.0,30.09840177586237,12.294377219877214,29.206163733020468,12.294377219877214,1125.0694444444443,883.7685185185185
2822,6.0,3.9999999999999996,1.632993161855452,4.123105625617661,1.632993161855452,1627.5,873.5
2823,14.0,4.20883424647321,4.120630029101703,4.47213595499958,4.120630029101703,1793.5,874.7142857142857
2824,29.0,6.426872883207251,5.788046998637298,7.0710678118654755,5.788046998637298,1858.2068965517242,875.6206896551724
2825,115.0,17.365323591135617,11.251321186714225,18.384776310850235,11.251321186714225,298.4347826086956,880.8695652173913
2826,12.0,5.485458865381723,2.649689066157795,5.385164807134504,2.649689066157795,416.0833333333333,876.0833333333334
2827,9.0,3.885753375057407,2.7954428906961324,4.123105625617661,2.7954428906961324,731.6666666666666,874.8888888888889
2828,6.0,3.265986323710904,2.0,3.1622776601683795,2.0,797.5,875.0
2829,12.0,4.47213595499958,3.265986323710904,4.47213595499958,3.265986323710904,1112.0,875.5
2830,8.0,4.47213595499958,2.0,4.123105625617661,2.0,1312.5,875.5
2831,8.0,3.4641016151377544,2.8284271247461903,4.0,2.8284271247461903,1454.0,875.5
2832,28.0,8.246211251235321,4.20883424647321,8.06225774829855,4.20883424647321,1843.5,875.5
2833,28.0,7.055240352009206,5.086909159781684,7.211102550927978,5.086909159781684,1873.2857142857142,876.8928571428571
2834,10.0,4.079215610874228,3.22490309931942,4.123105625617661,3.22490309931942,219.5,876.6
2835,45.0,13.358509938959976,5.308794461123977,13.152946437965905,5.308794461123977,631.8444444444444,881.4888888888889
2836,40.0,11.57771116957342,4.500733726175646,11.40175425099138,4.500733726175646,882.575,877.275
2837,19.0,8.001205440742543,3.133695370499074,7.615773105863909,3.133695370499074,1080.4736842105262,876.9473684210526
2838,96.0,19.981345479231635,9.871448000033592,19.235384061671343,9.871448000033592,1216.6458333333333,881.6354166666666
2839,12.0,5.702196280712472,2.694946261803123,5.830951894845301,2.694946261803123,1376.4166666666667,876.0833333333334
2840,39.0,13.54762362929928,4.78482017674328,12.206555615733702,4.78482017674328,243.4102564102564,880.5128205128206
2841,124.0,28.17611793848232,7.038634958503362,26.076809620810597,7.038634958503362,1230.1370967741937,889.7016129032259
2842,42.0,10.127001220148141,5.21134646721975,10.198039027185569,5.21134646721975,1243.5,878.0
2843,8.0,3.7521995422010908,2.7696567649270056,4.123105625617661,2.7696567649270056,1500.5,877.125
2844,18.0,9.966247357588205,2.4909391411467667,9.219544457292887,2.4909391411467667,1640.888888888889,880.0555555555555
2845,13.0,6.604630905753436,3.245411646095561,6.324555320336759,3.245411646095561,1767.5384615384614,878.3076923076923
2846,78.0,23.9998958462549,6.039515071692277,21.095023109728988,6.039515071692277,1903.2307692307693,887.3589743589744
2847,11.0,4.346129984141888,3.067356324605907,4.47213595499958,3.067356324605907,350.09090909090907,878.3636363636364
2848,5.0,3.098386676965933,1.7888543819998317,3.1622776601683795,1.7888543819998317,527.2,877.6
2849,77.0,13.505696838406365,8.723248053492991,13.892443989449804,8.723248053492991,934.6103896103896,881.7142857142857
2850,13.0,4.318667337728677,3.6794648440311994,4.47213595499958,3.6794648440311994,1041.3846153846155,878.3846153846154
2851,107.0,18.025768593231415,8.959139547303542,18.027756377319946,8.959139547303542,1801.3084112149534,883.0280373831775
2852,7.0,5.133805351608395,1.5423153015346878,5.0990195135927845,1.5423153015346878,773.8571428571429,878.4285714285714
2853,42.0,10.188175570185079,5.248620516535195,10.198039027185569,5.248620516535195,1389.857142857143,882.6428571428571
2854,35.0,10.11371236711564,4.4065079088968515,9.486832980505138,4.4065079088968515,1425.4571428571428,882.1142857142858
2855,31.0,9.370630222082255,4.390869933479746,9.486832980505138,4.390869933479746,251.32258064516128,883.0967741935484
2856,171.0,21.12896735484979,12.290596126904266,22.825424421026653,12.290596126904266,1002.6023391812865,889.1578947368421
2857,132.0,32.381192835531216,10.302412804442326,28.284271247461902,10.302412804442326,1059.9242424242425,891.8030303030303
2858,40.0,11.077977501609345,5.64786813530886,10.44030650891055,5.64786813530886,1237.575,883.325
2859,16.0,6.624140170659719,2.967872470213676,7.0,2.967872470213676,1353.875,880.0625
2860,22.0,6.550807225623349,4.332767603500568,7.280109889280518,4.332767603500568,1739.9545454545455,881.2272727272727
2861,118.0,18.769368388016947,11.182039847054265,18.439088914585774,11.182039847054265,1869.635593220339,885.4322033898305
2862,63.0,14.235823256253584,6.228045611595666,13.601470508735444,6.228045611595666,1942.8095238095239,884.984126984127
2863,7.0,4.155374705678736,1.9054711331003737,4.123105625617661,1.9054711331003737,742.5714285714286,881.2857142857143
2864,130.0,22.615739486303287,13.167758577267467,23.08679276123039,13.167758577267467,983.7,890.4
2865,32.0,12.300613807258795,4.545728760570113,11.661903789690601,4.545728760570113,1373.84375,884.40625
2866,90.0,12.097400222276713,10.08847621330911,13.038404810405298,10.08847621330911,1531.7333333333333,884.9
2867,51.0,11.291394703372694,6.392035338148773,11.704699910719626,6.392035338148773,1911.9607843137255,884.5294117647059
2868,9.0,3.265986323710904,3.265986323710904,3.605551275463989,3.265986323710904,1969.0,881.0
2869,25.0,7.374269390775276,4.220444402225297,7.280109889280518,4.220444402225297,667.44,883.88
2870,79.0,18.13762820892094,6.552171047716292,17.4928556845359,6.552171047716292,912.0759493670886,886.873417721519
2871,14.0,8.0,2.0,7.0710678118654755,2.0,1143.5,884.0
2872,24.0,7.118052168020874,4.163331998932265,7.0710678118654755,4.163331998932265,1731.5,884.0
2873,6.0,3.8297084310253524,1.8856180831641272,4.0,1.8856180831641272,278.5,882.3333333333334
2874,12.0,3.8297084310253524,3.8297084310253524,4.123105625617661,3.8297084310253524,1086.5,883.5
2875,32.0,9.38083151964686,4.242640687119285,9.055385138137417,4.242640687119285,1340.0,883.5
2876,24.0,6.081140986576509,4.932066489508719,6.324555320336759,4.932066489508719,1854.125,884.6666666666666
2877,27.0,7.146421563136941,4.770881082589302,7.280109889280518,4.770881082589302,788.8518518518518,885.2592592592592
2878,57.0,12.490250161342066,6.8746721972753555,12.083045973594572,6.8746721972753555,1836.5438596491229,887.0
2879,58.0,12.672433379703984,6.1483186521889825,12.649110640673518,6.1483186521889825,225.6206896551724,888.2068965517242
2880,8.0,4.1204045563213505,2.4025541184843804,4.123105625617661,2.4025541184843804,339.75,885.375
2881,14.0,4.742873420478221,3.686025552052299,5.0990195135927845,3.686025552052299,574.3571428571429,885.7857142857143
2882,15.0,6.712391786573397,3.04510843689201,6.324555320336759,3.04510843689201,924.7333333333333,886.0
2883,13.0,4.318667337728677,3.6794648440311994,4.47213595499958,3.6794648440311994,1038.6153846153845,885.6153846153846
2884,79.0,14.801297982285888,8.898685277653573,14.7648230602334,8.898685277653573,1074.6962025316457,889.1139240506329
2885,5.0,5.656854249492381,0.0,5.0,0.0,868.0,885.0
2886,40.0,9.424237382211325,6.521023674526158,9.486832980505138,6.521023674526158,1171.975,888.625
2887,9.0,4.132908103676026,2.864091692640616,4.123105625617661,2.864091692640616,237.55555555555554,888.3333333333334
2888,55.0,16.398831758841094,6.310529276941987,17.46424919657298,6.310529276941987,333.2181818181818,891.9636363636364
2889,10.0,4.09878030638384,2.9933259094191533,4.123105625617661,2.9933259094191533,1047.8,888.5
2890,312.0,32.2120007731548,21.77794420185352,36.76955262170047,21.77794420185352,1354.650641025641,899.9903846153846
2891,154.0,27.07966218438415,13.069221955949018,26.248809496813376,13.069221955949018,1775.9545454545455,897.5844155844156
2892,36.0,10.519822558706334,4.268749491621899,10.04987562112089,4.268749491621899,1923.5,891.5
2893,50.0,13.181067603781214,5.348668696465445,12.649110640673518,5.348668696465445,293.16,893.26
2894,17.0,9.579901624863108,2.846211057510798,8.94427190999916,2.846211057510798,346.47058823529414,890.6470588235294
2895,29.0,8.305208393619274,4.698619080905596,8.602325267042627,4.698619080905596,746.9310344827586,890.448275862069
2896,25.0,7.374269390775276,4.220444402225297,7.280109889280518,4.220444402225297,757.56,891.12
2897,117.0,17.367980821666084,15.25239845785134,17.88854381999832,15.25239845785134,950.4957264957264,894.9487179487179
2898,50.0,16.157058067691445,4.6516098930635605,14.422205101855956,4.6516098930635605,1021.86,894.18
2899,174.0,23.192625998284925,12.090570643462097,23.323807579381203,12.090570643462097,1330.7643678160919,897.0747126436781
2900,44.0,8.570239220629995,6.565418395611953,8.94427190999916,6.565418395611953,1411.659090909091,890.4090909090909
2901,5.0,3.098386676965933,1.7888543819998317,3.1622776601683795,1.7888543819998317,1470.8,888.6
2902,19.0,5.84502823813456,4.110208831745895,6.082762530298219,4.110208831745895,1884.842105263158,889.3157894736842
2903,16.0,9.16515138991168,2.0,8.06225774829855,2.0,3262.5,891.5
2904,6.0,3.265986323710904,2.0,3.1622776601683795,2.0,320.0,889.5
2905,33.0,7.65653900477758,5.482755334738735,7.615773105863909,5.482755334738735,1134.0,891.8181818181819
2906,16.0,9.597568933577463,1.9395026592476672,9.055385138137417,1.9395026592476672,1443.5625,892.5625
2907,18.0,5.258737584977436,4.268749491621899,5.385164807134504,4.268749491621899,1240.7777777777778,891.5
2908,12.0,3.8297084310253524,3.8297084310253524,4.123105625617661,3.8297084310253524,1483.5,891.5
2909,12.0,3.8297084310253524,3.8297084310253524,4.123105625617661,3.8297084310253524,1622.5,891.5
2910,26.0,7.875751032760599,4.5334785018542965,8.06225774829855,4.5334785018542965,1916.8846153846155,892.3076923076923
2911,8.0,3.4641016151377544,2.8284271247461903,4.0,2.8284271247461903,377.5,892.0
2912,71.0,14.302714664372576,12.129880449874689,14.317821063276353,12.129880449874689,1035.380281690141,896.0281690140845
2913,7.0,3.582070095417669,2.4713456540351717,3.605551275463989,2.4713456540351717,1400.857142857143,891.7142857142857
2914,23.0,6.041438422612472,4.8796557961984774,6.324555320336759,4.8796557961984774,1891.608695652174,893.3478260869565
2915,34.0,10.401584805043669,4.102591253923769,10.04987562112089,4.102591253923769,307.6764705882353,893.4117647058823
2916,7.0,4.155374705678736,1.9054711331003737,4.123105625617661,1.9054711331003737,854.5714285714286,893.7142857142857
2917,10.0,5.545825004026144,2.289939960941863,5.385164807134504,2.289939960941863,1640.1,893.2
2918,33.0,6.937882051624915,6.448058212596977,7.615773105863909,6.448058212596977,1753.5757575757575,894.3030303030303
2919,33.0,7.76350401496978,5.3796028312199144,8.06225774829855,5.3796028312199144,1795.0,894.0
2920,12.0,3.8297084310253524,3.8297084310253524,4.123105625617661,3.8297084310253524,1867.5,893.5
2921,10.0,4.09878030638384,2.9933259094191533,4.123105625617661,2.9933259094191533,205.2,894.5
2922,6.0,3.1269438398822857,2.309401076758503,3.1622776601683795,2.309401076758503,646.1666666666666,893.8333333333334
2923,61.0,13.848003149317035,6.996491643129644,13.601470508735444,6.996491643129644,861.5573770491803,898.2950819672132
2924,8.0,3.4641016151377544,2.7386127875258306,3.605551275463989,2.7386127875258306,1088.125,893.875
2925,8.0,4.47213595499958,2.0,4.123105625617661,2.0,404.5,894.5
2926,353.0,29.986133393458452,20.039075831252156,33.83784863137726,20.039075831252156,1076.3342776203965,912.0198300283286
2927,7.0,3.0237157840738176,2.799416848895061,3.1622776601683795,2.799416848895061,1468.0,895.2857142857143
2928,44.0,12.627281754324864,5.993634650472169,11.180339887498949,5.993634650472169,195.3181818181818,897.2272727272727
2929,33.0,9.461585909912676,4.520636181075268,9.219544457292887,4.520636181075268,773.4848484848485,898.7272727272727
2930,64.0,19.010628559226447,5.473864200281535,16.76305461424021,5.473864200281535,940.890625,903.390625
2931,13.0,4.318667337728677,3.6794648440311994,4.47213595499958,3.6794648440311994,1410.6153846153845,896.3846153846154
2932,20.0,9.540733272867515,2.7448877237509635,9.055385138137417,2.7448877237509635,1474.5,896.3
2933,12.0,4.320493798938574,3.590109871423003,5.0,3.590109871423003,1509.8333333333333,897.0
2934,22.0,8.808914676719455,3.056987238868882,9.0,3.056987238868882,1741.9545454545455,898.8636363636364
2935,37.0,7.918503817180535,6.216921229115622,8.06225774829855,6.216921229115622,1937.4594594594594,897.4594594594595
2936,36.0,12.750160853471522,4.3590479975758685,11.704699910719626,4.3590479975758685,231.30555555555554,901.5555555555555
2937,13.0,5.055900530816918,3.1378581622109447,5.0990195135927845,3.1378581622109447,508.0,897.6923076923077
2938,29.0,8.848050053302524,4.149380800449942,9.055385138137417,4.149380800449942,563.4827586206897,899.9310344827586
2939,22.0,8.644003116656972,3.2563052941656663,8.246211251235321,3.2563052941656663,622.0454545454545,899.2727272727273
2940,23.0,7.46003846592251,3.9198009285511795,7.280109889280518,3.9198009285511795,669.4347826086956,898.7391304347826
2941,20.0,8.068109040320387,3.1473189405429554,8.06225774829855,3.1473189405429554,761.85,899.2
2942,22.0,6.7414751252203455,4.062379396262226,7.0710678118654755,4.062379396262226,931.5909090909091,899.2272727272727
2943,43.0,13.891889336794467,4.248850211899484,13.601470508735444,4.248850211899484,972.7441860465116,899.0232558139535
2944,79.0,24.23476068980198,4.672262362096184,24.08318915758459,4.672262362096184,1120.0759493670887,899.1898734177215
2945,51.0,17.838364635998982,4.803838944518724,16.76305461424021,4.803838944518724,1157.2745098039215,905.0784313725491
2946,7.0,3.0237157840738176,2.799416848895061,3.1622776601683795,2.799416848895061,1319.0,897.2857142857143
2947,64.0,19.43099587498271,4.595649361777398,18.110770276274835,4.595649361777398,1384.984375,903.1875
2948,38.0,8.714411773251625,5.6020645452551845,8.54400374531753,5.6020645452551845,1537.8684210526317,899.6578947368421
2949,10.0,5.656854249492381,2.0,5.0990195135927845,2.0,1853.0,896.5
2950,20.0,6.0,4.09878030638384,6.082762530298219,4.09878030638384,869.5,899.5
2951,8.0,9.16515138991168,0.0,8.0,0.0,895.0,900.5
2952,8.0,4.1204045563213505,2.4025541184843804,4.123105625617661,2.4025541184843804,921.625,897.75
2953,344.0,46.17813346184569,20.45684493886755,39.92492955535426,20.45684493886755,1047.0552325581396,916.2383720930233
2954,32.0,9.409074495276604,4.529480339104621,8.94427190999916,4.529480339104621,1135.34375,900.6875
2955,352.0,43.66991734269246,19.356040258508955,40.311288741492746,19.356040258508955,1187.1079545454545,919.1079545454545
2956,354.0,33.02938041666768,22.601735452283027,40.19950248448356,22.601735452283027,1375.1525423728813,922.4491525423729
2957,25.0,7.374269390775276,4.220444402225297,7.280109889280518,4.220444402225297,1459.44,899.88
2958,6.0,3.265986323710904,2.0,3.1622776601683795,2.0,1688.5,898.0
2959,103.0,27.82071352402889,7.567223480731665,25.0,7.567223480731665,251.5728155339806,903.0
2960,6.0,3.8297084310253524,1.8856180831641272,4.0,1.8856180831641272,1576.3333333333333,899.5
2961,22.0,6.711484251073143,4.17160162759254,6.708203932499369,4.17160162759254,1721.6363636363637,900.6818181818181
2962,10.0,4.09878030638384,2.9933259094191533,4.123105625617661,2.9933259094191533,1904.8,899.5
2963,35.0,9.758907230118547,5.289926418266576,9.486832980505138,5.289926418266576,1913.0,901.1142857142858
2964,32.0,8.181567510540802,5.2588689915668345,8.06225774829855,5.2588689915668345,1222.15625,902.03125
2965,5.0,5.656854249492381,0.0,5.0,0.0,1884.0,899.0
2966,446.0,43.90654563639754,22.486733955557966,42.190046219457976,22.486733955557966,1315.067264573991,917.8587443946188
2967,216.0,23.12719702015376,15.17207114740198,23.853720883753127,15.17207114740198,1843.8703703703704,909.5185185185185
2968,10.0,4.381780460041329,2.6832815729997477,4.47213595499958,2.6832815729997477,417.0,902.5
2969,8.0,4.976979969245306,1.7971283720789095,5.0990195135927845,1.7971283720789095,424.5,903.0
2970,5.0,2.5298221281347035,2.5298221281347035,3.0,2.5298221281347035,734.0,902.0
2971,23.0,5.966524271773791,4.9709764652355695,6.324555320336759,4.9709764652355695,789.304347826087,903.0869565217391
2972,17.0,9.391740547460673,2.4767538907214566,8.602325267042627,2.4767538907214566,980.1764705882352,903.1176470588235
2973,18.0,6.0,3.9752319599996264,6.082762530298219,3.9752319599996264,995.5,902.8888888888889
2974,6.0,3.265986323710904,2.0,3.1622776601683795,2.0,1167.5,902.0
2975,7.0,3.0237157840738176,2.7994168488950604,3.1622776601683795,2.7994168488950604,1649.0,901.7142857142857
2976,50.0,15.109705122337623,5.976287402393246,14.317821063276353,5.976287402393246,1862.02,904.72
2977,28.0,11.052109410971203,4.176447569719466,10.295630140987,4.176447569719466,298.35714285714283,905.0714285714286
2978,517.0,44.36058468920456,17.15003027720479,44.654227123532216,17.15003027720479,210.3249516441006,919.1760154738878
2979,6.0,4.93861174764721,1.6496136266144528,4.47213595499958,1.6496136266144528,353.8333333333333,904.3333333333334
2980,13.0,4.907725735659753,3.279400065550629,5.0,3.279400065550629,1008.5384615384615,904.6153846153846
2981,111.0,36.125149883585344,7.8149248748026725,30.4138126514911,7.8149248748026725,1024.5945945945946,918.3963963963964
2982,28.0,8.246211251235321,4.20883424647321,8.06225774829855,4.20883424647321,1347.5,906.5
2983,30.0,6.951380926525661,5.716105209833947,7.615773105863909,5.716105209833947,1698.3333333333333,905.4
2984,72.0,11.207287065701403,9.821168902033541,12.36931687685298,9.821168902033541,1874.486111111111,908.6944444444445
2985,28.0,6.707767380502277,5.251407938876791,7.211102550927978,5.251407938876791,1932.5,905.0
2986,40.0,9.332259007854047,5.933712312737027,9.433981132056603,5.933712312737027,262.475,908.175
2987,60.0,16.189068981424054,7.220237066223745,14.422205101855956,7.220237066223745,713.3333333333334,910.6833333333333
2988,43.0,10.417012479937943,5.210825072587962,10.198039027185569,5.210825072587962,921.1162790697674,908.2558139534884
2989,60.0,10.081473023565806,9.35494589969531,12.041594578792296,9.35494589969531,1399.8333333333333,908.5166666666667
2990,8.0,4.1204045563213505,2.4025541184843804,4.123105625617661,2.4025541184843804,1409.25,905.375
2991,13.0,5.055900530816918,3.1378581622109447,5.0990195135927845,3.1378581622109447,1828.0,905.6923076923077
2992,56.0,9.77169476055633,7.314976381759525,9.848857801796104,7.314976381759525,1892.8392857142858,907.9642857142857
2993,35.0,7.663224635970971,5.865280793865924,8.246211251235321,5.865280793865924,1902.8857142857144,907.2285714285714
2994,24.0,7.170379459376109,4.422429268035772,7.211102550927978,4.422429268035772,1948.9166666666667,905.875
2995,134.0,21.089064863639873,11.105673979871993,22.135943621178654,11.105673979871993,1236.4328358208954,914.9626865671642
2996,30.0,8.69840342949338,4.351245032554859,8.246211251235321,4.351245032554859,1725.5,908.2666666666667
2997,9.0,3.265986323710904,3.265986323710904,3.605551275463989,3.265986323710904,1747.0,906.0
2998,89.0,16.299283652059618,9.591942636369884,15.264337522473747,9.591942636369884,1912.9325842696628,911.9775280898876
2999,5.0,3.098386676965933,1.7888543819998317,3.1622776601683795,1.7888543819998317,888.6,908.2
3000,11.0,4.972652484064489,2.745394340098455,5.0,2.745394340098455,932.6363636363636,908.1818181818181
3001,44.0,11.894002744171143,6.750241223311137,11.40175425099138,6.750241223311137,955.6818181818181,910.4318181818181
3002,158.0,23.05779564357628,14.920726446271145,22.20360331117452,14.920726446271145,966.0506329113924,917.7025316455696
3003,12.0,4.464216783173839,3.409739589526534,4.47213595499958,3.409739589526534,1817.3333333333333,908.5
3004,19.0,5.733405886701424,4.2227547935406715,5.830951894845301,4.2227547935406715,221.26315789473685,909.8421052631579
3005,259.0,30.89670248626746,15.976158358085998,29.832867780352597,15.976158358085998,237.35135135135135,922.3552123552123
3006,30.0,8.748333174572933,4.332820482472512,8.246211251235321,4.332820482472512,571.5,909.6
3007,42.0,12.223148046553773,4.938681018184472,11.704699910719626,4.938681018184472,1266.7857142857142,909.8571428571429
3008,7.0,4.155374705678736,1.9054711331003737,4.123105625617661,1.9054711331003737,1750.4285714285713,909.7142857142857
3009,5.0,3.098386676965933,1.7888543819998317,3.1622776601683795,1.7888543819998317,595.4,910.2
3010,6.0,6.831300510639732,0.0,6.0,0.0,1211.5,909.0
3011,17.0,7.353954462937152,2.9498068881643706,7.280109889280518,2.9498068881643706,1490.4705882352941,909.8235294117648
3012,6.0,6.831300510639732,0.0,6.0,0.0,1571.5,909.0
3013,8.0,3.8888437389046198,2.6223833385648136,4.123105625617661,2.6223833385648136,1704.75,910.75
3014,12.0,3.8297084310253524,3.8297084310253524,4.123105625617661,3.8297084310253524,1787.5,910.5
3015,42.0,9.354820826621912,6.157956956472226,9.848857801796104,6.157956956472226,1060.357142857143,912.7619047619048
3016,5.0,3.098386676965933,1.7888543819998317,3.1622776601683795,1.7888543819998317,1126.8,910.4
3017,21.0,6.110100926607786,4.288887713980078,6.4031242374328485,4.288887713980078,280.85714285714283,912.8571428571429
3018,464.0,45.71345543126292,23.230016439052942,48.38388161361178,23.230016439052942,312.7478448275862,924.801724137931
3019,6.0,3.126943839882286,2.309401076758503,3.1622776601683795,2.309401076758503,619.8333333333334,912.1666666666666
3020,9.0,4.618802153517006,2.5141574442188355,5.0,2.5141574442188355,736.0,912.2222222222222
3021,98.0,25.253217068136518,6.206576483156687,22.47220505424423,6.206576483156687,1001.1632653061224,916.7448979591836
3022,38.0,8.806947647727112,5.505977612893482,8.54400374531753,5.505977612893482,1169.0,914.6842105263158
3023,10.0,5.656854249492381,2.0,5.0990195135927845,2.0,1176.5,913.0
3024,9.0,4.312594463574638,2.660928660904759,4.47213595499958,2.660928660904759,1223.2222222222222,912.8888888888889
3025,5.0,3.098386676965933,1.7888543819998317,3.1622776601683795,1.7888543819998317,1256.4,912.2
3026,122.0,18.708495741242935,8.963435056885432,18.110770276274835,8.963435056885432,1335.6311475409836,915.7786885245902
3027,36.0,10.519822558706334,4.268749491621899,10.04987562112089,4.268749491621899,1363.5,915.5
3028,72.0,12.32671150213277,7.866930996028509,13.416407864998739,7.866930996028509,1588.9027777777778,915.0277777777778
3029,44.0,13.619219581322234,5.071016180527036,13.152946437965905,5.071016180527036,1698.75,916.8181818181819
3030,6.0,3.265986323710904,2.0,3.1622776601683795,2.0,1886.0,911.5
3031,23.0,9.461211322869106,3.1804040477646844,9.219544457292887,3.1804040477646844,1937.1304347826087,912.8695652173913
3032,14.0,5.449353665897314,3.1458514520977277,5.385164807134504,3.1458514520977277,1950.142857142857,912.0714285714286
3033,19.0,7.129320652024335,3.5802536786518613,6.708203932499369,3.5802536786518613,248.10526315789474,914.1052631578947
3034,24.0,7.118052168020874,4.163331998932265,7.0710678118654755,4.163331998932265,331.5,915.0
3035,6.0,3.126943839882286,2.309401076758503,3.1622776601683795,2.309401076758503,349.8333333333333,913.1666666666666
3036,11.0,7.173312795901626,2.2077504488847217,6.4031242374328485,2.2077504488847217,356.54545454545456,914.0
3037,8.0,4.47213595499958,2.0,4.123105625617661,2.0,752.5,913.5
3038,7.0,3.0237157840738176,2.7994168488950604,3.1622776601683795,2.7994168488950604,769.0,912.7142857142857
3039,77.0,17.711043104650614,8.694056564271111,18.110770276274835,8.694056564271111,874.2077922077922,921.7922077922078
3040,23.0,7.0786221656291595,4.038906779267536,7.0710678118654755,4.038906779267536,1137.5652173913043,915.0869565217391
3041,14.0,4.20883424647321,4.120630029101703,4.47213595499958,4.120630029101703,1391.7142857142858,913.5
3042,32.0,9.38083151964686,4.242640687119285,9.055385138137417,4.242640687119285,1499.5,916.0
3043,13.0,4.318667337728677,3.6794648440311994,4.47213595499958,3.6794648440311994,1718.3846153846155,913.3846153846154
3044,6.0,3.126943839882286,2.309401076758503,3.1622776601683795,2.309401076758503,1757.8333333333333,912.8333333333334
3045,28.0,8.543897648831004,4.088532582796149,9.055385138137417,4.088532582796149,1819.5,916.0
3046,6.0,3.265986323710904,2.0,3.1622776601683795,2.0,305.0,913.5
3047,64.0,18.59830233878808,6.0157366643686965,17.804493814764857,6.0157366643686965,756.109375,921.328125
3048,26.0,7.2077759746983645,4.651211058974756,7.280109889280518,4.651211058974756,832.8076923076923,916.3076923076923
3049,12.0,4.47213595499958,3.265986323710904,4.47213595499958,3.265986323710904,886.0,914.5
3050,5.0,3.098386676965933,1.7888543819998317,3.1622776601683795,1.7888543819998317,934.6,913.8
3051,24.0,5.5377492419453835,5.5377492419453835,6.082762530298219,5.5377492419453835,1051.5,915.5
3052,15.0,5.9825936213138124,3.0484451785557374,6.082762530298219,3.0484451785557374,1287.9333333333334,915.3333333333334
3053,11.0,6.410747983365109,1.9649396885733192,6.082762530298219,1.9649396885733192,1407.4545454545455,915.2727272727273
3054,7.0,3.0237157840738176,2.7994168488950604,3.1622776601683795,2.7994168488950604,1449.0,913.7142857142857
3055,8.0,3.4641016151377544,2.7386127875258306,3.605551275463989,2.7386127875258306,1598.125,913.875
3056,10.0,4.09878030638384,2.9933259094191533,4.123105625617661,2.9933259094191533,914.8,915.5
3057,13.0,4.318667337728677,3.6794648440311994,4.47213595499958,3.6794648440311994,977.3846153846154,915.3846153846154
3058,10.0,4.09878030638384,2.9933259094191533,4.123105625617661,2.9933259094191533,1144.8,915.5
3059,35.0,11.393020685664649,4.944910603894391,10.44030650891055,4.944910603894391,1297.8857142857144,916.9428571428572
3060,13.0,4.318667337728677,3.6794648440311994,4.47213595499958,3.6794648440311994,1477.6153846153845,915.3846153846154
3061,10.0,4.09878030638384,2.9933259094191533,4.123105625617661,2.9933259094191533,1677.2,915.5
3062,127.0,25.236721707755862,16.495608125792266,23.08679276123039,16.495608125792266,1900.6062992125985,922.8425196850394
3063,6.0,3.265986323710904,2.0,3.1622776601683795,2.0,577.0,915.5
3064,53.0,10.677879329785565,6.744852776595968,11.180339887498949,6.744852776595968,594.5283018867924,919.3018867924528
3065,99.0,19.651344587280864,7.693704420149067,18.35755975068582,7.693704420149067,1272.1010101010102,922.1818181818181
3066,72.0,16.924131900762042,6.3629662620921,15.297058540778355,6.3629662620921,1437.0,922.1111111111111
3067,28.0,6.546536707079771,5.573259772323189,6.708203932499369,5.573259772323189,1746.107142857143,917.8928571428571
3068,5.0,4.0,1.3856406460551023,3.605551275463989,1.3856406460551023,398.8,916.8
3069,15.0,5.258554520990449,3.5691337129452037,5.385164807134504,3.5691337129452037,454.06666666666666,917.7333333333333
3070,275.0,26.094847796545995,15.946923000561656,27.65863337187866,15.946923000561656,1216.581818181818,927.7345454545455
3071,13.0,4.318667337728677,3.6794648440311994,4.47213595499958,3.6794648440311994,1219.3846153846155,917.6153846153846
3072,12.0,3.8297084310253524,3.8297084310253524,4.123105625617661,3.8297084310253524,1259.5,917.5
3073,17.0,5.487954724560283,3.880570000581328,5.385164807134504,3.880570000581328,1929.0,918.0
3074,16.0,4.898979485566356,4.0,5.0990195135927845,4.0,1984.5,918.0
3075,49.0,13.059403597417484,4.9366751482982885,12.165525060596439,4.9366751482982885,253.73469387755102,922.6326530612245
3076,8.0,3.4641016151377544,2.7386127875258306,3.605551275463989,2.7386127875258306,345.125,917.875
3077,5.0,3.098386676965933,1.7888543819998317,3.1622776601683795,1.7888543819998317,744.8,917.6
3078,41.0,11.927577845963796,4.329181214552929,11.180339887498949,4.329181214552929,1037.5365853658536,922.1219512195122
3079,12.0,3.8297084310253524,3.8297084310253524,4.123105625617661,3.8297084310253524,1395.5,918.5
3080,8.0,3.8888437389046198,2.6223833385648136,4.123105625617661,2.6223833385648136,1453.25,918.25
3081,7.0,3.648665604076859,2.5058084612197167,4.0,2.5058084612197167,1521.142857142857,918.4285714285714
3082,7.0,4.796702691401646,1.7646790841090736,4.47213595499958,1.7646790841090736,1712.7142857142858,918.0
3083,18.0,8.992372990695559,3.2090063607555392,8.54400374531753,3.2090063607555392,1939.0555555555557,918.7222222222222
3084,8.0,4.976979969245306,1.7971283720789095,5.0990195135927845,1.7971283720789095,409.0,918.5
3085,6.0,3.8297084310253524,1.8856180831641272,4.0,1.8856180831641272,811.5,918.6666666666666
3086,7.0,3.582070095417669,2.4713456540351713,3.605551275463989,2.4713456540351713,983.1428571428571,918.7142857142857
3087,8.0,3.4641016151377544,2.7386127875258306,3.605551275463989,2.7386127875258306,1671.875,918.875
3088,50.0,15.348143541293647,6.898991943454215,17.029386365926403,6.898991943454215,1798.8,924.32
3089,6.0,3.265986323710904,2.0,3.1622776601683795,2.0,2001.5,919.0
3090,7.0,3.0237157840738176,2.799416848895061,3.1622776601683795,2.799416848895061,273.7142857142857,920.0
3091,26.0,6.651588317750388,4.92957924668946,7.0710678118654755,4.92957924668946,942.0769230769231,922.3076923076923
3092,21.0,8.875025725111197,2.9936281557797195,8.246211251235321,2.9936281557797195,1228.857142857143,922.1428571428571
3093,30.0,6.970720175151378,5.806907210456237,7.615773105863909,5.806907210456237,1245.7666666666667,921.9666666666667
3094,13.0,4.318667337728677,3.6794648440311994,4.47213595499958,3.6794648440311994,1853.6153846153845,920.6153846153846
3095,6.0,3.265986323710904,2.0,3.1622776601683795,2.0,1061.5,921.0
3096,25.0,9.748290699132967,3.151321698144711,9.219544457292887,3.151321698144711,1156.0,921.0
3097,30.0,8.69840342949338,4.351245032554859,8.246211251235321,4.351245032554859,1195.5,923.2666666666667
3098,22.0,9.268620157561214,4.095163772703501,8.246211251235321,4.095163772703501,1423.590909090909,923.2272727272727
3099,10.0,4.477016006518516,2.8768607330520872,4.47213595499958,2.8768607330520872,1592.7,921.8
3100,42.0,9.165826740174326,6.305621523647832,9.486832980505138,6.305621523647832,2015.8333333333333,923.2142857142857
3101,10.0,4.381780460041329,2.6832815729997477,4.47213595499958,2.6832815729997477,718.0,922.5
3102,15.0,4.618802153517006,4.026578365477733,5.0,4.026578365477733,1089.4,922.6
3103,46.0,12.593061043449552,6.055264760960454,11.40175425099138,6.055264760960454,1540.8478260869565,926.4565217391304
3104,6.0,3.265986323710904,2.0,3.1622776601683795,2.0,1758.0,921.5
3105,12.0,3.8297084310253524,3.8297084310253524,4.123105625617661,3.8297084310253524,277.5,923.5
3106,28.0,8.246211251235321,4.20883424647321,8.06225774829855,4.20883424647321,491.5,923.5
3107,6.0,3.265986323710904,2.0,3.1622776601683795,2.0,569.5,923.0
3108,6.0,3.265986323710904,2.0,3.1622776601683795,2.0,811.5,923.0
3109,20.0,6.060035540560265,4.651448080667617,6.708203932499369,4.651448080667617,934.8,925.25
3110,33.0,10.612682775218959,4.285814915699718,10.44030650891055,4.285814915699718,1001.0,926.5454545454545
3111,126.0,16.60190120937763,16.096238516332164,18.35755975068582,16.096238516332164,1136.4761904761904,930.4761904761905
3112,26.0,7.549442551621722,4.332347027793453,7.280109889280518,4.332347027793453,1169.7692307692307,923.5
3113,36.0,10.519822558706334,4.268749491621899,10.04987562112089,4.268749491621899,1259.5,923.5
3114,12.0,3.8297084310253524,3.8297084310253524,4.123105625617661,3.8297084310253524,1778.5,923.5
3115,20.0,6.0,4.09878030638384,6.082762530298219,4.09878030638384,1806.5,923.5
3116,30.0,7.302967433402215,5.497474167490215,7.615773105863909,5.497474167490215,1921.3333333333333,925.0
3117,14.0,4.20883424647321,4.120630029101703,4.47213595499958,4.120630029101703,1936.2857142857142,923.5
3118,6.0,3.265986323710904,2.0,3.1622776601683795,2.0,726.0,923.5
3119,59.0,14.68530019669294,8.49026270697107,13.892443989449804,8.49026270697107,1706.8305084745762,927.4915254237288
3120,7.0,4.155374705678736,1.9054711331003737,4.123105625617661,1.9054711331003737,598.4285714285714,925.7142857142857
3121,27.0,10.196890115137471,3.6964896248117918,10.04987562112089,3.6964896248117918,784.7777777777778,925.925925925926
3122,14.0,4.20883424647321,4.120630029101703,4.47213595499958,4.120630029101703,862.5,925.7142857142857
3123,174.0,26.03202150770773,11.70637011634488,23.853720883753127,11.70637011634488,903.0402298850574,933.2816091954023
3124,111.0,21.708567453509055,8.41878332098007,19.4164878389476,8.41878332098007,920.0,929.1621621621622
3125,30.0,8.10770311362967,5.086653036145541,8.246211251235321,5.086653036145541,989.2,925.6333333333333
3126,63.0,9.982831958340565,8.120744587003198,10.770329614269007,8.120744587003198,1291.6507936507937,927.4920634920635
3127,5.0,3.098386676965933,1.7888543819998317,3.1622776601683795,1.7888543819998317,1597.6,925.2
3128,44.0,9.186768886085963,6.77135225179878,9.433981132056603,6.77135225179878,1753.409090909091,928.3181818181819
3129,18.0,5.258737584977436,4.268749491621899,5.385164807134504,4.268749491621899,1899.5,926.2222222222222
3130,6.0,3.265986323710904,2.0,3.1622776601683795,2.0,289.0,925.5
3131,8.0,3.4641016151377544,2.7386127875258306,3.605551275463989,2.7386127875258306,792.125,925.875
3132,40.0,9.68273508809361,5.92913494649943,9.433981132056603,5.92913494649943,824.325,928.75
3133,14.0,4.74287342047822,3.6860255520522984,5.0990195135927845,3.6860255520522984,1013.7857142857143,926.3571428571429
3134,12.0,3.8297084310253524,3.8297084310253524,4.123105625617661,3.8297084310253524,1065.5,926.5
3135,11.0,4.51260859854213,2.9541957835039856,5.0,2.9541957835039856,1326.0,926.0
3136,15.0,4.77795383588526,3.981909289096598,5.0990195135927845,3.981909289096598,1529.6666666666667,926.2666666666667
3137,325.0,38.75924528704453,16.24970898375793,36.40054944640259,16.24970898375793,261.3292307692308,941.9784615384615
3138,11.0,4.346129984141888,3.067356324605906,4.47213595499958,3.067356324605906,630.3636363636364,926.9090909090909
3139,87.0,17.383073741992856,10.677571888815805,17.0,10.677571888815805,1093.2758620689656,931.8735632183908
3140,6.0,3.265986323710904,2.0,3.1622776601683795,2.0,1655.0,926.5
3141,47.0,10.665742391170665,6.961201530687337,10.770329614269007,6.961201530687337,1943.872340425532,929.8085106382979
3142,16.0,6.244997998398398,3.4641016151377544,6.082762530298219,3.4641016151377544,947.5,929.75
3143,54.0,10.479990926330798,7.909100958738566,10.816653826391969,7.909100958738566,1266.3703703703704,931.574074074074
3144,591.0,35.872990613464765,29.426739684745908,42.05948168962618,29.426739684745908,1350.8663282571913,942.8561759729272
3145,31.0,9.394460371312695,4.155421451932125,9.219544457292887,4.155421451932125,1763.4516129032259,931.3225806451613
3146,22.0,8.591750800516843,3.1701083225750346,8.06225774829855,3.1701083225750346,345.90909090909093,931.5
3147,46.0,8.89552892090227,6.645208060710539,8.94427190999916,6.645208060710539,883.5,930.3913043478261
3148,70.0,18.768175242206265,7.148603839446278,15.811388300841896,7.148603839446278,958.0571428571428,935.0428571428571
3149,76.0,16.966413432573678,7.553655587985775,16.55294535724685,7.553655587985775,980.0657894736842,933.6315789473684
3150,125.0,20.974489729386942,13.786602068379347,22.20360331117452,13.786602068379347,1253.632,936.96
3151,27.0,6.287890829725116,5.673454017700524,6.708203932499369,5.673454017700524,1457.1851851851852,930.0370370370371
3152,28.0,8.246211251235321,4.20883424647321,8.06225774829855,4.20883424647321,1483.5,929.5
3153,26.0,7.829493173053266,4.139674682338879,8.06225774829855,4.139674682338879,1547.576923076923,931.7307692307693
3154,7.0,3.0237157840738176,2.799416848895061,3.1622776601683795,2.799416848895061,1697.7142857142858,929.0
3155,80.0,20.262118975925514,6.490110523360852,19.1049731745428,6.490110523360852,1725.2125,935.8875
3156,32.0,9.38083151964686,4.242640687119285,9.055385138137417,4.242640687119285,1811.5,932.0
3157,24.0,7.018412038878213,4.611905271176668,7.280109889280518,4.611905271176668,413.4583333333333,931.9166666666666
3158,29.0,10.334915709835098,4.378683640275282,10.198039027185569,4.378683640275282,527.448275862069,934.551724137931
3159,12.0,7.118052168020874,1.9720265943665378,7.0,1.9720265943665378,847.5833333333334,932.0
3160,7.0,3.582070095417669,2.4713456540351713,3.605551275463989,2.4713456540351713,1232.7142857142858,929.8571428571429
3161,33.0,7.65653900477758,5.482755334738735,7.615773105863909,5.482755334738735,1590.0,931.8181818181819
3162,21.0,11.664334070277539,2.3323613220121757,11.045361017187261,2.3323613220121757,1734.5714285714287,934.1428571428571
3163,12.0,3.8297084310253524,3.8297084310253524,4.123105625617661,3.8297084310253524,277.5,931.5
3164,18.0,7.215409991820069,3.1011080270803424,7.0710678118654755,3.1011080270803424,1392.0555555555557,933.4444444444445
3165,82.0,12.309742543787323,9.254497786750532,13.341664064126334,9.254497786750532,204.58536585365854,937.2560975609756
3166,33.0,9.356176076796462,4.778191627121209,9.486832980505138,4.778191627121209,1400.0,935.3636363636364
3167,12.0,5.485458865381723,2.6496890661577948,5.385164807134504,2.6496890661577948,1775.9166666666667,933.0833333333334
3168,44.0,11.745545353115219,5.651813054604203,11.180339887498949,5.651813054604203,1922.1136363636363,935.0681818181819
3169,14.0,5.1823877563477305,3.4285714285714293,5.385164807134504,3.4285714285714293,639.0714285714286,933.2857142857143
3170,59.0,15.037098625667038,6.727938285585596,14.317821063276353,6.727938285585596,759.1355932203389,939.6271186440678
3171,6.0,3.1269438398822857,2.309401076758503,3.1622776601683795,2.309401076758503,766.1666666666666,932.8333333333334
3172,8.0,3.4641016151377544,2.7386127875258306,3.605551275463989,2.7386127875258306,1238.125,933.125
3173,63.0,13.977570591238527,6.21360409682729,15.033296378372908,6.21360409682729,1517.2063492063492,938.8730158730159
3174,23.0,6.940795509969655,4.185584726597932,7.0710678118654755,4.185584726597932,1873.6521739130435,933.6521739130435
3175,76.0,13.512007127836167,8.36720687636744,14.422205101855956,8.36720687636744,218.5921052631579,938.8157894736842
3176,9.0,6.094015240299322,2.265961868450394,6.0,2.265961868450394,505.8888888888889,933.8888888888889
3177,38.0,12.83913050322778,3.8602953611940873,12.083045973594572,3.8602953611940873,780.3421052631579,938.1315789473684
3178,19.0,5.57942347007946,4.3738337363417035,5.830951894845301,4.3738337363417035,1172.157894736842,934.7894736842105
3179,6.0,3.1269438398822857,2.309401076758503,3.1622776601683795,2.309401076758503,1507.1666666666667,933.8333333333334
3180,6.0,6.831300510639732,0.0,6.0,0.0,1682.5,933.0
3181,8.0,4.1204045563213505,2.4025541184843804,4.123105625617661,2.4025541184843804,1701.625,933.75
3182,18.0,7.852278593643802,2.9179719659339027,8.06225774829855,2.9179719659339027,1743.0,935.9444444444445
3183,33.0,8.866336360947027,6.8347689557670925,9.219544457292887,6.8347689557670925,494.8484848484849,938.8484848484849
3184,45.0,14.156209312464766,6.1821534963395335,13.341664064126334,6.1821534963395335,806.4,940.2444444444444
3185,7.0,4.155374705678736,1.9054711331003737,4.123105625617661,1.9054711331003737,285.57142857142856,936.7142857142857
3186,152.0,23.375365516922606,9.537840599095578,22.80350850198276,9.537840599095578,1066.6907894736842,941.125
3187,971.0,61.225182572302884,44.18749352891278,59.09314681077663,44.18749352891278,1286.0700308959836,953.3099897013388
3188,2361.0,64.9752471942199,61.41906399435471,77.20103626247513,61.41906399435471,1672.1181702668362,968.0410842863193
3189,30.0,11.265371653584653,3.454829366416785,10.198039027185569,3.454829366416785,1749.0333333333333,939.2333333333333
3190,76.0,18.815736677116725,5.7176083275400424,17.72004514666935,5.7176083275400424,1756.0263157894738,944.0131578947369
3191,34.0,8.186516444982946,5.213601493933564,8.246211251235321,5.213601493933564,1883.3235294117646,937.0882352941177
3192,38.0,11.356719123588359,4.180153610876796,11.045361017187261,4.180153610876796,1899.5,939.7894736842105
3193,25.0,7.847652245383181,4.055015935299431,8.246211251235321,4.055015935299431,429.56,939.36
3194,9.0,3.885753375057407,2.7954428906961324,4.123105625617661,2.7954428906961324,513.3333333333334,937.1111111111111
3195,23.0,6.810148564185425,4.226563912595923,7.0710678118654755,4.226563912595923,715.5217391304348,939.1304347826087
3196,5.0,3.335641688875783,2.0575457524521585,3.1622776601683795,2.0575457524521585,819.2,937.0
3197,570.0,38.40811053778517,22.11268393219613,38.27531841800928,22.11268393219613,931.0578947368421,948.119298245614
3198,170.0,28.457755438337884,13.312253235557018,26.476404589747453,13.312253235557018,967.4235294117647,950.2764705882353
3199,40.0,11.661903789690601,4.2895221179054435,11.045361017187261,4.2895221179054435,1020.0,937.5
3200,7.0,3.0237157840738176,2.799416848895061,3.1622776601683795,2.799416848895061,1031.0,937.2857142857143
3201,7.0,3.648665604076859,2.505808461219716,4.0,2.505808461219716,1418.5714285714287,936.8571428571429
3202,31.0,9.073699842654623,4.292980051325732,9.055385138137417,4.292980051325732,1441.483870967742,939.8709677419355
3203,7.0,3.0237157840738176,2.799416848895061,3.1622776601683795,2.799416848895061,1601.2857142857142,937.0
3204,52.0,14.137365420416588,4.981503020413658,13.152946437965905,4.981503020413658,1693.5192307692307,937.7692307692307
3205,106.0,20.286283199409894,7.913986687849215,18.24828759089466,7.913986687849215,1790.8396226415093,943.7264150943396
3206,113.0,16.40502665325622,11.249037892259466,17.88854381999832,11.249037892259466,1908.513274336283,942.3097345132743
3207,14.0,4.20883424647321,4.120630029101703,4.47213595499958,4.120630029101703,341.5,938.7142857142857
3208,20.0,6.511528238439882,3.9191835884530852,6.324555320336759,3.9191835884530852,358.2,939.5
3209,13.0,5.178126215393372,3.4095276388293323,5.385164807134504,3.4095276388293323,772.5384615384615,939.0
3210,15.0,5.9825936213138124,3.0484451785557374,6.082762530298219,3.0484451785557374,863.9333333333333,939.6666666666666
3211,15.0,5.9825936213138124,3.0484451785557374,6.082762530298219,3.0484451785557374,871.0666666666667,939.6666666666666
3212,29.0,8.504440860756826,4.2611318058210035,8.246211251235321,4.2611318058210035,1003.448275862069,940.3793103448276
3213,5.0,3.098386676965933,1.7888543819998317,3.1622776601683795,1.7888543819998317,1448.8,937.4
3214,10.0,4.09878030638384,2.9933259094191533,4.123105625617661,2.9933259094191533,1528.5,937.8
3215,49.0,17.665766949914314,4.156534577702718,16.0312195418814,4.156534577702718,1713.061224489796,944.5918367346939
3216,88.0,13.503737503036819,9.261373569359225,14.317821063276353,9.261373569359225,1809.6818181818182,941.0681818181819
3217,27.0,8.89935099171184,4.881072785999991,9.219544457292887,4.881072785999991,279.0740740740741,942.0
3218,53.0,14.203748826904782,5.850338739801711,13.601470508735444,5.850338739801711,409.9056603773585,941.5471698113207
3219,5.0,5.656854249492381,0.0,5.0,0.0,749.0,940.0
3220,24.0,6.582805886043833,4.915960401250875,6.708203932499369,4.915960401250875,849.875,941.125
3221,13.0,4.318667337728677,3.6794648440311994,4.47213595499958,3.6794648440311994,1081.3846153846155,939.3846153846154
3222,12.0,3.8297084310253524,3.8297084310253524,4.123105625617661,3.8297084310253524,1241.5,939.5
3223,10.0,4.09878030638384,2.9933259094191533,4.123105625617661,2.9933259094191533,325.5,940.2
3224,12.0,7.674443587093748,2.158349180292941,6.708203932499369,2.158349180292941,623.3333333333334,941.5
3225,16.0,5.149449337222181,3.918950308868696,5.385164807134504,3.918950308868696,1232.8125,940.3125
3226,11.0,4.346129984141888,3.067356324605907,4.47213595499958,3.067356324605907,1384.090909090909,940.3636363636364
3227,16.0,6.395012122653715,3.4790544622227504,6.324555320336759,3.4790544622227504,1927.25,941.5
3228,171.0,21.846566328970436,17.620460438185155,21.095023109728988,17.620460438185155,233.22222222222223,948.7777777777778
3229,14.0,5.273139686204387,3.6182809500437862,5.385164807134504,3.6182809500437862,552.9285714285714,941.7142857142857
3230,12.0,3.8297084310253524,3.8297084310253524,4.123105625617661,3.8297084310253524,1027.5,941.5
3231,22.0,6.175933834552356,4.538903273272521,6.324555320336759,4.538903273272521,1096.5454545454545,942.5909090909091
3232,53.0,12.184364212751959,5.993333898247237,11.704699910719626,5.993333898247237,1409.0566037735848,944.0377358490566
3233,33.0,9.281750675469421,5.247735502693356,8.94427190999916,5.247735502693356,1554.7878787878788,942.030303030303
3234,14.0,4.20883424647321,4.120630029101703,4.47213595499958,4.120630029101703,1730.7142857142858,941.5
3235,143.0,35.219604309492496,11.17429265364839,30.0,11.17429265364839,292.43356643356645,952.7972027972028
3236,15.0,6.369470602734493,3.1039150576885204,6.4031242374328485,3.1039150576885204,484.8666666666667,942.6666666666666
3237,13.0,4.318667337728677,3.6794648440311994,4.47213595499958,3.6794648440311994,517.6153846153846,942.3846153846154
3238,79.0,13.306889825646346,7.758630774208424,13.038404810405298,7.758630774208424,528.8860759493671,945.9240506329114
3239,5.0,2.5298221281347035,2.5298221281347035,3.0,2.5298221281347035,998.0,942.0
3240,12.0,4.268749491621899,3.8297084310253524,4.47213595499958,3.8297084310253524,1247.8333333333333,942.5
3241,128.0,25.48276961025588,9.13754145972096,24.839484696748443,9.13754145972096,1484.71875,951.4140625
3242,6.0,3.126943839882286,2.309401076758503,3.1622776601683795,2.309401076758503,1605.8333333333333,941.8333333333334
3243,105.0,20.309588998028723,9.54572030477776,22.20360331117452,9.54572030477776,331.4952380952381,948.3142857142857
3244,29.0,10.089837734199035,4.116921051540836,10.44030650891055,4.116921051540836,618.0,946.5172413793103
3245,290.0,32.79752193233018,18.353756863594793,31.04834939252005,18.353756863594793,1080.9586206896552,953.7862068965517
3246,17.0,6.126378838936505,3.5534000439021796,6.324555320336759,3.5534000439021796,584.2352941176471,945.5294117647059
3247,19.0,5.271572221283754,4.5005385950383054,5.385164807134504,4.5005385950383054,976.8421052631579,944.8421052631579
3248,1187.0,54.34211841872295,38.128759372997806,59.033888572581766,38.128759372997806,1227.5745577085088,962.6933445661331
3249,21.0,6.502219679571409,4.132450642039064,6.708203932499369,4.132450642039064,1331.3333333333333,945.8095238095239
3250,8.0,3.4641016151377544,2.7386127875258306,3.605551275463989,2.7386127875258306,1433.125,944.125
3251,47.0,12.103381356746736,5.333237718203508,11.661903789690601,5.333237718203508,1497.872340425532,946.8297872340426
3252,56.0,9.518245850947448,7.50441611499816,9.848857801796104,7.50441611499816,309.10714285714283,947.8035714285714
3253,7.0,3.0237157840738176,2.799416848895061,3.1622776601683795,2.799416848895061,352.7142857142857,945.0
3254,33.0,9.641717526337096,4.290164434399711,9.219544457292887,4.290164434399711,401.45454545454544,947.8787878787879
3255,9.0,4.618802153517007,2.3517789431685254,4.47213595499958,2.3517789431685254,597.8888888888889,945.5555555555555
3256,5.0,3.098386676965933,1.7888543819998317,3.1622776601683795,1.7888543819998317,1007.6,945.2
3257,26.0,7.829493173053267,4.13967468233888,8.06225774829855,4.13967468233888,1387.423076923077,947.7307692307693
3258,104.0,28.09273259531603,14.543278695319191,24.08318915758459,14.543278695319191,1418.6153846153845,956.2596153846154
3259,42.0,8.27201933356513,7.158079018709925,8.54400374531753,7.158079018709925,1470.7619047619048,947.5
3260,12.0,3.8297084310253524,3.8297084310253524,4.123105625617661,3.8297084310253524,1563.5,945.5
3261,33.0,8.698002771197745,5.194776491517968,8.54400374531753,5.194776491517968,568.969696969697,947.9090909090909
3262,15.0,5.839939839105166,3.1821712378097198,5.830951894845301,3.1821712378097198,647.8666666666667,946.5333333333333
3263,5.0,4.0,1.3856406460551023,3.605551275463989,1.3856406460551023,814.8,946.2
3264,126.0,18.98812399750419,12.998300203454079,21.470910553583888,12.998300203454079,1018.0714285714286,953.5079365079365
3265,52.0,11.59159716996511,10.619924860531718,12.529964086141668,10.619924860531718,1316.0,951.2307692307693
3266,16.0,6.199798383818623,3.1622776601683795,6.082762530298219,3.1622776601683795,1703.0,947.1875
3267,9.0,3.885753375057407,2.7954428906961324,4.123105625617661,2.7954428906961324,1125.6666666666667,947.1111111111111
3268,34.0,12.678854585832575,3.596557757938995,12.041594578792296,3.596557757938995,1435.0294117647059,949.7647058823529
3269,30.0,7.423948774605715,5.096020902280008,7.615773105863909,5.096020902280008,1934.0666666666666,947.8333333333334
3270,8.0,3.4641016151377544,2.7386127875258306,3.605551275463989,2.7386127875258306,377.125,948.125
3271,7.0,3.6486656040768595,2.5058084612197167,4.0,2.5058084612197167,501.57142857142856,948.1428571428571
3272,38.0,11.850883372419476,4.836357958956509,11.704699910719626,4.836357958956509,851.1842105263158,949.5526315789474
3273,731.0,69.35101278100454,25.2863247458062,61.98386886924694,25.2863247458062,994.5088919288646,979.4938440492476
3274,72.0,15.800638204400899,9.26980790019223,14.317821063276353,9.26980790019223,1634.8055555555557,952.7083333333334
3275,8.0,4.47213595499958,2.0,4.123105625617661,2.0,1780.5,947.5
3276,56.0,15.531158838074012,8.067473306722421,15.033296378372908,8.067473306722421,271.25,955.5892857142857
3277,26.0,8.73453678795467,3.811093694361735,8.246211251235321,3.811093694361735,780.5384615384615,949.2692307692307
3278,18.0,5.258737584977436,4.268749491621899,5.385164807134504,4.268749491621899,811.5,950.2222222222222
3279,61.0,10.998304334769257,8.023778820789845,11.661903789690601,8.023778820789845,954.8032786885246,951.983606557377
3280,47.0,9.76808691057296,7.320482069938052,10.44030650891055,7.320482069938052,1523.5106382978724,952.8510638297872
3281,32.0,7.527549648468683,5.35096919163613,7.615773105863909,5.35096919163613,1771.09375,950.0625
3282,147.0,22.01074215501775,11.965961079496372,21.18962010041709,11.965961079496372,1918.312925170068,956.9931972789116
3283,7.0,3.0237157840738176,2.799416848895061,3.1622776601683795,2.799416848895061,748.2857142857143,950.0
3284,114.0,18.574433260308087,11.213311352853522,19.697715603592208,11.213311352853522,979.9736842105264,959.8421052631579
3285,34.0,11.576184371484109,4.856300124491604,11.180339887498949,4.856300124491604,1570.8529411764705,952.7352941176471
3286,14.0,4.20883424647321,4.120630029101703,4.47213595499958,4.120630029101703,1811.5,950.2857142857143
3287,9.0,5.274258481434536,1.946056459258261,5.0990195135927845,1.946056459258261,549.2222222222222,950.5555555555555
3288,33.0,9.491860727994847,4.716195990616822,10.198039027185569,4.716195990616822,757.4545454545455,954.8787878787879
3289,16.0,6.602897716712576,3.025184579927621,6.324555320336759,3.025184579927621,1096.125,952.25
3290,43.0,10.20728934751534,5.73410236673492,10.44030650891055,5.73410236673492,474.16279069767444,953.8139534883721
3291,117.0,17.42179801071494,11.024381364195115,17.4928556845359,11.024381364195115,796.2307692307693,956.3760683760684
3292,9.0,5.274258481434536,1.946056459258261,5.0990195135927845,1.946056459258261,822.5555555555555,953.2222222222222
3293,13.0,5.596351611778035,3.0951990115940937,5.385164807134504,3.0951990115940937,1447.0,952.5384615384615
3294,33.0,9.641717526337096,4.290164434399711,9.219544457292887,4.290164434399711,1585.4545454545455,954.8787878787879
3295,16.0,4.898979485566356,4.0,5.0990195135927845,4.0,1998.5,953.0
3296,5.0,3.098386676965933,1.7888543819998317,3.1622776601683795,1.7888543819998317,361.2,952.6
3297,7.0,4.155374705678736,1.9054711331003737,4.123105625617661,1.9054711331003737,388.42857142857144,953.2857142857143
3298,25.0,7.679003395818987,4.068526372902166,7.615773105863909,4.068526372902166,499.44,955.08
3299,20.0,6.331370505657219,3.938749486841458,6.324555320336759,3.938749486841458,513.65,954.55
3300,31.0,9.018422326962385,4.621805580969405,8.94427190999916,4.621805580969405,581.6774193548387,954.8387096774194
3301,20.0,7.848566748139434,3.0983866769659336,8.0,3.0983866769659336,638.0,955.5
3302,25.0,6.1641757073972006,5.305971904216439,6.324555320336759,5.305971904216439,722.6,954.16
3303,48.0,12.784701416035537,5.269410543941016,12.083045973594572,5.269410543941016,826.8333333333334,957.3541666666666
3304,7.0,4.155374705678736,1.9054711331003737,4.123105625617661,1.9054711331003737,870.5714285714286,953.2857142857143
3305,290.0,27.836987572263748,17.59026881286264,32.57299494980466,17.59026881286264,1727.6689655172413,964.0034482758621
3306,22.0,6.4666979068286325,4.271760045262084,6.324555320336759,4.271760045262084,281.3636363636364,955.5
3307,31.0,9.810558374901714,4.103065976562606,9.433981132056603,4.103065976562606,707.6129032258065,955.516129032258
3308,25.0,7.374269390775276,4.220444402225297,7.280109889280518,4.220444402225297,731.44,955.88
3309,40.0,10.11805685900451,5.193739057553026,10.295630140987,5.193739057553026,1601.3,956.775
3310,22.0,9.888203030149574,3.4701041270720694,8.54400374531753,3.4701041270720694,411.5,955.5
3311,534.0,34.510687203479115,27.46278219315387,36.22154055254967,27.46278219315387,1039.7078651685392,970.1966292134831
3312,15.0,5.258554520990449,3.5691337129452037,5.385164807134504,3.5691337129452037,1441.0666666666666,955.2666666666667
3313,7.0,3.0237157840738176,2.799416848895061,3.1622776601683795,2.799416848895061,889.0,956.2857142857143
3314,64.0,17.277738379876144,7.020566232616485,17.26267650163207,7.020566232616485,317.5,960.390625
3315,5.0,3.098386676965933,1.7888543819998317,3.1622776601683795,1.7888543819998317,377.6,957.2
3316,14.0,4.742873420478221,3.6860255520522984,5.0990195135927845,3.6860255520522984,602.2142857142857,957.6428571428571
3317,47.0,12.851598158659042,5.589295786946153,11.704699910719626,5.589295786946153,1333.6170212765958,959.7021276595744
3318,617.0,48.26174928990228,23.261803167951367,53.23532661682466,23.261803167951367,1376.743922204214,970.2739059967585
3319,36.0,10.519822558706334,4.268749491621899,10.04987562112089,4.268749491621899,1755.5,957.5
3320,173.0,19.895778708838648,11.938357929382978,20.12461179749811,11.938357929382978,1775.9942196531792,961.849710982659
3321,79.0,26.586524154406312,6.812892632337638,23.323807579381203,6.812892632337638,472.46835443037975,964.0759493670886
3322,7.0,3.0237157840738176,2.799416848895061,3.1622776601683795,2.799416848895061,520.2857142857143,958.0
3323,8.0,3.4641016151377544,2.8284271247461903,4.0,2.8284271247461903,683.5,958.0
3324,120.0,31.31055366918841,7.945530262423939,27.65863337187866,7.945530262423939,1444.2916666666667,969.175
3325,10.0,3.919183588453085,3.0983866769659336,4.123105625617661,3.0983866769659336,1806.8,958.0
3326,18.0,7.416721908507126,3.0395969654079673,7.0710678118654755,3.0395969654079673,1926.1666666666667,959.8888888888889
3327,13.0,7.152091817634222,3.3664209084309906,6.324555320336759,3.3664209084309906,299.3076923076923,960.0
3328,20.0,6.0,4.09878030638384,6.082762530298219,4.09878030638384,587.5,959.5
3329,6.0,3.265986323710904,2.0,3.1622776601683795,2.0,691.5,959.0
3330,5.0,3.098386676965933,1.7888543819998317,3.1622776601683795,1.7888543819998317,723.4,960.2
3331,68.0,10.365105900207901,8.625857066245786,11.180339887498949,8.625857066245786,918.6764705882352,963.9705882352941
3332,7.0,4.0,2.2131333406899527,4.123105625617661,2.2131333406899527,1521.2857142857142,960.5714285714286
3333,25.0,6.480813757526637,4.996864320776928,6.708203932499369,4.996864320776928,1705.8,961.12
3334,38.0,10.701995947186859,4.764157810558229,10.295630140987,4.764157810558229,1900.2631578947369,962.6578947368421
3335,8.0,4.976979969245306,1.7971283720789095,5.0990195135927845,1.7971283720789095,419.0,960.5
3336,20.0,8.169990420649421,3.0085306258199673,8.06225774829855,3.0085306258199673,674.1,963.55
3337,7.0,4.0,2.2131333406899523,4.123105625617661,2.2131333406899523,679.7142857142857,961.4285714285714
3338,13.0,7.554371880072024,1.9753176197160076,7.0710678118654755,1.9753176197160076,695.5384615384615,963.2307692307693
3339,11.0,4.533315962095487,3.0114583009821128,4.47213595499958,3.0114583009821128,709.8181818181819,961.4545454545455
3340,43.0,8.15161042028335,7.052007095356904,8.54400374531753,7.052007095356904,894.6511627906976,963.4186046511628
3341,72.0,13.707169012607295,9.388195194915951,13.892443989449804,9.388195194915951,906.0833333333334,966.8611111111111
3342,14.0,8.0,2.0,7.0710678118654755,2.0,340.5,964.0
3343,7.0,8.0,0.0,7.0,0.0,407.0,964.0
3344,54.0,12.025788566183513,6.096201613109395,12.165525060596439,6.096201613109395,425.24074074074076,966.3148148148148
3345,5.0,3.098386676965933,1.7888543819998317,3.1622776601683795,1.7888543819998317,1064.4,961.8
3346,60.0,11.924732397274628,7.773221949462857,11.704699910719626,7.773221949462857,1323.8833333333334,967.15
3347,20.0,7.017046041773958,3.8315877710975688,7.0710678118654755,3.8315877710975688,1457.55,963.45
3348,86.0,16.00390213959033,7.7376217045908176,17.0,7.7376217045908176,843.8023255813954,966.8837209302326
3349,23.0,6.940795509969655,4.185584726597932,7.0710678118654755,4.185584726597932,1017.3478260869565,965.3478260869565
3350,51.0,11.009595329062048,6.964779207280993,10.770329614269007,6.964779207280993,1620.9411764705883,967.3921568627451
3351,12.0,3.8297084310253524,3.8297084310253524,4.123105625617661,3.8297084310253524,1829.5,963.5
3352,24.0,7.564537145273477,4.760952285695233,7.280109889280518,4.760952285695233,299.5,965.9166666666666
3353,31.0,8.180413945831134,7.304487765381072,8.54400374531753,7.304487765381072,784.4516129032259,965.6129032258065
3354,16.0,6.52305979706281,3.193695490171675,6.324555320336759,3.193695490171675,1647.25,965.375
3355,14.0,6.560308204426551,2.5839198859909316,6.324555320336759,2.5839198859909316,1800.0,965.5
3356,17.0,5.30043935343724,4.092631588351591,5.385164807134504,4.092631588351591,1890.4117647058824,965.2941176470588
3357,384.0,45.60203889958273,16.914269214543516,44.721359549995796,16.914269214543516,832.7083333333334,974.6614583333334
3358,9.0,4.277662731533559,2.643019518000728,4.123105625617661,2.643019518000728,874.6666666666666,965.5555555555555
3359,57.0,11.480247365170891,6.692529185903469,12.165525060596439,6.692529185903469,951.1578947368421,966.280701754386
3360,18.0,5.258737584977436,4.268749491621899,5.385164807134504,4.268749491621899,1259.5,966.2222222222222
3361,107.0,19.62458056282041,7.254994371611432,19.4164878389476,7.254994371611432,1760.4392523364486,969.2336448598131
3362,184.0,32.019434202632,12.876014529640642,29.68164415931166,12.876014529640642,284.4891304347826,973.0760869565217
3363,82.0,20.091449943471176,5.823338521044572,19.6468827043885,5.823338521044572,329.9512195121951,972.8780487804878
3364,27.0,8.751292797103645,6.230312577898425,8.54400374531753,6.230312577898425,415.81481481481484,968.8888888888889
3365,105.0,19.224888113761793,12.401450208051218,19.4164878389476,12.401450208051218,584.1333333333333,972.3142857142857
3366,6.0,3.265986323710904,2.0,3.1622776601683795,2.0,765.5,966.0
3367,9.0,3.885753375057407,2.7954428906961324,4.123105625617661,2.7954428906961324,937.3333333333334,966.1111111111111
3368,9.0,3.265986323710904,3.265986323710904,3.605551275463989,3.265986323710904,1534.0,966.0
3369,16.0,5.839824517576797,3.5030628889457485,5.830951894845301,3.5030628889457485,1823.9375,966.6875
3370,6.0,3.126943839882286,2.309401076758503,3.1622776601683795,2.309401076758503,751.8333333333334,967.1666666666666
3371,69.0,15.851178634378892,6.122048380705623,15.297058540778355,6.122048380705623,1413.8115942028985,968.072463768116
3372,8.0,3.8888437389046198,2.6223833385648136,4.123105625617661,2.6223833385648136,659.75,968.75
3373,12.0,4.464216783173839,3.409739589526534,4.47213595499958,3.409739589526534,678.5,968.6666666666666
3374,18.0,5.258737584977436,4.268749491621899,5.385164807134504,4.268749491621899,739.5,968.7777777777778
3375,66.0,10.057104715861955,8.749797747395151,11.180339887498949,8.749797747395151,1351.3030303030303,971.2727272727273
3376,30.0,8.937816846363637,4.192041006316156,9.055385138137417,4.192041006316156,1403.4333333333334,970.7666666666667
3377,15.0,4.77795383588526,3.981909289096598,5.0990195135927845,3.981909289096598,1483.3333333333333,968.2666666666667
3378,114.0,18.950215306175206,9.666928788934428,18.973665961010276,9.666928788934428,1575.2280701754387,974.4736842105264
3379,40.0,11.111948826258278,4.919816387083697,10.44030650891055,4.919816387083697,467.4,972.9
3380,41.0,12.370029963609744,4.700762843511457,12.165525060596439,4.700762843511457,617.0731707317074,972.4146341463414
3381,60.0,14.223919593604993,6.61749367251462,13.416407864998739,6.61749367251462,640.5666666666667,972.6166666666667
3382,16.0,5.301859257350197,3.7852065221398448,5.385164807134504,3.7852065221398448,685.1875,969.5
3383,18.0,5.628058138307663,4.17269473421137,6.082762530298219,4.17269473421137,705.2777777777778,970.2777777777778
3384,34.0,11.742923445832337,3.762859586421007,11.180339887498949,3.762859586421007,861.7941176470588,972.2058823529412
3385,28.0,7.055240352009208,5.086909159781685,7.211102550927978,5.086909159781685,1513.2857142857142,970.1071428571429
3386,93.0,23.898169528193662,6.406810735959823,23.194827009486403,6.406810735959823,1718.3655913978494,977.6666666666666
3387,114.0,20.65833593093149,12.50347474854981,19.72308292331602,12.50347474854981,1790.359649122807,974.2017543859649
3388,6.0,4.363338213437162,1.65500979239906,4.123105625617661,1.65500979239906,356.8333333333333,969.6666666666666
3389,55.0,13.955584009277672,6.102379071468292,13.601470508735444,6.102379071468292,494.3272727272727,973.7818181818182
3390,12.0,6.831300510639732,2.0,6.082762530298219,2.0,1551.5,971.5
3391,27.0,6.666666666666667,5.172471185213657,6.708203932499369,5.172471185213657,549.8148148148148,972.8148148148148
3392,12.0,3.8297084310253524,3.8297084310253524,4.123105625617661,3.8297084310253524,945.5,971.5
3393,87.0,21.810216663333726,7.285434907743343,19.697715603592208,7.285434907743343,1285.632183908046,978.735632183908
3394,22.0,6.402478858785094,4.30644337539164,6.324555320336759,4.30644337539164,1539.7272727272727,971.5
3395,30.0,7.371593789635868,5.380380459548454,7.615773105863909,5.380380459548454,1605.0333333333333,973.6
3396,18.0,5.258737584977436,4.268749491621899,5.385164807134504,4.268749491621899,1832.7777777777778,971.5
3397,8.0,4.1204045563213505,2.4025541184843804,4.123105625617661,2.4025541184843804,366.375,971.75
3398,18.0,8.590818287385584,2.9938726178457977,7.615773105863909,2.9938726178457977,736.0,973.7777777777778
3399,19.0,7.689062726753995,3.080216334381546,7.280109889280518,3.080216334381546,1647.8947368421052,974.2631578947369
3400,6.0,3.265986323710904,2.0,3.1622776601683795,2.0,1774.0,971.5
3401,44.0,11.171759450595802,5.936444858236526,12.36931687685298,5.936444858236526,718.0227272727273,975.2045454545455
3402,172.0,24.193262833619414,15.413561135794733,23.769728648009426,15.413561135794733,1077.9186046511627,976.7616279069767
3403,17.0,5.487954724560283,3.880570000581328,5.385164807134504,3.880570000581328,1254.0,974.0
3404,33.0,9.498202795260394,4.43325487677396,9.219544457292887,4.43325487677396,1314.7272727272727,973.5757575757576
3405,730.0,51.87368602112614,31.386625786154433,50.99019513592785,31.386625786154433,1745.7602739726028,992.4904109589041
3406,46.0,12.19578622762577,5.187235368327154,11.40175425099138,5.187235368327154,401.67391304347825,977.7391304347826
3407,14.0,4.780914437337574,3.5456210417116734,5.0,3.5456210417116734,481.5,974.5
3408,19.0,6.282458363506978,3.9692686533041774,6.324555320336759,3.9692686533041774,743.0526315789474,975.421052631579
3409,10.0,4.09878030638384,2.9933259094191533,4.123105625617661,2.9933259094191533,1483.5,974.2
3410,6.0,3.126943839882286,2.309401076758503,3.1622776601683795,2.309401076758503,1888.8333333333333,974.8333333333334
3411,87.0,18.834264960567438,8.38053329326592,18.027756377319946,8.38053329326592,925.8045977011494,983.8505747126437
3412,14.0,4.742873420478221,3.686025552052299,5.0990195135927845,3.686025552052299,1009.3571428571429,976.7857142857143
3413,11.0,4.346129984141888,3.067356324605906,4.47213595499958,3.067356324605906,1216.3636363636363,975.9090909090909
3414,36.0,10.519822558706334,4.268749491621899,10.04987562112089,4.268749491621899,1307.5,979.5
3415,30.0,6.625147403213624,5.818044697998974,7.280109889280518,5.818044697998974,1419.3,977.1333333333333
3416,197.0,21.52903310722876,13.126201752151687,22.20360331117452,13.126201752151687,1493.8984771573605,984.736040609137
3417,31.0,9.17557834180039,4.270292848421238,9.055385138137417,4.270292848421238,349.61290322580646,980.3548387096774
3418,27.0,8.172165640169155,4.108649860257362,8.06225774829855,4.108649860257362,537.5555555555555,979.4074074074074
3419,25.0,7.74757410424702,4.07694683546413,8.06225774829855,4.07694683546413,561.6,979.36
3420,14.0,5.009017247336184,3.808094398853908,5.385164807134504,3.808094398853908,699.6428571428571,977.4285714285714
3421,19.0,7.347338259627431,3.178877656956105,7.0710678118654755,3.178877656956105,897.0,979.3157894736842
3422,117.0,17.780914131908883,11.986628227684314,20.248456731316587,11.986628227684314,942.3076923076923,981.6752136752136
3423,15.0,6.791134621996741,2.8402741439135504,6.324555320336759,2.8402741439135504,1504.8,978.8
3424,41.0,8.561830273996158,6.189088661252468,9.219544457292887,6.189088661252468,1614.780487804878,979.9756097560976
3425,49.0,10.12576587689724,8.06467882177018,10.816653826391969,8.06467882177018,1518.1020408163265,981.1632653061224
3426,7.0,3.7032803990902057,2.138089935299395,3.605551275463989,2.138089935299395,432.0,979.0
3427,8.0,3.4641016151377544,2.7386127875258306,3.605551275463989,2.7386127875258306,677.875,978.875
3428,6.0,3.8297084310253524,1.8856180831641272,4.0,1.8856180831641272,975.3333333333334,979.5
3429,28.0,7.366637513240279,5.070724167735392,7.615773105863909,5.070724167735392,1624.0714285714287,981.6785714285714
3430,8.0,4.507893913753563,2.104493398028036,4.47213595499958,2.104493398028036,751.875,980.25
3431,169.0,38.679748186794015,12.987184780214598,34.48187929913333,12.987184780214598,1337.5798816568047,985.5798816568048
3432,8.0,4.507893913753563,2.104493398028036,4.47213595499958,2.104493398028036,273.875,981.75
3433,10.0,4.0,3.149603149604724,4.123105625617661,3.149603149604724,632.3,981.7
3434,29.0,8.501567682464598,4.381255986059742,8.246211251235321,4.381255986059742,779.7931034482758,981.5862068965517
3435,32.0,9.38083151964686,4.242640687119285,9.055385138137417,4.242640687119285,875.0,981.5
3436,10.0,4.0,3.149603149604724,4.123105625617661,3.149603149604724,1005.7,981.7
3437,37.0,11.932174841729404,4.644731666467434,12.165525060596439,4.644731666467434,1383.054054054054,984.4864864864865
3438,54.0,13.761513160230171,5.562283677673029,13.152946437965905,5.562283677673029,1405.3703703703704,984.9814814814815
3439,100.0,21.937480626769588,7.893778800429423,20.248456731316587,7.893778800429423,1549.76,987.36
3440,15.0,5.797187443692852,3.237515502909419,5.830951894845301,3.237515502909419,981.7333333333333,982.8
3441,24.0,7.612279217273137,4.0719753064144735,7.615773105863909,4.0719753064144735,1239.7916666666667,983.0833333333334
3442,8.0,3.4641016151377544,2.7386127875258306,3.605551275463989,2.7386127875258306,1471.875,981.875
3443,21.0,7.69542635828915,3.53157516435271,7.211102550927978,3.53157516435271,1564.4285714285713,983.3809523809524
3444,11.0,7.654982099451999,1.8126076734171195,7.280109889280518,1.8126076734171195,483.09090909090907,982.8181818181819
3445,8.0,4.1204045563213505,2.4025541184843804,4.123105625617661,2.4025541184843804,736.25,983.375
3446,62.0,10.666712216106179,7.672173711418982,11.661903789690601,7.672173711418982,293.33870967741933,987.4193548387096
3447,91.0,17.68500656445312,9.104254245310356,18.027756377319946,9.104254245310356,661.5824175824176,990.6703296703297
3448,19.0,7.455128930368747,3.15086937833595,7.0710678118654755,3.15086937833595,915.0,983.8947368421053
3449,7.0,3.0237157840738176,2.799416848895061,3.1622776601683795,2.799416848895061,1051.0,984.2857142857143
3450,94.0,22.349311762957395,10.223105461176953,22.47220505424423,10.223105461176953,1394.627659574468,992.8085106382979
3451,31.0,8.898049320882196,4.518956979805528,8.94427190999916,4.518956979805528,1436.5806451612902,986.7741935483871
3452,12.0,3.8297084310253524,3.8297084310253524,4.123105625617661,3.8297084310253524,491.5,985.5
3453,49.0,10.85870327938904,7.165987039750173,10.295630140987,7.165987039750173,544.5510204081633,988.4897959183673
3454,16.0,9.16515138991168,2.0,8.06225774829855,2.0,608.5,987.5
3455,21.0,8.509998766984046,3.082664996437514,8.06225774829855,3.082664996437514,623.1428571428571,987.6190476190476
3456,6.0,3.9999999999999996,1.632993161855452,4.123105625617661,1.632993161855452,752.5,984.5
3457,9.0,4.312594463574638,2.660928660904759,4.47213595499958,2.660928660904759,773.2222222222222,985.8888888888889
3458,58.0,13.49596589684221,6.650019328374348,12.529964086141668,6.650019328374348,1424.6206896551723,988.8103448275862
3459,60.0,15.37585972104538,7.124655473530776,13.416407864998739,7.124655473530776,1588.5833333333333,990.1666666666666
3460,13.0,4.318667337728677,3.6794648440311994,4.47213595499958,3.6794648440311994,1774.3846153846155,985.3846153846154
3461,12.0,7.118052168020874,1.9720265943665378,7.0,1.9720265943665378,616.4166666666666,988.0
3462,31.0,11.451133692230469,4.014742241888471,10.295630140987,4.014742241888471,644.0645161290323,988.7741935483871
3463,8.0,3.9722133299273006,2.6403638502198645,4.123105625617661,2.6403638502198645,886.375,986.75
3464,24.0,6.289320754704403,5.033222956847166,6.324555320336759,5.033222956847166,1526.8333333333333,987.5
3465,17.0,6.964344217070081,3.030922457114571,7.0710678118654755,3.030922457114571,1535.1176470588234,987.7058823529412
3466,6.0,3.265986323710904,2.0,3.1622776601683795,2.0,1558.0,985.5
3467,8.0,4.47213595499958,2.0,4.123105625617661,2.0,360.5,987.5
3468,87.0,23.373324702785826,6.7797205952679365,22.360679774997898,6.7797205952679365,402.08045977011494,997.8965517241379
3469,6.0,3.265986323710904,2.0,3.1622776601683795,2.0,504.5,987.0
3470,7.0,3.7032803990902057,2.138089935299395,3.605551275463989,2.138089935299395,520.0,987.0
3471,51.0,9.546378051977166,8.717934567352492,10.44030650891055,8.717934567352492,745.0,991.156862745098
3472,14.0,8.0,2.0,7.0710678118654755,2.0,764.0,986.5
3473,13.0,4.8357641986159114,3.440104580768907,5.0,3.440104580768907,815.7692307692307,987.7692307692307
3474,12.0,3.8297084310253524,3.8297084310253524,4.123105625617661,3.8297084310253524,821.5,987.5
3475,35.0,8.669994829027752,5.342032582604829,8.54400374531753,5.342032582604829,1207.942857142857,988.0285714285715
3476,18.0,5.258737584977436,4.268749491621899,5.385164807134504,4.268749491621899,1232.7777777777778,987.5
3477,50.0,10.172760586310094,8.494877400740751,10.44030650891055,8.494877400740751,1322.56,990.22
3478,39.0,8.74163164335391,5.992493426036594,9.486832980505138,5.992493426036594,1366.871794871795,990.4102564102565
3479,63.0,16.48250427559494,5.939861385899885,15.132745950421556,5.939861385899885,1504.6825396825398,993.015873015873
3480,64.0,14.095067185842368,6.631849272758672,13.416407864998739,6.631849272758672,483.078125,991.5
3481,6.0,3.265986323710904,2.0,3.1622776601683795,2.0,632.0,987.5
3482,13.0,5.203549084703927,3.076923076923077,5.0990195135927845,3.076923076923077,1047.8461538461538,989.0
3483,6.0,3.9999999999999996,1.632993161855452,4.123105625617661,1.632993161855452,328.5,989.5
3484,84.0,12.51069774146182,9.404943570470381,13.0,9.404943570470381,387.6190476190476,993.1428571428571
3485,92.0,19.765268511050955,6.912875442710913,18.973665961010276,6.912875442710913,463.75,991.6847826086956
3486,12.0,3.8297084310253524,3.8297084310253524,4.123105625617661,3.8297084310253524,651.5,989.5
3487,94.0,18.504839330684412,10.55195096630292,15.811388300841896,10.55195096630292,765.0,994.1489361702128
3488,5.0,3.098386676965933,1.7888543819998317,3.1622776601683795,1.7888543819998317,797.6,990.2
3489,56.0,14.102670798150802,7.996962614196855,13.038404810405298,7.996962614196855,848.5357142857143,993.5
3490,140.0,34.86684142887645,12.323351874658382,30.083217912982647,12.323351874658382,1236.7071428571428,1000.1857142857143
3491,48.0,13.26607581920895,6.124641406564109,12.083045973594572,6.124641406564109,1378.375,994.375
3492,34.0,12.056766622019046,5.2486068086546585,10.770329614269007,5.2486068086546585,1475.0,991.3235294117648
3493,192.0,41.98020019526157,11.85061589628642,36.68787265568828,11.85061589628642,1774.71875,1002.3645833333334
3494,7.0,3.0237157840738176,2.7994168488950604,3.1622776601683795,2.7994168488950604,415.0,990.7142857142857
3495,49.0,10.868785876602324,7.539004616756026,11.180339887498949,7.539004616756026,495.40816326530614,995.7142857142857
3496,9.0,5.274258481434536,1.946056459258261,5.0990195135927845,1.946056459258261,686.4444444444445,992.2222222222222
3497,10.0,6.0,1.959591794226542,6.0,1.959591794226542,835.5,990.6
3498,30.0,8.779107394647871,4.288815689663726,8.54400374531753,4.288815689663726,947.5,991.5
3499,47.0,11.66983474374074,5.752053587732341,11.704699910719626,5.752053587732341,1199.404255319149,994.0425531914893
3500,135.0,18.2724160016201,14.369804065543796,19.4164878389476,14.369804065543796,1333.674074074074,998.9555555555555
3501,7.0,4.155374705678736,1.9054711331003737,4.123105625617661,1.9054711331003737,1510.2857142857142,990.5714285714286
3502,11.0,4.346129984141888,3.067356324605907,4.47213595499958,3.067356324605907,1520.6363636363637,991.0909090909091
3503,27.0,7.216468105447668,4.74819534161388,7.211102550927978,4.74819534161388,1613.7407407407406,992.4814814814815
3504,110.0,16.833309081287837,9.224959114439946,16.401219466856727,9.224959114439946,373.4909090909091,997.9454545454546
3505,14.0,5.970019061217462,3.015554059580296,5.830951894845301,3.015554059580296,582.8571428571429,992.4285714285714
3506,6.0,4.363338213437162,1.65500979239906,4.123105625617661,1.65500979239906,680.6666666666666,992.8333333333334
3507,77.0,13.92773578754175,9.87745596625985,13.601470508735444,9.87745596625985,1571.077922077922,998.077922077922
3508,170.0,20.96205063799101,11.44811873932472,21.470910553583888,11.44811873932472,1707.664705882353,997.1470588235294
3509,26.0,8.843183262510232,3.8460619633458304,9.055385138137417,3.8460619633458304,819.0384615384615,993.6153846153846
3510,6.0,3.1269438398822857,2.309401076758503,3.1622776601683795,2.309401076758503,830.1666666666666,992.8333333333334
3511,19.0,7.300928829682121,3.377214754521052,7.211102550927978,3.377214754521052,895.2631578947369,994.2105263157895
3512,27.0,8.10657537289386,4.1634349018271735,8.246211251235321,4.1634349018271735,903.4814814814815,995.1481481481482
3513,13.0,5.327693424801688,2.9221156196156555,5.385164807134504,2.9221156196156555,1449.0,994.0
3514,24.0,9.3616047299166,3.1445404526863565,9.055385138137417,3.1445404526863565,1457.9583333333333,996.1666666666666
3515,20.0,6.0975963537428415,4.356525990605586,6.324555320336759,4.356525990605586,1559.7,994.0
3516,26.0,6.468860320501119,5.5746679790749045,6.708203932499369,5.5746679790749045,562.0,995.5
3517,21.0,6.258173505705088,4.157977767102647,6.324555320336759,4.157977767102647,1213.4285714285713,995.3809523809524
3518,38.0,8.806947647727112,5.505977612893482,8.54400374531753,5.505977612893482,1221.0,996.3157894736842
3519,10.0,4.09878030638384,2.9933259094191533,4.123105625617661,2.9933259094191533,398.2,995.5
3520,32.0,9.38083151964686,4.242640687119285,9.055385138137417,4.242640687119285,412.0,995.5
3521,18.0,5.258737584977436,4.268749491621899,5.385164807134504,4.268749491621899,576.7777777777778,995.5
3522,27.0,6.279222511401599,5.64818152164179,6.708203932499369,5.64818152164179,882.5925925925926,996.925925925926
3523,37.0,8.998679918003639,5.300021850011633,9.486832980505138,5.300021850011633,1440.6756756756756,996.6756756756756
3524,12.0,3.8297084310253524,3.8297084310253524,4.123105625617661,3.8297084310253524,1721.5,995.5
3525,6.0,3.265986323710904,2.0,3.1622776601683795,2.0,504.5,996.0
3526,30.0,6.531972647421808,5.819507424745385,7.0710678118654755,5.819507424745385,1627.5,998.0
3527,18.0,6.060143424630315,3.733808824722635,6.082762530298219,3.733808824722635,592.5,998.5
3528,13.0,4.318667337728677,3.6794648440311994,4.47213595499958,3.6794648440311994,683.6153846153846,997.6153846153846
3529,22.0,5.549807409530343,5.210571076212527,6.082762530298219,5.210571076212527,752.0909090909091,998.2272727272727
3530,31.0,12.153656669668413,3.335142710940356,11.180339887498949,3.335142710940356,1351.516129032258,1001.0
3531,39.0,8.570126655527284,6.697316387475943,8.54400374531753,6.697316387475943,1371.5897435897436,1000.2307692307693
3532,28.0,7.2280632232420094,5.80640040940045,7.615773105863909,5.80640040940045,1691.5,998.1428571428571
3533,7.0,3.0237157840738176,2.7994168488950604,3.1622776601683795,2.7994168488950604,457.0,997.7142857142857
3534,8.0,3.4641016151377544,2.7386127875258306,3.605551275463989,2.7386127875258306,737.125,997.875
3535,8.0,9.16515138991168,0.0,8.0,0.0,803.5,997.0
3536,5.0,3.098386676965933,1.7888543819998317,3.1622776601683795,1.7888543819998317,1205.8,997.6
3537,5.0,3.098386676965933,1.7888543819998317,3.1622776601683795,1.7888543819998317,536.8,998.6
3538,6.0,3.265986323710904,2.0,3.1622776601683795,2.0,582.0,998.5
3539,40.0,9.00626763284576,5.760828354113223,9.219544457292887,5.760828354113223,650.925,1000.975
3540,11.0,6.882693741053716,1.983510017828733,6.082762530298219,1.983510017828733,946.6363636363636,998.5454545454545
3541,103.0,18.33094327334395,9.20735917633432,18.24828759089466,9.20735917633432,1512.9029126213593,1005.7766990291262
3542,531.0,51.0334247934039,21.78752223939624,48.27007354458868,21.78752223939624,1724.3032015065914,1019.6685499058381
3543,25.0,6.572586041754425,4.979428955586664,7.0710678118654755,4.979428955586664,483.2,1001.52
3544,138.0,28.493617790632292,16.371254289256676,26.627053911388696,16.371254289256676,698.6086956521739,1010.6521739130435
3545,35.0,10.39884335756487,4.1973236964265785,10.04987562112089,4.1973236964265785,813.4571428571429,1003.4
3546,73.0,15.282290149348754,8.503182519007867,14.317821063276353,8.503182519007867,934.3972602739726,1004.4383561643835
3547,64.0,17.059538186320776,6.744173457100822,16.1245154965971,6.744173457100822,1255.421875,1005.34375
3548,728.0,62.31737675855947,34.84191219901622,64.40496875241847,34.84191219901622,1476.39010989011,1031.5343406593406
3549,61.0,17.40572080161621,4.4950666332433284,16.0312195418814,4.4950666332433284,1487.4262295081967,1001.4590163934427
3550,36.0,10.519822558706334,4.268749491621899,10.04987562112089,4.268749491621899,1499.5,1003.5
3551,26.0,7.083608881982362,5.114083119567588,7.211102550927978,5.114083119567588,1763.5,1001.3076923076923
3552,29.0,8.504440860756826,4.2611318058210035,8.246211251235321,4.2611318058210035,410.55172413793105,1003.6206896551724
3553,6.0,3.265986323710904,2.0,3.1622776601683795,2.0,465.5,1001.0
3554,27.0,8.660246637822219,4.4612480856933585,8.06225774829855,4.4612480856933585,538.925925925926,1003.3703703703703
3555,6.0,3.1269438398822857,2.309401076758503,3.1622776601683795,2.309401076758503,857.1666666666666,1000.8333333333334
3556,28.0,8.246211251235321,4.20883424647321,8.06225774829855,4.20883424647321,899.5,1003.5
3557,28.0,8.645684951480584,4.63648893872571,8.94427190999916,4.63648893872571,1205.5,1003.1428571428571
3558,44.0,9.645785930988515,6.697733961559312,10.0,6.697733961559312,1320.75,1004.4772727272727
3559,13.0,4.318667337728677,3.6794648440311994,4.47213595499958,3.6794648440311994,1451.3846153846155,1001.3846153846154
3560,9.0,3.885753375057407,2.7954428906961324,4.123105625617661,2.7954428906961324,1737.111111111111,1001.3333333333334
3561,18.0,7.097764472921567,3.0939225541184827,7.0710678118654755,3.0939225541184827,441.94444444444446,1003.8333333333334
3562,18.0,7.097764472921567,3.0939225541184827,7.0710678118654755,3.0939225541184827,887.9444444444445,1003.8333333333334
3563,41.0,12.0750185129442,4.457212325362526,12.36931687685298,4.457212325362526,1215.2682926829268,1006.2926829268292
3564,26.0,7.92586791733112,4.315600159800462,8.06225774829855,4.315600159800462,1640.6538461538462,1004.4615384615385
3565,5.0,3.098386676965933,1.7888543819998317,3.1622776601683795,1.7888543819998317,568.8,1002.4
3566,125.0,26.2990017994223,6.625217909924355,25.059928172283335,6.625217909924355,614.416,1012.016
3567,253.0,33.29014557549737,22.274673724477218,31.622776601683793,22.274673724477218,790.7193675889328,1014.9209486166008
3568,57.0,13.12407002341525,5.77073777965786,13.152946437965905,5.77073777965786,1558.3508771929824,1005.6315789473684
3569,72.0,16.56175102910208,6.769467246442182,15.524174696260024,6.769467246442182,1671.2916666666667,1009.3194444444445
3570,150.0,15.560035306566242,12.87995044558147,17.08800749063506,12.87995044558147,427.4,1010.4466666666667
3571,26.0,7.185343166586458,4.805490304798622,7.280109889280518,4.805490304798622,675.9615384615385,1005.5384615384615
3572,6.0,3.265986323710904,2.0,3.1622776601683795,2.0,838.0,1003.5
3573,108.0,27.919410589944775,8.802687539638383,24.515301344262525,8.802687539638383,1445.3796296296296,1007.6296296296297
3574,6.0,3.265986323710904,2.0,3.1622776601683795,2.0,587.5,1006.0
3575,41.0,13.019395182417973,5.1931567226627715,12.36931687685298,5.1931567226627715,627.1951219512196,1010.780487804878
3576,17.0,5.641195878283937,4.496491026809884,6.082762530298219,4.496491026809884,1648.5294117647059,1006.7647058823529
3577,73.0,10.416066693200577,9.864622211792897,12.041594578792296,9.864622211792897,731.7123287671233,1010.8356164383562
3578,19.0,11.001418841198687,1.9887013513863865,10.04987562112089,1.9887013513863865,366.4736842105263,1011.7368421052631
3579,6.0,3.1269438398822857,2.309401076758503,3.1622776601683795,2.309401076758503,560.1666666666666,1008.1666666666666
3580,96.0,20.04548701222519,7.632713249809808,19.697715603592208,7.632713249809808,567.9479166666666,1013.8854166666666
3581,24.0,8.903305373477846,4.194313357119566,9.486832980505138,4.194313357119566,595.2083333333334,1009.6666666666666
3582,40.0,9.782222967641742,5.224759689339062,10.198039027185569,5.224759689339062,874.85,1008.875
3583,29.0,7.85096029019431,5.007817591359722,8.06225774829855,5.007817591359722,1224.0,1009.448275862069
3584,26.0,7.804780514389145,4.239454574200383,7.615773105863909,4.239454574200383,1293.3846153846155,1009.8076923076923
3585,37.0,9.656422245126208,5.833428915777703,10.04987562112089,5.833428915777703,1606.8648648648648,1011.0
3586,38.0,11.501179315732424,4.145537145592229,11.045361017187261,4.145537145592229,1634.578947368421,1011.8157894736842
3587,45.0,10.589244024417756,5.589607630278592,10.44030650891055,5.589607630278592,1656.9333333333334,1010.8888888888889
3588,240.0,48.001697695185385,11.557684626930698,44.91102314577124,11.557684626930698,495.7875,1016.0916666666667
3589,8.0,4.47213595499958,2.0,4.123105625617661,2.0,544.5,1009.5
3590,385.0,41.7163920807427,18.088126615618922,42.720018726587654,18.088126615618922,717.0467532467533,1026.148051948052
3591,26.0,9.946738227430808,3.507848654839957,9.486832980505138,3.507848654839957,755.3846153846154,1009.7692307692307
3592,22.0,6.7414751252203455,4.062379396262226,7.0710678118654755,4.062379396262226,951.4090909090909,1010.7727272727273
3593,60.0,13.218400451601516,8.082525770725026,13.341664064126334,8.082525770725026,1524.7,1015.2
3594,53.0,11.930745911989096,6.248199776956687,11.40175425099138,6.248199776956687,1542.811320754717,1011.2075471698113
3595,20.0,7.353953017966837,3.6220677809141635,7.615773105863909,3.6220677809141635,1623.8,1010.4
3596,225.0,25.127534580398834,15.695322366312386,25.709920264364882,15.695322366312386,3239.1022222222223,1021.1244444444444
3597,26.0,11.101330762174605,3.0542597541915018,10.44030650891055,3.0542597541915018,944.3461538461538,1013.3076923076923
3598,10.0,4.09878030638384,2.9933259094191533,4.123105625617661,2.9933259094191533,1408.5,1009.8
3599,11.0,6.410747983365109,1.964939688573319,6.082762530298219,1.964939688573319,1582.5454545454545,1011.2727272727273
3600,10.0,4.09878030638384,2.9933259094191533,4.123105625617661,2.9933259094191533,408.8,1011.5
3601,20.0,6.0,4.09878030638384,6.082762530298219,4.09878030638384,577.5,1011.5
3602,50.0,11.62361142659999,5.886565841253639,12.041594578792296,5.886565841253639,663.98,1013.64
3603,20.0,5.656854249492381,4.47213595499958,5.830951894845301,4.47213595499958,1337.0,1011.5
3604,53.0,15.403790377828388,5.667466842264528,15.297058540778355,5.667466842264528,1566.132075471698,1013.2641509433962
3605,7.0,4.99392736656725,1.772659614960501,5.0,1.772659614960501,0.2857142857142857,1013.1428571428571
3606,12.0,5.04402536508653,3.000375403313416,5.0990195135927845,3.000375403313416,550.9166666666666,1013.4166666666666
3607,182.0,23.348450757381926,12.488795049996432,24.20743687382041,12.488795049996432,751.9725274725274,1020.8406593406594
3608,49.0,12.680233392027855,6.617635947239698,12.206555615733702,6.617635947239698,1204.7755102040817,1014.2857142857143
3609,85.0,15.940025597497097,10.883618966401233,15.652475842498529,10.883618966401233,1647.6352941176472,1016.6470588235294
3610,31.0,6.80663269166524,5.872441422287169,7.211102550927978,5.872441422287169,1773.1290322580646,1013.6451612903226
3611,29.0,8.119168775765203,4.707941243990843,8.06225774829855,4.707941243990843,858.9310344827586,1013.7241379310345
3612,18.0,5.333333333333333,4.216370213557839,5.385164807134504,4.216370213557839,1266.6666666666667,1014.0
3613,11.0,4.854444919780395,2.858303992038103,5.0990195135927845,2.858303992038103,1766.1818181818182,1014.2727272727273
3614,50.0,12.341921958008498,7.3406377367656335,11.40175425099138,7.3406377367656335,1227.88,1016.76
3615,6.0,3.265986323710904,2.0,3.1622776601683795,2.0,1613.5,1014.0
3616,8.0,3.4641016151377544,2.8284271247461903,4.0,2.8284271247461903,414.5,1015.0
3617,6.0,4.363338213437162,1.65500979239906,4.123105625617661,1.65500979239906,583.3333333333334,1015.8333333333334
3618,65.0,18.5065801202495,4.605243468125771,18.24828759089466,4.605243468125771,673.2,1021.8307692307692
3619,14.0,8.507463906277225,2.274660038676887,8.06225774829855,2.274660038676887,770.7857142857143,1014.5
3620,237.0,25.566807584194187,19.83879861544898,28.635642126552707,19.83879861544898,1505.1772151898733,1024.198312236287
3621,60.0,13.577888524447474,6.494856845219904,13.0,6.494856845219904,464.46666666666664,1018.7
3622,35.0,8.240705579676296,5.358890773714476,8.246211251235321,5.358890773714476,651.6,1017.0285714285715
3623,36.0,10.519822558706334,4.268749491621899,10.04987562112089,4.268749491621899,1459.5,1019.5
3624,39.0,9.293549631623863,5.281250344238719,9.219544457292887,5.281250344238719,1683.179487179487,1017.0769230769231
3625,36.0,10.519822558706334,4.268749491621899,10.04987562112089,4.268749491621899,1787.5,1019.5
3626,8.0,3.4641016151377544,2.7386127875258306,3.605551275463989,2.7386127875258306,359.125,1017.125
3627,14.0,4.886449919442067,3.65336789561399,5.0990195135927845,3.65336789561399,712.7142857142857,1017.1428571428571
3628,31.0,9.31049431304841,4.1959574366364425,9.219544457292887,4.1959574366364425,867.6129032258065,1020.0967741935484
3629,48.0,9.363834460741474,6.655135341527822,9.486832980505138,6.655135341527822,972.625,1019.8333333333334
3630,28.0,8.246211251235321,4.20883424647321,8.06225774829855,4.20883424647321,1451.5,1017.5
3631,23.0,7.610212274206421,3.9930918550752175,7.615773105863909,3.9930918550752175,1551.7391304347825,1018.5217391304348
3632,74.0,13.504276246329106,8.20098437289409,14.422205101855956,8.20098437289409,1692.1351351351352,1022.6891891891892
3633,50.0,12.069809786376458,6.7230715986586835,11.40175425099138,6.7230715986586835,594.46,1022.28
3634,40.0,8.704071051021618,5.792162561493539,8.94427190999916,5.792162561493539,880.375,1020.45
3635,16.0,8.122714242240505,2.81007354688507,7.280109889280518,2.81007354688507,1532.6875,1020.1875
3636,31.0,7.41073206087767,5.347341171643986,7.615773105863909,5.347341171643986,1598.0967741935483,1019.6451612903226
3637,27.0,7.811725553869515,4.378866832323126,7.615773105863909,4.378866832323126,609.5555555555555,1021.1111111111111
3638,36.0,10.519822558706334,4.268749491621899,10.04987562112089,4.268749491621899,1611.5,1019.5
3639,24.0,6.345581823718531,4.799911131890732,6.708203932499369,4.799911131890732,1712.7083333333333,1020.5
3640,15.0,5.9825936213138124,3.0484451785557374,6.082762530298219,3.0484451785557374,1703.0666666666666,1021.3333333333334
3641,103.0,16.55827537859333,10.434240739520202,17.46424919657298,10.434240739520202,355.873786407767,1026.0679611650485
3642,10.0,4.09878030638384,2.9933259094191533,4.123105625617661,2.9933259094191533,432.5,1021.2
3643,123.0,28.50963800370481,9.811297037424628,23.021728866442675,9.811297037424628,535.9268292682926,1028.821138211382
3644,24.0,6.081140986576509,4.932066489508719,6.324555320336759,4.932066489508719,547.3333333333334,1021.875
3645,62.0,19.801590212266564,6.880656586043452,16.278820596099706,6.880656586043452,683.4032258064516,1025.967741935484
3646,17.0,5.366359905713176,4.0470547254255615,6.082762530298219,4.0470547254255615,796.5882352941177,1021.6470588235294
3647,240.0,33.616283608247365,19.73000897484989,31.04834939252005,19.73000897484989,1641.6166666666666,1036.1916666666666
3648,6.0,3.126943839882286,2.309401076758503,3.1622776601683795,2.309401076758503,804.8333333333334,1021.8333333333334
3649,20.0,7.731010827707836,3.198667157092813,7.280109889280518,3.198667157092813,835.15,1021.95
3650,11.0,4.0,3.4688698233343476,4.123105625617661,3.4688698233343476,1566.3636363636363,1022.4545454545455
3651,34.0,9.796401274138269,4.475547125889988,9.486832980505138,4.475547125889988,1632.735294117647,1024.9411764705883
3652,6.0,3.265986323710904,2.0,3.1622776601683795,2.0,553.5,1024.0
3653,72.0,18.46743212379782,5.863961930158863,16.76305461424021,5.863961930158863,663.9722222222222,1030.75
3654,399.0,49.56515460200909,23.010495930677166,50.80354318352215,23.010495930677166,686.7944862155389,1046.187969924812
3655,13.0,4.318667337728677,3.6794648440311994,4.47213595499958,3.6794648440311994,741.6153846153846,1024.6153846153845
3656,32.0,12.610193096914902,4.468490243753451,10.770329614269007,4.468490243753451,769.53125,1027.75
3657,10.0,3.9191835884530852,3.0983866769659336,4.123105625617661,3.0983866769659336,905.0,1024.8
3658,41.0,9.596747416474487,5.373829991773819,9.219544457292887,5.373829991773819,1212.0,1025.0
3659,69.0,14.29225936389402,6.802967484385339,14.7648230602334,6.802967484385339,1228.144927536232,1026.9710144927535
3660,17.0,5.487954724560283,3.880570000581328,5.385164807134504,3.880570000581328,1238.0,1025.0
3661,14.0,5.1042495809135255,3.497477734233398,5.0990195135927845,3.497477734233398,1557.0,1024.5
3662,357.0,40.65500031965355,16.801287235030436,37.33630940518894,16.801287235030436,3220.4285714285716,1038.9411764705883
3663,343.0,57.72095669713892,14.135268514434275,50.21951811795888,14.135268514434275,479.7201166180758,1046.795918367347
3664,32.0,9.38083151964686,4.242640687119285,9.055385138137417,4.242640687119285,851.5,1028.0
3665,9.0,3.885753375057407,2.7954428906961324,4.123105625617661,2.7954428906961324,893.6666666666666,1025.111111111111
3666,220.0,24.70405809439339,20.724459768039818,26.076809620810597,20.724459768039818,1620.3181818181818,1034.3727272727272
3667,67.0,11.623033972287947,8.007444045291509,13.038404810405298,8.007444045291509,636.4477611940298,1028.2238805970148
3668,7.0,8.0,0.0,7.0,0.0,813.0,1028.0
3669,30.0,8.69840342949338,4.351245032554859,8.246211251235321,4.351245032554859,1547.5,1028.2666666666667
3670,42.0,12.254778568613427,4.731042222480906,11.180339887498949,4.731042222480906,1779.642857142857,1027.6666666666667
3671,213.0,33.47399889946136,13.530380588316483,32.984845004941285,13.530380588316483,514.5962441314554,1038.4460093896714
3672,31.0,7.950973265761202,5.1175083754835615,8.246211251235321,5.1175083754835615,562.8709677419355,1029.483870967742
3673,663.0,60.91353581558686,23.25971453400306,59.50630218724736,23.25971453400306,1747.8597285067874,1053.395173453997
3674,128.0,19.401675729207724,13.637600910210411,19.72308292331602,13.637600910210411,463.421875,1033.9140625
3675,12.0,4.47213595499958,3.265986323710904,4.47213595499958,3.265986323710904,599.0,1029.5
3676,28.0,11.112043319044735,4.0823216946402425,9.486832980505138,4.0823216946402425,803.0,1029.75
3677,43.0,10.252130658275725,6.07838947321917,10.816653826391969,6.07838947321917,842.7209302325581,1030.7906976744187
3678,13.0,4.318667337728677,3.6794648440311994,4.47213595499958,3.6794648440311994,1542.3846153846155,1029.6153846153845
3679,20.0,6.257452020932036,4.0993041123748775,6.324555320336759,4.0993041123748775,362.3,1030.75
3680,75.0,21.488598565178076,5.460496368785137,19.1049731745428,5.460496368785137,1554.44,1037.6133333333332
3681,62.0,9.639121648913436,9.091907175345941,11.180339887498949,9.091907175345941,586.6612903225806,1034.6290322580646
3682,46.0,12.49121381023352,5.251322008793313,11.40175425099138,5.251322008793313,347.3695652173913,1036.5869565217392
3683,16.0,6.324555320336759,3.122498999199199,6.082762530298219,3.122498999199199,427.5,1031.875
3684,596.0,54.1981808319786,23.967651648300514,52.92447448959697,23.967651648300514,439.9546979865772,1053.2382550335572
3685,13.0,4.318667337728677,3.6794648440311994,4.47213595499958,3.6794648440311994,608.6153846153846,1032.6153846153845
3686,22.0,6.402478858785094,4.30644337539164,6.324555320336759,4.30644337539164,1467.5,1033.2727272727273
3687,50.0,11.802246932951478,5.605405189068618,11.704699910719626,5.605405189068618,1517.02,1036.1
3688,24.0,6.782493609210988,4.579301547532586,7.280109889280518,4.579301547532586,1560.75,1033.4583333333333
3689,41.0,9.596747416474487,5.373829991773819,9.219544457292887,5.373829991773819,1667.0,1033.0
3690,1195.0,70.75283153849685,37.95145575492536,69.28924880528002,37.95145575492536,1664.457740585774,1061.1305439330545
3691,29.0,8.504440860756826,4.2611318058210035,8.246211251235321,4.2611318058210035,1747.551724137931,1034.6206896551723
3692,12.0,4.464216783173839,3.409739589526534,4.47213595499958,3.409739589526534,1765.5,1032.6666666666667
3693,6.0,3.265986323710904,2.0,3.1622776601683795,2.0,521.5,1033.0
3694,8.0,4.47213595499958,2.0,4.123105625617661,2.0,553.5,1032.5
3695,32.0,9.38083151964686,4.242640687119285,9.055385138137417,4.242640687119285,625.5,1036.0
3696,25.0,7.374269390775276,4.220444402225297,7.280109889280518,4.220444402225297,651.44,1035.12
3697,26.0,7.605665904189708,4.307692307692308,7.280109889280518,4.307692307692308,746.0,1033.6153846153845
3698,37.0,9.062704386011651,5.3187964053476176,8.94427190999916,5.3187964053476176,820.8378378378378,1035.1351351351352
3699,8.0,3.4641016151377544,2.7386127875258306,3.605551275463989,2.7386127875258306,873.125,1033.125
3700,57.0,10.397507528551856,7.147321461626378,10.816653826391969,7.147321461626378,1534.5087719298247,1035.140350877193
3701,11.0,4.0,3.4688698233343476,4.123105625617661,3.4688698233343476,1632.3636363636363,1033.4545454545455
3702,28.0,8.246211251235321,4.20883424647321,8.06225774829855,4.20883424647321,1693.5,1035.5
3703,51.0,11.487888841785624,6.588407277831656,11.180339887498949,6.588407277831656,1702.8039215686274,1036.9803921568628
3704,33.0,9.405885513873532,6.005157484556166,9.433981132056603,6.005157484556166,1388.3333333333333,1036.121212121212
3705,26.0,7.549442551621722,4.332347027793453,7.280109889280518,4.332347027793453,1571.5,1035.7692307692307
3706,15.0,4.9746021616473675,3.771236166328254,5.0990195135927845,3.771236166328254,405.93333333333334,1035.4
3707,10.0,7.620592515937935,1.8779163202951143,7.0710678118654755,1.8779163202951143,486.9,1037.2
3708,30.0,9.030237794147968,4.51187628413766,8.602325267042627,4.51187628413766,1232.0666666666666,1036.6
3709,35.0,9.545250236428338,4.6790930969237,9.219544457292887,4.6790930969237,569.8,1037.8
3710,24.0,5.773502691896258,5.286250509051237,6.324555320336759,5.286250509051237,613.0416666666666,1038.2916666666667
3711,5.0,3.098386676965933,1.7888543819998317,3.1622776601683795,1.7888543819998317,1492.6,1037.2
3712,41.0,8.302189314174177,6.467362347402502,8.94427190999916,6.467362347402502,1604.0731707317073,1039.219512195122
3713,9.0,3.265986323710904,3.265986323710904,3.605551275463989,3.265986323710904,497.0,1038.0
3714,16.0,6.324555320336759,3.122498999199199,6.082762530298219,3.122498999199199,427.5,1039.125
3715,9.0,4.0171906061502325,2.8906758369544234,4.123105625617661,2.8906758369544234,1238.888888888889,1039.111111111111
3716,180.0,24.84401350216072,14.516646230993352,25.96150997149434,14.516646230993352,551.5666666666667,1052.838888888889
3717,39.0,10.322705530338373,4.901991609241835,10.198039027185569,4.901991609241835,643.6153846153846,1041.1538461538462
3718,75.0,21.737763997570326,5.3853561470324065,19.4164878389476,5.3853561470324065,699.2133333333334,1048.4266666666667
3719,14.0,4.981598792617912,3.625307868699863,5.0990195135927845,3.625307868699863,731.5,1040.857142857143
3720,73.0,16.081605842614557,8.161262048335608,15.132745950421556,8.161262048335608,794.3150684931506,1046.5479452054794
3721,57.0,14.933504179793266,5.498425346411418,14.142135623730951,5.498425346411418,804.2280701754386,1045.877192982456
3722,79.0,11.249208080352531,9.262040427107598,12.206555615733702,9.262040427107598,835.9746835443038,1044.240506329114
3723,32.0,7.67050059372343,5.374213490520125,7.615773105863909,5.374213490520125,1593.46875,1041.78125
3724,590.0,53.31272852844524,31.49079432304754,55.036351623268054,31.49079432304754,3244.2135593220337,1067.1389830508474
3725,28.0,8.96474021767604,4.2905644190086925,8.54400374531753,4.2905644190086925,1525.5714285714287,1043.0
3726,664.0,41.73288201776639,36.41312481105826,46.06517122512408,36.41312481105826,1571.367469879518,1057.1822289156626
3727,32.0,9.38083151964686,4.242640687119285,9.055385138137417,4.242640687119285,1665.5,1044.0
3728,6.0,4.363338213437162,1.65500979239906,4.123105625617661,1.65500979239906,3229.3333333333335,1041.1666666666667
3729,18.0,7.097764472921567,3.0939225541184827,7.0710678118654755,3.0939225541184827,1392.0555555555557,1043.8333333333333
3730,11.0,6.410747983365109,1.9649396885733192,6.082762530298219,1.9649396885733192,556.2727272727273,1042.5454545454545
3731,106.0,16.755450755453218,14.93919001430362,18.110770276274835,14.93919001430362,660.7735849056604,1048.7075471698113
3732,25.0,7.374269390775276,4.220444402225298,7.280109889280518,4.220444402225298,1539.88,1043.56
3733,12.0,4.268749491621899,3.8297084310253524,4.47213595499958,3.8297084310253524,1710.8333333333333,1043.5
3734,182.0,22.297750296667374,13.245767287281165,22.80350850198276,13.245767287281165,1513.1043956043957,1055.5824175824175
3735,31.0,13.682429026947984,3.748087493100171,12.649110640673518,3.748087493100171,3140.8387096774195,1048.516129032258
3736,10.0,3.9191835884530852,3.0983866769659336,4.123105625617661,3.0983866769659336,534.2,1046.0
3737,13.0,4.318667337728677,3.6794648440311994,4.47213595499958,3.6794648440311994,581.6153846153846,1046.3846153846155
3738,7.0,4.155374705678736,1.9054711331003737,4.123105625617661,1.9054711331003737,1704.2857142857142,1046.4285714285713
3739,32.0,9.33916780702478,4.331780196666492,9.219544457292887,4.331780196666492,574.53125,1051.25
3740,87.0,13.033855398605663,9.79380350143233,13.416407864998739,9.79380350143233,596.471264367816,1053.5402298850574
3741,14.0,4.742873420478221,3.686025552052299,5.0990195135927845,3.686025552052299,672.6428571428571,1049.2142857142858
3742,134.0,16.14498768892493,11.370533287228856,17.08800749063506,11.370533287228856,1234.5149253731342,1051.2388059701493
3743,174.0,20.45316880586552,11.110467710594746,20.248456731316587,11.110467710594746,1531.7471264367816,1056.442528735632
3744,30.0,9.24560277006072,4.071983747569206,9.219544457292887,4.071983747569206,1717.5666666666666,1051.0
3745,36.0,10.519822558706334,4.268749491621899,10.04987562112089,4.268749491621899,1731.5,1051.5
3746,12.0,5.767613069995377,2.6793812567947373,6.0,2.6793812567947373,718.8333333333334,1050.3333333333333
3747,27.0,8.218638618610973,4.133398193789031,8.246211251235321,4.133398193789031,1617.3703703703704,1051.4074074074074
3748,24.0,7.741151262595673,4.036929445981889,8.246211251235321,4.036929445981889,705.5833333333334,1052.75
3749,10.0,4.09878030638384,2.9933259094191533,4.123105625617661,2.9933259094191533,1624.8,1050.5
3750,35.0,7.15151482504116,6.228597558355427,7.615773105863909,6.228597558355427,518.5714285714286,1053.3714285714286
3751,12.0,3.8297084310253524,3.8297084310253524,4.123105625617661,3.8297084310253524,605.5,1051.5
3752,48.0,12.488888011058027,6.330583492724994,12.529964086141668,6.330583492724994,539.1041666666666,1054.4166666666667
3753,97.0,20.531364872746934,11.432422146921242,18.681541692269406,11.432422146921242,625.8556701030927,1061.020618556701
3754,13.0,4.318667337728677,3.6794648440311994,4.47213595499958,3.6794648440311994,678.3846153846154,1053.6153846153845
3755,16.0,5.654620339080162,3.4946772126851653,5.830951894845301,3.4946772126851653,711.625,1054.1875
3756,18.0,5.693388843125944,3.935296437229382,6.082762530298219,3.935296437229382,785.3888888888889,1054.7222222222222
3757,11.0,4.346129984141888,3.067356324605907,4.47213595499958,3.067356324605907,467.09090909090907,1054.6363636363637
3758,25.0,9.660119455154884,3.7412955125381524,8.94427190999916,3.7412955125381524,1629.08,1055.92
3759,65.0,10.781878895523779,7.778963357299711,10.770329614269007,7.778963357299711,418.3076923076923,1059.5076923076922
3760,47.0,10.289975581622349,7.195112180385388,11.40175425099138,7.195112180385388,494.8723404255319,1058.787234042553
3761,14.0,4.670747566819227,4.137981715432822,5.385164807134504,4.137981715432822,632.1428571428571,1056.7857142857142
3762,35.0,10.328689448358404,4.258078851296622,10.198039027185569,4.258078851296622,795.4857142857143,1059.857142857143
3763,29.0,8.504440860756826,4.2611318058210035,8.246211251235321,4.2611318058210035,1221.551724137931,1058.6206896551723
3764,17.0,5.487954724560283,3.880570000581328,5.385164807134504,3.880570000581328,1737.0,1057.0
3765,203.0,27.583485526024813,11.756278132892081,28.319604517012593,11.756278132892081,575.9113300492611,1066.9458128078818
3766,285.0,32.715212478780245,20.788332344489227,32.2490309931942,20.788332344489227,716.0421052631579,1073.9684210526316
3767,22.0,8.591750800516843,3.1701083225750346,8.06225774829855,3.1701083225750346,1767.909090909091,1059.5
3768,6.0,3.265986323710904,2.0,3.1622776601683795,2.0,615.5,1058.0
3769,37.0,7.918503817180535,6.216921229115622,8.06225774829855,6.216921229115622,473.4594594594595,1061.5405405405406
3770,20.0,6.0,4.09878030638384,6.082762530298219,4.09878030638384,702.5,1059.5
3771,12.0,3.8297084310253524,3.8297084310253524,4.123105625617661,3.8297084310253524,789.5,1059.5
3772,25.0,6.132060986158656,5.17264227083518,6.324555320336759,5.17264227083518,1478.2,1060.76
3773,10.0,4.09878030638384,2.9933259094191533,4.123105625617661,2.9933259094191533,3222.2,1059.5
3774,32.0,9.732454379154689,4.401486312335041,10.198039027185569,4.401486312335041,524.28125,1061.40625
3775,6.0,3.265986323710904,2.0,3.1622776601683795,2.0,859.5,1060.0
3776,26.0,6.6428781874930865,5.115469418762489,7.0710678118654755,5.115469418762489,1239.7307692307693,1061.7307692307693
3777,200.0,33.794482039241245,17.187524071238453,30.083217912982647,17.187524071238453,679.26,1072.255
3778,36.0,9.199012611564013,5.622520331090034,9.219544457292887,5.622520331090034,1591.2777777777778,1063.361111111111
3779,14.0,5.449353665897314,3.1458514520977277,5.385164807134504,3.1458514520977277,1623.9285714285713,1062.142857142857
3780,571.0,34.63468313459735,23.26124199252047,39.20459156782532,23.26124199252047,554.8739054290718,1080.6584938704027
3781,73.0,19.13295249154825,6.44804949709703,17.88854381999832,6.44804949709703,592.5890410958904,1069.5205479452054
3782,10.0,3.9191835884530852,3.0983866769659336,4.123105625617661,3.0983866769659336,697.2,1063.0
3783,33.0,17.018952363344088,3.085687603123257,17.11724276862369,3.085687603123257,1631.7575757575758,1068.6969696969697
3784,98.0,13.295917899660994,12.742537155906431,14.866068747318506,12.742537155906431,1757.030612244898,1066.530612244898
3785,6.0,3.265986323710904,2.0,3.1622776601683795,2.0,3216.0,1062.5
3786,159.0,17.55114435112851,13.87245937553152,18.973665961010276,13.87245937553152,3141.62893081761,1068.9433962264152
3787,16.0,4.898979485566356,4.0,5.0990195135927845,4.0,461.0,1065.5
3788,13.0,7.554371880072024,1.9753176197160076,7.0710678118654755,1.9753176197160076,799.5384615384615,1067.2307692307693
3789,31.0,7.343069402188968,5.344163262307683,7.615773105863909,5.344163262307683,1544.967741935484,1067.1935483870968
3790,5.0,3.098386676965933,1.7888543819998317,3.1622776601683795,1.7888543819998317,1718.8,1064.4
3791,30.0,8.69840342949338,4.351245032554859,8.246211251235321,4.351245032554859,907.5,1068.2666666666667
3792,18.0,5.258737584977436,4.268749491621899,5.385164807134504,4.268749491621899,1496.7777777777778,1067.5
3793,12.0,3.8297084310253524,3.8297084310253524,4.123105625617661,3.8297084310253524,1713.5,1067.5
3794,207.0,24.95852350052742,14.351363942845277,23.769728648009426,14.351363942845277,1514.8937198067633,1075.5893719806763
3795,43.0,10.733809513769076,5.59958669728599,10.816653826391969,5.59958669728599,1529.5116279069769,1074.139534883721
3796,10.0,3.9191835884530852,3.0983866769659336,4.123105625617661,3.0983866769659336,423.0,1072.2
3797,6.0,3.8297084310253524,1.8856180831641272,4.0,1.8856180831641272,784.6666666666666,1072.5
3798,18.0,10.712522354527785,1.9518621975719517,10.04987562112089,1.9518621975719517,792.5555555555555,1075.9444444444443
3799,78.0,13.029628172887495,7.68452551206598,13.601470508735444,7.68452551206598,1563.8333333333333,1075.6025641025642
3800,36.0,10.519822558706334,4.268749491621899,10.04987562112089,4.268749491621899,1627.5,1075.5
3801,32.0,8.80793840234194,4.666861482897273,8.54400374531753,4.666861482897273,929.34375,1075.625
3802,20.0,5.6080087285383815,4.577143006356403,5.830951894845301,4.577143006356403,1576.85,1074.45
3803,8.0,3.4641016151377544,2.8284271247461903,4.0,2.8284271247461903,567.0,1075.5
3804,18.0,5.258737584977436,4.268749491621899,5.385164807134504,4.268749491621899,896.7777777777778,1075.5
3805,201.0,23.904400965279372,13.362466320893011,25.632011235952593,13.362466320893011,1554.228855721393,1089.8606965174129
3806,10.0,3.9191835884530852,3.0983866769659336,4.123105625617661,3.0983866769659336,601.2,1078.0
3807,181.0,21.52092135213562,16.510895143802117,22.135943621178654,16.510895143802117,1668.8508287292818,1085.745856353591
3808,8.0,3.4641016151377544,2.7386127875258306,3.605551275463989,2.7386127875258306,901.875,1078.875
3809,50.0,9.879976655987829,7.52375313770565,10.295630140987,7.52375313770565,688.96,1082.86
3810,130.0,22.540183924868167,15.370816573111496,25.079872407968907,15.370816573111496,692.5615384615385,1092.2384615384615
3811,52.0,12.055384226231865,6.458718792146509,12.206555615733702,6.458718792146509,1575.7884615384614,1083.7692307692307
3812,78.0,22.688655708579322,4.880900811924101,21.213203435596427,4.880900811924101,432.7564102564103,1083.7820512820513
3813,13.0,4.318667337728677,3.6794648440311994,4.47213595499958,3.6794648440311994,1469.6153846153845,1083.6153846153845
3814,63.0,16.122854536305148,5.894524877469061,14.7648230602334,5.894524877469061,1524.1587301587301,1088.2539682539682
3815,31.0,6.714750428158522,6.005075354848569,7.280109889280518,6.005075354848569,419.61290322580646,1089.0645161290322
3816,38.0,11.04059494964403,4.365566600700574,10.198039027185569,4.365566600700574,1635.5,1088.421052631579
3817,5.0,3.098386676965933,1.7888543819998317,3.1622776601683795,1.7888543819998317,704.8,1088.6
3818,19.0,7.347338259627431,3.178877656956105,7.0710678118654755,3.178877656956105,1595.6842105263158,1089.0
3819,13.0,4.318667337728677,3.6794648440311994,4.47213595499958,3.6794648440311994,3254.3846153846152,1089.3846153846155
3820,138.0,23.066782323656053,14.605503712584062,21.02379604162864,14.605503712584062,431.3985507246377,1097.9855072463768
3821,10.0,4.0,3.149603149604724,4.123105625617661,3.149603149604724,3131.7,1095.3
3822,53.0,9.518715384766798,7.626374653377065,9.848857801796104,7.626374653377065,550.4905660377359,1102.3207547169811
3823,26.0,7.399095438449666,4.5429067872155064,7.280109889280518,4.5429067872155064,669.8846153846154,1103.076923076923
3824,15.0,7.892663771031133,2.443875050840218,7.211102550927978,2.443875050840218,3141.6,1103.8
3825,7.0,3.0237157840738176,2.799416848895061,3.1622776601683795,2.799416848895061,3185.285714285714,1104.0
3826,38.0,11.04059494964403,4.365566600700572,10.198039027185569,4.365566600700572,3261.5789473684213,1107.5
3827,38.0,8.837718209916785,5.489854657012756,8.54400374531753,5.489854657012756,687.8947368421053,1107.5
3828,5.0,3.098386676965933,1.7888543819998317,3.1622776601683795,1.7888543819998317,1542.6,1115.8
3829,31.0,9.31049431304841,4.1959574366364425,9.219544457292887,4.1959574366364425,1551.3870967741937,1131.0967741935483
3830,15.0,4.618802153517006,4.026578365477733,5.0,4.026578365477733,3261.6,1172.4
3831,98.0,20.444593825243448,6.898641994742848,19.235384061671343,6.898641994742848,3215.938775510204,1353.0
3832,15.0,5.9825936213138124,3.0484451785557374,6.082762530298219,3.0484451785557374,3223.0666666666666,1363.3333333333333
3833,68.0,15.60696301141631,7.000781445981636,15.231546211727817,7.000781445981636,3236.544117647059,1368.5735294117646
3834,94.0,20.72866562876698,10.775166957918094,20.12461179749811,10.775166957918094,3225.553191489362,1373.5531914893618
3835,29.0,11.747975108840375,3.286091648335209,10.44030650891055,3.286091648335209,3240.344827586207,1377.551724137931
3836,78.0,13.324559870050338,7.534960576981348,13.92838827718412,7.534960576981348,3211.769230769231,1381.6153846153845
3837,6.0,3.265986323710904,2.0,3.1622776601683795,2.0,3262.0,1376.5
3838,24.0,6.289320754704402,5.033222956847166,6.324555320336759,5.033222956847166,3248.1666666666665,1379.5
3839,63.0,16.408890984952432,5.167001656412144,15.297058540778355,5.167001656412144,3219.84126984127,1384.7777777777778
3840,9.0,3.265986323710904,3.265986323710904,3.605551275463989,3.265986323710904,3262.0,1383.0
3841,70.0,18.232687037237003,5.18618070847375,17.11724276862369,5.18618070847375,3229.342857142857,1391.7142857142858
3842,26.0,7.829493173053266,4.139674682338879,8.06225774829855,4.139674682338879,3243.423076923077,1387.2692307692307
3843,274.0,32.36209848239867,20.599891069441824,30.083217912982647,20.599891069441824,3218.434306569343,1408.1824817518248
3844,31.0,7.784535548236844,5.142340925105635,7.615773105863909,5.142340925105635,3245.0967741935483,1397.741935483871
3845,45.0,14.516744854096356,4.425506354688461,13.601470508735444,4.425506354688461,3238.4666666666667,1407.6222222222223
3846,473.0,33.09931398228084,24.226870024997996,38.05259518088089,24.226870024997996,3185.120507399577,1421.9196617336152
3847,20.0,5.312338211299225,4.93751584592598,5.830951894845301,4.93751584592598,3246.4,1408.95
3848,7.0,4.155374705678736,1.9054711331003737,4.123105625617661,1.9054711331003737,3255.5714285714284,1408.7142857142858
3849,29.0,17.000089192297064,1.9858146250469506,16.0,1.9858146250469506,3262.551724137931,1420.7241379310344
3850,69.0,19.972731214986098,4.390264553848359,18.110770276274835,4.390264553848359,3115.521739130435,1423.376811594203
3851,9.0,3.265986323710904,3.265986323710904,3.605551275463989,3.265986323710904,3110.0,1417.0
3852,25.0,6.455771282721419,5.228825599041284,6.708203932499369,5.228825599041284,3166.92,1419.4
3853,67.0,17.564730851220055,6.0375072017966005,16.278820596099706,6.0375072017966005,3254.6716417910447,1425.865671641791
3854,34.0,6.809841606289649,6.433565355197641,7.615773105863909,6.433565355197641,3245.294117647059,1421.6764705882354
3855,4732.0,131.41430068749597,86.17064620430621,150.5257453062432,86.17064620430621,3146.1468723584107,1497.8193153000846
3856,17.0,5.487954724560283,3.880570000581328,5.385164807134504,3.880570000581328,3217.0,1425.0
3857,17.0,5.487954724560283,3.880570000581328,5.385164807134504,3.880570000581328,3238.0,1425.0
3858,54.0,17.869107832027268,4.377057701401827,16.492422502470642,4.377057701401827,3142.5185185185187,1431.9444444444443
3859,184.0,30.775663390241796,14.395239130358668,28.460498941515414,14.395239130358668,3224.7934782608695,1434.8967391304348
3860,43.0,11.328818544608106,4.890991395419895,12.041594578792296,4.890991395419895,3120.8837209302324,1435.9302325581396
3861,13.0,4.318667337728677,3.6794648440311994,4.47213595499958,3.6794648440311994,3133.6153846153848,1432.6153846153845
3862,153.0,23.836244051480186,11.998799703510917,22.360679774997898,11.998799703510917,3202.9411764705883,1442.0653594771243
3863,59.0,26.253053027577053,7.961691109170231,25.179356624028344,7.961691109170231,3126.6101694915255,1446.3389830508474
3864,13.0,4.318667337728677,3.6794648440311994,4.47213595499958,3.6794648440311994,3253.6153846153848,1440.3846153846155
3865,5.0,3.098386676965933,1.7888543819998317,3.1622776601683795,1.7888543819998317,3136.8,1440.6
3866,1641.0,78.31996447958586,37.378745445977074,80.77747210701756,37.378745445977074,3224.0877513711152,1476.2528945764777
3867,11.0,5.406498133144968,2.6459748477598315,5.385164807134504,2.6459748477598315,3190.5454545454545,1448.2727272727273
3868,24.0,7.487020676387577,3.993059151996737,8.06225774829855,3.993059151996737,3219.5,1451.5
3869,7.0,5.133805351608393,1.5423153015346875,5.0990195135927845,1.5423153015346875,3214.5714285714284,1451.142857142857
3870,12.0,3.8297084310253524,3.8297084310253524,4.123105625617661,3.8297084310253524,3185.5,1451.5
3871,20.0,6.640076617653603,3.9685491696197865,6.708203932499369,3.9685491696197865,3198.5,1451.9
3872,84.0,14.720597742973515,7.955668684723011,14.866068747318506,7.955668684723011,3175.190476190476,1458.345238095238
3873,23.0,6.559305499428439,4.370386146586111,6.708203932499369,4.370386146586111,3208.608695652174,1454.0869565217392
3874,29.0,7.932361401466578,5.797442691754766,8.54400374531753,5.797442691754766,3114.9655172413795,1457.0
3875,306.0,26.18237351136734,18.58613463459422,27.85677655436824,18.58613463459422,3189.3692810457514,1466.1013071895425
3876,19.0,5.544698233777089,4.2956952169149805,5.830951894845301,4.2956952169149805,3123.5789473684213,1466.1052631578948
3877,41.0,9.03507534992437,6.117218166534298,8.94427190999916,6.117218166534298,3248.560975609756,1467.9756097560976
3878,69.0,13.878105780307992,9.136077560961231,16.492422502470642,9.136077560961231,3167.4927536231885,1473.7391304347825
3879,169.0,28.219423921502962,9.501909841350095,28.442925306655784,9.501909841350095,3251.183431952663,1488.8816568047337
3880,36.0,10.537760193788372,4.41574681959376,10.44030650891055,4.41574681959376,3261.5833333333335,1483.9722222222222
3881,278.0,26.60253598767874,25.117499800401323,30.805843601498726,25.117499800401323,3183.9964028776976,1495.1906474820144
3882,32.0,9.38083151964686,4.242640687119285,9.055385138137417,4.242640687119285,3219.5,1507.0
3883,50.0,9.851918544703018,6.538172603146597,9.848857801796104,6.538172603146597,3230.68,1508.14
3884,12.0,3.8297084310253524,3.8297084310253524,4.123105625617661,3.8297084310253524,3099.5,1513.5
3885,444.0,48.178808178043575,17.190116729879936,48.507731342539614,17.190116729879936,3229.5045045045044,1523.7792792792793
3886,30.0,8.714661175732555,4.432357352841804,8.54400374531753,4.432357352841804,3259.733333333333,1513.4333333333334
3887,16.0,4.858276321300674,4.281898082146419,5.0990195135927845,4.281898082146419,3049.0625,1520.75
3888,25.0,6.132060986158656,5.172642270835181,6.324555320336759,5.172642270835181,3080.8,1530.24
3889,36.0,8.459051693633013,5.333333333333333,8.246211251235321,5.333333333333333,3102.0,1531.5
3890,46.0,10.80576612098481,5.856432394481206,10.816653826391969,5.856432394481206,3153.8478260869565,1536.2391304347825
3891,164.0,28.494842647169,11.409443977536883,26.248809496813376,11.409443977536883,3101.0304878048782,1544.0
3892,376.0,29.22879316110026,24.560387230671665,33.61547262794322,24.560387230671665,3049.526595744681,1548.8164893617022
3893,22.0,8.591750800516843,3.1701083225750346,8.06225774829855,3.1701083225750346,3210.909090909091,1539.5
3894,10.0,4.09878030638384,2.9933259094191533,4.123105625617661,2.9933259094191533,3048.8,1539.5
3895,6.0,3.265986323710904,2.0,3.1622776601683795,2.0,3217.0,1539.5
3896,20.0,5.700651850964228,4.388914270534129,5.830951894845301,4.388914270534129,3081.75,1541.95
3897,42.0,12.151724120180253,4.386125310350268,11.180339887498949,4.386125310350268,3115.5,1545.2380952380952
3898,12.0,6.831300510639732,2.0,6.082762530298219,2.0,3179.5,1543.5
3899,6.0,3.8297084310253524,1.8856180831641272,4.0,1.8856180831641272,3246.5,1543.6666666666667
3900,209.0,28.049657357721067,11.267160995131157,28.600699292150182,11.267160995131157,3129.5502392344497,1555.2775119617224
3901,5.0,3.098386676965933,1.7888543819998317,3.1622776601683795,1.7888543819998317,3189.8,1545.4
3902,29.0,9.386803447293623,3.9415681006189787,8.94427190999916,3.9415681006189787,3227.3793103448274,1547.5862068965516
3903,38.0,11.356719123588359,4.180153610876796,11.045361017187261,4.180153610876796,3154.7894736842104,1547.5
3904,21.0,6.258173505705088,4.157977767102647,6.324555320336759,4.157977767102647,3171.6190476190477,1547.4285714285713
3905,80.0,22.49043631360074,5.66571040769551,20.615528128088304,5.66571040769551,3182.7,1558.3
3906,190.0,33.52388705418783,11.770890880656305,31.144823004794873,11.770890880656305,3074.8947368421054,1561.8578947368421
3907,298.0,25.53449332113328,20.787247182535697,25.709920264364882,20.787247182535697,3109.711409395973,1562.0906040268455
3908,25.0,11.013718751154595,3.569257523696721,9.848857801796104,3.569257523696721,3162.8,1555.32
3909,24.0,6.21825270205921,5.022173057773122,6.324555320336759,5.022173057773122,3147.5,1553.5833333333333
3910,6.0,3.8297084310253524,1.8856180831641272,4.0,1.8856180831641272,3211.5,1552.3333333333333
3911,81.0,14.47689013211871,7.545536581667134,14.317821063276353,7.545536581667134,3170.9506172839506,1561.20987654321
3912,16.0,5.291502622129181,3.872983346207417,6.0,3.872983346207417,3211.5,1556.75
3913,68.0,11.364035820005668,8.32579710863079,11.661903789690601,8.32579710863079,3258.4117647058824,1562.485294117647
3914,20.0,7.731010827707835,3.198667157092813,7.280109889280518,3.198667157092813,3219.85,1559.95
3915,131.0,17.000172870949044,12.479069671733512,18.867962264113206,12.479069671733512,3029.656488549618,1567.9007633587787
3916,12.0,3.8297084310253524,3.8297084310253524,4.123105625617661,3.8297084310253524,3141.5,1563.5
3917,10.0,4.09878030638384,2.9933259094191533,4.123105625617661,2.9933259094191533,3247.2,1563.5
3918,379.0,42.10176736071495,17.29566551068446,39.05124837953327,17.29566551068446,2838.6781002638522,1579.5171503957783
3919,129.0,20.023026087082133,9.414032425561667,20.12461179749811,9.414032425561667,3048.782945736434,1569.4031007751937
3920,22.0,8.591750800516843,3.1701083225750346,8.06225774829855,3.1701083225750346,3091.5,1565.090909090909
3921,27.0,9.829920870404713,3.6751988257242827,10.0,3.6751988257242827,3147.4444444444443,1569.2592592592594
3922,12.0,4.320493798938574,3.590109871423003,5.0,3.590109871423003,2921.8333333333335,1569.0
3923,161.0,24.158029306926288,13.174092173994692,24.839484696748443,13.174092173994692,3226.950310559006,1576.7826086956522
3924,121.0,16.515151517086363,10.88364138898864,17.08800749063506,10.88364138898864,3125.413223140496,1574.8760330578511
3925,12.0,3.8297084310253524,3.8297084310253524,4.123105625617661,3.8297084310253524,3155.5,1569.5
3926,15.0,6.374166953637013,3.0245286285534854,6.324555320336759,3.0245286285534854,3191.266666666667,1570.4666666666667
3927,24.0,6.081140986576509,4.932066489508719,6.324555320336759,4.932066489508719,3166.125,1572.6666666666667
3928,6.0,3.265986323710904,2.0,3.1622776601683795,2.0,2825.0,1571.5
3929,205.0,26.50306992009636,14.075572052103096,26.68332812825267,14.075572052103096,3093.4536585365854,1583.760975609756
3930,10.0,4.0,3.149603149604724,4.123105625617661,3.149603149604724,3206.7,1573.7
3931,69.0,21.257153059362352,7.638868070240702,19.1049731745428,7.638868070240702,3154.7971014492755,1580.7971014492753
3932,109.0,14.52009414631571,10.048026808869515,15.297058540778355,10.048026808869515,3065.5504587155965,1579.532110091743
3933,183.0,29.132187209783574,12.097341783553299,29.732137494637012,12.097341783553299,3174.065573770492,1586.5409836065573
3934,29.0,9.642069984074537,3.850450362200368,9.486832980505138,3.850450362200368,3256.310344827586,1578.551724137931
3935,31.0,9.280480460903169,4.15912018939849,9.055385138137417,4.15912018939849,2987.548387096774,1580.0967741935483
3936,137.0,31.267257076881982,6.922453250671501,27.784887978899608,6.922453250671501,2919.693430656934,1589.4963503649635
3937,26.0,7.549442551621722,4.332347027793453,7.280109889280518,4.332347027793453,3241.5,1579.7692307692307
3938,70.0,14.608796129710035,8.072744148649127,15.297058540778355,8.072744148649127,3108.8285714285716,1584.9571428571428
3939,131.0,31.46750080513525,8.451274291815297,28.231188426986208,8.451274291815297,3142.1374045801526,1590.2824427480916
3940,170.0,23.416203047789153,9.667026441602077,23.194827009486403,9.667026441602077,2980.394117647059,1590.3411764705882
3941,189.0,29.0071664084881,9.819714790154396,26.40075756488817,9.819714790154396,2819.6507936507937,1591.7513227513227
3942,48.0,13.424005481803544,5.203254231948138,12.649110640673518,5.203254231948138,3046.2916666666665,1586.7916666666667
3943,5.0,4.093338188813543,1.5635160606788383,4.0,1.5635160606788383,3262.8,1582.6
3944,47.0,12.808378942562438,5.169969890099743,12.083045973594572,5.169969890099743,3029.3829787234044,1586.404255319149
3945,469.0,33.64470165594938,27.033079608512413,39.824615503479755,27.033079608512413,2960.144989339019,1596.7825159914712
3946,62.0,18.029082265191324,4.3476711816902585,17.029386365926403,4.3476711816902585,2843.467741935484,1591.758064516129
3947,29.0,8.397651804922257,4.506068380406397,8.54400374531753,4.506068380406397,3162.448275862069,1588.1379310344828
3948,42.0,11.374157484797195,5.266414100196718,11.180339887498949,5.266414100196718,2942.285714285714,1590.1666666666667
3949,36.0,8.503717347101999,5.408760718978465,8.54400374531753,5.408760718978465,3061.8888888888887,1589.0277777777778
3950,6.0,3.265986323710904,2.0,3.1622776601683795,2.0,3072.5,1588.0
3951,107.0,24.256791117832073,6.602213143282502,22.20360331117452,6.602213143282502,3078.7943925233644,1596.8598130841121
3952,192.0,21.052510614784115,18.614420698090857,22.135943621178654,18.614420698090857,3205.3229166666665,1597.3020833333333
3953,10.0,5.656854249492381,2.0,5.0990195135927845,2.0,2902.5,1591.0
3954,32.0,14.414125723545197,3.956621617722959,13.341664064126334,3.956621617722959,3121.9375,1591.96875
3955,6.0,3.265986323710904,2.0,3.1622776601683795,2.0,3237.5,1590.0
3956,16.0,9.38083151964686,1.984313483298443,9.0,1.984313483298443,2990.5625,1595.0
3957,36.0,10.70050888172751,4.221385711634466,10.198039027185569,4.221385711634466,3067.4166666666665,1595.4722222222222
3958,26.0,7.549442551621722,4.332347027793453,7.280109889280518,4.332347027793453,2811.5,1595.2307692307693
3959,117.0,28.057519555694537,7.804336822039657,26.570660511172846,7.804336822039657,2936.4358974358975,1603.4786324786326
3960,29.0,8.501567682464598,4.381255986059742,8.246211251235321,4.381255986059742,3113.4137931034484,1595.2068965517242
3961,10.0,3.8587512539327755,3.5085664822363323,4.123105625617661,3.5085664822363323,3038.9,1594.3
3962,832.0,52.17686586225198,44.865479787870505,56.32051136131489,44.865479787870505,3024.8197115384614,1621.859375
3963,12.0,3.8297084310253524,3.8297084310253524,4.123105625617661,3.8297084310253524,3178.5,1595.5
3964,72.0,15.292280721806188,8.895718332235035,14.422205101855956,8.895718332235035,3150.777777777778,1599.6666666666667
3965,30.0,8.891354446994033,4.310379525456545,9.055385138137417,4.310379525456545,3235.0666666666666,1597.6
3966,148.0,31.547916198509757,10.271051835661302,32.69556544854363,10.271051835661302,3095.4594594594596,1610.9324324324325
3967,14.0,4.20883424647321,4.120630029101703,4.47213595499958,4.120630029101703,3188.5,1598.7142857142858
3968,6.0,3.265986323710904,2.0,3.1622776601683795,2.0,3043.5,1600.0
3969,32.0,9.38083151964686,4.242640687119285,9.055385138137417,4.242640687119285,3259.5,1604.0
3970,6.0,3.1269438398822857,2.309401076758503,3.1622776601683795,2.309401076758503,2991.1666666666665,1602.8333333333333
3971,10.0,3.9191835884530852,3.0983866769659336,4.123105625617661,3.0983866769659336,2920.0,1605.2
3972,28.0,6.546536707079771,5.421047417431507,6.708203932499369,5.421047417431507,3129.5,1605.857142857143
3973,6.0,3.126943839882286,2.309401076758503,3.1622776601683795,2.309401076758503,3017.8333333333335,1605.8333333333333
3974,123.0,23.047878486779688,9.742687437522079,20.248456731316587,9.742687437522079,2908.910569105691,1616.1951219512196
3975,5.0,3.098386676965933,1.7888543819998317,3.1622776601683795,1.7888543819998317,3062.6,1608.2
3976,43.0,10.323116625647904,5.257979772596285,10.198039027185569,5.257979772596285,3196.8837209302324,1611.3953488372092
3977,105.0,22.036772673682012,8.665131562979594,19.697715603592208,8.665131562979594,3166.657142857143,1612.352380952381
3978,37.0,11.18973610335631,5.110555993482341,11.40175425099138,5.110555993482341,3220.4054054054054,1612.162162162162
3979,35.0,8.240705579676296,5.358890773714476,8.246211251235321,5.358890773714476,3229.9714285714285,1611.6
3980,198.0,26.17862643167609,15.795880525856552,25.0,15.795880525856552,2972.030303030303,1619.1919191919192
3981,90.0,14.254106095859473,10.152939860111628,14.866068747318506,10.152939860111628,3145.6555555555556,1614.8
3982,12.0,3.8297084310253524,3.8297084310253524,4.123105625617661,3.8297084310253524,3059.5,1613.5
3983,18.0,5.258737584977436,4.268749491621899,5.385164807134504,4.268749491621899,2899.5,1616.7777777777778
3984,91.0,24.85506918490726,8.987813013426837,22.47220505424423,8.987813013426837,2949.4945054945056,1622.4285714285713
3985,11.0,5.0559593483889005,2.688989307749465,5.0990195135927845,2.688989307749465,3046.181818181818,1617.090909090909
3986,94.0,16.13144918306633,11.013345357107358,18.027756377319946,11.013345357107358,3187.223404255319,1622.659574468085
3987,38.0,8.806947647727112,5.505977612893482,8.54400374531753,5.505977612893482,3259.684210526316,1617.0
3988,55.0,9.21917504098951,7.657796868937574,9.486832980505138,7.657796868937574,3084.6,1619.909090909091
3989,33.0,8.124216355654646,5.218710710578816,8.06225774829855,5.218710710578816,3246.151515151515,1618.7575757575758
3990,7.0,4.0,2.2131333406899527,4.123105625617661,2.2131333406899527,2854.285714285714,1619.5714285714287
3991,100.0,17.946960731550917,9.708274846756732,19.313207915827967,9.708274846756732,3155.51,1627.78
3992,19.0,5.84502823813456,4.110208831745895,6.082762530298219,4.110208831745895,3170.157894736842,1621.6842105263158
3993,62.0,18.909398514282582,5.11427137111359,17.46424919657298,5.11427137111359,2901.8064516129034,1630.5645161290322
3994,102.0,27.748020180551723,6.862107116879727,25.495097567963924,6.862107116879727,2982.4411764705883,1637.5098039215686
3995,6.0,3.126943839882286,2.309401076758503,3.1622776601683795,2.309401076758503,3048.8333333333335,1625.1666666666667
3996,12.0,4.464216783173839,3.409739589526534,4.47213595499958,3.409739589526534,3136.6666666666665,1625.5
3997,7.0,4.375345285424217,2.089630999709931,4.123105625617661,2.089630999709931,3175.8571428571427,1625.2857142857142
3998,33.0,8.243536144353522,5.208952330397647,8.06225774829855,5.208952330397647,3201.848484848485,1626.6060606060605
3999,31.0,12.435665852820815,3.870080599943115,10.770329614269007,3.870080599943115,2992.064516129032,1629.6774193548388
4000,61.0,16.441372943202644,4.993087202455288,16.1245154965971,4.993087202455288,3165.55737704918,1632.9180327868853
4001,5.0,3.098386676965933,1.7888543819998317,3.1622776601683795,1.7888543819998317,2849.8,1626.4
4002,38.0,8.246211251235321,5.841868179162782,8.246211251235321,5.841868179162782,3059.5,1629.157894736842
4003,24.0,6.21825270205921,5.022173057773122,6.324555320336759,5.022173057773122,3083.5,1629.5833333333333
4004,24.0,5.811014160855937,5.24763470316745,6.324555320336759,5.24763470316745,3228.875,1630.1666666666667
4005,1102.0,87.52703978430087,26.85140368367975,83.5224520712844,26.85140368367975,2937.291288566243,1666.901996370236
4006,29.0,8.504440860756826,4.2611318058210035,8.246211251235321,4.2611318058210035,3097.448275862069,1632.3793103448277
4007,9.0,3.885753375057407,2.7954428906961324,4.123105625617661,2.7954428906961324,3141.1111111111113,1630.3333333333333
4008,10.0,4.09878030638384,3.098386676965933,4.47213595499958,3.098386676965933,2974.1,1632.8
4009,49.0,12.369165151363264,5.399492936432749,11.704699910719626,5.399492936432749,3190.1428571428573,1635.591836734694
4010,11.0,4.348458452036872,3.3525616208337774,4.47213595499958,3.3525616208337774,3255.7272727272725,1632.3636363636363
4011,97.0,18.53106002559625,9.287347602371563,17.46424919657298,9.287347602371563,3019.257731958763,1639.5154639175257
4012,16.0,5.326818938165629,3.7416573867739418,5.385164807134504,3.7416573867739418,3134.6875,1633.9375
4013,5.0,5.656854249492381,0.0,5.0,0.0,2838.0,1635.0
4014,13.0,4.318667337728677,3.6794648440311994,4.47213595499958,3.6794648440311994,3249.3846153846152,1635.6153846153845
4015,62.0,17.376384454973017,6.459420598601869,14.866068747318506,6.459420598601869,3054.2903225806454,1640.5967741935483
4016,13.0,4.318667337728677,3.6794648440311994,4.47213595499958,3.6794648440311994,2968.6153846153848,1637.6153846153845
4017,17.0,5.487954724560283,3.880570000581328,5.385164807134504,3.880570000581328,2998.0,1638.0
4018,7.0,4.155374705678736,1.9054711331003737,4.123105625617661,1.9054711331003737,3061.4285714285716,1637.7142857142858
4019,34.0,11.414349297306515,5.839535372927663,9.848857801796104,5.839535372927663,3083.4411764705883,1638.1764705882354
4020,14.0,6.629463038845191,2.9501323768731607,6.708203932499369,2.9501323768731607,3133.8571428571427,1639.7857142857142
4021,114.0,22.783577658590627,9.936827329019673,20.591260281974,9.936827329019673,3257.9736842105262,1645.1842105263158
4022,30.0,8.698403429493382,4.351245032554859,8.246211251235321,4.351245032554859,3003.5,1642.7333333333333
4023,170.0,28.1533441155989,17.129214119577913,27.730849247724095,17.129214119577913,3100.1529411764704,1648.2176470588236
4024,29.0,8.504440860756826,4.2611318058210035,8.246211251235321,4.2611318058210035,3139.448275862069,1642.6206896551723
4025,97.0,18.151692266044982,8.011348648033096,18.35755975068582,8.011348648033096,3235.082474226804,1643.8659793814434
4026,27.0,6.279222511401599,5.64818152164179,6.708203932499369,5.64818152164179,3122.5925925925926,1642.0740740740741
4027,44.0,11.649594601780391,5.557899909074749,11.180339887498949,5.557899909074749,3198.9772727272725,1643.1363636363637
4028,28.0,8.246211251235321,4.20883424647321,8.06225774829855,4.20883424647321,3219.5,1643.5
4029,13.0,7.554371880072024,1.9753176197160076,7.0710678118654755,1.9753176197160076,3147.4615384615386,1643.7692307692307
4030,12.0,3.8297084310253524,3.8297084310253524,4.123105625617661,3.8297084310253524,2925.5,1643.5
4031,31.0,7.981277174050589,5.119136863340307,8.246211251235321,5.119136863340307,2992.0,1645.1612903225807
4032,28.0,7.216578631755814,5.042935348913174,7.280109889280518,5.042935348913174,3166.035714285714,1645.392857142857
4033,11.0,3.9999999999999996,3.468869823334348,4.123105625617661,3.468869823334348,3185.6363636363635,1643.4545454545455
4034,57.0,12.832646956223646,5.989345884588766,13.0,5.989345884588766,3189.5789473684213,1650.2456140350878
4035,11.0,4.346129984141888,3.067356324605907,4.47213595499958,3.067356324605907,2832.6363636363635,1647.090909090909
4036,108.0,17.992150607273896,9.925715486081247,18.24828759089466,9.925715486081247,3009.212962962963,1652.0
4037,12.0,4.894994431930091,2.9693109114996994,5.0990195135927845,2.9693109114996994,3112.1666666666665,1647.0833333333333
4038,8.0,3.4641016151377544,2.7386127875258306,3.605551275463989,2.7386127875258306,3118.125,1647.125
4039,82.0,20.109634186397113,5.497714211451836,18.439088914585774,5.497714211451836,3041.987804878049,1655.5243902439024
4040,253.0,30.318345490303628,14.105679131362,31.38470965295043,14.105679131362,3061.2411067193675,1655.2450592885375
4041,37.0,8.916346611341377,5.389897124250186,9.486832980505138,5.389897124250186,3133.135135135135,1651.3783783783783
4042,10.0,4.09878030638384,2.9933259094191533,4.123105625617661,2.9933259094191533,3209.8,1648.5
4043,36.0,14.467355322682748,3.2854825215395635,14.035668847618199,3.2854825215395635,2968.222222222222,1654.8333333333333
4044,29.0,10.648972891913717,3.471315360297874,10.198039027185569,3.471315360297874,2974.8275862068967,1653.5172413793102
4045,18.0,5.258737584977436,4.268749491621899,5.385164807134504,4.268749491621899,2776.777777777778,1651.5
4046,32.0,9.959576082671493,4.800127003890411,9.848857801796104,4.800127003890411,3028.96875,1652.125
4047,241.0,25.42147287141496,19.0569449263552,26.076809620810597,19.0569449263552,3220.4771784232366,1660.5062240663901
4048,239.0,26.298373506825094,16.520862226961363,26.476404589747453,16.520862226961363,2827.196652719665,1666.623430962343
4049,6.0,3.1269438398822857,2.309401076758503,3.1622776601683795,2.309401076758503,2840.1666666666665,1655.8333333333333
4050,45.0,12.99872414787568,8.380641135144472,13.038404810405298,8.380641135144472,2958.8888888888887,1660.3555555555556
4051,378.0,37.417718780000804,19.183751826021016,40.44749683231337,19.183751826021016,3122.584656084656,1674.5873015873017
4052,46.0,12.84467432045574,4.681659244738402,12.165525060596439,4.681659244738402,3165.5434782608695,1660.1521739130435
4053,13.0,4.318667337728677,3.6794648440311994,4.47213595499958,3.6794648440311994,2910.3846153846152,1657.3846153846155
4054,30.0,9.26844392509481,4.3489912606431975,8.94427190999916,4.3489912606431975,3246.6666666666665,1659.7333333333333
4055,20.0,6.0,4.09878030638384,6.082762530298219,4.09878030638384,2811.5,1659.5
4056,34.0,8.956225034069911,5.146357457155079,9.219544457292887,5.146357457155079,3021.4117647058824,1659.5
4057,29.0,8.855774017097417,4.400410635816817,8.54400374531753,4.400410635816817,3237.4827586206898,1660.0
4058,18.0,5.258737584977436,4.268749491621899,5.385164807134504,4.268749491621899,2998.222222222222,1659.5
4059,123.0,16.743085727175654,11.445380256622837,17.08800749063506,11.445380256622837,3009.0569105691056,1665.39837398374
4060,58.0,12.565255109968296,6.9108627500531385,12.165525060596439,6.9108627500531385,2974.9827586206898,1665.4827586206898
4061,12.0,4.167620293867669,3.631321610887408,4.47213595499958,3.631321610887408,2814.25,1664.6666666666667
4062,28.0,7.366637513240279,5.070724167735393,7.615773105863909,5.070724167735393,2886.9285714285716,1665.3214285714287
4063,39.0,11.948442912240507,5.276197709410401,10.770329614269007,5.276197709410401,2915.153846153846,1665.076923076923
4064,39.0,10.228608417090683,5.041461346273413,10.295630140987,5.041461346273413,2953.025641025641,1667.0
4065,20.0,7.848566748139434,3.0983866769659336,8.0,3.0983866769659336,2895.0,1667.5
4066,59.0,14.007233085619486,7.004304161472393,13.601470508735444,7.004304161472393,3185.9322033898306,1670.2372881355932
4067,9.0,3.885753375057407,2.7954428906961324,4.123105625617661,2.7954428906961324,3256.3333333333335,1665.111111111111
4068,17.0,5.6871994758893925,3.8790160584420166,6.082762530298219,3.8790160584420166,3048.176470588235,1667.6470588235295
4069,17.0,5.687199475889392,3.879016058442017,6.082762530298219,3.879016058442017,3054.823529411765,1667.3529411764705
4070,26.0,7.549442551621722,4.332347027793453,7.280109889280518,4.332347027793453,3153.5,1667.7692307692307
4071,60.0,14.207217421590316,10.106074950911376,12.529964086141668,10.106074950911376,3082.516666666667,1671.5333333333333
4072,18.0,5.258737584977436,4.268749491621899,5.385164807134504,4.268749491621899,3227.5,1670.2222222222222
4073,39.0,11.266722480606823,4.414855016999198,10.44030650891055,4.414855016999198,3161.4615384615386,1673.6153846153845
4074,49.0,11.093697592940563,5.911347941267889,11.180339887498949,5.911347941267889,3253.061224489796,1673.3469387755101
4075,205.0,28.46926486809559,13.492024880780628,25.709920264364882,13.492024880780628,2853.278048780488,1682.8390243902438
4076,48.0,9.51003729434848,6.385488895760358,9.486832980505138,6.385488895760358,2910.4166666666665,1675.1458333333333
4077,7.0,3.0237157840738176,2.799416848895061,3.1622776601683795,2.799416848895061,3023.285714285714,1673.0
4078,14.0,8.0,2.0,7.0710678118654755,2.0,3039.5,1675.0
4079,81.0,18.9229512513693,6.2131239879189275,18.24828759089466,6.2131239879189275,3223.135802469136,1680.9382716049383
4080,32.0,8.735960295447208,4.858484611107656,8.54400374531753,4.858484611107656,2841.3125,1675.96875
4081,6.0,6.831300510639732,0.0,6.0,0.0,2957.0,1675.5
4082,274.0,38.72694183909549,18.319864730499244,35.6931365951495,18.319864730499244,2959.788321167883,1690.0766423357663
4083,85.0,19.202443200875244,6.483133455962297,18.027756377319946,6.483133455962297,3049.470588235294,1681.5529411764705
4084,6.0,3.265986323710904,2.0,3.1622776601683795,2.0,3168.5,1674.0
4085,14.0,8.246211251235321,1.9794866372215747,8.0,1.9794866372215747,3262.5714285714284,1676.5
4086,48.0,13.9522996909709,4.320493798938574,13.038404810405298,4.320493798938574,2835.5,1681.0
4087,10.0,4.09878030638384,2.9933259094191533,4.123105625617661,2.9933259094191533,2862.5,1677.2
4088,14.0,4.742873420478221,3.686025552052299,5.0990195135927845,3.686025552052299,3073.3571428571427,1678.2142857142858
4089,10.0,4.09878030638384,2.9933259094191533,4.123105625617661,2.9933259094191533,3174.8,1677.5
4090,8.0,3.4641016151377544,2.8284271247461903,4.0,2.8284271247461903,2972.5,1678.0
4091,41.0,11.5731365066728,5.1385955844517195,11.180339887498949,5.1385955844517195,2260.048780487805,1682.0243902439024
4092,9.0,3.885753375057407,2.7954428906961324,4.123105625617661,2.7954428906961324,2987.1111111111113,1680.6666666666667
4093,7.0,3.7032803990902057,2.138089935299395,3.605551275463989,2.138089935299395,3018.0,1680.0
4094,17.0,4.957954707224818,4.338609156373124,5.385164807134504,4.338609156373124,3138.6470588235293,1681.4705882352941
4095,29.0,8.504440860756826,4.2611318058210035,8.246211251235321,4.2611318058210035,3147.3793103448274,1681.551724137931
4096,26.0,7.378583545358095,4.708703587990582,7.280109889280518,4.708703587990582,3006.1923076923076,1684.4615384615386
4097,24.0,6.289320754704403,5.033222956847166,6.324555320336759,5.033222956847166,3022.8333333333335,1683.5
4098,30.0,9.61315400009996,4.087452772860153,8.94427190999916,4.087452772860153,3163.3,1683.7
4099,11.0,6.410747983365109,1.9649396885733192,6.082762530298219,1.9649396885733192,3239.4545454545455,1683.7272727272727
4100,40.0,9.161202474900353,5.8053741665701155,8.94427190999916,5.8053741665701155,3072.225,1686.85
4101,23.0,5.814167475253484,5.029477667275335,6.324555320336759,5.029477667275335,3205.1739130434785,1685.5652173913043
4102,34.0,9.178196953538626,4.905629312529689,9.219544457292887,4.905629312529689,2619.735294117647,1686.1176470588234
4103,44.0,11.36181803634036,5.277427372254543,11.704699910719626,5.277427372254543,2865.6136363636365,1690.7954545454545
4104,31.0,8.241434671657084,4.941245122045493,8.246211251235321,4.941245122045493,2998.2580645161293,1689.032258064516
4105,55.0,11.998127714740349,6.310739038222713,12.806248474865697,6.310739038222713,3011.909090909091,1690.6
4106,32.0,9.38083151964686,4.242640687119285,9.055385138137417,4.242640687119285,2627.5,1691.0
4107,36.0,10.519822558706334,4.268749491621899,10.04987562112089,4.268749491621899,3035.5,1691.5
4108,116.0,25.241349995299785,9.258620342826008,25.079872407968907,9.258620342826008,3103.853448275862,1699.4137931034484
4109,91.0,20.103434645673882,9.915387184018972,19.4164878389476,9.915387184018972,3255.0,1696.6043956043957
4110,9.0,3.885753375057407,2.7954428906961324,4.123105625617661,2.7954428906961324,2593.1111111111113,1689.3333333333333
4111,67.0,18.86217614759545,8.60261009333428,16.492422502470642,8.60261009333428,3081.0298507462685,1696.865671641791
4112,6.0,3.265986323710904,2.0,3.1622776601683795,2.0,3189.5,1689.0
4113,77.0,16.237923694368718,7.038093423722343,15.297058540778355,7.038093423722343,2984.7012987012986,1696.4675324675325
4114,51.0,12.379319211565203,5.829142923537926,11.704699910719626,5.829142923537926,3235.549019607843,1694.6078431372548
4115,10.0,4.09878030638384,2.9933259094191533,4.123105625617661,2.9933259094191533,2902.8,1691.5
4116,57.0,18.626190026411376,5.737467950463232,17.72004514666935,5.737467950463232,2593.1754385964914,1696.982456140351
4117,14.0,8.0,2.0,7.0710678118654755,2.0,2932.0,1692.5
4118,36.0,8.459051693633013,5.333333333333333,8.246211251235321,5.333333333333333,2947.5,1694.0
4119,10.0,4.09878030638384,2.9933259094191533,4.123105625617661,2.9933259094191533,2881.8,1694.5
4120,8.0,3.4641016151377544,2.7386127875258306,3.605551275463989,2.7386127875258306,3158.875,1693.875
4121,7.0,4.155374705678736,1.9054711331003737,4.123105625617661,1.9054711331003737,3185.4285714285716,1694.2857142857142
4122,553.0,40.11748620358864,32.20142883693578,42.720018726587654,32.20142883693578,2630.3526220614826,1714.5189873417721
4123,6.0,3.265986323710904,2.0,3.1622776601683795,2.0,3054.0,1694.5
4124,146.0,27.094263928117343,7.836642506691353,26.1725046566048,7.836642506691353,3223.280821917808,1706.054794520548
4125,87.0,16.22578253407297,7.564020267880782,16.64331697709324,7.564020267880782,2876.8045977011493,1701.9885057471265
4126,12.0,5.294328785763616,2.862220279862641,5.0990195135927845,2.862220279862641,2912.75,1696.9166666666667
4127,28.0,6.725701218931174,5.427598056662647,7.280109889280518,5.427598056662647,3132.4285714285716,1697.9285714285713
4128,18.0,7.097764472921567,3.0939225541184827,7.0710678118654755,3.0939225541184827,2623.9444444444443,1699.1666666666667
4129,24.0,9.35714683459593,3.248832748376328,9.055385138137417,3.248832748376328,2662.9166666666665,1699.8333333333333
4130,39.0,11.741511285726746,4.426196912083189,11.180339887498949,4.426196912083189,3065.2051282051284,1701.4102564102564
4131,8.0,3.4641016151377544,2.7386127875258306,3.605551275463989,2.7386127875258306,2550.125,1697.875
4132,16.0,5.838460100581594,3.5496314814240595,5.830951894845301,3.5496314814240595,2790.0625,1699.875
4133,5.0,3.098386676965933,1.7888543819998317,3.1622776601683795,1.7888543819998317,2854.2,1698.4
4134,57.0,13.117140629491557,6.770090649334141,12.806248474865697,6.770090649334141,2996.3333333333335,1702.157894736842
4135,86.0,12.289165049040433,9.91640028430846,13.038404810405298,9.91640028430846,3010.267441860465,1703.5232558139535
4136,6.0,3.8297084310253524,1.8856180831641272,4.0,1.8856180831641272,3175.3333333333335,1699.5
4137,12.0,4.167620293867669,3.631321610887408,4.47213595499958,3.631321610887408,2369.75,1700.3333333333333
4138,16.0,5.291502622129181,3.872983346207417,6.0,3.872983346207417,2611.5,1700.75
4139,9.0,5.274258481434536,1.946056459258261,5.0990195135927845,1.946056459258261,2975.4444444444443,1701.2222222222222
4140,9.0,3.885753375057407,2.7954428906961324,4.123105625617661,2.7954428906961324,3110.8888888888887,1700.3333333333333
4141,5.0,3.098386676965933,1.7888543819998317,3.1622776601683795,1.7888543819998317,3040.2,1700.6
4142,5.0,3.098386676965933,1.7888543819998317,3.1622776601683795,1.7888543819998317,3249.2,1700.6
4143,12.0,7.118052168020874,1.9720265943665378,7.0,1.9720265943665378,2587.0,1703.4166666666667
4144,91.0,16.69524245745281,7.991932212073178,16.15549442140351,7.991932212073178,2857.131868131868,1706.7252747252746
4145,44.0,10.765597456495763,5.521057570243961,10.816653826391969,5.521057570243961,2378.318181818182,1707.5
4146,9.0,3.885753375057407,2.7954428906961324,4.123105625617661,2.7954428906961324,2598.1111111111113,1705.6666666666667
4147,26.0,7.549442551621722,4.332347027793453,7.280109889280518,4.332347027793453,2867.5,1707.2307692307693
4148,67.0,10.906194341724563,8.182475041391209,12.165525060596439,8.182475041391209,2943.373134328358,1708.6716417910447
4149,97.0,22.646048641068457,9.261010883664023,21.18962010041709,9.261010883664023,3058.1237113402062,1712.7422680412371
4150,69.0,23.37498207194977,6.200700964173016,20.615528128088304,6.200700964173016,2901.0434782608695,1714.4927536231885
4151,7.0,3.0237157840738176,2.7994168488950604,3.1622776601683795,2.7994168488950604,3073.0,1705.7142857142858
4152,31.0,7.161891768514641,5.635080524603613,7.280109889280518,5.635080524603613,3093.3870967741937,1707.5806451612902
4153,30.0,9.144761706390533,4.09878030638384,9.055385138137417,4.09878030638384,3043.2,1707.5
4154,149.0,25.60725929304044,12.690613051963394,23.706539182259394,12.690613051963394,2910.44966442953,1717.6107382550335
4155,47.0,19.88021484063442,4.813240042845045,19.026297590440446,4.813240042845045,3168.595744680851,1709.531914893617
4156,6.0,3.265986323710904,2.0,3.1622776601683795,2.0,3249.0,1707.5
4157,1942.0,132.88187088159938,40.622114510374516,117.61377470347595,40.622114510374516,2590.504634397528,1757.946446961895
4158,1424.0,76.95740018800547,51.28307536503912,91.18113840043894,51.28307536503912,2673.563904494382,1747.002106741573
4159,6.0,3.8297084310253524,1.8856180831641272,4.0,1.8856180831641272,2953.3333333333335,1709.5
4160,10.0,4.381780460041329,2.6832815729997477,4.47213595499958,2.6832815729997477,3069.5,1709.0
4161,16.0,6.668151857641889,3.0880011015909656,6.708203932499369,3.0880011015909656,2872.25,1711.25
4162,6.0,3.265986323710904,2.0,3.1622776601683795,2.0,3077.5,1710.0
4163,11.0,4.346129984141888,3.067356324605907,4.47213595499958,3.067356324605907,3113.3636363636365,1710.090909090909
4164,5.0,3.098386676965933,1.7888543819998317,3.1622776601683795,1.7888543819998317,2373.8,1711.6
4165,8.0,4.898979485566356,1.9364916731037085,5.0,1.9364916731037085,3134.625,1713.0
4166,151.0,26.04931467483168,13.23506662535482,24.186773244895647,13.23506662535482,2930.026490066225,1719.2119205298013
4167,72.0,20.832017909746398,4.6187211827042365,19.1049731745428,4.6187211827042365,2957.5,1721.0416666666667
4168,6.0,3.1269438398822857,2.309401076758503,3.1622776601683795,2.309401076758503,3027.1666666666665,1713.1666666666667
4169,14.0,8.0,2.0,7.0710678118654755,2.0,3035.5,1715.0
4170,25.0,9.73242004847715,3.183959798741184,9.055385138137417,3.183959798741184,3041.92,1716.0
4171,18.0,6.638879325061848,3.5865795560958373,7.0710678118654755,3.5865795560958373,3127.277777777778,1714.4444444444443
4172,17.0,5.366359905713177,4.0470547254255615,6.082762530298219,4.0470547254255615,3189.6470588235293,1714.4117647058824
4173,34.0,12.061124165371453,3.6579358851895036,11.180339887498949,3.6579358851895036,2542.823529411765,1718.264705882353
4174,12.0,7.118052168020874,1.9720265943665378,7.0,1.9720265943665378,2680.4166666666665,1716.0
4175,6.0,3.265986323710904,2.0,3.1622776601683795,2.0,3209.0,1713.5
4176,66.0,21.047478357761765,7.515944487424331,19.1049731745428,7.515944487424331,2985.939393939394,1724.0757575757575
4177,72.0,11.321403392841663,9.152609991745399,12.083045973594572,9.152609991745399,3214.0416666666665,1720.375
4178,51.0,9.860078380892627,7.580499682073754,11.180339887498949,7.580499682073754,3241.5882352941176,1720.5294117647059
4179,6.0,3.265986323710904,2.0,3.1622776601683795,2.0,3247.0,1716.5
4180,11.0,4.533315962095487,3.0114583009821128,4.47213595499958,3.0114583009821128,3149.818181818182,1718.5454545454545
4181,16.0,6.1249361433485925,3.497878963014883,6.324555320336759,3.497878963014883,2880.375,1720.0
4182,118.0,24.13969736190376,7.202458848128015,22.67156809750927,7.202458848128015,2551.1101694915255,1727.1694915254238
4183,72.0,15.827658982347195,7.041369905840047,15.231546211727817,7.041369905840047,2874.0555555555557,1726.8194444444443
4184,25.0,11.574766550048961,3.242094895567933,10.198039027185569,3.242094895567933,2995.0,1720.64
4185,47.0,12.720627121869693,6.078708554134563,12.529964086141668,6.078708554134563,3186.2127659574467,1725.0
4186,75.0,12.221123226209329,8.615947254353802,12.083045973594572,8.615947254353802,2724.4,1723.84
4187,19.0,6.155870112510925,4.130824604283913,6.4031242374328485,4.130824604283913,3109.5789473684213,1721.578947368421
4188,13.0,7.554371880072024,1.9753176197160076,7.0710678118654755,1.9753176197160076,3143.4615384615386,1723.2307692307693
4189,13.0,7.554371880072024,1.9753176197160076,7.0710678118654755,1.9753176197160076,3103.5384615384614,1723.7692307692307
4190,71.0,13.702598565450385,8.589930039804353,14.142135623730951,8.589930039804353,2452.7042253521126,1728.2112676056338
4191,46.0,10.870107352990054,5.586536151523481,10.770329614269007,5.586536151523481,3085.891304347826,1727.0217391304348
4192,170.0,20.743967465910437,13.817067097796622,24.08318915758459,13.817067097796622,2614.4529411764706,1733.6117647058823
4193,7.0,4.155374705678736,1.9054711331003737,4.123105625617661,1.9054711331003737,3080.5714285714284,1724.7142857142858
4194,288.0,32.236236304700846,21.86487048192689,31.76476034853718,21.86487048192689,2287.2708333333335,1737.5381944444443
4195,39.0,10.612501055209371,4.847246063202275,10.770329614269007,4.847246063202275,3040.7948717948716,1728.7435897435898
4196,29.0,7.591586214625822,4.8270117349457395,8.06225774829855,4.8270117349457395,3053.655172413793,1725.8275862068965
4197,57.0,15.564964465060545,5.132137682083346,15.297058540778355,5.132137682083346,2895.8070175438597,1732.7719298245613
4198,16.0,6.602897716712576,3.025184579927621,6.324555320336759,3.025184579927621,2830.125,1729.25
4199,33.0,9.980773600949812,4.198730449784102,10.198039027185569,4.198730449784102,2997.5454545454545,1731.6363636363637
4200,28.0,8.246211251235321,4.20883424647321,8.06225774829855,4.20883424647321,2883.5,1731.5
4201,20.0,6.80712134004841,3.734045937298783,6.708203932499369,3.734045937298783,3122.4,1729.35
4202,24.0,7.118052168020874,4.163331998932265,7.0710678118654755,4.163331998932265,3211.5,1731.0
4203,30.0,8.748333174572933,4.332820482472512,8.246211251235321,4.332820482472512,2922.5,1730.6
4204,430.0,36.62921446847175,22.716379743369806,38.01315561749642,22.716379743369806,2959.4488372093024,1744.6302325581396
4205,5.0,3.098386676965933,1.7888543819998317,3.1622776601683795,1.7888543819998317,3017.2,1729.4
4206,31.0,6.385467371178643,6.309400350140724,7.280109889280518,6.309400350140724,2725.0967741935483,1732.774193548387
4207,37.0,14.635149194216917,3.806225594798308,14.142135623730951,3.806225594798308,2936.945945945946,1737.5945945945946
4208,36.0,7.2076776623230465,6.429100507328637,7.615773105863909,6.429100507328637,3052.5,1733.4444444444443
4209,44.0,10.053391448774432,7.865841921755086,10.44030650891055,7.865841921755086,3101.681818181818,1734.1818181818182
4210,31.0,8.961678621092808,4.395209760827776,8.54400374531753,4.395209760827776,3076.3870967741937,1733.5483870967741
4211,57.0,10.579964841304689,8.603310104663375,11.704699910719626,8.603310104663375,3257.315789473684,1737.5438596491229
4212,6.0,3.265986323710904,2.0,3.1622776601683795,2.0,2712.0,1734.5
4213,5.0,3.098386676965933,1.7888543819998317,3.1622776601683795,1.7888543819998317,3182.4,1734.8
4214,29.0,7.602970091914235,4.864130805448789,7.615773105863909,4.864130805448789,2645.7241379310344,1738.0689655172414
4215,26.0,7.399095438449665,4.5429067872155064,7.280109889280518,4.5429067872155064,2703.923076923077,1737.1153846153845
4216,76.0,16.54167922745062,7.213905902063707,16.401219466856727,7.213905902063707,2825.8815789473683,1741.5131578947369
4217,196.0,30.13703175029209,10.100311556668865,28.231188426986208,10.100311556668865,2915.081632653061,1747.484693877551
4218,16.0,4.898979485566356,4.0,5.0990195135927845,4.0,3019.5,1737.0
4219,147.0,19.26016082284906,14.419810298183563,20.8806130178211,14.419810298183563,3022.6938775510203,1744.8027210884354
4220,10.0,4.09878030638384,2.9933259094191533,4.123105625617661,2.9933259094191533,3224.2,1736.5
4221,17.0,5.181899763382574,4.041201040002321,5.385164807134504,4.041201040002321,2501.5882352941176,1737.8823529411766
4222,224.0,36.1806186939686,12.97587092760303,34.20526275297414,12.97587092760303,2637.464285714286,1752.40625
4223,20.0,7.731010827707835,3.198667157092813,7.280109889280518,3.198667157092813,2870.95,1739.15
4224,26.0,10.110188988256871,3.403365274221511,9.848857801796104,3.403365274221511,3037.153846153846,1740.3076923076924
4225,1936.0,57.91177681222679,52.03834153575739,73.24616030891995,52.03834153575739,3164.3589876033056,1763.6792355371902
4226,21.0,6.258173505705088,4.157977767102647,6.324555320336759,4.157977767102647,2729.5714285714284,1739.3809523809523
4227,25.0,7.882567025713273,3.9738567016360564,8.06225774829855,3.9738567016360564,3089.36,1741.2
4228,319.0,34.423209727878,28.01681890696813,41.30375285612676,28.01681890696813,2233.987460815047,1757.9843260188088
4229,61.0,11.207434717186546,7.790488686003415,11.704699910719626,7.790488686003415,2816.1475409836066,1746.0819672131147
4230,19.0,5.84502823813456,4.110208831745895,6.082762530298219,4.110208831745895,3116.842105263158,1741.6842105263158
4231,53.0,16.04359468502191,4.443707574634824,15.297058540778355,4.443707574634824,2451.7735849056603,1748.2830188679245
4232,380.0,35.94230490445459,28.66250503025709,37.12142238654117,28.66250503025709,2483.5052631578947,1751.7236842105262
4233,78.0,13.658363387127107,8.802609128443537,13.601470508735444,8.802609128443537,2534.128205128205,1745.3846153846155
4234,9.0,3.885753375057407,2.7954428906961324,4.123105625617661,2.7954428906961324,2550.1111111111113,1742.3333333333333
4235,674.0,71.7985094143478,20.380671668353052,68.59300255857006,20.380671668353052,2714.364985163205,1772.425816023739
4236,41.0,11.927577845963796,4.329181214552929,11.180339887498949,4.329181214552929,2889.4634146341464,1745.878048780488
4237,7.0,3.0237157840738176,2.799416848895061,3.1622776601683795,2.799416848895061,2246.0,1745.2857142857142
4238,187.0,18.775142932219467,17.11449347680615,21.095023109728988,17.11449347680615,2462.5026737967914,1755.390374331551
4239,71.0,15.435442964124432,7.818501722076391,14.7648230602334,7.818501722076391,2733.394366197183,1747.6760563380283
4240,24.0,7.118052168020874,4.163331998932265,7.0710678118654755,4.163331998932265,2979.0,1745.5
4241,12.0,5.767613069995377,2.6793812567947373,6.0,2.6793812567947373,3056.8333333333335,1746.3333333333333
4242,61.0,15.143765743087004,6.628335789214021,13.92838827718412,6.628335789214021,2930.590163934426,1751.688524590164
4243,28.0,8.246211251235321,4.20883424647321,8.06225774829855,4.20883424647321,3075.5,1747.5
4244,32.0,10.605557367681069,4.404219899235935,10.198039027185569,4.404219899235935,2212.3125,1749.8125
4245,53.0,11.385591791609208,6.018618124867427,12.165525060596439,6.018618124867427,2765.2075471698113,1750.3962264150944
4246,38.0,12.495581804379238,4.166086922450463,11.40175425099138,4.166086922450463,2948.6052631578946,1753.0263157894738
4247,14.0,5.3909797661462155,3.2448688564710846,5.385164807134504,3.2448688564710846,2501.0714285714284,1750.857142857143
4248,5.0,3.098386676965933,1.7888543819998317,3.1622776601683795,1.7888543819998317,2742.6,1750.2
4249,222.0,20.780698892804047,15.852177147989957,24.20743687382041,15.852177147989957,2617.1801801801803,1760.7837837837837
4250,13.0,4.318667337728677,3.6794648440311994,4.47213595499958,3.6794648440311994,2837.6153846153848,1752.6153846153845
4251,39.0,18.509994225634344,4.967425318306563,16.15549442140351,4.967425318306563,2288.871794871795,1758.2307692307693
4252,15.0,5.40599920284407,3.5680145984013065,5.385164807134504,3.5680145984013065,2560.0666666666666,1753.8
4253,73.0,18.096132859811252,8.18330343808457,16.492422502470642,8.18330343808457,2650.5068493150684,1759.3013698630136
4254,55.0,13.634768137969981,9.540858130003638,13.0,9.540858130003638,2828.018181818182,1757.6181818181817
4255,24.0,7.487020676387577,3.993059151996737,8.06225774829855,3.993059151996737,2843.5,1755.5
4256,24.0,7.595432123228825,3.9830850376283977,8.06225774829855,3.9830850376283977,3029.5833333333335,1755.75
4257,26.0,7.829493173053266,4.13967468233888,8.06225774829855,4.13967468233888,3075.730769230769,1753.423076923077
4258,58.0,16.126478041321693,7.5980135187458755,15.652475842498529,7.5980135187458755,3088.0689655172414,1756.8275862068965
4259,6.0,3.265986323710904,2.0,3.1622776601683795,2.0,3099.5,1753.0
4260,31.0,8.1232623044844,4.995119132882567,8.06225774829855,4.995119132882567,3206.3225806451615,1754.774193548387
4261,9.0,7.6374967744199065,1.4536462654889464,7.0710678118654755,1.4536462654889464,2280.6666666666665,1756.3333333333333
4262,24.0,5.5377492419453835,5.5377492419453835,6.082762530298219,5.5377492419453835,2891.5,1755.5
4263,36.0,8.027729719194863,5.847865496418119,8.06225774829855,5.847865496418119,2213.472222222222,1757.4722222222222
4264,18.0,5.258737584977436,4.268749491621899,5.385164807134504,4.268749491621899,2294.222222222222,1755.5
4265,13.0,4.318667337728677,3.6794648440311994,4.47213595499958,3.6794648440311994,2505.3846153846152,1755.3846153846155
4266,36.0,7.8738488165519644,6.156601284961083,8.246211251235321,6.156601284961083,2568.3888888888887,1757.2222222222222
4267,513.0,68.36143450308464,19.575840753626284,60.83584469702052,19.575840753626284,2686.9200779727094,1782.6393762183236
4268,367.0,28.398040747547157,21.394682511687837,33.83784863137726,21.394682511687837,2809.8392370572205,1768.891008174387
4269,20.0,7.541324143825273,3.4768419805562103,7.280109889280518,3.4768419805562103,2902.0,1757.3
4270,22.0,6.402478858785094,4.30644337539164,6.324555320336759,4.30644337539164,3044.7272727272725,1755.5
4271,12.0,4.418071998329192,3.3718731747306854,4.47213595499958,3.3718731747306854,3246.25,1755.4166666666667
4272,14.0,5.398412465054625,3.5225222874108435,5.385164807134504,3.5225222874108435,3007.9285714285716,1756.4285714285713
4273,59.0,8.806777051447272,8.751279300742139,9.486832980505138,8.751279300742139,2523.0677966101694,1759.2372881355932
4274,7.0,3.0237157840738176,2.7994168488950604,3.1622776601683795,2.7994168488950604,2448.0,1757.7142857142858
4275,56.0,11.040040055586285,6.674285504802879,11.180339887498949,6.674285504802879,2512.25,1762.5
4276,36.0,8.757558062144655,5.625909330989156,8.54400374531753,5.625909330989156,2966.277777777778,1761.388888888889
4277,78.0,19.34133332293905,5.309203752811113,18.24828759089466,5.309203752811113,2557.2179487179487,1766.7179487179487
4278,51.0,13.542168896855177,4.863762138310236,13.341664064126334,4.863762138310236,2943.1372549019607,1765.3725490196077
4279,13.0,4.318667337728677,3.6794648440311994,4.47213595499958,3.6794648440311994,2997.6153846153848,1760.6153846153845
4280,8.0,4.47213595499958,2.0,4.123105625617661,2.0,2542.5,1761.5
4281,8.0,3.9722133299273006,2.6403638502198645,4.123105625617661,2.6403638502198645,2837.375,1761.25
4282,19.0,5.447543815574656,4.478035086212477,5.830951894845301,4.478035086212477,2932.9473684210525,1761.6842105263158
4283,74.0,19.692558175554282,7.30620656213336,18.35755975068582,7.30620656213336,3083.5135135135133,1767.7972972972973
4284,6.0,3.126943839882286,2.309401076758503,3.1622776601683795,2.309401076758503,3200.8333333333335,1761.1666666666667
4285,66.0,13.618498714784705,7.4625628609890855,13.0,7.4625628609890855,3247.469696969697,1764.6818181818182
4286,61.0,15.102039245886449,7.921436594879569,13.0,7.921436594879569,2499.409836065574,1765.0
4287,189.0,33.921536153851484,10.443494164889914,28.635642126552707,10.443494164889914,2881.941798941799,1772.2380952380952
4288,12.0,5.485458865381723,2.649689066157795,5.385164807134504,2.649689066157795,2872.9166666666665,1762.9166666666667
4289,79.0,17.195802851000156,7.7642265456951565,15.811388300841896,7.7642265456951565,2899.7088607594937,1769.2151898734178
4290,78.0,12.49969000406605,8.65146358271783,13.416407864998739,8.65146358271783,2956.897435897436,1767.4615384615386
4291,8.0,4.47213595499958,2.0,4.123105625617661,2.0,3219.5,1762.5
4292,86.0,14.55189099299673,9.221870807718286,13.92838827718412,9.221870807718286,2573.4418604651164,1767.6279069767443
4293,46.0,11.969356028051102,5.081669327560001,11.180339887498949,5.081669327560001,3017.413043478261,1766.9782608695652
4294,22.0,7.188323672705129,4.309981051086486,7.280109889280518,4.309981051086486,3229.909090909091,1765.3181818181818
4295,42.0,12.775529370595244,4.632175635175897,11.40175425099138,4.632175635175897,2277.1428571428573,1768.7619047619048
4296,36.0,9.328294191525446,4.93240372320619,9.219544457292887,4.93240372320619,2301.6388888888887,1765.7777777777778
4297,233.0,30.038483354611607,13.446128110606072,30.59411708155671,13.446128110606072,2315.961373390558,1777.5236051502145
4298,10.0,5.656854249492381,2.0,5.0990195135927845,2.0,2406.5,1766.0
4299,93.0,18.422109072092603,8.472254377513664,17.08800749063506,8.472254377513664,2836.2473118279568,1767.8064516129032
4300,24.0,7.504852044964791,4.093962520165656,7.211102550927978,4.093962520165656,3031.625,1766.5
4301,106.0,19.691961943251176,7.813613218088053,20.024984394500787,7.813613218088053,3197.5849056603774,1774.5849056603774
4302,90.0,14.767234098933285,9.864809987001667,14.866068747318506,9.864809987001667,2529.822222222222,1771.888888888889
4303,14.0,4.20883424647321,4.120630029101703,4.47213595499958,4.120630029101703,2993.285714285714,1766.5
4304,35.0,8.329883863569087,5.499459539592467,8.54400374531753,5.499459539592467,2228.8285714285716,1768.9714285714285
4305,10.0,5.366563145999495,2.1908902300206647,5.0,2.1908902300206647,3116.5,1767.5
4306,32.0,7.034299975882726,5.93610763457809,7.280109889280518,5.93610763457809,2019.71875,1769.03125
4307,68.0,19.697715603592208,4.365641250653994,18.027756377319946,4.365641250653994,2051.5,1775.5
4308,70.0,12.644518811618651,7.487582996178597,12.083045973594572,7.487582996178597,2148.214285714286,1770.4142857142858
4309,109.0,16.804733060784038,11.255653867949283,19.209372712298546,11.255653867949283,2209.8073394495414,1774.0183486238532
4310,769.0,52.21023474259114,37.219453015495155,58.008620049092706,37.219453015495155,2633.8660598179454,1791.707412223667
4311,73.0,17.68125431600636,6.904490462095911,17.11724276862369,6.904490462095911,2855.890410958904,1775.6438356164383
4312,13.0,5.779164735540291,2.8736839932768055,6.082762530298219,2.8736839932768055,2875.076923076923,1768.076923076923
4313,31.0,9.129903898624152,4.502248884769682,8.94427190999916,4.502248884769682,2906.7741935483873,1770.6129032258063
4314,32.0,10.651985449643576,3.8694580990859104,10.04987562112089,3.8694580990859104,2917.3125,1771.75
4315,10.0,4.09878030638384,2.9933259094191533,4.123105625617661,2.9933259094191533,3107.5,1768.2
4316,5.0,3.098386676965933,1.7888543819998317,3.1622776601683795,1.7888543819998317,3124.2,1767.6
4317,9.0,3.885753375057407,2.7954428906961324,4.123105625617661,2.7954428906961324,2197.6666666666665,1769.111111111111
4318,12.0,3.8297084310253524,3.8297084310253524,4.123105625617661,3.8297084310253524,2419.5,1769.5
4319,43.0,17.20302486454181,3.275639369913109,15.297058540778355,3.275639369913109,2519.3488372093025,1775.1162790697674
4320,58.0,11.326863468497056,7.505013773637156,11.40175425099138,7.505013773637156,2927.344827586207,1771.1206896551723
4321,42.0,11.954905402422966,5.226043372966305,10.770329614269007,5.226043372966305,2218.714285714286,1773.4285714285713
4322,140.0,34.39660002955655,11.749651678665876,29.966648127543394,11.749651678665876,2294.3214285714284,1778.0928571428572
4323,14.0,8.0,2.0,7.0710678118654755,2.0,2847.5,1772.0
4324,36.0,13.884315856562127,3.678914944725697,13.341664064126334,3.678914944725697,2247.1944444444443,1776.611111111111
4325,86.0,17.98402020832026,8.4054634266091,18.24828759089466,8.4054634266091,2463.4302325581393,1773.5697674418604
4326,25.0,7.030163510640437,4.851474107285302,7.211102550927978,4.851474107285302,2477.2,1773.0
4327,32.0,9.38083151964686,4.242640687119285,9.055385138137417,4.242640687119285,2507.0,1771.5
4328,6.0,3.8297084310253524,1.8856180831641272,4.0,1.8856180831641272,2739.6666666666665,1771.5
4329,127.0,27.052280060201987,9.182050305689167,24.351591323771842,9.182050305689167,2988.3543307086616,1776.6929133858268
4330,78.0,22.312080044434488,6.30509738691899,19.6468827043885,6.30509738691899,2128.128205128205,1775.0
4331,19.0,5.271572221283753,4.5005385950383054,5.385164807134504,4.5005385950383054,2192.842105263158,1774.157894736842
4332,74.0,10.707204694876495,9.334309024407734,11.180339887498949,9.334309024407734,2779.7162162162163,1777.4324324324325
4333,6.0,4.618802153517007,1.8856180831641267,4.123105625617661,1.8856180831641267,2824.0,1773.6666666666667
4334,27.0,7.811725553869512,4.378866832323127,7.615773105863909,4.378866832323127,3260.1111111111113,1773.5555555555557
4335,32.0,9.903964278693412,4.348734478715028,9.848857801796104,4.348734478715028,2006.5,1777.25
4336,118.0,22.576377535238958,9.33581853675377,20.615528128088304,9.33581853675377,2577.508474576271,1779.3983050847457
4337,22.0,5.803252125075944,4.896443335195969,6.324555320336759,4.896443335195969,2865.181818181818,1776.0
4338,75.0,17.58120198433093,6.057619912835429,17.11724276862369,6.057619912835429,2936.32,1780.7866666666666
4339,21.0,7.378134518526891,3.8642910784506905,7.280109889280518,3.8642910784506905,3008.7619047619046,1775.4761904761904
4340,13.0,6.176879969195302,3.0304177851680323,5.830951894845301,3.0304177851680323,2111.846153846154,1775.6923076923076
4341,44.0,10.413395877048787,5.330330756837217,10.198039027185569,5.330330756837217,2141.931818181818,1779.3181818181818
4342,79.0,16.843037733143394,7.583786020967116,15.652475842498529,7.583786020967116,2229.506329113924,1780.746835443038
4343,92.0,20.573249141042897,9.046739698679456,18.973665961010276,9.046739698679456,2503.282608695652,1784.8804347826087
4344,157.0,33.904290447190746,11.053919555992403,28.635642126552707,11.053919555992403,2732.980891719745,1789.6050955414012
4345,15.0,6.152778893515517,3.0595897870936466,5.830951894845301,3.0595897870936466,3248.0666666666666,1777.3333333333333
4346,5.0,3.098386676965933,1.7888543819998317,3.1622776601683795,1.7888543819998317,2272.2,1776.4
4347,20.0,12.27645803219697,2.118626485180073,11.180339887498949,2.118626485180073,2792.3,1781.1
4348,8.0,4.47213595499958,2.0,4.123105625617661,2.0,2835.5,1776.5
4349,22.0,6.9504432258293285,4.027438960972333,7.0710678118654755,4.027438960972333,3141.2727272727275,1777.2727272727273
4350,5.0,3.098386676965933,1.7888543819998317,3.1622776601683795,1.7888543819998317,3094.2,1777.4
4351,18.0,5.258737584977436,4.268749491621899,5.385164807134504,4.268749491621899,2886.222222222222,1779.5
4352,37.0,10.288041479625903,5.418082515553349,9.848857801796104,5.418082515553349,2151.864864864865,1782.1351351351352
4353,246.0,32.76316808859777,13.35182735669758,32.64965543462902,13.35182735669758,2952.7642276422766,1790.7113821138212
4354,24.0,11.482227790744535,3.6082621956511187,10.44030650891055,3.6082621956511187,3026.1666666666665,1781.4583333333333
4355,22.0,8.081211597795775,3.6971915994740265,8.06225774829855,3.6971915994740265,2529.5,1782.6363636363637
4356,88.0,21.892368924408835,5.623428065527016,21.02379604162864,5.623428065527016,2702.2386363636365,1789.4772727272727
4357,20.0,6.052571743000827,4.19122598959158,6.324555320336759,4.19122598959158,2984.05,1781.6
4358,17.0,5.181899763382574,4.041201040002321,5.385164807134504,4.041201040002321,2456.8823529411766,1782.4117647058824
4359,9.0,3.885753375057407,2.7954428906961324,4.123105625617661,2.7954428906961324,2972.1111111111113,1782.3333333333333
4360,5.0,3.098386676965933,1.7888543819998317,3.1622776601683795,1.7888543819998317,2976.6,1781.8
4361,6.0,3.265986323710904,2.0,3.1622776601683795,2.0,3181.5,1782.0
4362,19.0,7.455128930368747,3.15086937833595,7.0710678118654755,3.15086937833595,2402.0,1783.1052631578948
4363,136.0,28.049113983009487,12.132371433567794,29.068883707497267,12.132371433567794,2865.7279411764707,1795.6323529411766
4364,968.0,64.6000523318081,32.53779668500392,69.20260110718382,32.53779668500392,2034.8212809917356,1817.224173553719
4365,10.0,4.09878030638384,2.9933259094191533,4.123105625617661,2.9933259094191533,2195.5,1784.2
4366,10.0,5.138093031466052,2.529822128134703,5.0990195135927845,2.529822128134703,2512.6,1784.7
4367,69.0,11.959053784647695,7.757058646929005,12.649110640673518,7.757058646929005,2773.5652173913045,1786.7391304347825
4368,202.0,27.077165786651943,14.04962417809935,27.459060435491963,14.04962417809935,2904.430693069307,1791.8118811881188
4369,16.0,6.324555320336759,3.122498999199199,6.082762530298219,3.122498999199199,2915.5,1783.875
4370,37.0,9.045112531421744,5.127772167523188,9.219544457292887,5.127772167523188,3012.0,1785.0
4371,16.0,6.673994557134287,2.9929578432283197,7.0710678118654755,2.9929578432283197,2479.125,1787.125
4372,37.0,11.718884165088609,5.111478590847747,11.704699910719626,5.111478590847747,2524.108108108108,1788.6486486486488
4373,11.0,3.8138503569823694,3.6725472503134826,4.123105625617661,3.6725472503134826,2925.818181818182,1785.1818181818182
4374,52.0,20.24430281375669,4.0597799265943655,17.46424919657298,4.0597799265943655,2942.096153846154,1792.5
4375,12.0,5.485458865381723,2.649689066157795,5.385164807134504,2.649689066157795,3191.0833333333335,1785.9166666666667
4376,294.0,31.07441057018895,20.12129353680725,33.015148038438355,20.12129353680725,2152.874149659864,1796.6326530612246
4377,167.0,24.999421186076777,14.39750860631968,24.351591323771842,14.39750860631968,2218.443113772455,1796.4610778443114
4378,47.0,11.774345921377117,5.698744426427481,11.180339887498949,5.698744426427481,2365.872340425532,1788.723404255319
4379,16.0,5.291502622129181,3.872983346207417,6.0,3.872983346207417,2427.5,1786.25
4380,85.0,25.263078729635545,6.477448381060396,23.194827009486403,6.477448381060396,2471.705882352941,1797.0470588235294
4381,65.0,16.850594187104207,5.0646666546373,15.297058540778355,5.0646666546373,2489.1846153846154,1791.5692307692307
4382,30.0,7.548061719145434,5.100336356617863,7.615773105863909,5.100336356617863,2537.2,1787.8
4383,84.0,17.08858240001032,9.672920219440607,18.027756377319946,9.672920219440607,2981.5714285714284,1792.25
4384,100.0,21.04239665851483,7.67030265802621,20.396078054371138,7.67030265802621,2273.13,1790.39
4385,13.0,5.327693424801688,2.9221156196156555,5.385164807134504,2.9221156196156555,2192.0,1789.0
4386,101.0,24.12330345634072,6.969492639187062,21.37755832643195,6.969492639187062,2241.4356435643563,1790.4950495049504
4387,22.0,5.878318081391838,4.904788148525445,6.324555320336759,4.904788148525445,2549.5,1789.3636363636363
4388,15.0,4.77795383588526,3.981909289096598,5.0990195135927845,3.981909289096598,2016.6666666666667,1789.7333333333333
4389,10.0,4.0,3.149603149604724,4.123105625617661,3.149603149604724,2781.7,1789.7
4390,12.0,4.894994431930091,2.9693109114997,5.0990195135927845,2.9693109114997,2840.9166666666665,1790.1666666666667
4391,22.0,8.277381683044219,3.393819430147062,8.246211251235321,3.393819430147062,2846.8636363636365,1791.5454545454545
4392,38.0,13.154427138528145,5.169947744082605,12.36931687685298,5.169947744082605,2926.5526315789475,1793.842105263158
4393,24.0,8.327150131058639,3.7995195054885356,8.06225774829855,3.7995195054885356,2877.4166666666665,1790.9166666666667
4394,14.0,6.05122561235416,2.8490985356670366,6.082762530298219,2.8490985356670366,2920.4285714285716,1790.142857142857
4395,7.0,3.0237157840738176,2.7994168488950604,3.1622776601683795,2.7994168488950604,3000.0,1789.7142857142858
4396,6.0,3.265986323710904,2.0,3.1622776601683795,2.0,3230.0,1790.5
4397,7.0,4.155374705678736,1.9054711331003737,4.123105625617661,1.9054711331003737,2334.5714285714284,1792.7142857142858
4398,6.0,3.265986323710904,2.0,3.1622776601683795,2.0,2457.5,1792.0
4399,13.0,4.318667337728677,3.6794648440311994,4.47213595499958,3.6794648440311994,2557.6153846153848,1792.6153846153845
4400,32.0,9.329789156347598,4.346554301754295,9.219544457292887,4.346554301754295,3261.5625,1794.75
4401,109.0,23.47911323860208,9.507809487971612,20.808652046684813,9.507809487971612,2770.97247706422,1799.3394495412845
4402,26.0,7.549442551621722,4.332347027793453,7.280109889280518,4.332347027793453,2971.5,1795.2307692307693
4403,7.0,3.6486656040768595,2.5058084612197167,4.0,2.5058084612197167,3242.5714285714284,1793.142857142857
4404,168.0,24.51567036665203,20.543398603968882,26.0,20.543398603968882,2117.375,1805.1785714285713
4405,12.0,6.831300510639732,2.0,6.082762530298219,2.0,2791.5,1795.5
4406,7.0,3.0237157840738176,2.7994168488950604,3.1622776601683795,2.7994168488950604,2857.0,1793.7142857142858
4407,64.0,16.149264273935632,5.646321892222067,16.76305461424021,5.646321892222067,3234.484375,1799.640625
4408,24.0,6.352476304920177,4.961679858440073,6.708203932499369,4.961679858440073,2345.625,1797.0833333333333
4409,12.0,3.8297084310253524,3.8297084310253524,4.123105625617661,3.8297084310253524,2461.5,1795.5
4410,10.0,4.09878030638384,2.9933259094191533,4.123105625617661,2.9933259094191533,2799.8,1795.5
4411,28.0,7.0289564493528705,5.093202333366592,7.280109889280518,5.093202333366592,2131.8571428571427,1797.357142857143
4412,6.0,3.265986323710904,2.0,3.1622776601683795,2.0,3057.0,1795.5
4413,17.0,5.487954724560283,3.880570000581328,5.385164807134504,3.880570000581328,2254.0,1798.0
4414,20.0,6.2906103577220325,3.9734394832840088,6.324555320336759,3.9734394832840088,2446.5,1798.7
4415,15.0,8.701579641278252,1.9816549121722193,8.06225774829855,1.9816549121722193,2500.266666666667,1796.5333333333333
4416,179.0,29.802980987541034,10.060299226807983,30.610455730027933,10.060299226807983,2541.5195530726255,1806.1173184357542
4417,52.0,15.573760417489387,5.701862932104785,14.317821063276353,5.701862932104785,2854.269230769231,1800.923076923077
4418,12.0,3.8297084310253524,3.8297084310253524,4.123105625617661,3.8297084310253524,3163.5,1797.5
4419,14.0,4.742873420478221,3.686025552052299,5.0990195135927845,3.686025552052299,3209.3571428571427,1798.2142857142858
4420,22.0,5.998957770079654,5.320716712432449,6.324555320336759,5.320716712432449,2523.0454545454545,1799.5454545454545
4421,10.0,4.381780460041329,2.6832815729997477,4.47213595499958,2.6832815729997477,2457.0,1799.5
4422,106.0,28.240101506607527,11.511492814804848,27.018512172212592,11.511492814804848,2890.6415094339623,1804.9905660377358
4423,41.0,9.880412989843014,5.321796694196905,10.44030650891055,5.321796694196905,2246.0243902439024,1803.3902439024391
4424,10.0,5.0228248744557495,2.508232501294206,5.0990195135927845,2.508232501294206,2309.3,1800.8
4425,36.0,10.519822558706334,4.268749491621899,10.04987562112089,4.268749491621899,2355.5,1803.5
4426,30.0,8.91916175306817,4.676620130481858,8.54400374531753,4.676620130481858,2584.6,1801.9666666666667
4427,5.0,3.098386676965933,1.7888543819998317,3.1622776601683795,1.7888543819998317,2845.2,1799.6
4428,47.0,11.246684492346551,6.063949317094108,10.770329614269007,6.063949317094108,3006.1063829787236,1801.6170212765958
4429,9.0,3.885753375057407,2.7954428906961324,4.123105625617661,2.7954428906961324,3019.1111111111113,1800.3333333333333
4430,19.0,6.150039219685437,3.8740214928519525,6.324555320336759,3.8740214928519525,3064.684210526316,1801.578947368421
4431,32.0,9.38083151964686,4.242640687119285,9.055385138137417,4.242640687119285,2323.5,1804.0
4432,34.0,9.893551078413477,4.351351060919278,9.219544457292887,4.351351060919278,2330.4117647058824,1804.0
4433,6.0,3.265986323710904,2.0,3.1622776601683795,2.0,2501.5,1801.0
4434,14.0,5.3909797661462155,3.2448688564710855,5.385164807134504,3.2448688564710855,2566.8571428571427,1801.9285714285713
4435,76.0,19.2150648026057,7.150740184462035,17.029386365926403,7.150740184462035,2639.1973684210525,1806.2105263157894
4436,24.0,7.393691004272944,4.109609335312652,8.0,4.109609335312652,2819.3333333333335,1803.5
4437,7.0,4.155374705678736,1.9054711331003737,4.123105625617661,1.9054711331003737,2081.285714285714,1801.4285714285713
4438,99.0,20.829338123323456,10.414749501920312,20.12461179749811,10.414749501920312,2934.5858585858587,1808.3939393939395
4439,70.0,15.989279756580592,6.976584320723816,15.132745950421556,6.976584320723816,2132.5285714285715,1809.0
4440,24.0,6.478964315277335,5.09037427801255,6.708203932499369,5.09037427801255,2388.5,1804.9166666666667
4441,6.0,3.265986323710904,2.0,3.1622776601683795,2.0,2403.5,1803.0
4442,13.0,4.318667337728677,3.6794648440311994,4.47213595499958,3.6794648440311994,2741.6153846153848,1803.6153846153845
4443,12.0,4.47213595499958,3.265986323710904,4.47213595499958,3.265986323710904,2842.0,1803.5
4444,6.0,3.265986323710904,2.0,3.1622776601683795,2.0,2955.5,1803.0
4445,23.0,6.278492549053397,5.018510361184719,6.708203932499369,5.018510361184719,3185.782608695652,1805.0434782608695
4446,11.0,4.077022084696552,3.677859601925431,4.47213595499958,3.677859601925431,3223.0,1803.4545454545455
4447,13.0,4.919459827476725,3.3758773884632336,5.0990195135927845,3.3758773884632336,3248.846153846154,1803.4615384615386
4448,73.0,16.768922994008385,7.456464851641686,15.620499351813308,7.456464851641686,2810.8082191780823,1808.8082191780823
4449,32.0,12.55415743138133,3.1353837385705914,12.041594578792296,3.1353837385705914,2968.0,1808.8125
4450,294.0,21.43297727518423,20.548491835865647,24.351591323771842,20.548491835865647,2169.125850340136,1814.1122448979593
4451,28.0,8.246211251235321,4.20883424647321,8.06225774829855,4.20883424647321,2235.5,1805.5
4452,17.0,5.1816218144783335,4.383272648232879,5.385164807134504,4.383272648232879,2560.0588235294117,1806.0
4453,108.0,17.693177198465456,8.500918160261312,17.11724276862369,8.500918160261312,2699.712962962963,1811.5462962962963
4454,6.0,3.265986323710904,2.0,3.1622776601683795,2.0,2086.0,1805.5
4455,17.0,6.855803266994698,3.217819595370112,6.708203932499369,3.217819595370112,2156.823529411765,1806.8235294117646
4456,10.0,5.215361924162119,2.529822128134704,5.0,2.529822128134704,2497.7,1806.1
4457,79.0,19.280782642842087,9.549750959275014,20.8806130178211,9.549750959275014,2734.26582278481,1809.9113924050632
4458,22.0,6.983206844970129,4.200957664730532,7.211102550927978,4.200957664730532,2834.0454545454545,1807.2727272727273
4459,203.0,40.629959517764675,11.244895367631184,38.07886552931954,11.244895367631184,2926.039408866995,1823.6945812807883
4460,6.0,3.265986323710904,2.0,3.1622776601683795,2.0,3078.5,1806.0
4461,24.0,19.947751998928013,2.682965020341212,15.524174696260024,2.682965020341212,3113.5833333333335,1812.0833333333333
4462,6.0,3.9999999999999996,1.632993161855452,4.123105625617661,1.632993161855452,3243.5,1805.5
4463,102.0,29.549136687394913,11.041653392921424,25.612496949731394,11.041653392921424,2062.8627450980393,1817.8431372549019
4464,42.0,10.430829048527084,5.115941951365945,11.045361017187261,5.115941951365945,2421.9523809523807,1811.452380952381
4465,5.0,3.335641688875783,2.0575457524521585,3.1622776601683795,2.0575457524521585,2441.8,1807.0
4466,18.0,6.979871189985877,3.276917498909904,7.0710678118654755,3.276917498909904,2455.1111111111113,1807.7777777777778
4467,29.0,9.332798445000932,4.1511215550467995,9.486832980505138,4.1511215550467995,2339.2413793103447,1811.2758620689656
4468,87.0,16.015630627687518,7.962292954253332,17.204650534085253,7.962292954253332,2365.551724137931,1811.7586206896551
4469,32.0,9.38083151964686,4.242640687119285,9.055385138137417,4.242640687119285,2619.5,1811.0
4470,7.0,4.375345285424217,2.089630999709931,4.123105625617661,2.089630999709931,2785.285714285714,1807.857142857143
4471,37.0,9.724001128333072,5.286846075684578,10.295630140987,5.286846075684578,2842.2162162162163,1811.162162162162
4472,11.0,4.346129984141888,3.067356324605906,4.47213595499958,3.067356324605906,3208.909090909091,1808.3636363636363
4473,7.0,3.0237157840738176,2.799416848895061,3.1622776601683795,2.799416848895061,2229.285714285714,1809.0
4474,47.0,14.309145669773367,6.369617419644695,13.0,6.369617419644695,2281.936170212766,1814.7021276595744
4475,49.0,13.370446004006796,5.194751457817716,13.152946437965905,5.194751457817716,2303.530612244898,1814.0408163265306
4476,33.0,8.037747073150099,5.237144244653443,8.246211251235321,5.237144244653443,2345.181818181818,1811.8181818181818
4477,5.0,3.098386676965933,1.7888543819998317,3.1622776601683795,1.7888543819998317,3022.6,1809.2
4478,26.0,6.4076707814980285,5.265246456215877,6.708203932499369,5.265246456215877,3134.269230769231,1810.8846153846155
4479,7.0,8.0,0.0,7.0,0.0,2413.0,1812.0
4480,29.0,6.935348998935908,5.485759937053181,7.211102550927978,5.485759937053181,2081.206896551724,1812.9655172413793
4481,22.0,6.402478858785094,4.30644337539164,6.324555320336759,4.30644337539164,2444.7272727272725,1811.5
4482,10.0,4.09878030638384,2.9933259094191533,4.123105625617661,2.9933259094191533,2551.2,1811.5
4483,18.0,5.880249045112264,4.120464381961317,6.324555320336759,4.120464381961317,2709.0,1813.0
4484,24.0,7.905143800023729,3.891990543389755,7.615773105863909,3.891990543389755,3007.125,1812.0833333333333
4485,22.0,6.708098116502888,4.243781818399753,7.0710678118654755,4.243781818399753,3231.681818181818,1813.2272727272727
4486,22.0,7.2595945899306455,4.606044046874771,7.280109889280518,4.606044046874771,2464.818181818182,1813.2727272727273
4487,9.0,3.7712361663282534,3.204934467079102,4.123105625617661,3.204934467079102,3241.4444444444443,1812.2222222222222
4488,29.0,8.504440860756826,4.2611318058210035,8.246211251235321,4.2611318058210035,2068.3793103448274,1813.551724137931
4489,7.0,3.648665604076859,2.5058084612197167,4.0,2.5058084612197167,2088.1428571428573,1813.5714285714287
4490,139.0,24.84946862643098,10.75569650328888,24.413111231467404,10.75569650328888,2904.6690647482014,1820.4892086330935
4491,125.0,21.980729951819082,12.160058831486115,22.47220505424423,12.160058831486115,2223.392,1819.296
4492,5.0,2.5298221281347035,2.5298221281347035,3.0,2.5298221281347035,2614.0,1814.0
4493,6.0,3.265986323710904,2.0,3.1622776601683795,2.0,2759.0,1813.5
4494,8.0,3.4641016151377544,2.7386127875258306,3.605551275463989,2.7386127875258306,2271.125,1815.125
4495,53.0,16.115108896300235,4.655442812542645,15.811388300841896,4.655442812542645,2390.4716981132074,1821.0566037735848
4496,16.0,7.745966692414834,2.6457513110645907,8.0,2.6457513110645907,2579.5,1814.75
4497,113.0,14.91366089780345,11.973872325228275,16.64331697709324,11.973872325228275,2780.0353982300885,1819.345132743363
4498,240.0,34.119685760587785,17.049147558972905,34.058772731852805,17.049147558972905,2827.9625,1827.8666666666666
4499,27.0,6.828327670010518,5.369425607495231,7.280109889280518,5.369425607495231,2871.4444444444443,1817.111111111111
4500,20.0,6.597896078413453,3.9073990503218887,6.708203932499369,3.9073990503218887,2957.35,1815.55
4501,19.0,5.511452796076387,4.5184213884867805,5.830951894845301,4.5184213884867805,3208.8947368421054,1816.157894736842
4502,136.0,26.455348871735644,10.598703182670047,26.248809496813376,10.598703182670047,2142.764705882353,1827.7205882352941
4503,32.0,9.243528238584684,4.4329375928934,9.055385138137417,4.4329375928934,2321.46875,1818.84375
4504,6.0,3.265986323710904,2.0,3.1622776601683795,2.0,2328.5,1816.0
4505,30.0,6.451036161157146,6.067922873850526,7.280109889280518,6.067922873850526,2440.9333333333334,1817.4
4506,28.0,8.246211251235321,4.20883424647321,8.06225774829855,4.20883424647321,2571.5,1818.5
4507,47.0,14.750033322781874,6.73074827835003,13.92838827718412,6.73074827835003,2860.68085106383,1823.1489361702127
4508,30.0,6.737109068039976,5.81781032355723,7.280109889280518,5.81781032355723,2989.1,1817.0666666666666
4509,73.0,22.4358518742677,5.10300840612806,20.248456731316587,5.10300840612806,2257.821917808219,1825.3561643835617
4510,12.0,3.8297084310253524,3.8297084310253524,4.123105625617661,3.8297084310253524,2292.5,1817.5
4511,15.0,5.382482526970797,3.5836036583566813,6.082762530298219,3.5836036583566813,2334.4,1818.6
4512,154.0,28.477480887144402,8.583002271707263,25.298221281347036,8.583002271707263,2487.7987012987014,1826.564935064935
4513,516.0,51.83062237878755,20.65342123605464,49.47726750741192,20.65342123605464,2550.3158914728683,1832.3081395348838
4514,5.0,3.098386676965933,1.7888543819998317,3.1622776601683795,1.7888543819998317,2565.8,1816.4
4515,14.0,4.74287342047822,3.6860255520522984,5.0990195135927845,3.6860255520522984,2608.785714285714,1817.357142857143
4516,5.0,3.098386676965933,1.7888543819998317,3.1622776601683795,1.7888543819998317,2672.2,1816.4
4517,30.0,8.748333174572933,4.332820482472512,8.246211251235321,4.332820482472512,2729.4,1819.5
4518,8.0,3.4641016151377544,2.7386127875258306,3.605551275463989,2.7386127875258306,2825.125,1817.125
4519,15.0,4.618802153517006,4.026578365477733,5.0,4.026578365477733,2941.6,1817.6
4520,7.0,3.6486656040768595,2.5058084612197167,4.0,2.5058084612197167,3124.4285714285716,1817.142857142857
4521,6.0,3.9999999999999996,1.632993161855452,4.123105625617661,1.632993161855452,3239.5,1817.5
4522,19.0,5.544698233777089,4.2956952169149805,5.830951894845301,4.2956952169149805,2550.1052631578946,1818.578947368421
4523,10.0,5.656854249492381,2.0,5.0990195135927845,2.0,3184.0,1817.5
4524,5.0,4.0,1.3856406460551023,3.605551275463989,1.3856406460551023,3248.2,1817.8
4525,174.0,24.075145998162707,11.675557540674754,24.166091947189145,11.675557540674754,1951.2931034482758,1829.7816091954023
4526,24.0,7.0804830787036845,4.262899826144915,7.280109889280518,4.262899826144915,2417.5416666666665,1820.75
4527,12.0,3.8297084310253524,3.8297084310253524,4.123105625617661,3.8297084310253524,2469.5,1819.5
4528,18.0,5.258737584977436,4.268749491621899,5.385164807134504,4.268749491621899,2560.777777777778,1819.5
4529,10.0,4.09878030638384,2.9933259094191533,4.123105625617661,2.9933259094191533,2736.8,1819.5
4530,18.0,5.258737584977436,4.268749491621899,5.385164807134504,4.268749491621899,2768.777777777778,1819.5
4531,45.0,10.077890964711017,5.878654849470116,9.848857801796104,5.878654849470116,2364.8,1822.911111111111
4532,74.0,16.793708326871815,6.331642376407828,15.811388300841896,6.331642376407828,2685.689189189189,1825.972972972973
4533,53.0,11.440332932296618,5.876219937467966,12.041594578792296,5.876219937467966,2054.490566037736,1825.3962264150944
4534,51.0,10.145892750201396,8.120566341709162,10.816653826391969,8.120566341709162,2083.7843137254904,1822.7450980392157
4535,66.0,13.996101960419113,7.191902042048596,13.892443989449804,7.191902042048596,2240.2272727272725,1824.1818181818182
4536,29.0,6.728462016125951,5.500630044211441,7.211102550927978,5.500630044211441,2276.5862068965516,1821.9310344827586
4537,14.0,4.653822556464807,3.882863568359103,5.0990195135927845,3.882863568359103,2946.3571428571427,1821.9285714285713
4538,5.0,2.5298221281347035,2.5298221281347035,3.0,2.5298221281347035,2102.0,1822.0
4539,13.0,4.318667337728677,3.6794648440311994,4.47213595499958,3.6794648440311994,2613.6153846153848,1822.3846153846155
4540,6.0,3.126943839882286,2.309401076758503,3.1622776601683795,2.309401076758503,2629.8333333333335,1822.1666666666667
4541,12.0,3.8297084310253524,3.8297084310253524,4.123105625617661,3.8297084310253524,2803.5,1822.5
4542,13.0,5.547001962252291,2.935197542821372,5.385164807134504,2.935197542821372,2008.8461538461538,1824.2307692307693
4543,11.0,4.346129984141888,3.067356324605906,4.47213595499958,3.067356324605906,2329.3636363636365,1822.909090909091
4544,6.0,3.1269438398822857,2.309401076758503,3.1622776601683795,2.309401076758503,2465.1666666666665,1822.8333333333333
4545,27.0,10.466945181991921,3.8697925650891745,9.486832980505138,3.8697925650891745,2124.5925925925926,1824.7037037037037
4546,24.0,6.831300510639732,4.47213595499958,6.708203932499369,4.47213595499958,2555.5,1825.5
4547,200.0,19.994930227580294,14.625538116397488,22.02271554554524,14.625538116397488,2585.55,1832.355
4548,79.0,18.598976034710137,5.939142338999476,17.26267650163207,5.939142338999476,2606.8734177215188,1832.26582278481
4549,13.0,4.671532635926293,3.5550416724722087,5.0990195135927845,3.5550416724722087,2718.6153846153848,1824.923076923077
4550,9.0,5.274258481434536,1.946056459258261,5.0990195135927845,1.946056459258261,2766.4444444444443,1825.2222222222222
4551,29.0,8.504440860756826,4.2611318058210035,8.246211251235321,4.2611318058210035,2115.551724137931,1827.3793103448277
4552,8.0,3.4641016151377544,2.7386127875258306,3.605551275463989,2.7386127875258306,2153.125,1825.125
4553,32.0,9.38083151964686,4.242640687119285,9.055385138137417,4.242640687119285,2179.5,1828.0
4554,29.0,8.501567682464598,4.381255986059742,8.246211251235321,4.381255986059742,2337.4137931034484,1827.7931034482758
4555,8.0,4.100618600451318,2.4869513653533066,4.123105625617661,2.4869513653533066,2664.0,1825.25
4556,30.0,8.937816846363637,4.192041006316156,9.055385138137417,4.192041006316156,2675.5666666666666,1827.7666666666667
4557,14.0,5.449353665897314,3.145851452097728,5.385164807134504,3.145851452097728,2749.8571428571427,1825.0714285714287
4558,30.0,8.937816846363637,4.192041006316156,9.055385138137417,4.192041006316156,2851.4333333333334,1828.2333333333333
4559,40.0,8.598623618961636,6.05670470300766,9.219544457292887,6.05670470300766,2893.575,1827.925
4560,8.0,3.4641016151377544,2.7386127875258306,3.605551275463989,2.7386127875258306,3117.875,1825.125
4561,5.0,5.656854249492381,0.0,5.0,0.0,2671.0,1827.0
4562,12.0,6.831300510639732,2.0,6.082762530298219,2.0,3131.5,1827.5
4563,15.0,5.7681210284018105,3.289022452127339,6.082762530298219,3.289022452127339,3027.6,1828.4666666666667
4564,14.0,5.741353143332354,3.2096993949584554,5.385164807134504,3.2096993949584554,2306.0714285714284,1828.9285714285713
4565,72.0,17.886389662966074,8.721862873551395,17.029386365926403,8.721862873551395,2397.597222222222,1833.1805555555557
4566,22.0,5.726969909520419,4.958855251720278,6.324555320336759,4.958855251720278,2648.909090909091,1829.6363636363637
4567,13.0,5.055900530816918,3.1378581622109447,5.0990195135927845,3.1378581622109447,2760.0,1829.3076923076924
4568,19.0,5.271572221283754,4.5005385950383054,5.385164807134504,4.5005385950383054,2158.157894736842,1830.157894736842
4569,6.0,3.265986323710904,2.0,3.1622776601683795,2.0,2528.5,1829.0
4570,13.0,4.318667337728677,3.6794648440311994,4.47213595499958,3.6794648440311994,2779.3846153846152,1829.6153846153845
4571,14.0,4.74287342047822,3.6860255520522984,5.0990195135927845,3.6860255520522984,3112.785714285714,1829.642857142857
4572,12.0,3.8297084310253524,3.8297084310253524,4.123105625617661,3.8297084310253524,2059.5,1830.5
4573,23.0,12.670053070818717,2.4001813461791675,11.180339887498949,2.4001813461791675,2360.7391304347825,1833.8695652173913
4574,79.0,15.170122585885125,9.288330578919247,16.1245154965971,9.288330578919247,2881.8481012658226,1834.6455696202531
4575,17.0,6.444926698162791,3.3253684855442733,6.324555320336759,3.3253684855442733,2909.5882352941176,1830.8823529411766
4576,29.0,11.182648260608469,3.225858990519593,10.198039027185569,3.225858990519593,2093.9655172413795,1834.655172413793
4577,43.0,9.958268793356382,5.5237331495082875,9.486832980505138,5.5237331495082875,1905.0,1835.1860465116279
4578,133.0,20.004193499560667,9.074613409692049,18.973665961010276,9.074613409692049,2168.285714285714,1835.6616541353383
4579,26.0,7.043698455314367,4.8573050822774135,7.280109889280518,4.8573050822774135,2227.230769230769,1832.576923076923
4580,37.0,11.340727755997719,4.430621485457343,10.816653826391969,4.430621485457343,2275.5675675675675,1835.2972972972973
4581,34.0,9.848682134802988,4.365641250653994,9.219544457292887,4.365641250653994,2371.5,1835.235294117647
4582,6.0,4.93861174764721,1.6496136266144528,4.47213595499958,1.6496136266144528,2409.8333333333335,1832.3333333333333
4583,98.0,19.395504095093294,9.164024889526061,19.313207915827967,9.164024889526061,2429.234693877551,1836.030612244898
4584,84.0,12.515680325868082,8.977644946892806,13.038404810405298,8.977644946892806,2618.7261904761904,1834.547619047619
4585,29.0,7.405832080434374,5.1185959560655565,7.615773105863909,5.1185959560655565,2802.0689655172414,1833.4137931034484
4586,15.0,6.791134621996741,2.8402741439135504,6.324555320336759,2.8402741439135504,2110.2,1834.2
4587,45.0,10.094850210148046,6.1613029105589066,10.816653826391969,6.1613029105589066,2125.822222222222,1836.0666666666666
4588,6.0,3.265986323710904,2.0,3.1622776601683795,2.0,2345.0,1832.5
4589,42.0,10.499484936226109,6.639488801015756,10.816653826391969,6.639488801015756,2870.595238095238,1836.3095238095239
4590,45.0,8.923122448568362,6.521577430929455,9.433981132056603,6.521577430929455,3118.6444444444446,1835.7111111111112
4591,20.0,7.731010827707835,3.198667157092813,7.280109889280518,3.198667157092813,2209.95,1836.15
4592,25.0,6.455771282721419,5.228825599041284,6.708203932499369,5.228825599041284,2414.92,1835.6
4593,22.0,6.173393725739784,5.065353388295726,6.708203932499369,5.065353388295726,2951.7272727272725,1835.409090909091
4594,11.0,4.972652484064489,2.745394340098455,5.0,2.745394340098455,3218.3636363636365,1834.1818181818182
4595,17.0,5.131059035270114,4.251307711706824,5.385164807134504,4.251307711706824,3257.5882352941176,1835.235294117647
4596,6.0,6.831300510639732,0.0,6.0,0.0,2367.0,1836.5
4597,12.0,6.831300510639732,2.0,6.082762530298219,2.0,2639.5,1836.5
4598,26.0,7.114873534576635,4.752438866381866,7.211102550927978,4.752438866381866,2981.076923076923,1836.2692307692307
4599,32.0,7.029495260054932,6.229361635742883,7.810249675906654,6.229361635742883,3129.96875,1836.78125
4600,18.0,5.258737584977436,4.268749491621899,5.385164807134504,4.268749491621899,2075.5,1837.2222222222222
4601,16.0,5.244535484642193,3.9204397139005818,5.385164807134504,3.9204397139005818,2248.8125,1837.8125
4602,18.0,6.831300510639733,3.5555555555555562,6.708203932499369,3.5555555555555562,2348.9444444444443,1837.111111111111
4603,25.0,7.746826768795772,4.274514593994182,8.06225774829855,4.274514593994182,2514.36,1837.76
4604,22.0,7.380770740999823,3.9000222668625963,7.280109889280518,3.9000222668625963,2732.5454545454545,1837.7272727272727
4605,30.0,8.748333174572933,4.332820482472512,8.246211251235321,4.332820482472512,2764.5,1837.6
4606,38.0,11.04059494964403,4.365566600700574,10.198039027185569,4.365566600700574,2899.5,1837.578947368421
4607,42.0,12.188988004400882,4.376809635457545,11.180339887498949,4.376809635457545,2916.0,1837.5714285714287
4608,31.0,9.703980992353294,4.2601748847728445,10.04987562112089,4.2601748847728445,3064.8387096774195,1837.774193548387
4609,17.0,9.88961711133855,2.7379757948899925,9.055385138137417,2.7379757948899925,1964.8823529411766,1838.4117647058824
4610,8.0,3.4641016151377544,2.7386127875258306,3.605551275463989,2.7386127875258306,2052.125,1838.125
4611,6.0,3.265986323710904,2.0,3.1622776601683795,2.0,2695.5,1838.0
4612,9.0,5.274258481434536,1.946056459258261,5.0990195135927845,1.946056459258261,2408.777777777778,1838.5555555555557
4613,16.0,9.38083151964686,1.984313483298443,9.0,1.984313483298443,2684.0,1838.5625
4614,5.0,3.098386676965933,1.7888543819998317,3.1622776601683795,1.7888543819998317,2847.2,1838.6
4615,5.0,3.098386676965933,1.7888543819998317,3.1622776601683795,1.7888543819998317,2926.8,1838.6
