 ,Area,Major,Minor,Angle,Feret,FeretX,FeretY,FeretAngle,MinFeret,Area_um2,Major_um,Minor_um,Feret_um,MinFeret_um,Diameter_um
1,2,2.257,1.128,0.0,2.236,1577,0,153.435,1.0,5.389186422288546,3.704914284114583,1.8516363812499996,3.670442330208333,1.6415216145833331,2.619490611295232
2,25,10.847,2.935,94.581,10.44,2303,0,106.699,3.0,67.36483027860683,17.805584953385413,4.817865938802083,17.137485656249996,4.92456484375,9.261297872506768
3,9,3.385,3.385,0.0,4.243,177,1,135.0,3.0,24.251338900298457,5.556550665364583,5.556550665364583,6.964976210677083,4.92456484375,5.55677872350406
4,1,1.128,1.128,0.0,1.414,1380,3,135.0,1.0,2.694593211144273,1.8516363812499996,1.8516363812499996,2.3211115630208328,1.6415216145833331,1.8522595745013535
5,4,2.257,2.257,0.0,2.828,815,4,135.0,2.0,10.778372844577092,3.704914284114583,3.704914284114583,4.6422231260416655,3.2830432291666662,3.704519149002707
6,60,17.691,4.318,85.435,17.117,1926,6,96.71,5.374,161.67559266865638,29.040158883593744,7.0880903317708315,28.097925476822915,8.821537156770832,14.347540969793956
7,1,1.128,1.128,0.0,1.414,1381,10,135.0,1.0,2.694593211144273,1.8516363812499996,1.8516363812499996,2.3211115630208328,1.6415216145833331,1.8522595745013535
8,15,6.001,3.183,165.726,6.708,2974,11,153.435,4.0,40.418898167164095,9.850771209114583,5.224963299218749,11.011326990625,6.5660864583333325,7.173770484896978
9,7,3.855,2.312,149.036,4.472,435,12,153.435,2.828,18.86215247800991,6.328065824218749,3.795197972916666,7.340884660416666,4.6422231260416655,4.900618197668896
10,100,30.787,4.136,90.056,30.15,2303,42,84.289,5.0,269.4593211144273,50.53752594817708,6.789333397916666,49.49187667968749,8.207608072916665,18.522595745013536
11,2,2.257,1.128,0.0,2.236,2330,13,153.435,1.0,5.389186422288546,3.704914284114583,1.8516363812499996,3.670442330208333,1.6415216145833331,2.619490611295232
12,1,1.128,1.128,0.0,1.414,2340,13,135.0,1.0,2.694593211144273,1.8516363812499996,1.8516363812499996,2.3211115630208328,1.6415216145833331,1.8522595745013535
13,21,7.805,3.426,72.429,8.544,1811,26,69.444,4.0,56.58645743402973,12.812076201822915,5.6238530515625,14.025160674999999,6.5660864583333325,8.488119706859148
14,11,4.982,2.811,103.283,5.385,1860,18,111.801,3.0,29.640525322587003,8.178060683854167,4.61431725859375,8.839593894531248,4.92456484375,6.143250022964334
15,4,3.676,1.385,50.31,4.243,757,25,45.0,2.121,10.778372844577092,6.034233455208333,2.2735074361979164,6.964976210677083,3.4816673445312496,3.704519149002707
16,8,4.242,2.401,66.801,5.0,1511,28,53.13,3.0,21.556745689154184,6.963334689062499,3.9412933966145824,8.207608072916665,4.92456484375,5.238981222590464
17,14,5.797,3.075,91.084,6.325,1925,24,108.435,3.0,37.72430495601982,9.515900799739581,5.047678964843749,10.382624212239582,4.92456484375,6.930520719155746
18,6,3.327,2.296,155.301,4.243,324,25,135.0,3.0,16.167559266865638,5.461342411718749,3.7689336270833325,6.964976210677083,4.92456484375,4.537090828712999
19,8,4.514,2.257,90.0,4.472,2928,32,116.565,2.0,21.556745689154184,7.409828568229166,3.704914284114583,7.340884660416666,3.2830432291666662,5.238981222590464
20,14,4.746,3.756,114.358,5.385,759,34,111.801,4.0,37.72430495601982,7.7906615828125,6.165555184374999,8.839593894531248,6.5660864583333325,6.930520719155746
21,1,1.128,1.128,0.0,1.414,1943,34,135.0,1.0,2.694593211144273,1.8516363812499996,1.8516363812499996,2.3211115630208328,1.6415216145833331,1.8522595745013535
22,8,3.797,2.682,7.018,4.472,1404,38,26.565,3.0,21.556745689154184,6.232857570572916,4.402560970312499,7.340884660416666,4.92456484375,5.238981222590464
23,2,2.257,1.128,0.0,2.236,436,36,153.435,1.0,5.389186422288546,3.704914284114583,1.8516363812499996,3.670442330208333,1.6415216145833331,2.619490611295232
24,6,3.718,2.055,90.0,4.123,1859,36,104.036,2.0,16.167559266865638,6.103177363020833,3.37332691796875,6.7679936169270825,3.2830432291666662,4.537090828712999
25,24,7.553,4.046,85.235,8.246,1925,44,75.964,4.0,64.67023706746255,12.398412754947914,6.641596452604166,13.535987233854165,6.5660864583333325,9.074181657425997
26,1,1.128,1.128,0.0,1.414,1601,38,135.0,1.0,2.694593211144273,1.8516363812499996,1.8516363812499996,2.3211115630208328,1.6415216145833331,1.8522595745013535
27,11,4.761,2.942,92.464,5.385,3048,42,111.801,3.0,29.640525322587003,7.815284407031249,4.829356590104166,8.839593894531248,4.92456484375,6.143250022964334
28,1,1.128,1.128,0.0,1.414,166,43,135.0,1.0,2.694593211144273,1.8516363812499996,1.8516363812499996,2.3211115630208328,1.6415216145833331,1.8522595745013535
29,5,4.183,1.522,79.099,4.472,1759,47,63.435,2.0,13.472966055721365,6.866484913802082,2.498395897395833,7.340884660416666,3.2830432291666662,4.141778320559863
30,11,4.535,3.088,90.0,5.099,1925,46,101.31,3.0,29.640525322587003,7.444300522135416,5.069018745833333,8.370118712760416,4.92456484375,6.143250022964334
31,61,17.795,4.365,89.489,17.117,2304,46,96.71,4.0,164.37018587980066,29.210877131510415,7.165241847656249,28.097925476822915,6.5660864583333325,14.466609741444193
32,13,4.899,3.378,140.735,5.657,26,47,135.0,4.0,35.02971174487555,8.041814389843749,5.545060014062499,9.286087773697915,6.5660864583333325,6.678416871333741
33,6,3.14,2.433,45.0,3.606,3338,50,33.69,2.828,16.167559266865638,5.1543778697916665,3.993822088281249,5.919326942187499,4.6422231260416655,4.537090828712999
34,3,2.365,1.615,45.0,2.828,871,50,45.0,2.0,8.083779633432819,3.8821986184895834,2.651057407552083,4.6422231260416655,3.2830432291666662,3.208207691842254
35,8,4.514,2.257,90.0,4.472,862,52,116.565,2.0,21.556745689154184,7.409828568229166,3.704914284114583,7.340884660416666,3.2830432291666662,5.238981222590464
36,4,2.734,1.863,0.0,3.162,654,53,161.565,2.0,10.778372844577092,4.487920094270833,3.0581547679687495,5.190491345312499,3.2830432291666662,3.704519149002707
37,4,4.514,1.128,90.0,4.123,1903,54,104.036,1.0,10.778372844577092,7.409828568229166,1.8516363812499996,6.7679936169270825,1.6415216145833331,3.704519149002707
38,5,4.183,1.522,79.099,4.472,2894,58,63.435,2.0,13.472966055721365,6.866484913802082,2.498395897395833,7.340884660416666,3.2830432291666662,4.141778320559863
39,1,1.128,1.128,0.0,1.414,84,55,135.0,1.0,2.694593211144273,1.8516363812499996,1.8516363812499996,2.3211115630208328,1.6415216145833331,1.8522595745013535
40,22,8.547,3.277,94.545,8.544,1357,58,110.556,3.0,59.281050645174005,14.03008523984375,5.379266330989583,14.025160674999999,4.92456484375,8.687867499524987
41,33,9.388,4.476,84.751,10.44,1924,68,73.301,5.692,88.92157596776102,15.410604917708332,7.347450746874999,17.137485656249996,9.343541030208332,10.640421163372897
42,2,2.257,1.128,90.0,2.236,1175,60,116.565,1.0,5.389186422288546,3.704914284114583,1.8516363812499996,3.670442330208333,1.6415216145833331,2.619490611295232
43,4,2.257,2.257,0.0,2.828,1811,62,135.0,2.0,10.778372844577092,3.704914284114583,3.704914284114583,4.6422231260416655,3.2830432291666662,3.704519149002707
44,25,8.201,3.881,95.108,9.055,1859,66,96.34,4.0,67.36483027860683,13.462118761197916,6.370745386197916,14.863978220052081,6.5660864583333325,9.261297872506768
45,97,32.234,3.832,90.966,33.061,2304,66,93.468,5.0,261.37554148099446,52.912807724479165,6.290310827083332,54.27034609973958,8.207608072916665,18.242641161279185
46,4,4.514,1.128,90.0,4.123,1759,68,104.036,1.0,10.778372844577092,7.409828568229166,1.8516363812499996,6.7679936169270825,1.6415216145833331,3.704519149002707
47,8,4.769,2.136,90.0,5.099,641,70,101.31,2.0,21.556745689154184,7.828416579947916,3.5062901687499997,8.370118712760416,3.2830432291666662,5.238981222590464
48,2,2.257,1.128,90.0,2.236,1964,70,116.565,1.0,5.389186422288546,3.704914284114583,1.8516363812499996,3.670442330208333,1.6415216145833331,2.619490611295232
49,3,2.365,1.615,135.0,2.828,1176,71,135.0,2.0,8.083779633432819,3.8821986184895834,2.651057407552083,4.6422231260416655,3.2830432291666662,3.208207691842254
50,68,18.212,4.754,90.295,19.105,1923,95,83.991,7.0,183.23233835781056,29.895391644791662,7.803793755729165,31.36127044661458,11.490651302083332,15.27412374346141
51,17,6.541,3.309,85.692,6.708,2063,82,63.435,3.0,45.80808458945264,10.737192880989582,5.4317950226562495,11.011326990625,4.92456484375,7.637061871730705
52,19,6.007,4.028,84.418,6.325,2221,79,108.435,4.0,51.197271011741186,9.860620338802082,6.612049063541665,10.382624212239582,6.5660864583333325,8.073812302457046
53,1,1.128,1.128,0.0,1.414,228,81,135.0,1.0,2.694593211144273,1.8516363812499996,1.8516363812499996,2.3211115630208328,1.6415216145833331,1.8522595745013535
54,20,8.848,2.878,97.765,9.487,2063,84,108.435,3.0,53.89186422288546,14.524183245833333,4.724299206770833,15.573115557552082,4.92456484375,8.283556641119725
55,1,1.128,1.128,0.0,1.414,435,85,135.0,1.0,2.694593211144273,1.8516363812499996,1.8516363812499996,2.3211115630208328,1.6415216145833331,1.8522595745013535
56,2,2.257,1.128,90.0,2.236,87,89,116.565,1.0,5.389186422288546,3.704914284114583,1.8516363812499996,3.670442330208333,1.6415216145833331,2.619490611295232
57,42,10.199,5.243,93.241,10.44,227,90,106.699,5.0,113.17291486805946,16.741878947135415,8.606497825260416,17.137485656249996,8.207608072916665,12.004014008486546
58,3,2.365,1.615,135.0,2.828,842,93,135.0,2.0,8.083779633432819,3.8821986184895834,2.651057407552083,4.6422231260416655,3.2830432291666662,3.208207691842254
59,13,5.181,3.195,90.0,5.385,1811,95,111.801,3.0,35.02971174487555,8.50472348515625,5.244661558593749,8.839593894531248,4.92456484375,6.678416871333741
60,2,2.257,1.128,0.0,2.236,452,96,153.435,1.0,5.389186422288546,3.704914284114583,1.8516363812499996,3.670442330208333,1.6415216145833331,2.619490611295232
61,2,2.257,1.128,0.0,2.236,1699,98,153.435,1.0,5.389186422288546,3.704914284114583,1.8516363812499996,3.670442330208333,1.6415216145833331,2.619490611295232
62,58,13.06,5.655,88.527,14.318,1103,113,77.905,7.0,156.28640624636785,21.438272286458332,9.282804730468749,23.503306477604163,11.490651302083332,14.106388652566334
63,17,5.229,4.14,105.172,5.831,553,102,120.964,4.0,45.80808458945264,8.583516522656248,6.795899484374998,9.571712534635417,6.5660864583333325,7.637061871730705
64,19,5.81,4.164,92.65,6.325,1759,102,108.435,4.0,51.197271011741186,9.537240580729165,6.8352960031249985,10.382624212239582,6.5660864583333325,8.073812302457046
65,4,2.257,2.257,0.0,2.828,1922,104,135.0,2.0,10.778372844577092,3.704914284114583,3.704914284114583,4.6422231260416655,3.2830432291666662,3.704519149002707
66,6,3.385,2.257,0.0,3.606,2287,104,146.31,2.0,16.167559266865638,5.556550665364583,3.704914284114583,5.919326942187499,3.2830432291666662,4.537090828712999
67,20,9.065,2.809,94.966,9.22,284,105,102.529,3.0,53.89186422288546,14.880393436197913,4.611034215364583,15.134829286458332,4.92456484375,8.283556641119725
68,1,1.128,1.128,0.0,1.414,2218,105,135.0,1.0,2.694593211144273,1.8516363812499996,1.8516363812499996,2.3211115630208328,1.6415216145833331,1.8522595745013535
69,1,1.128,1.128,0.0,1.414,1811,106,135.0,1.0,2.694593211144273,1.8516363812499996,1.8516363812499996,2.3211115630208328,1.6415216145833331,1.8522595745013535
70,24,10.341,2.955,85.911,12.166,2304,120,80.538,4.0,64.67023706746255,16.974975016406248,4.85069637109375,19.97075196302083,6.5660864583333325,9.074181657425997
71,3,2.365,1.615,45.0,2.828,228,114,45.0,2.0,8.083779633432819,3.8821986184895834,2.651057407552083,4.6422231260416655,3.2830432291666662,3.208207691842254
72,16,7.077,2.879,82.299,7.28,1922,119,74.055,3.0,43.11349137830837,11.61704846640625,4.7259407283854165,11.950277354166666,4.92456484375,7.409038298005414
73,1,1.128,1.128,0.0,1.414,33,113,135.0,1.0,2.694593211144273,1.8516363812499996,1.8516363812499996,2.3211115630208328,1.6415216145833331,1.8522595745013535
74,1,1.128,1.128,0.0,1.414,1103,114,135.0,1.0,2.694593211144273,1.8516363812499996,1.8516363812499996,2.3211115630208328,1.6415216145833331,1.8522595745013535
75,4,3.192,1.596,108.435,3.606,1172,115,123.69,2.0,10.778372844577092,5.239736993749999,2.6198684968749997,5.919326942187499,3.2830432291666662,3.704519149002707
76,1,1.128,1.128,0.0,1.414,1811,118,135.0,1.0,2.694593211144273,1.8516363812499996,1.8516363812499996,2.3211115630208328,1.6415216145833331,1.8522595745013535
77,10,4.639,2.745,69.379,5.385,1129,124,68.199,3.0,26.94593211144273,7.615018770052083,4.50597683203125,8.839593894531248,4.92456484375,5.857359073278618
78,4,3.192,1.596,108.435,3.606,1759,121,123.69,2.0,10.778372844577092,5.239736993749999,2.6198684968749997,5.919326942187499,3.2830432291666662,3.704519149002707
79,7,3.086,2.888,90.0,3.606,55,126,123.69,3.0,18.86215247800991,5.065735702604166,4.740714422916666,5.919326942187499,4.92456484375,4.900618197668896
80,3,2.365,1.615,45.0,2.828,2304,128,45.0,2.0,8.083779633432819,3.8821986184895834,2.651057407552083,4.6422231260416655,3.2830432291666662,3.208207691842254
81,1,1.128,1.128,0.0,1.414,1131,130,135.0,1.0,2.694593211144273,1.8516363812499996,1.8516363812499996,2.3211115630208328,1.6415216145833331,1.8522595745013535
82,18,7.585,3.021,96.842,7.616,1921,131,113.199,3.0,48.50267780059691,12.450941446614582,4.959036797656249,12.501828616666664,4.92456484375,7.858471833885696
83,36,10.169,4.507,96.813,10.44,869,132,106.699,5.0,97.00535560119383,16.692633298697917,7.3983379169270815,17.137485656249996,8.207608072916665,11.11355744700812
84,10,5.848,2.177,90.0,6.083,1859,133,99.462,2.0,26.94593211144273,9.599618402083332,3.573592554947916,9.985375981510415,3.2830432291666662,5.857359073278618
85,2,2.257,1.128,90.0,2.236,1105,135,116.565,1.0,5.389186422288546,3.704914284114583,1.8516363812499996,3.670442330208333,1.6415216145833331,2.619490611295232
86,1,1.128,1.128,0.0,1.414,1320,135,135.0,1.0,2.694593211144273,1.8516363812499996,1.8516363812499996,2.3211115630208328,1.6415216145833331,1.8522595745013535
87,7,4.154,2.146,81.65,4.472,2305,139,63.435,2.0,18.86215247800991,6.818880786979165,3.5227053848958327,7.340884660416666,3.2830432291666662,4.900618197668896
88,3,2.365,1.615,45.0,2.828,444,140,45.0,2.0,8.083779633432819,3.8821986184895834,2.651057407552083,4.6422231260416655,3.2830432291666662,3.208207691842254
89,19,5.55,4.359,77.179,6.403,796,143,51.34,4.0,51.197271011741186,9.110444960937498,7.155392717968749,10.510662898177081,6.5660864583333325,8.073812302457046
90,10,3.975,3.203,135.0,4.472,2604,139,116.565,3.536,26.94593211144273,6.525048417968749,5.257793731510416,7.340884660416666,5.804420429166666,5.857359073278618
91,8,4.044,2.519,109.33,4.472,1921,142,116.565,3.0,21.556745689154184,6.638313409374999,4.134992947135417,7.340884660416666,4.92456484375,5.238981222590464
92,77,23.363,4.196,91.786,22.204,2304,142,97.765,4.0,207.48367725810903,38.35086948151041,6.887824694791665,36.448345930208326,6.5660864583333325,16.25351180245546
93,15,4.659,4.099,45.001,5.657,864,150,45.0,4.0,40.418898167164095,7.647849202343749,6.728597098177083,9.286087773697915,6.5660864583333325,7.173770484896978
94,5,3.732,1.706,95.152,4.123,287,149,104.036,2.0,13.472966055721365,6.126158665625,2.800435874479166,6.7679936169270825,3.2830432291666662,4.141778320559863
95,15,4.659,4.099,45.001,5.657,32,156,45.0,4.0,40.418898167164095,7.647849202343749,6.728597098177083,9.286087773697915,6.5660864583333325,7.173770484896978
96,16,7.07,2.882,100.612,7.28,1105,154,105.945,3.53,43.11349137830837,11.605557815104167,4.730865293229166,11.950277354166666,5.794571299479165,7.409038298005414
97,20,7.78,3.273,130.823,8.602,178,155,125.538,4.243,53.89186422288546,12.771038161458332,5.3727002445312495,14.120368928645831,6.964976210677083,8.283556641119725
98,5,3.144,2.025,71.565,3.606,844,168,56.31,2.0,13.472966055721365,5.16094395625,3.3240812695312494,5.919326942187499,3.2830432291666662,4.141778320559863
99,28,8.396,4.246,95.493,8.544,2670,166,110.556,4.0,75.44860991203964,13.782215476041666,6.969900775520833,14.025160674999999,6.5660864583333325,9.801236395337792
100,22,6.35,4.411,87.0,7.28,2305,177,74.055,5.0,59.281050645174005,10.423662252604165,7.240751841927081,11.950277354166666,8.207608072916665,8.687867499524987
101,14,5.443,3.275,97.161,5.831,2311,170,120.964,3.0,37.72430495601982,8.93480214817708,5.375983287760416,9.571712534635417,4.92456484375,6.930520719155746
102,18,9.046,2.533,93.209,9.22,1921,171,102.529,3.0,48.50267780059691,14.84920452552083,4.157974249739583,15.134829286458332,4.92456484375,7.858471833885696
103,11,4.535,3.088,90.0,5.099,188,175,101.31,3.0,29.640525322587003,7.444300522135416,5.069018745833333,8.370118712760416,4.92456484375,6.143250022964334
104,6,4.749,1.609,165.911,5.385,367,176,158.199,2.0,16.167559266865638,7.795586147656248,2.641208277864583,8.839593894531248,3.2830432291666662,4.537090828712999
105,18,5.668,4.044,85.103,6.325,1129,176,108.435,4.0,48.50267780059691,9.304144511458333,6.638313409374999,10.382624212239582,6.5660864583333325,7.858471833885696
106,7,4.154,2.146,81.65,4.472,1858,183,63.435,2.0,18.86215247800991,6.818880786979165,3.5227053848958327,7.340884660416666,3.2830432291666662,4.900618197668896
107,7,3.516,2.535,79.099,4.123,964,180,104.036,3.0,18.86215247800991,5.771589996874999,4.16125729296875,6.7679936169270825,4.92456484375,4.900618197668896
108,50,11.963,5.322,85.231,12.166,1356,194,80.538,5.0,134.72966055721366,19.63752307526041,8.736178032812498,19.97075196302083,8.207608072916665,13.097453056476162
109,4,2.734,1.863,90.0,3.162,1858,185,108.435,2.0,10.778372844577092,4.487920094270833,3.0581547679687495,5.190491345312499,3.2830432291666662,3.704519149002707
110,3,2.365,1.615,135.0,2.828,461,186,135.0,2.0,8.083779633432819,3.8821986184895834,2.651057407552083,4.6422231260416655,3.2830432291666662,3.208207691842254
111,3,2.365,1.615,45.0,2.828,1528,188,45.0,2.0,8.083779633432819,3.8821986184895834,2.651057407552083,4.6422231260416655,3.2830432291666662,3.208207691842254
112,8,4.044,2.519,109.33,4.472,44,188,116.565,3.0,21.556745689154184,6.638313409374999,4.134992947135417,7.340884660416666,4.92456484375,5.238981222590464
113,8,4.514,2.257,90.0,4.472,1920,189,116.565,2.0,21.556745689154184,7.409828568229166,3.704914284114583,7.340884660416666,3.2830432291666662,5.238981222590464
114,3,3.385,1.128,90.0,3.162,1105,190,108.435,1.0,8.083779633432819,5.556550665364583,1.8516363812499996,5.190491345312499,1.6415216145833331,3.208207691842254
115,17,6.017,3.597,94.18,7.071,2305,194,98.13,4.0,45.80808458945264,9.877035554947916,5.904553247656249,11.607199336718748,6.5660864583333325,7.637061871730705
116,18,5.088,4.504,154.594,5.831,757,197,149.036,4.95,48.50267780059691,8.352061975,7.393413352083332,9.571712534635417,8.125531992187499,7.858471833885696
117,4,2.734,1.863,90.0,3.162,1105,198,108.435,2.0,10.778372844577092,4.487920094270833,3.0581547679687495,5.190491345312499,3.2830432291666662,3.704519149002707
118,21,6.98,3.831,132.453,8.485,1344,200,135.0,5.199,56.58645743402973,11.457820869791666,6.2886693054687495,13.92831089973958,8.534270874218748,8.488119706859148
119,7,3.086,2.888,0.0,3.606,1365,201,123.69,3.0,18.86215247800991,5.065735702604166,4.740714422916666,5.919326942187499,4.92456484375,4.900618197668896
120,3,2.365,1.615,135.0,2.828,287,204,135.0,2.0,8.083779633432819,3.8821986184895834,2.651057407552083,4.6422231260416655,3.2830432291666662,3.208207691842254
121,34,7.747,5.588,73.796,8.544,2306,214,69.444,6.0,91.61616917890528,12.716867948177082,9.172822782291666,14.025160674999999,9.8491296875,10.800436475684016
122,37,7.135,6.602,155.435,8.062,662,212,150.255,7.0,99.6999488123381,11.712256720052082,10.837325699479166,13.233947256770831,11.490651302083332,11.266855136162956
123,11,6.984,2.005,85.916,7.28,1919,217,74.055,2.0,29.640525322587003,11.46438695625,3.291250837239583,11.950277354166666,3.2830432291666662,6.143250022964334
124,1,1.128,1.128,0.0,1.414,1107,212,135.0,1.0,2.694593211144273,1.8516363812499996,1.8516363812499996,2.3211115630208328,1.6415216145833331,1.8522595745013535
125,5,3.144,2.025,161.565,3.606,1586,213,146.31,2.0,13.472966055721365,5.16094395625,3.3240812695312494,5.919326942187499,3.2830432291666662,4.141778320559863
126,3,3.385,1.128,90.0,3.162,2603,216,108.435,1.0,8.083779633432819,5.556550665364583,1.8516363812499996,5.190491345312499,1.6415216145833331,3.208207691842254
127,1,1.128,1.128,0.0,1.414,2308,217,135.0,1.0,2.694593211144273,1.8516363812499996,1.8516363812499996,2.3211115630208328,1.6415216145833331,1.8522595745013535
128,1,1.128,1.128,0.0,1.414,2310,217,135.0,1.0,2.694593211144273,1.8516363812499996,1.8516363812499996,2.3211115630208328,1.6415216145833331,1.8522595745013535
129,1,1.128,1.128,0.0,1.414,2322,217,135.0,1.0,2.694593211144273,1.8516363812499996,1.8516363812499996,2.3211115630208328,1.6415216145833331,1.8522595745013535
130,4,2.257,2.257,0.0,2.828,2155,218,135.0,2.0,10.778372844577092,3.704914284114583,3.704914284114583,4.6422231260416655,3.2830432291666662,3.704519149002707
131,4,2.257,2.257,0.0,2.828,126,219,135.0,2.0,10.778372844577092,3.704914284114583,3.704914284114583,4.6422231260416655,3.2830432291666662,3.704519149002707
132,15,4.659,4.099,45.001,5.657,434,224,45.0,4.0,40.418898167164095,7.647849202343749,6.728597098177083,9.286087773697915,6.5660864583333325,7.173770484896978
133,46,17.153,3.415,82.359,16.492,1918,236,75.964,4.768,123.95128771263656,28.15702025494791,5.605796313802083,27.07197446770833,7.826775058333332,12.56263564867138
134,7,3.086,2.888,90.0,3.606,2308,221,123.69,3.0,18.86215247800991,5.065735702604166,4.740714422916666,5.919326942187499,4.92456484375,4.900618197668896
135,32,7.137,5.709,168.739,7.616,566,224,156.801,6.0,86.22698275661674,11.715539763281248,9.371446897656249,12.501828616666664,9.8491296875,10.477962445180928
136,1,1.128,1.128,0.0,1.414,116,223,135.0,1.0,2.694593211144273,1.8516363812499996,1.8516363812499996,2.3211115630208328,1.6415216145833331,1.8522595745013535
137,3,3.385,1.128,90.0,3.162,945,223,108.435,1.0,8.083779633432819,5.556550665364583,1.8516363812499996,5.190491345312499,1.6415216145833331,3.208207691842254
138,11,3.994,3.507,108.435,4.472,1698,225,116.565,4.0,29.640525322587003,6.556237328645833,5.75681630234375,7.340884660416666,6.5660864583333325,6.143250022964334
139,6,3.988,1.916,71.565,4.472,2458,230,63.435,2.0,16.167559266865638,6.546388198958333,3.145155413541666,7.340884660416666,3.2830432291666662,4.537090828712999
140,1,1.128,1.128,0.0,1.414,276,227,135.0,1.0,2.694593211144273,1.8516363812499996,1.8516363812499996,2.3211115630208328,1.6415216145833331,1.8522595745013535
141,4,2.734,1.863,90.0,3.162,1131,230,108.435,2.0,10.778372844577092,4.487920094270833,3.0581547679687495,5.190491345312499,3.2830432291666662,3.704519149002707
142,13,5.808,2.85,85.142,6.325,2308,236,71.565,3.0,35.02971174487555,9.5339575375,4.678336601562499,10.382624212239582,4.92456484375,6.678416871333741
143,3,2.365,1.615,45.0,2.828,954,240,45.0,2.0,8.083779633432819,3.8821986184895834,2.651057407552083,4.6422231260416655,3.2830432291666662,3.208207691842254
144,55,10.641,6.581,59.269,11.402,1973,249,52.125,7.4,148.202626612935,17.46743150078125,10.802853745572916,18.716629449479164,12.147259947916666,13.736724654125393
145,95,33.616,3.598,88.337,34.059,1918,274,86.634,4.803,255.98635505870593,55.18139059583333,5.906194769270832,55.90858467109374,7.884228314843749,18.05359314586805
146,21,9.152,2.922,76.987,11.18,2306,252,79.695,4.0,56.58645743402973,15.023205816666664,4.7965261578125,18.352211651041664,6.5660864583333325,8.488119706859148
147,6,3.385,2.257,90.0,3.606,1528,242,123.69,2.0,16.167559266865638,5.556550665364583,3.704914284114583,5.919326942187499,3.2830432291666662,4.537090828712999
148,5,3.144,2.025,71.565,3.606,380,249,56.31,2.0,13.472966055721365,5.16094395625,3.3240812695312494,5.919326942187499,3.2830432291666662,4.141778320559863
149,9,4.2,2.729,119.518,5.0,24,248,126.87,3.0,24.251338900298457,6.894390781249999,4.479712486197916,8.207608072916665,4.92456484375,5.55677872350406
150,19,6.766,3.575,94.319,7.28,372,248,105.945,4.0,51.197271011741186,11.106535244270832,5.8684397721354165,11.950277354166666,6.5660864583333325,8.073812302457046
151,19,5.803,4.169,95.337,6.708,1973,250,116.565,4.0,51.197271011741186,9.525749929427082,6.8435036111979155,11.011326990625,6.5660864583333325,8.073812302457046
152,10,3.966,3.21,90.0,4.472,892,251,116.565,3.0,26.94593211144273,6.510274723437499,5.269284382812499,7.340884660416666,4.92456484375,5.857359073278618
153,24,6.927,4.411,151.242,7.616,21,254,156.801,4.95,64.67023706746255,11.370820224218749,7.240751841927081,12.501828616666664,8.125531992187499,9.074181657425997
154,17,5.229,4.14,105.172,5.831,1105,253,120.964,4.0,45.80808458945264,8.583516522656248,6.795899484374998,9.571712534635417,6.5660864583333325,7.637061871730705
155,19,5.79,4.178,85.705,6.708,24,266,63.435,4.0,51.197271011741186,9.504410148437499,6.858277305729166,11.011326990625,6.5660864583333325,8.073812302457046
156,17,5.924,3.654,89.182,6.325,2306,260,108.435,4.0,45.80808458945264,9.724374044791666,5.998119979687499,10.382624212239582,6.5660864583333325,7.637061871730705
157,18,5.608,4.087,72.704,6.403,428,266,51.34,4.0,48.50267780059691,9.205653214583332,6.7088988388020825,10.510662898177081,6.5660864583333325,7.858471833885696
158,1,1.128,1.128,0.0,1.414,869,263,135.0,1.0,2.694593211144273,1.8516363812499996,1.8516363812499996,2.3211115630208328,1.6415216145833331,1.8522595745013535
159,2,2.257,1.128,90.0,2.236,893,263,116.565,1.0,5.389186422288546,3.704914284114583,1.8516363812499996,3.670442330208333,1.6415216145833331,2.619490611295232
160,9,4.2,2.729,60.482,5.0,1369,268,53.13,3.0,24.251338900298457,6.894390781249999,4.479712486197916,8.207608072916665,4.92456484375,5.55677872350406
161,2,2.257,1.128,0.0,2.236,868,265,153.435,1.0,5.389186422288546,3.704914284114583,1.8516363812499996,3.670442330208333,1.6415216145833331,2.619490611295232
162,9,5.643,2.031,93.17,6.083,893,266,99.462,2.0,24.251338900298457,9.263106471093748,3.3339303992187497,9.985375981510415,3.2830432291666662,5.55677872350406
163,2,2.257,1.128,0.0,2.236,436,267,153.435,1.0,5.389186422288546,3.704914284114583,1.8516363812499996,3.670442330208333,1.6415216145833331,2.619490611295232
164,42,8.451,6.328,131.796,9.899,19,273,135.0,7.6,113.17291486805946,13.872499164843749,10.387548777083332,16.249422462760414,12.475564270833331,12.004014008486546
165,45,10.729,5.34,98.185,11.402,366,273,105.255,6.0,121.25669450149229,17.61188540286458,8.765725421874999,18.716629449479164,9.8491296875,12.425334961679587
166,16,7.075,2.879,102.995,7.616,1104,273,113.199,3.0,43.11349137830837,11.613765423177082,4.7259407283854165,12.501828616666664,4.92456484375,7.409038298005414
167,17,5.748,3.766,106.712,6.325,2324,273,108.435,4.0,45.80808458945264,9.435466240624999,6.181970400520832,10.382624212239582,6.5660864583333325,7.637061871730705
168,1,1.128,1.128,0.0,1.414,1697,274,135.0,1.0,2.694593211144273,1.8516363812499996,1.8516363812499996,2.3211115630208328,1.6415216145833331,1.8522595745013535
169,52,17.52,3.779,90.776,17.117,2305,275,96.71,4.0,140.1188469795022,28.759458687499997,6.203310181510416,28.097925476822915,6.5660864583333325,13.356833742667481
170,14,8.121,2.195,86.437,8.246,1698,288,75.964,2.0,37.72430495601982,13.33079703203125,3.603139944010416,13.535987233854165,3.2830432291666662,6.930520719155746
171,13,7.435,2.226,92.145,7.28,892,281,105.945,2.0,35.02971174487555,12.204713204427081,3.6540271140624996,11.950277354166666,3.2830432291666662,6.678416871333741
172,7,3.086,2.888,0.0,3.606,808,283,123.69,3.0,18.86215247800991,5.065735702604166,4.740714422916666,5.919326942187499,4.92456484375,4.900618197668896
173,5,3.144,2.025,71.565,3.606,1917,287,56.31,2.0,13.472966055721365,5.16094395625,3.3240812695312494,5.919326942187499,3.2830432291666662,4.141778320559863
174,5,3.144,2.025,71.565,3.606,1812,288,56.31,2.0,13.472966055721365,5.16094395625,3.3240812695312494,5.919326942187499,3.2830432291666662,4.141778320559863
175,7,3.086,2.888,90.0,3.606,452,289,123.69,3.0,18.86215247800991,5.065735702604166,4.740714422916666,5.919326942187499,4.92456484375,4.900618197668896
176,9,4.204,2.726,125.783,5.0,1025,289,126.87,3.0,24.251338900298457,6.900956867708332,4.474787921354166,8.207608072916665,4.92456484375,5.55677872350406
177,5,3.144,2.025,108.435,3.606,136,293,123.69,2.0,13.472966055721365,5.16094395625,3.3240812695312494,5.919326942187499,3.2830432291666662,4.141778320559863
178,16,5.012,4.065,66.255,5.831,788,300,59.036,4.0,43.11349137830837,8.227306332291665,6.67278536328125,9.571712534635417,6.5660864583333325,7.409038298005414
179,25,7.51,4.239,86.927,7.616,2305,295,113.199,4.0,67.36483027860683,12.32782732552083,6.958410124218749,12.501828616666664,6.5660864583333325,9.261297872506768
180,11,4.384,3.195,164.929,5.0,1256,296,143.13,3.0,29.640525322587003,7.196430758333333,5.244661558593749,8.207608072916665,4.92456484375,6.143250022964334
181,1,1.128,1.128,0.0,1.414,92,297,135.0,1.0,2.694593211144273,1.8516363812499996,1.8516363812499996,2.3211115630208328,1.6415216145833331,1.8522595745013535
182,2,2.257,1.128,0.0,2.236,366,297,153.435,1.0,5.389186422288546,3.704914284114583,1.8516363812499996,3.670442330208333,1.6415216145833331,2.619490611295232
183,1,1.128,1.128,0.0,1.414,2968,299,135.0,1.0,2.694593211144273,1.8516363812499996,1.8516363812499996,2.3211115630208328,1.6415216145833331,1.8522595745013535
184,2,2.257,1.128,90.0,2.236,1917,300,116.565,1.0,5.389186422288546,3.704914284114583,1.8516363812499996,3.670442330208333,1.6415216145833331,2.619490611295232
185,7,4.154,2.146,8.35,4.472,398,304,26.565,2.0,18.86215247800991,6.818880786979165,3.5227053848958327,7.340884660416666,3.2830432291666662,4.900618197668896
186,6,3.718,2.055,126.87,4.243,1258,305,135.0,2.683,16.167559266865638,6.103177363020833,3.37332691796875,6.964976210677083,4.404202491927083,4.537090828712999
187,189,39.248,6.131,92.619,38.118,2305,347,85.486,8.489,509.2781169062676,64.42644032916665,10.064169019010416,62.571520904687496,13.934876986197915,25.464359120577445
188,12,5.065,3.017,107.137,5.831,1110,311,120.964,3.0,32.335118533731276,8.314306977864582,4.952470711197916,9.571712534635417,4.92456484375,6.416415383684508
189,10,4.444,2.865,26.565,5.0,2158,315,36.87,3.0,26.94593211144273,7.294922055208333,4.70295942578125,8.207608072916665,4.92456484375,5.857359073278618
190,1,1.128,1.128,0.0,1.414,826,313,135.0,1.0,2.694593211144273,1.8516363812499996,1.8516363812499996,2.3211115630208328,1.6415216145833331,1.8522595745013535
191,63,14.191,5.652,172.088,14.318,2499,319,167.905,6.515,169.7593723020892,23.294833232552083,9.277880165625,23.503306477604163,10.694513319010415,14.701854593006688
192,35,8.816,5.055,93.86,9.22,1917,318,102.529,5.0,94.31076239004955,14.471654554166665,8.297891761718748,15.134829286458332,8.207608072916665,10.958115421760153
193,6,2.93,2.607,116.565,3.606,891,319,123.69,3.0,16.167559266865638,4.8096583307291665,4.27944684921875,5.919326942187499,4.92456484375,4.537090828712999
194,13,5.067,3.267,90.0,5.385,1039,321,111.801,3.0,35.02971174487555,8.31759002109375,5.362851114843749,8.839593894531248,4.92456484375,6.678416871333741
195,2,2.596,0.981,45.0,2.828,2195,326,45.0,1.414,5.389186422288546,4.261390111458333,1.6103327039062498,4.6422231260416655,2.3211115630208328,2.619490611295232
196,8,3.489,2.919,90.0,4.123,1501,327,104.036,3.0,21.556745689154184,5.727268913281249,4.79160159296875,6.7679936169270825,4.92456484375,5.238981222590464
197,23,6.634,4.414,83.839,7.211,2976,340,56.31,4.0,61.97564385631828,10.889854391145832,7.245676406770832,11.837012362760415,6.5660864583333325,8.883124856751396
198,9,5.229,2.191,94.731,5.385,1916,340,111.801,2.0,24.251338900298457,8.583516522656248,3.5965738575520825,8.839593894531248,3.2830432291666662,5.55677872350406
199,17,5.476,3.953,120.964,6.403,1038,342,128.66,4.0,45.80808458945264,8.988972361458332,6.488934942447916,10.510662898177081,6.5660864583333325,7.637061871730705
200,656,34.459,24.239,174.908,43.738,167,362,169.461,28.883,1767.6531465106432,56.56519331692708,39.78884241588541,71.79687237864583,47.41206879401041,47.44099270202668
201,13,5.181,3.195,90.0,5.385,558,343,111.801,3.0,35.02971174487555,8.50472348515625,5.244661558593749,8.839593894531248,4.92456484375,6.678416871333741
202,7,3.086,2.888,0.0,3.606,118,347,123.69,3.0,18.86215247800991,5.065735702604166,4.740714422916666,5.919326942187499,4.92456484375,4.900618197668896
203,9,5.229,2.191,85.269,5.385,1640,352,68.199,2.0,24.251338900298457,8.583516522656248,3.5965738575520825,8.839593894531248,3.2830432291666662,5.55677872350406
204,48,18.971,3.222,90.615,20.025,2307,350,92.862,4.0,129.3404741349251,31.141306550260413,5.2889826421874995,32.871470332031244,6.5660864583333325,12.832830767369016
205,11,4.384,3.195,74.929,5.0,1277,355,53.13,3.0,29.640525322587003,7.196430758333333,5.244661558593749,8.207608072916665,4.92456484375,6.143250022964334
206,67,23.613,3.613,86.366,24.083,814,378,85.236,4.987,180.53774514666628,38.761249885156246,5.930817593489582,39.53276504401041,8.186268291927082,15.161398042371937
207,6,2.93,2.607,26.565,3.606,887,354,146.31,3.0,16.167559266865638,4.8096583307291665,4.27944684921875,5.919326942187499,4.92456484375,4.537090828712999
208,4,2.734,1.863,90.0,3.162,3201,354,108.435,2.0,10.778372844577092,4.487920094270833,3.0581547679687495,5.190491345312499,3.2830432291666662,3.704519149002707
209,1,1.128,1.128,0.0,1.414,3735,354,135.0,1.0,2.694593211144273,1.8516363812499996,1.8516363812499996,2.3211115630208328,1.6415216145833331,1.8522595745013535
210,5,3.144,2.025,71.565,3.606,1178,358,56.31,2.0,13.472966055721365,5.16094395625,3.3240812695312494,5.919326942187499,3.2830432291666662,4.141778320559863
211,2,2.257,1.128,0.0,2.236,1494,356,153.435,1.0,5.389186422288546,3.704914284114583,1.8516363812499996,3.670442330208333,1.6415216145833331,2.619490611295232
212,16,5.652,3.604,148.039,6.403,3679,357,141.34,4.0,43.11349137830837,9.277880165625,5.916043898958333,10.510662898177081,6.5660864583333325,7.409038298005414
213,10,4.111,3.097,90.0,4.472,2154,358,116.565,3.0,26.94593211144273,6.748295357552082,5.083792440364583,7.340884660416666,4.92456484375,5.857359073278618
214,15,5.243,3.643,170.101,5.831,128,363,149.036,4.0,40.418898167164095,8.606497825260416,5.980063241927082,9.571712534635417,6.5660864583333325,7.173770484896978
215,5,3.144,2.025,161.565,3.606,217,364,146.31,2.0,13.472966055721365,5.16094395625,3.3240812695312494,5.919326942187499,3.2830432291666662,4.141778320559863
216,15,4.745,4.025,11.445,5.831,228,368,30.964,4.0,40.418898167164095,7.789020061197916,6.6071244986979165,9.571712534635417,6.5660864583333325,7.173770484896978
217,1,1.128,1.128,0.0,1.414,214,365,135.0,1.0,2.694593211144273,1.8516363812499996,1.8516363812499996,2.3211115630208328,1.6415216145833331,1.8522595745013535
218,18,5.899,3.885,90.0,6.325,1517,368,108.435,4.0,48.50267780059691,9.683336004427082,6.377311472656249,10.382624212239582,6.5660864583333325,7.858471833885696
219,1,1.128,1.128,0.0,1.414,219,369,135.0,1.0,2.694593211144273,1.8516363812499996,1.8516363812499996,2.3211115630208328,1.6415216145833331,1.8522595745013535
220,1,1.128,1.128,0.0,1.414,1915,374,135.0,1.0,2.694593211144273,1.8516363812499996,1.8516363812499996,2.3211115630208328,1.6415216145833331,1.8522595745013535
221,62,19.898,3.967,91.977,24.021,2307,374,92.386,5.0,167.0647790909449,32.66299708697916,6.511916245052083,39.43099070390625,8.207608072916665,14.584706474337423
222,1,1.128,1.128,0.0,1.414,1095,375,135.0,1.0,2.694593211144273,1.8516363812499996,1.8516363812499996,2.3211115630208328,1.6415216145833331,1.8522595745013535
223,3,2.365,1.615,135.0,2.828,1516,377,135.0,2.0,8.083779633432819,3.8821986184895834,2.651057407552083,4.6422231260416655,3.2830432291666662,3.208207691842254
224,5,3.144,2.025,18.435,3.606,2059,380,33.69,2.0,13.472966055721365,5.16094395625,3.3240812695312494,5.919326942187499,3.2830432291666662,4.141778320559863
225,4,2.257,2.257,0.0,2.828,2379,378,135.0,2.0,10.778372844577092,3.704914284114583,3.704914284114583,4.6422231260416655,3.2830432291666662,3.704519149002707
226,13,6.344,2.609,91.315,6.325,2244,380,108.435,3.0,35.02971174487555,10.413813122916666,4.282729892447916,10.382624212239582,4.92456484375,6.678416871333741
227,8,3.797,2.682,7.018,4.472,1415,384,26.565,3.0,21.556745689154184,6.232857570572916,4.402560970312499,7.340884660416666,4.92456484375,5.238981222590464
228,12,4.257,3.589,90.0,5.099,1517,384,101.31,4.0,32.335118533731276,6.987957513281248,5.891421074739583,8.370118712760416,6.5660864583333325,6.416415383684508
229,11,4.507,3.107,138.972,5.0,1413,388,126.87,3.536,29.640525322587003,7.3983379169270815,5.100207656510416,8.207608072916665,5.804420429166666,6.143250022964334
230,2,2.257,1.128,90.0,2.236,35,389,116.565,1.0,5.389186422288546,3.704914284114583,1.8516363812499996,3.670442330208333,1.6415216145833331,2.619490611295232
231,6,3.14,2.433,45.0,3.606,643,394,33.69,2.828,16.167559266865638,5.1543778697916665,3.993822088281249,5.919326942187499,4.6422231260416655,4.537090828712999
232,9,4.728,2.424,87.882,5.385,812,391,111.801,3.0,24.251338900298457,7.761114193749998,3.9790483937499994,8.839593894531248,4.92456484375,5.55677872350406
233,15,4.64,4.116,75.964,5.385,1105,397,68.199,4.0,40.418898167164095,7.6166602916666655,6.756502965624999,8.839593894531248,6.5660864583333325,7.173770484896978
234,7,3.855,2.312,59.036,4.472,2074,396,63.435,2.828,18.86215247800991,6.328065824218749,3.795197972916666,7.340884660416666,4.6422231260416655,4.900618197668896
235,3,2.365,1.615,135.0,2.828,160,393,135.0,2.0,8.083779633432819,3.8821986184895834,2.651057407552083,4.6422231260416655,3.2830432291666662,3.208207691842254
236,17,5.083,4.258,41.533,5.831,2320,398,30.964,4.919,45.80808458945264,8.343854366927083,6.989599034895832,9.571712534635417,8.074644822135415,7.637061871730705
237,19,7.294,3.317,90.0,7.28,2373,393,105.945,3.0,51.197271011741186,11.973258656770831,5.444927195572916,11.950277354166666,4.92456484375,8.073812302457046
238,3,2.365,1.615,45.0,2.828,244,396,45.0,2.0,8.083779633432819,3.8821986184895834,2.651057407552083,4.6422231260416655,3.2830432291666662,3.208207691842254
239,10,4.198,3.033,180.0,4.472,1270,396,153.435,3.0,26.94593211144273,6.891107738020833,4.978735057031249,7.340884660416666,4.92456484375,5.857359073278618
240,8,3.538,2.879,45.0,4.243,1915,399,45.0,3.0,21.556745689154184,5.807703472395832,4.7259407283854165,6.964976210677083,4.92456484375,5.238981222590464
241,20,6.008,4.239,79.166,6.708,353,404,63.435,4.0,53.89186422288546,9.862261860416666,6.958410124218749,11.011326990625,6.5660864583333325,8.283556641119725
242,11,4.384,3.195,164.929,5.0,88,399,143.13,3.0,29.640525322587003,7.196430758333333,5.244661558593749,8.207608072916665,4.92456484375,6.143250022964334
243,11,4.162,3.365,131.709,5.0,2193,401,126.87,4.0,29.640525322587003,6.832012959895832,5.5237202330729165,8.207608072916665,6.5660864583333325,6.143250022964334
244,9,3.919,2.924,69.699,4.472,2306,405,63.435,3.0,24.251338900298457,6.433123207552082,4.799809201041666,7.340884660416666,4.92456484375,5.55677872350406
245,5,3.144,2.025,161.565,3.606,10,402,146.31,2.0,13.472966055721365,5.16094395625,3.3240812695312494,5.919326942187499,3.2830432291666662,4.141778320559863
246,3,2.365,1.615,45.0,2.828,2242,404,45.0,2.0,8.083779633432819,3.8821986184895834,2.651057407552083,4.6422231260416655,3.2830432291666662,3.208207691842254
247,2,2.257,1.128,90.0,2.236,1907,404,116.565,1.0,5.389186422288546,3.704914284114583,1.8516363812499996,3.670442330208333,1.6415216145833331,2.619490611295232
248,1,1.128,1.128,0.0,1.414,1916,404,135.0,1.0,2.694593211144273,1.8516363812499996,1.8516363812499996,2.3211115630208328,1.6415216145833331,1.8522595745013535
249,6,3.385,2.257,0.0,3.606,173,406,146.31,2.0,16.167559266865638,5.556550665364583,3.704914284114583,5.919326942187499,3.2830432291666662,4.537090828712999
250,49,13.449,4.639,98.257,14.318,867,408,102.095,5.458,132.03506734606938,22.07682419453125,7.615018770052083,23.503306477604163,8.959424972395832,12.965817021509475
251,1,1.128,1.128,0.0,1.414,809,409,135.0,1.0,2.694593211144273,1.8516363812499996,1.8516363812499996,2.3211115630208328,1.6415216145833331,1.8522595745013535
252,1,1.128,1.128,0.0,1.414,815,410,135.0,1.0,2.694593211144273,1.8516363812499996,1.8516363812499996,2.3211115630208328,1.6415216145833331,1.8522595745013535
253,30,7.961,4.798,82.672,8.544,1914,419,69.444,5.0,80.83779633432819,13.068153573697915,7.8760207067708325,14.025160674999999,8.207608072916665,10.14524351309312
254,286,80.301,4.535,90.475,78.026,2307,412,91.469,6.0,770.6536583872621,131.81582717265624,7.444300522135416,128.08136549947915,9.8491296875,31.32455174397446
255,1,1.128,1.128,0.0,1.414,1059,413,135.0,1.0,2.694593211144273,1.8516363812499996,1.8516363812499996,2.3211115630208328,1.6415216145833331,1.8522595745013535
256,15,6.182,3.089,117.652,6.708,462,419,116.565,3.883,40.418898167164095,10.147886621354166,5.0706602674479155,11.011326990625,6.374028429427082,7.173770484896978
257,7,3.086,2.888,90.0,3.606,553,421,123.69,3.0,18.86215247800991,5.065735702604166,4.740714422916666,5.919326942187499,4.92456484375,4.900618197668896
258,1,1.128,1.128,0.0,1.414,814,421,135.0,1.0,2.694593211144273,1.8516363812499996,1.8516363812499996,2.3211115630208328,1.6415216145833331,1.8522595745013535
259,1,1.128,1.128,0.0,1.414,2474,421,135.0,1.0,2.694593211144273,1.8516363812499996,1.8516363812499996,2.3211115630208328,1.6415216145833331,1.8522595745013535
260,9,3.385,3.385,0.0,4.243,187,422,135.0,3.0,24.251338900298457,5.556550665364583,5.556550665364583,6.964976210677083,4.92456484375,5.55677872350406
261,3,2.365,1.615,135.0,2.828,1762,422,135.0,2.0,8.083779633432819,3.8821986184895834,2.651057407552083,4.6422231260416655,3.2830432291666662,3.208207691842254
262,46,12.545,4.669,95.686,14.318,869,424,102.095,5.0,123.95128771263656,20.592888654947913,7.664264418489582,23.503306477604163,8.207608072916665,12.56263564867138
263,11,4.9,2.859,74.745,5.385,1105,433,68.199,3.0,29.640525322587003,8.043455911458333,4.693110296093749,8.839593894531248,4.92456484375,6.143250022964334
264,8,3.538,2.879,135.0,4.243,2727,428,135.0,3.0,21.556745689154184,5.807703472395832,4.7259407283854165,6.964976210677083,4.92456484375,5.238981222590464
265,31,7.798,5.062,164.236,9.22,1534,432,167.471,5.814,83.53238954547245,12.800585550520832,8.309382413020833,15.134829286458332,9.543806667187498,10.312944849619335
266,4,2.734,1.863,90.0,3.162,1915,436,108.435,2.0,10.778372844577092,4.487920094270833,3.0581547679687495,5.190491345312499,3.2830432291666662,3.704519149002707
267,8,3.651,2.79,34.722,4.472,1393,441,26.565,3.0,21.556745689154184,5.993195414843749,4.5798453046875,7.340884660416666,4.92456484375,5.238981222590464
268,3,3.385,1.128,90.0,3.162,3473,439,108.435,1.0,8.083779633432819,5.556550665364583,1.8516363812499996,5.190491345312499,1.6415216145833331,3.208207691842254
269,6,3.718,2.055,90.0,4.123,1763,440,104.036,2.0,16.167559266865638,6.103177363020833,3.37332691796875,6.7679936169270825,3.2830432291666662,4.537090828712999
270,1,1.128,1.128,0.0,1.414,507,441,135.0,1.0,2.694593211144273,1.8516363812499996,1.8516363812499996,2.3211115630208328,1.6415216145833331,1.8522595745013535
271,16,7.874,2.587,81.813,8.246,680,450,75.964,3.0,43.11349137830837,12.925341193229164,4.2466164169270835,13.535987233854165,4.92456484375,7.409038298005414
272,27,7.178,4.79,147.315,8.602,2375,442,125.538,5.814,72.75401670089536,11.782842149479166,7.862888533854166,14.120368928645831,9.543806667187498,9.624623075526761
273,2,2.596,0.981,45.0,2.828,123,445,45.0,1.414,5.389186422288546,4.261390111458333,1.6103327039062498,4.6422231260416655,2.3211115630208328,2.619490611295232
274,1,1.128,1.128,0.0,1.414,1284,445,135.0,1.0,2.694593211144273,1.8516363812499996,1.8516363812499996,2.3211115630208328,1.6415216145833331,1.8522595745013535
275,10,5.359,2.376,91.907,6.083,809,447,99.462,3.0,26.94593211144273,8.796914332552083,3.9002553562499993,9.985375981510415,4.92456484375,5.857359073278618
276,13,4.66,3.552,78.69,5.385,1105,452,68.199,4.0,35.02971174487555,7.6494907239583325,5.830684774999999,8.839593894531248,6.5660864583333325,6.678416871333741
277,10,3.966,3.21,0.0,4.472,392,449,153.435,3.0,26.94593211144273,6.510274723437499,5.269284382812499,7.340884660416666,4.92456484375,5.857359073278618
278,4,2.734,1.863,0.0,3.162,1498,451,161.565,2.0,10.778372844577092,4.487920094270833,3.0581547679687495,5.190491345312499,3.2830432291666662,3.704519149002707
279,12,5.384,2.838,90.0,6.083,1763,452,99.462,3.0,32.335118533731276,8.837952372916666,4.6586383421874995,9.985375981510415,4.92456484375,6.416415383684508
280,3,2.365,1.615,45.0,2.828,2540,454,45.0,2.0,8.083779633432819,3.8821986184895834,2.651057407552083,4.6422231260416655,3.2830432291666662,3.208207691842254
281,17,6.588,3.286,149.85,7.211,808,457,146.31,4.025,45.80808458945264,10.814344396874999,5.394040025520833,11.837012362760415,6.6071244986979165,7.637061871730705
282,3,2.365,1.615,45.0,2.828,1914,458,45.0,2.0,8.083779633432819,3.8821986184895834,2.651057407552083,4.6422231260416655,3.2830432291666662,3.208207691842254
283,5,2.523,2.523,0.0,3.162,3636,461,108.435,2.828,13.472966055721365,4.14155903359375,4.14155903359375,5.190491345312499,4.6422231260416655,4.141778320559863
284,11,4.384,3.195,74.929,5.0,1165,468,53.13,3.0,29.640525322587003,7.196430758333333,5.244661558593749,8.207608072916665,4.92456484375,6.143250022964334
285,4,2.257,2.257,0.0,2.828,219,466,135.0,2.0,10.778372844577092,3.704914284114583,3.704914284114583,4.6422231260416655,3.2830432291666662,3.704519149002707
286,4,3.216,1.583,121.717,3.606,2842,467,123.69,2.0,10.778372844577092,5.2791335125,2.5985287158854162,5.919326942187499,3.2830432291666662,3.704519149002707
287,27,6.886,4.993,74.864,7.616,880,475,66.801,6.0,72.75401670089536,11.303517838020833,8.196117421614582,12.501828616666664,9.8491296875,9.624623075526761
288,23,8.984,3.26,88.484,9.22,1914,468,102.529,3.0,61.97564385631828,14.747430185416665,5.351360463541666,15.134829286458332,4.92456484375,8.883124856751396
289,3,2.365,1.615,135.0,2.828,1722,469,135.0,2.0,8.083779633432819,3.8821986184895834,2.651057407552083,4.6422231260416655,3.2830432291666662,3.208207691842254
290,21,6.942,3.852,92.275,7.28,1762,469,105.945,4.0,56.58645743402973,11.3954430484375,6.323141259374999,11.950277354166666,6.5660864583333325,8.488119706859148
291,8,4.044,2.519,109.33,4.472,700,471,116.565,3.0,21.556745689154184,6.638313409374999,4.134992947135417,7.340884660416666,4.92456484375,5.238981222590464
292,1,1.128,1.128,0.0,1.414,913,471,135.0,1.0,2.694593211144273,1.8516363812499996,1.8516363812499996,2.3211115630208328,1.6415216145833331,1.8522595745013535
293,6,3.385,2.257,0.0,3.606,2151,474,146.31,2.0,16.167559266865638,5.556550665364583,3.704914284114583,5.919326942187499,3.2830432291666662,4.537090828712999
294,15,5.114,3.735,152.624,5.831,179,478,149.036,4.0,40.418898167164095,8.394741536979165,6.131083230468749,9.571712534635417,6.5660864583333325,7.173770484896978
295,8,4.936,2.064,79.099,5.385,1763,485,68.199,2.0,21.556745689154184,8.102550689583332,3.3881006124999997,8.839593894531248,3.2830432291666662,5.238981222590464
296,9,3.923,2.921,168.019,4.472,624,481,153.435,3.0,24.251338900298457,6.439689294010416,4.794884636197915,7.340884660416666,4.92456484375,5.55677872350406
297,14,5.744,3.103,83.953,6.325,812,488,71.565,3.0,37.72430495601982,9.428900154166666,5.093641570052083,10.382624212239582,4.92456484375,6.930520719155746
298,1,1.128,1.128,0.0,1.414,34,483,135.0,1.0,2.694593211144273,1.8516363812499996,1.8516363812499996,2.3211115630208328,1.6415216145833331,1.8522595745013535
299,3,2.365,1.615,135.0,2.828,162,484,135.0,2.0,8.083779633432819,3.8821986184895834,2.651057407552083,4.6422231260416655,3.2830432291666662,3.208207691842254
300,7,3.772,2.363,45.0,4.243,701,489,45.0,2.828,18.86215247800991,6.191819530208332,3.8789155752604163,6.964976210677083,4.6422231260416655,4.900618197668896
301,1,1.128,1.128,0.0,1.414,372,489,135.0,1.0,2.694593211144273,1.8516363812499996,1.8516363812499996,2.3211115630208328,1.6415216145833331,1.8522595745013535
302,10,3.966,3.21,0.0,4.472,94,491,153.435,3.0,26.94593211144273,6.510274723437499,5.269284382812499,7.340884660416666,4.92456484375,5.857359073278618
303,2,2.257,1.128,90.0,2.236,783,491,116.565,1.0,5.389186422288546,3.704914284114583,1.8516363812499996,3.670442330208333,1.6415216145833331,2.619490611295232
304,1,1.128,1.128,0.0,1.414,1573,494,135.0,1.0,2.694593211144273,1.8516363812499996,1.8516363812499996,2.3211115630208328,1.6415216145833331,1.8522595745013535
305,1,1.128,1.128,0.0,1.414,671,496,135.0,1.0,2.694593211144273,1.8516363812499996,1.8516363812499996,2.3211115630208328,1.6415216145833331,1.8522595745013535
306,2,2.257,1.128,90.0,2.236,914,497,116.565,1.0,5.389186422288546,3.704914284114583,1.8516363812499996,3.670442330208333,1.6415216145833331,2.619490611295232
307,17,7.283,2.972,68.623,7.616,1913,505,66.801,3.578,45.80808458945264,11.955201919010415,4.878602238541666,12.501828616666664,5.873364336979166,7.637061871730705
308,58,20.697,3.568,92.278,20.224,2307,498,98.531,4.0,156.28640624636785,33.97457285703124,5.856949120833333,33.19813313333333,6.5660864583333325,14.106388652566334
309,10,4.767,2.671,175.935,5.385,1150,502,158.199,3.0,26.94593211144273,7.82513353671875,4.384504232552082,8.839593894531248,4.92456484375,5.857359073278618
310,3,2.365,1.615,45.0,2.828,1530,504,45.0,2.0,8.083779633432819,3.8821986184895834,2.651057407552083,4.6422231260416655,3.2830432291666662,3.208207691842254
311,4,2.257,2.257,0.0,2.828,2663,506,135.0,2.0,10.778372844577092,3.704914284114583,3.704914284114583,4.6422231260416655,3.2830432291666662,3.704519149002707
312,18,5.708,4.015,54.751,6.403,2676,517,38.66,4.743,48.50267780059691,9.369805376041667,6.590709282552082,10.510662898177081,7.785737017968749,7.858471833885696
313,6,3.385,2.257,90.0,3.606,1863,513,123.69,2.0,16.167559266865638,5.556550665364583,3.704914284114583,5.919326942187499,3.2830432291666662,4.537090828712999
314,2,2.257,1.128,0.0,2.236,2230,513,153.435,1.0,5.389186422288546,3.704914284114583,1.8516363812499996,3.670442330208333,1.6415216145833331,2.619490611295232
315,1,1.128,1.128,0.0,1.414,879,514,135.0,1.0,2.694593211144273,1.8516363812499996,1.8516363812499996,2.3211115630208328,1.6415216145833331,1.8522595745013535
316,3,2.365,1.615,135.0,2.828,273,516,135.0,2.0,8.083779633432819,3.8821986184895834,2.651057407552083,4.6422231260416655,3.2830432291666662,3.208207691842254
317,4,2.257,2.257,0.0,2.828,2842,518,135.0,2.0,10.778372844577092,3.704914284114583,3.704914284114583,4.6422231260416655,3.2830432291666662,3.704519149002707
318,1,1.128,1.128,0.0,1.414,180,519,135.0,1.0,2.694593211144273,1.8516363812499996,1.8516363812499996,2.3211115630208328,1.6415216145833331,1.8522595745013535
319,23,7.06,4.148,57.154,7.81,1761,525,50.194,4.919,61.97564385631828,11.58914259895833,6.809031657291666,12.82028380989583,8.074644822135415,8.883124856751396
320,102,24.224,5.361,88.191,24.187,878,544,82.875,6.0,274.84850753671583,39.76421959166666,8.800197375781249,39.70348329192708,9.8491296875,18.706904719804857
321,7,3.507,2.542,120.473,4.243,179,521,135.0,3.0,18.86215247800991,5.75681630234375,4.172747944270832,6.964976210677083,4.92456484375,4.900618197668896
322,4,2.257,2.257,0.0,2.828,444,522,135.0,2.0,10.778372844577092,3.704914284114583,3.704914284114583,4.6422231260416655,3.2830432291666662,3.704519149002707
323,1,1.128,1.128,0.0,1.414,2226,525,135.0,1.0,2.694593211144273,1.8516363812499996,1.8516363812499996,2.3211115630208328,1.6415216145833331,1.8522595745013535
324,13,5.415,3.057,151.464,6.708,700,527,153.435,4.0,35.02971174487555,8.888839542968748,5.01813157578125,11.011326990625,6.5660864583333325,6.678416871333741
325,11,4.384,3.195,105.071,5.0,810,528,126.87,3.0,29.640525322587003,7.196430758333333,5.244661558593749,8.207608072916665,4.92456484375,6.143250022964334
326,13,4.38,3.779,45.0,5.0,979,532,36.87,4.0,35.02971174487555,7.189864671874999,6.203310181510416,8.207608072916665,6.5660864583333325,6.678416871333741
327,1,1.128,1.128,0.0,1.414,400,531,135.0,1.0,2.694593211144273,1.8516363812499996,1.8516363812499996,2.3211115630208328,1.6415216145833331,1.8522595745013535
328,14,5.977,2.982,80.99,6.325,1112,538,71.565,3.0,37.72430495601982,9.811374690364582,4.895017454687499,10.382624212239582,4.92456484375,6.930520719155746
329,20,7.939,3.207,90.0,8.246,2308,532,104.036,4.0,53.89186422288546,13.032040098177081,5.264359817968749,13.535987233854165,6.5660864583333325,8.283556641119725
330,39,8.98,5.53,72.622,10.296,1760,542,60.945,6.0,105.08913523462664,14.740864098958331,9.077614528645833,16.901106543749997,9.8491296875,11.56735733527522
331,7,3.507,2.542,30.473,4.243,118,538,45.0,3.0,18.86215247800991,5.75681630234375,4.172747944270832,6.964976210677083,4.92456484375,4.900618197668896
332,5,3.144,2.025,161.565,3.606,128,538,146.31,2.0,13.472966055721365,5.16094395625,3.3240812695312494,5.919326942187499,3.2830432291666662,4.141778320559863
333,14,4.264,4.181,90.0,5.0,669,538,126.87,4.0,37.72430495601982,6.999448164583333,6.863201870572916,8.207608072916665,6.5660864583333325,6.930520719155746
334,6,3.385,2.257,90.0,3.606,1914,538,123.69,2.0,16.167559266865638,5.556550665364583,3.704914284114583,5.919326942187499,3.2830432291666662,4.537090828712999
335,3,2.365,1.615,135.0,2.828,1819,544,135.0,2.0,8.083779633432819,3.8821986184895834,2.651057407552083,4.6422231260416655,3.2830432291666662,3.208207691842254
336,2,2.596,0.981,135.0,2.828,2511,544,135.0,1.414,5.389186422288546,4.261390111458333,1.6103327039062498,4.6422231260416655,2.3211115630208328,2.619490611295232
337,59,18.516,4.057,87.653,19.105,2308,551,96.009,5.0,158.9809994575121,30.394414215624995,6.659653190364583,31.36127044661458,8.207608072916665,14.227475754629987
338,14,5.479,3.254,89.158,6.325,1106,558,71.565,4.0,37.72430495601982,8.993896926302082,5.341511333854166,10.382624212239582,6.5660864583333325,6.930520719155746
339,17,5.377,4.025,97.132,5.831,876,554,120.964,4.0,45.80808458945264,8.826461721614582,6.6071244986979165,9.571712534635417,6.5660864583333325,7.637061871730705
340,11,4.535,3.088,90.0,5.099,2069,554,101.31,3.0,29.640525322587003,7.444300522135416,5.069018745833333,8.370118712760416,4.92456484375,6.143250022964334
341,48,13.767,4.439,91.153,13.342,1911,555,102.995,5.0,129.3404741349251,22.598828067968746,7.286714447135416,21.901181381770833,8.207608072916665,12.832830767369016
342,10,4.434,2.871,67.259,5.0,550,560,36.87,3.479,26.94593211144273,7.2785068390625,4.712808555468749,8.207608072916665,5.710853697135416,5.857359073278618
343,1,1.128,1.128,0.0,1.414,2975,556,135.0,1.0,2.694593211144273,1.8516363812499996,1.8516363812499996,2.3211115630208328,1.6415216145833331,1.8522595745013535
344,1,1.128,1.128,0.0,1.414,1056,557,135.0,1.0,2.694593211144273,1.8516363812499996,1.8516363812499996,2.3211115630208328,1.6415216145833331,1.8522595745013535
345,3,3.385,1.128,0.0,3.162,1140,557,161.565,1.0,8.083779633432819,5.556550665364583,1.8516363812499996,5.190491345312499,1.6415216145833331,3.208207691842254
346,7,4.061,2.195,119.12,5.0,1346,557,126.87,3.0,18.86215247800991,6.666219276822916,3.603139944010416,8.207608072916665,4.92456484375,4.900618197668896
347,13,5.453,3.036,78.69,5.831,1864,562,59.036,3.0,35.02971174487555,8.951217364322916,4.983659621875,9.571712534635417,4.92456484375,6.678416871333741
348,4,2.734,1.863,90.0,3.162,2005,558,108.435,2.0,10.778372844577092,4.487920094270833,3.0581547679687495,5.190491345312499,3.2830432291666662,3.704519149002707
349,1,1.128,1.128,0.0,1.414,1056,559,135.0,1.0,2.694593211144273,1.8516363812499996,1.8516363812499996,2.3211115630208328,1.6415216145833331,1.8522595745013535
350,1,1.128,1.128,0.0,1.414,453,560,135.0,1.0,2.694593211144273,1.8516363812499996,1.8516363812499996,2.3211115630208328,1.6415216145833331,1.8522595745013535
351,1,1.128,1.128,0.0,1.414,1397,560,135.0,1.0,2.694593211144273,1.8516363812499996,1.8516363812499996,2.3211115630208328,1.6415216145833331,1.8522595745013535
352,14,4.477,3.981,180.0,5.0,163,562,126.87,4.0,37.72430495601982,7.349092268489583,6.534897547656249,8.207608072916665,6.5660864583333325,6.930520719155746
353,51,11.987,5.417,83.209,13.342,1763,575,77.005,6.0,137.42425376835791,19.676919594010414,8.892122586197916,21.901181381770833,9.8491296875,13.227779182384648
354,14,4.847,3.678,59.237,5.657,1860,567,45.0,4.0,37.72430495601982,7.956455265885416,6.037516498437499,9.286087773697915,6.5660864583333325,6.930520719155746
355,1,1.128,1.128,0.0,1.414,2711,562,135.0,1.0,2.694593211144273,1.8516363812499996,1.8516363812499996,2.3211115630208328,1.6415216145833331,1.8522595745013535
356,3,2.365,1.615,45.0,2.828,138,567,45.0,2.0,8.083779633432819,3.8821986184895834,2.651057407552083,4.6422231260416655,3.2830432291666662,3.208207691842254
357,35,9.001,4.951,98.76,9.22,876,566,102.529,5.0,94.31076239004955,14.775336052864581,8.12717351380208,15.134829286458332,8.207608072916665,10.958115421760153
358,21,6.629,4.034,74.182,7.211,1032,572,56.31,4.0,56.58645743402973,10.881646783072915,6.621898193229166,11.837012362760415,6.5660864583333325,8.488119706859148
359,2,2.257,1.128,0.0,2.236,316,567,153.435,1.0,5.389186422288546,3.704914284114583,1.8516363812499996,3.670442330208333,1.6415216145833331,2.619490611295232
360,4,2.257,2.257,0.0,2.828,2712,568,135.0,2.0,10.778372844577092,3.704914284114583,3.704914284114583,4.6422231260416655,3.2830432291666662,3.704519149002707
361,13,4.5,3.678,101.31,5.385,2746,568,111.801,4.0,35.02971174487555,7.386847265624999,6.037516498437499,8.839593894531248,6.5660864583333325,6.678416871333741
362,6,4.79,1.595,94.731,5.099,1653,570,101.31,2.0,16.167559266865638,7.862888533854166,2.6182269752604164,8.370118712760416,3.2830432291666662,4.537090828712999
363,9,3.385,3.385,0.0,4.243,1863,570,135.0,3.0,24.251338900298457,5.556550665364583,5.556550665364583,6.964976210677083,4.92456484375,5.55677872350406
364,11,4.761,2.942,92.464,5.385,2308,573,111.801,3.0,29.640525322587003,7.815284407031249,4.829356590104166,8.839593894531248,4.92456484375,6.143250022964334
365,6,3.489,2.19,135.0,4.243,1433,574,135.0,2.828,16.167559266865638,5.727268913281249,3.5949323359374996,6.964976210677083,4.6422231260416655,4.537090828712999
366,10,4.111,3.097,90.0,4.472,1912,575,116.565,3.0,26.94593211144273,6.748295357552082,5.083792440364583,7.340884660416666,4.92456484375,5.857359073278618
367,1,1.128,1.128,0.0,1.414,923,576,135.0,1.0,2.694593211144273,1.8516363812499996,1.8516363812499996,2.3211115630208328,1.6415216145833331,1.8522595745013535
368,12,5.675,2.693,80.783,6.325,1051,582,71.565,3.0,32.335118533731276,9.315635162760415,4.420617708072916,10.382624212239582,4.92456484375,6.416415383684508
369,4,4.514,1.128,0.0,4.123,1240,578,165.964,1.0,10.778372844577092,7.409828568229166,1.8516363812499996,6.7679936169270825,1.6415216145833331,3.704519149002707
370,17,5.229,4.14,74.828,5.831,2151,583,59.036,4.0,45.80808458945264,8.583516522656248,6.795899484374998,9.571712534635417,6.5660864583333325,7.637061871730705
371,11,5.454,2.568,95.655,6.325,2421,578,108.435,3.0,29.640525322587003,8.952858885937498,4.215427506249999,10.382624212239582,4.92456484375,6.143250022964334
372,17,5.201,4.162,135.0,5.831,322,580,120.964,4.919,45.80808458945264,8.537553917447916,6.832012959895832,9.571712534635417,8.074644822135415,7.637061871730705
373,10,5.065,2.514,95.443,6.083,1763,581,99.462,3.0,26.94593211144273,8.314306977864582,4.126785339062499,9.985375981510415,4.92456484375,5.857359073278618
374,26,6.518,5.079,162.892,7.211,130,583,146.31,5.0,70.0594234897511,10.699437883854165,8.337288280468748,11.837012362760415,8.207608072916665,9.444707714621469
375,2,2.257,1.128,0.0,2.236,1912,583,153.435,1.0,5.389186422288546,3.704914284114583,1.8516363812499996,3.670442330208333,1.6415216145833331,2.619490611295232
376,5,3.144,2.025,18.435,3.606,94,588,33.69,2.0,13.472966055721365,5.16094395625,3.3240812695312494,5.919326942187499,3.2830432291666662,4.141778320559863
377,7,3.086,2.888,0.0,3.606,504,587,123.69,3.0,18.86215247800991,5.065735702604166,4.740714422916666,5.919326942187499,4.92456484375,4.900618197668896
378,27,9.401,3.657,82.707,9.487,2308,596,71.565,4.0,72.75401670089536,15.431944698697915,6.0030445445312495,15.573115557552082,6.5660864583333325,9.624623075526761
379,15,5.083,3.757,111.605,5.831,2379,588,120.964,4.0,40.418898167164095,8.343854366927083,6.167196705989583,9.571712534635417,6.5660864583333325,7.173770484896978
380,8,4.769,2.136,90.0,5.099,2927,588,101.31,2.0,21.556745689154184,7.828416579947916,3.5062901687499997,8.370118712760416,3.2830432291666662,5.238981222590464
381,3,2.365,1.615,45.0,2.828,375,591,45.0,2.0,8.083779633432819,3.8821986184895834,2.651057407552083,4.6422231260416655,3.2830432291666662,3.208207691842254
382,24,5.912,5.169,115.67,6.708,186,590,116.565,5.0,64.67023706746255,9.704675785416665,8.485025225781248,11.011326990625,8.207608072916665,9.074181657425997
383,9,4.196,2.731,6.047,4.472,2152,590,153.435,3.0,24.251338900298457,6.887824694791665,4.4829955294270825,7.340884660416666,4.92456484375,5.55677872350406
384,6,3.385,2.257,0.0,3.606,704,594,146.31,2.0,16.167559266865638,5.556550665364583,3.704914284114583,5.919326942187499,3.2830432291666662,4.537090828712999
385,7,3.507,2.542,59.527,4.243,1435,597,45.0,3.0,18.86215247800991,5.75681630234375,4.172747944270832,6.964976210677083,4.92456484375,4.900618197668896
386,3,2.365,1.615,45.0,2.828,1722,596,45.0,2.0,8.083779633432819,3.8821986184895834,2.651057407552083,4.6422231260416655,3.2830432291666662,3.208207691842254
387,1,1.128,1.128,0.0,1.414,1911,594,135.0,1.0,2.694593211144273,1.8516363812499996,1.8516363812499996,2.3211115630208328,1.6415216145833331,1.8522595745013535
388,5,4.183,1.522,100.901,4.472,2699,594,116.565,2.0,13.472966055721365,6.866484913802082,2.498395897395833,7.340884660416666,3.2830432291666662,4.141778320559863
389,14,4.554,3.914,81.918,5.385,307,595,111.801,4.0,37.72430495601982,7.475489432812499,6.424915599479166,8.839593894531248,6.5660864583333325,6.930520719155746
390,6,3.385,2.257,90.0,3.606,1500,595,123.69,2.0,16.167559266865638,5.556550665364583,3.704914284114583,5.919326942187499,3.2830432291666662,4.537090828712999
391,8,6.896,1.477,81.65,7.28,1912,602,74.055,2.0,21.556745689154184,11.319933054166665,2.4245274247395834,11.950277354166666,3.2830432291666662,5.238981222590464
392,8,4.444,2.292,125.355,5.0,1722,597,126.87,2.828,21.556745689154184,7.294922055208333,3.7623675406249992,8.207608072916665,4.6422231260416655,5.238981222590464
393,15,4.659,4.099,135.0,5.657,1276,600,135.0,4.0,40.418898167164095,7.647849202343749,6.728597098177083,9.286087773697915,6.5660864583333325,7.173770484896978
394,2,2.257,1.128,90.0,2.236,2927,603,116.565,1.0,5.389186422288546,3.704914284114583,1.8516363812499996,3.670442330208333,1.6415216145833331,2.619490611295232
395,34,11.207,3.863,91.788,11.18,1912,604,100.305,4.808,91.61616917890528,18.396532734635414,6.341197997135416,18.352211651041664,7.892435922916666,10.800436475684016
396,39,9.073,5.473,94.872,10.198,209,608,101.31,6.0,105.08913523462664,14.893525609114581,8.984047796614583,16.74023742552083,9.8491296875,11.56735733527522
397,6,3.14,2.433,135.0,3.606,1262,609,123.69,2.828,16.167559266865638,5.1543778697916665,3.993822088281249,5.919326942187499,4.6422231260416655,4.537090828712999
398,11,4.738,2.956,99.992,5.385,1764,613,111.801,3.0,29.640525322587003,7.777529409895833,4.8523378927083325,8.839593894531248,4.92456484375,6.143250022964334
399,5,3.732,1.706,58.283,4.243,874,618,45.0,2.236,13.472966055721365,6.126158665625,2.800435874479166,6.964976210677083,3.670442330208333,4.141778320559863
400,2,2.257,1.128,90.0,2.236,2170,616,116.565,1.0,5.389186422288546,3.704914284114583,1.8516363812499996,3.670442330208333,1.6415216145833331,2.619490611295232
401,23,11.2,2.615,95.288,11.18,2309,616,100.305,3.0,61.97564385631828,18.385042083333328,4.292579022135416,18.352211651041664,4.92456484375,8.883124856751396
402,3,2.365,1.615,135.0,2.828,1486,617,135.0,2.0,8.083779633432819,3.8821986184895834,2.651057407552083,4.6422231260416655,3.2830432291666662,3.208207691842254
403,9,3.919,2.924,159.699,4.472,710,620,153.435,3.0,24.251338900298457,6.433123207552082,4.799809201041666,7.340884660416666,4.92456484375,5.55677872350406
404,11,4.982,2.811,76.717,5.385,1764,630,68.199,3.0,29.640525322587003,8.178060683854167,4.61431725859375,8.839593894531248,4.92456484375,6.143250022964334
405,30,8.433,4.529,151.869,8.944,174,627,153.435,5.367,80.83779633432819,13.842951775781248,7.434451392447915,14.681769320833332,8.81004650546875,10.14524351309312
406,23,7.665,3.82,36.107,8.485,1078,634,45.0,4.919,61.97564385631828,12.582263175781248,6.270612567708333,13.92831089973958,8.074644822135415,8.883124856751396
407,22,7.148,3.919,93.897,8.246,2309,628,104.036,4.0,59.281050645174005,11.733596501041665,6.433123207552082,13.535987233854165,6.5660864583333325,8.687867499524987
408,3,2.365,1.615,135.0,2.828,1319,630,135.0,2.0,8.083779633432819,3.8821986184895834,2.651057407552083,4.6422231260416655,3.2830432291666662,3.208207691842254
409,11,3.994,3.507,71.565,4.472,1558,632,116.565,4.0,29.640525322587003,6.556237328645833,5.75681630234375,7.340884660416666,6.5660864583333325,6.143250022964334
410,2,2.257,1.128,90.0,2.236,1655,632,116.565,1.0,5.389186422288546,3.704914284114583,1.8516363812499996,3.670442330208333,1.6415216145833331,2.619490611295232
411,2,2.596,0.981,45.0,2.828,970,638,45.0,1.414,5.389186422288546,4.261390111458333,1.6103327039062498,4.6422231260416655,2.3211115630208328,2.619490611295232
412,18,5.899,3.885,90.0,6.325,1764,636,108.435,4.0,48.50267780059691,9.683336004427082,6.377311472656249,10.382624212239582,6.5660864583333325,7.858471833885696
413,3,2.365,1.615,45.0,2.828,1397,639,45.0,2.0,8.083779633432819,3.8821986184895834,2.651057407552083,4.6422231260416655,3.2830432291666662,3.208207691842254
414,2,2.257,1.128,90.0,2.236,760,638,116.565,1.0,5.389186422288546,3.704914284114583,1.8516363812499996,3.670442330208333,1.6415216145833331,2.619490611295232
415,1,1.128,1.128,0.0,1.414,2669,638,135.0,1.0,2.694593211144273,1.8516363812499996,1.8516363812499996,2.3211115630208328,1.6415216145833331,1.8522595745013535
416,8,4.044,2.519,70.67,4.472,705,646,63.435,3.0,21.556745689154184,6.638313409374999,4.134992947135417,7.340884660416666,4.92456484375,5.238981222590464
417,1,1.128,1.128,0.0,1.414,1849,645,135.0,1.0,2.694593211144273,1.8516363812499996,1.8516363812499996,2.3211115630208328,1.6415216145833331,1.8522595745013535
418,45,14.07,4.072,88.394,14.142,2309,659,81.87,4.0,121.25669450149229,23.0962091171875,6.684276014583332,23.214398673437497,6.5660864583333325,12.425334961679587
419,3,2.365,1.615,45.0,2.828,188,648,45.0,2.0,8.083779633432819,3.8821986184895834,2.651057407552083,4.6422231260416655,3.2830432291666662,3.208207691842254
420,1,1.128,1.128,0.0,1.414,1521,646,135.0,1.0,2.694593211144273,1.8516363812499996,1.8516363812499996,2.3211115630208328,1.6415216145833331,1.8522595745013535
421,6,3.385,2.257,0.0,3.606,2577,646,146.31,2.0,16.167559266865638,5.556550665364583,3.704914284114583,5.919326942187499,3.2830432291666662,4.537090828712999
422,1,1.128,1.128,0.0,1.414,170,647,135.0,1.0,2.694593211144273,1.8516363812499996,1.8516363812499996,2.3211115630208328,1.6415216145833331,1.8522595745013535
423,4,2.257,2.257,0.0,2.828,872,648,135.0,2.0,10.778372844577092,3.704914284114583,3.704914284114583,4.6422231260416655,3.2830432291666662,3.704519149002707
424,1,1.128,1.128,0.0,1.414,1158,649,135.0,1.0,2.694593211144273,1.8516363812499996,1.8516363812499996,2.3211115630208328,1.6415216145833331,1.8522595745013535
425,34,9.741,4.444,79.842,10.44,779,660,73.301,5.0,91.61616917890528,15.990062047656247,7.294922055208333,17.137485656249996,8.207608072916665,10.800436475684016
426,2,2.257,1.128,90.0,2.236,1529,652,116.565,1.0,5.389186422288546,3.704914284114583,1.8516363812499996,3.670442330208333,1.6415216145833331,2.619490611295232
427,6,3.385,2.257,90.0,3.606,832,654,123.69,2.0,16.167559266865638,5.556550665364583,3.704914284114583,5.919326942187499,3.2830432291666662,4.537090828712999
428,3,2.365,1.615,135.0,2.828,1175,656,135.0,2.0,8.083779633432819,3.8821986184895834,2.651057407552083,4.6422231260416655,3.2830432291666662,3.208207691842254
429,5,3.732,1.706,95.152,4.123,1817,657,104.036,2.0,13.472966055721365,6.126158665625,2.800435874479166,6.7679936169270825,3.2830432291666662,4.141778320559863
430,2,2.596,0.981,135.0,2.828,1271,658,135.0,1.414,5.389186422288546,4.261390111458333,1.6103327039062498,4.6422231260416655,2.3211115630208328,2.619490611295232
431,9,3.923,2.921,11.981,4.472,2148,659,153.435,3.0,24.251338900298457,6.439689294010416,4.794884636197915,7.340884660416666,4.92456484375,5.55677872350406
432,17,6.711,3.225,90.0,7.071,53,660,98.13,3.0,45.80808458945264,11.016251555468749,5.29390720703125,11.607199336718748,4.92456484375,7.637061871730705
433,1,1.128,1.128,0.0,1.414,143,660,135.0,1.0,2.694593211144273,1.8516363812499996,1.8516363812499996,2.3211115630208328,1.6415216145833331,1.8522595745013535
434,9,3.919,2.924,69.699,4.472,1904,664,63.435,3.0,24.251338900298457,6.433123207552082,4.799809201041666,7.340884660416666,4.92456484375,5.55677872350406
435,4,2.257,2.257,0.0,2.828,2700,660,135.0,2.0,10.778372844577092,3.704914284114583,3.704914284114583,4.6422231260416655,3.2830432291666662,3.704519149002707
436,11,4.738,2.956,80.008,5.385,1078,666,68.199,3.0,29.640525322587003,7.777529409895833,4.8523378927083325,8.839593894531248,4.92456484375,6.143250022964334
437,1,1.128,1.128,0.0,1.414,1723,661,135.0,1.0,2.694593211144273,1.8516363812499996,1.8516363812499996,2.3211115630208328,1.6415216145833331,1.8522595745013535
438,10,4.767,2.671,94.065,5.385,731,662,111.801,3.0,26.94593211144273,7.82513353671875,4.384504232552082,8.839593894531248,4.92456484375,5.857359073278618
439,13,7.888,2.098,95.535,8.246,2309,662,104.036,2.0,35.02971174487555,12.948322495833331,3.4439123473958326,13.535987233854165,3.2830432291666662,6.678416871333741
440,43,8.792,6.227,98.854,10.198,1008,663,101.31,7.0,115.86750807920373,14.432258035416664,10.221755094010415,16.74023742552083,11.490651302083332,12.146078290842405
441,19,5.119,4.726,173.736,5.831,201,664,120.964,5.0,51.197271011741186,8.402949145052082,7.757831150520833,9.571712534635417,8.207608072916665,8.073812302457046
442,7,3.516,2.535,10.901,4.123,1025,667,165.964,3.0,18.86215247800991,5.771589996874999,4.16125729296875,6.7679936169270825,4.92456484375,4.900618197668896
443,3,2.365,1.615,45.0,2.828,1432,670,45.0,2.0,8.083779633432819,3.8821986184895834,2.651057407552083,4.6422231260416655,3.2830432291666662,3.208207691842254
444,5,3.144,2.025,18.435,3.606,1827,670,33.69,2.0,13.472966055721365,5.16094395625,3.3240812695312494,5.919326942187499,3.2830432291666662,4.141778320559863
445,8,4.769,2.136,90.0,5.099,2151,668,101.31,2.0,21.556745689154184,7.828416579947916,3.5062901687499997,8.370118712760416,3.2830432291666662,5.238981222590464
446,4,2.734,1.863,90.0,3.162,3097,672,108.435,2.0,10.778372844577092,4.487920094270833,3.0581547679687495,5.190491345312499,3.2830432291666662,3.704519149002707
447,5,3.144,2.025,108.435,3.606,659,673,123.69,2.0,13.472966055721365,5.16094395625,3.3240812695312494,5.919326942187499,3.2830432291666662,4.141778320559863
448,27,6.909,4.975,91.46,7.616,870,676,113.199,5.0,72.75401670089536,11.341272835156248,8.166570032552082,12.501828616666664,8.207608072916665,9.624623075526761
449,6,4.134,1.848,77.067,4.472,1532,680,63.435,2.0,16.167559266865638,6.786050354687499,3.03353194375,7.340884660416666,3.2830432291666662,4.537090828712999
450,5,2.523,2.523,0.0,3.162,134,677,108.435,2.828,13.472966055721365,4.14155903359375,4.14155903359375,5.190491345312499,4.6422231260416655,4.141778320559863
451,6,3.973,1.923,137.72,5.0,777,679,143.13,2.828,16.167559266865638,6.521765374739582,3.1566460648437498,8.207608072916665,4.6422231260416655,4.537090828712999
452,5,3.144,2.025,108.435,3.606,53,681,123.69,2.0,13.472966055721365,5.16094395625,3.3240812695312494,5.919326942187499,3.2830432291666662,4.141778320559863
453,2,2.257,1.128,90.0,2.236,485,681,116.565,1.0,5.389186422288546,3.704914284114583,1.8516363812499996,3.670442330208333,1.6415216145833331,2.619490611295232
454,1,1.128,1.128,0.0,1.414,929,681,135.0,1.0,2.694593211144273,1.8516363812499996,1.8516363812499996,2.3211115630208328,1.6415216145833331,1.8522595745013535
455,126,35.337,4.54,91.73,36.125,2309,682,94.764,5.0,339.5187446041784,58.00644929453125,7.452508130208332,59.299968326822906,8.207608072916665,20.79156215746724
456,7,4.11,2.168,67.5,4.472,446,688,63.435,2.683,18.86215247800991,6.7466538359375,3.5588188604166664,7.340884660416666,4.404202491927083,4.900618197668896
457,14,4.264,4.181,2.771e-13,5.0,1868,684,126.87,4.0,37.72430495601982,6.999448164583333,6.863201870572916,8.207608072916665,6.5660864583333325,6.930520719155746
458,2,2.257,1.128,90.0,2.236,2302,684,116.565,1.0,5.389186422288546,3.704914284114583,1.8516363812499996,3.670442330208333,1.6415216145833331,2.619490611295232
459,32,10.224,3.985,82.707,11.18,1765,700,79.695,4.0,86.22698275661674,16.7829169875,6.541463634114582,18.352211651041664,6.5660864583333325,10.477962445180928
460,12,4.257,3.589,0.0,5.099,600,693,168.69,4.0,32.335118533731276,6.987957513281248,5.891421074739583,8.370118712760416,6.5660864583333325,6.416415383684508
461,3,3.385,1.128,0.0,3.162,1108,691,161.565,1.0,8.083779633432819,5.556550665364583,1.8516363812499996,5.190491345312499,1.6415216145833331,3.208207691842254
462,2,2.596,0.981,135.0,2.828,1160,691,135.0,1.414,5.389186422288546,4.261390111458333,1.6103327039062498,4.6422231260416655,2.3211115630208328,2.619490611295232
463,2,2.257,1.128,90.0,2.236,1869,691,116.565,1.0,5.389186422288546,3.704914284114583,1.8516363812499996,3.670442330208333,1.6415216145833331,2.619490611295232
464,4,2.257,2.257,0.0,2.828,444,692,135.0,2.0,10.778372844577092,3.704914284114583,3.704914284114583,4.6422231260416655,3.2830432291666662,3.704519149002707
465,10,4.444,2.865,153.435,5.0,315,693,143.13,3.0,26.94593211144273,7.294922055208333,4.70295942578125,8.207608072916665,4.92456484375,5.857359073278618
466,25,6.416,4.962,117.031,7.211,444,700,123.69,5.0,67.36483027860683,10.532002679166666,8.145230251562499,11.837012362760415,8.207608072916665,9.261297872506768
467,28,9.934,3.589,102.174,9.849,869,701,113.962,4.511,75.44860991203964,16.30687571927083,5.891421074739583,16.167346382031248,7.404904003385416,9.801236395337792
468,22,6.448,4.344,90.0,6.708,599,702,116.565,4.0,59.281050645174005,10.584531370833332,7.130769893749999,11.011326990625,6.5660864583333325,8.687867499524987
469,10,4.111,3.097,90.0,4.472,2039,702,116.565,3.0,26.94593211144273,6.748295357552082,5.083792440364583,7.340884660416666,4.92456484375,5.857359073278618
470,5,3.144,2.025,71.565,3.606,64,706,56.31,2.0,13.472966055721365,5.16094395625,3.3240812695312494,5.919326942187499,3.2830432291666662,4.141778320559863
471,23,6.015,4.869,170.444,6.708,206,707,153.435,5.0,61.97564385631828,9.873752511718749,7.992568741406249,11.011326990625,8.207608072916665,8.883124856751396
472,26,5.981,5.535,149.872,6.708,2661,707,116.565,6.0,70.0594234897511,9.817940776822915,9.085822136718749,11.011326990625,9.8491296875,9.444707714621469
473,15,4.659,4.099,45.001,5.657,1868,712,45.0,4.0,40.418898167164095,7.647849202343749,6.728597098177083,9.286087773697915,6.5660864583333325,7.173770484896978
474,6,3.385,2.257,90.0,3.606,810,709,123.69,2.0,16.167559266865638,5.556550665364583,3.704914284114583,5.919326942187499,3.2830432291666662,4.537090828712999
475,2,2.257,1.128,90.0,2.236,0,710,116.565,1.0,5.389186422288546,3.704914284114583,1.8516363812499996,3.670442330208333,1.6415216145833331,2.619490611295232
476,1,1.128,1.128,0.0,1.414,1909,710,135.0,1.0,2.694593211144273,1.8516363812499996,1.8516363812499996,2.3211115630208328,1.6415216145833331,1.8522595745013535
477,1,1.128,1.128,0.0,1.414,275,711,135.0,1.0,2.694593211144273,1.8516363812499996,1.8516363812499996,2.3211115630208328,1.6415216145833331,1.8522595745013535
478,3,3.385,1.128,90.0,3.162,2609,713,108.435,1.0,8.083779633432819,5.556550665364583,1.8516363812499996,5.190491345312499,1.6415216145833331,3.208207691842254
479,2,2.257,1.128,90.0,2.236,96,714,116.565,1.0,5.389186422288546,3.704914284114583,1.8516363812499996,3.670442330208333,1.6415216145833331,2.619490611295232
480,5,3.144,2.025,71.565,3.606,207,717,56.31,2.0,13.472966055721365,5.16094395625,3.3240812695312494,5.919326942187499,3.2830432291666662,4.141778320559863
481,4,2.734,1.863,90.0,3.162,617,716,108.435,2.0,10.778372844577092,4.487920094270833,3.0581547679687495,5.190491345312499,3.2830432291666662,3.704519149002707
482,51,10.69,6.074,96.55,11.402,95,717,105.255,6.791,137.42425376835791,17.54786605989583,9.970602286979165,18.716629449479164,11.147573284635415,13.227779182384648
483,3,2.365,1.615,45.0,2.828,672,720,45.0,2.0,8.083779633432819,3.8821986184895834,2.651057407552083,4.6422231260416655,3.2830432291666662,3.208207691842254
484,7,3.086,2.888,90.0,3.606,230,720,123.69,3.0,18.86215247800991,5.065735702604166,4.740714422916666,5.919326942187499,4.92456484375,4.900618197668896
485,53,10.269,6.572,109.744,11.18,867,722,116.565,7.0,142.81344019064647,16.85678546015625,10.788080051041666,18.352211651041664,11.490651302083332,13.484653245841828
486,2,2.257,1.128,0.0,2.236,3663,724,153.435,1.0,5.389186422288546,3.704914284114583,1.8516363812499996,3.670442330208333,1.6415216145833331,2.619490611295232
487,2,2.257,1.128,90.0,2.236,401,725,116.565,1.0,5.389186422288546,3.704914284114583,1.8516363812499996,3.670442330208333,1.6415216145833331,2.619490611295232
488,27,10.54,3.262,86.612,10.198,1256,725,101.31,4.0,72.75401670089536,17.30163781770833,5.354643506770833,16.74023742552083,6.5660864583333325,9.624623075526761
489,4,2.257,2.257,0.0,2.828,1312,725,135.0,2.0,10.778372844577092,3.704914284114583,3.704914284114583,4.6422231260416655,3.2830432291666662,3.704519149002707
490,56,21.266,3.353,91.504,21.095,2310,725,95.44,4.0,150.8972198240793,34.90859865572916,5.504021973697916,34.62789845963541,6.5660864583333325,13.861041438311492
491,24,7.027,4.348,177.668,7.616,480,730,23.199,4.0,64.67023706746255,11.534972385677083,7.1373359802083325,12.501828616666664,6.5660864583333325,9.074181657425997
492,32,12.13,3.359,91.043,11.402,777,727,105.255,3.0,86.22698275661674,19.911657184895834,5.513871103385416,18.716629449479164,4.92456484375,10.477962445180928
493,42,15.522,3.445,85.317,17.117,1301,746,83.29,4.0,113.17291486805946,25.479698501562495,5.655041962239582,28.097925476822915,6.5660864583333325,12.004014008486546
494,4,2.257,2.257,0.0,2.828,236,732,135.0,2.0,10.778372844577092,3.704914284114583,3.704914284114583,4.6422231260416655,3.2830432291666662,3.704519149002707
495,3,2.365,1.615,135.0,2.828,261,732,135.0,2.0,8.083779633432819,3.8821986184895834,2.651057407552083,4.6422231260416655,3.2830432291666662,3.208207691842254
496,2,2.257,1.128,0.0,2.236,2332,733,153.435,1.0,5.389186422288546,3.704914284114583,1.8516363812499996,3.670442330208333,1.6415216145833331,2.619490611295232
497,6,3.385,2.257,90.0,3.606,1264,734,123.69,2.0,16.167559266865638,5.556550665364583,3.704914284114583,5.919326942187499,3.2830432291666662,4.537090828712999
498,11,4.982,2.811,76.717,5.385,520,740,68.199,3.0,29.640525322587003,8.178060683854167,4.61431725859375,8.839593894531248,4.92456484375,6.143250022964334
499,1,1.128,1.128,0.0,1.414,2232,735,135.0,1.0,2.694593211144273,1.8516363812499996,1.8516363812499996,2.3211115630208328,1.6415216145833331,1.8522595745013535
500,9,5.229,2.191,94.731,5.385,1006,736,111.801,2.0,24.251338900298457,8.583516522656248,3.5965738575520825,8.839593894531248,3.2830432291666662,5.55677872350406
501,9,4.428,2.588,132.908,5.0,2179,736,126.87,3.536,24.251338900298457,7.268657709374999,4.248257938541666,8.207608072916665,5.804420429166666,5.55677872350406
502,1,1.128,1.128,0.0,1.414,869,738,135.0,1.0,2.694593211144273,1.8516363812499996,1.8516363812499996,2.3211115630208328,1.6415216145833331,1.8522595745013535
503,9,4.196,2.731,83.953,4.472,1868,738,116.565,3.0,24.251338900298457,6.887824694791665,4.4829955294270825,7.340884660416666,4.92456484375,5.55677872350406
504,1,1.128,1.128,0.0,1.414,2421,738,135.0,1.0,2.694593211144273,1.8516363812499996,1.8516363812499996,2.3211115630208328,1.6415216145833331,1.8522595745013535
505,2,2.596,0.981,135.0,2.828,1535,742,135.0,1.414,5.389186422288546,4.261390111458333,1.6103327039062498,4.6422231260416655,2.3211115630208328,2.619490611295232
506,7,3.086,2.888,0.0,3.606,485,743,123.69,3.0,18.86215247800991,5.065735702604166,4.740714422916666,5.919326942187499,4.92456484375,4.900618197668896
507,7,4.154,2.146,81.65,4.472,324,748,63.435,2.0,18.86215247800991,6.818880786979165,3.5227053848958327,7.340884660416666,3.2830432291666662,4.900618197668896
508,5,4.076,1.562,110.994,4.472,868,744,116.565,2.0,13.472966055721365,6.690842101041665,2.5640567619791663,7.340884660416666,3.2830432291666662,4.141778320559863
509,23,9.453,3.098,71.954,9.849,1866,756,66.038,4.0,61.97564385631828,15.517303822656247,5.085433961979166,16.167346382031248,6.5660864583333325,8.883124856751396
510,11,4.384,3.195,74.929,5.0,519,752,53.13,3.0,29.640525322587003,7.196430758333333,5.244661558593749,8.207608072916665,4.92456484375,6.143250022964334
511,24,7.862,3.887,99.989,8.544,1765,748,110.556,4.0,64.67023706746255,12.905642933854166,6.380594515885416,14.025160674999999,6.5660864583333325,9.074181657425997
512,1,1.128,1.128,0.0,1.414,827,750,135.0,1.0,2.694593211144273,1.8516363812499996,1.8516363812499996,2.3211115630208328,1.6415216145833331,1.8522595745013535
513,6,3.14,2.433,135.0,3.606,1270,750,123.69,2.828,16.167559266865638,5.1543778697916665,3.993822088281249,5.919326942187499,4.6422231260416655,4.537090828712999
514,9,4.196,2.731,96.047,4.472,1590,750,116.565,3.0,24.251338900298457,6.887824694791665,4.4829955294270825,7.340884660416666,4.92456484375,5.55677872350406
515,5,3.144,2.025,71.565,3.606,3095,753,56.31,2.0,13.472966055721365,5.16094395625,3.3240812695312494,5.919326942187499,3.2830432291666662,4.141778320559863
516,24,6.711,4.553,114.499,7.28,221,751,105.945,5.0,64.67023706746255,11.016251555468749,7.4738479111979155,11.950277354166666,8.207608072916665,9.074181657425997
517,4,2.257,2.257,0.0,2.828,1709,751,135.0,2.0,10.778372844577092,3.704914284114583,3.704914284114583,4.6422231260416655,3.2830432291666662,3.704519149002707
518,47,20.68,2.894,91.62,20.1,2256,753,95.711,4.0,126.64588092378082,33.94666698958333,4.7505635526041665,32.994584453125,6.5660864583333325,12.698451873067084
519,13,5.181,3.195,90.0,5.385,2310,754,111.801,3.0,35.02971174487555,8.50472348515625,5.244661558593749,8.839593894531248,4.92456484375,6.678416871333741
520,3,2.365,1.615,45.0,2.828,2030,758,45.0,2.0,8.083779633432819,3.8821986184895834,2.651057407552083,4.6422231260416655,3.2830432291666662,3.208207691842254
521,1,1.128,1.128,0.0,1.414,325,757,135.0,1.0,2.694593211144273,1.8516363812499996,1.8516363812499996,2.3211115630208328,1.6415216145833331,1.8522595745013535
522,14,4.484,3.975,171.091,5.385,1866,761,158.199,4.0,37.72430495601982,7.360582919791666,6.525048417968749,8.839593894531248,6.5660864583333325,6.930520719155746
523,4,2.257,2.257,0.0,2.828,1490,760,135.0,2.0,10.778372844577092,3.704914284114583,3.704914284114583,4.6422231260416655,3.2830432291666662,3.704519149002707
524,11,4.982,2.811,76.717,5.385,1534,766,68.199,3.0,29.640525322587003,8.178060683854167,4.61431725859375,8.839593894531248,4.92456484375,6.143250022964334
525,255,25.094,12.938,102.08,25.298,93,762,108.435,13.416,687.1212688417896,41.19234339635416,21.238006649479164,41.52721380572916,22.02265398125,29.57821344316866
526,3,3.385,1.128,90.0,3.162,129,762,108.435,1.0,8.083779633432819,5.556550665364583,1.8516363812499996,5.190491345312499,1.6415216145833331,3.208207691842254
527,34,9.716,4.455,118.981,10.296,374,762,119.055,5.367,91.61616917890528,15.949024007291664,7.3129787929687495,16.901106543749997,8.81004650546875,10.800436475684016
528,12,4.514,3.385,90.0,5.0,1264,762,126.87,3.0,32.335118533731276,7.409828568229166,5.556550665364583,8.207608072916665,4.92456484375,6.416415383684508
529,3,2.365,1.615,45.0,2.828,778,766,45.0,2.0,8.083779633432819,3.8821986184895834,2.651057407552083,4.6422231260416655,3.2830432291666662,3.208207691842254
530,8,4.444,2.292,54.645,5.0,1499,768,53.13,2.828,21.556745689154184,7.294922055208333,3.7623675406249992,8.207608072916665,4.6422231260416655,5.238981222590464
531,64,23.855,3.416,87.621,23.195,2309,787,82.569,5.0,172.45396551323347,39.158498115885415,5.607437835416666,38.075093850260416,8.207608072916665,14.818076596010828
532,11,4.738,2.956,99.992,5.385,325,765,111.801,3.0,29.640525322587003,7.777529409895833,4.8523378927083325,8.839593894531248,4.92456484375,6.143250022964334
533,11,4.384,3.195,105.071,5.0,1490,767,126.87,3.0,29.640525322587003,7.196430758333333,5.244661558593749,8.207608072916665,4.92456484375,6.143250022964334
534,1,1.128,1.128,0.0,1.414,163,768,135.0,1.0,2.694593211144273,1.8516363812499996,1.8516363812499996,2.3211115630208328,1.6415216145833331,1.8522595745013535
535,5,3.144,2.025,71.565,3.606,1138,772,56.31,2.0,13.472966055721365,5.16094395625,3.3240812695312494,5.919326942187499,3.2830432291666662,4.141778320559863
536,13,5.067,3.267,90.0,5.385,810,771,111.801,3.0,35.02971174487555,8.31759002109375,5.362851114843749,8.839593894531248,4.92456484375,6.678416871333741
537,1,1.128,1.128,0.0,1.414,1375,771,135.0,1.0,2.694593211144273,1.8516363812499996,1.8516363812499996,2.3211115630208328,1.6415216145833331,1.8522595745013535
538,3,3.385,1.128,0.0,3.162,1306,775,161.565,1.0,8.083779633432819,5.556550665364583,1.8516363812499996,5.190491345312499,1.6415216145833331,3.208207691842254
539,6,3.988,1.916,108.435,4.472,1376,775,116.565,2.0,16.167559266865638,6.546388198958333,3.145155413541666,7.340884660416666,3.2830432291666662,4.537090828712999
540,4,2.734,1.863,90.0,3.162,1867,776,108.435,2.0,10.778372844577092,4.487920094270833,3.0581547679687495,5.190491345312499,3.2830432291666662,3.704519149002707
541,34,8.737,4.955,84.021,9.487,1054,786,71.565,5.0,91.61616917890528,14.341974346614581,8.133739600260416,15.573115557552082,8.207608072916665,10.800436475684016
542,5,3.144,2.025,18.435,3.606,1297,779,33.69,2.0,13.472966055721365,5.16094395625,3.3240812695312494,5.919326942187499,3.2830432291666662,4.141778320559863
543,17,4.755,4.552,90.0,5.385,1576,777,111.801,4.95,45.80808458945264,7.805435277343749,7.472206389583332,8.839593894531248,8.125531992187499,7.637061871730705
544,2,2.257,1.128,90.0,2.236,2150,777,116.565,1.0,5.389186422288546,3.704914284114583,1.8516363812499996,3.670442330208333,1.6415216145833331,2.619490611295232
545,3,2.365,1.615,45.0,2.828,1534,780,45.0,2.0,8.083779633432819,3.8821986184895834,2.651057407552083,4.6422231260416655,3.2830432291666662,3.208207691842254
546,1,1.128,1.128,0.0,1.414,48,779,135.0,1.0,2.694593211144273,1.8516363812499996,1.8516363812499996,2.3211115630208328,1.6415216145833331,1.8522595745013535
547,13,4.38,3.779,45.0,5.0,866,782,36.87,4.0,35.02971174487555,7.189864671874999,6.203310181510416,8.207608072916665,6.5660864583333325,6.678416871333741
548,17,5.476,3.953,135.0,5.831,1208,779,120.964,4.243,45.80808458945264,8.988972361458332,6.488934942447916,9.571712534635417,6.964976210677083,7.637061871730705
549,6,3.385,2.257,90.0,3.606,378,781,123.69,2.0,16.167559266865638,5.556550665364583,3.704914284114583,5.919326942187499,3.2830432291666662,4.537090828712999
550,18,5.282,4.339,90.0,5.831,173,783,120.964,4.0,48.50267780059691,8.670517168229166,7.122562285677083,9.571712534635417,6.5660864583333325,7.858471833885696
551,16,4.963,4.105,90.0,5.385,671,783,111.801,4.0,43.11349137830837,8.146871773177082,6.738446227864583,8.839593894531248,6.5660864583333325,7.409038298005414
552,2,2.257,1.128,0.0,2.236,118,784,153.435,1.0,5.389186422288546,3.704914284114583,1.8516363812499996,3.670442330208333,1.6415216145833331,2.619490611295232
553,3,2.365,1.615,135.0,2.828,2463,786,135.0,2.0,8.083779633432819,3.8821986184895834,2.651057407552083,4.6422231260416655,3.2830432291666662,3.208207691842254
554,25,6.497,4.899,35.54,7.211,1347,792,33.69,5.657,67.36483027860683,10.664965929947915,8.041814389843749,11.837012362760415,9.286087773697915,9.261297872506768
555,2,2.257,1.128,90.0,2.236,1378,788,116.565,1.0,5.389186422288546,3.704914284114583,1.8516363812499996,3.670442330208333,1.6415216145833331,2.619490611295232
556,7,4.647,1.918,94.308,5.099,2311,788,101.31,2.0,18.86215247800991,7.628150942968749,3.148438456770833,8.370118712760416,3.2830432291666662,4.900618197668896
557,9,3.923,2.921,168.019,4.472,2976,791,153.435,3.0,24.251338900298457,6.439689294010416,4.794884636197915,7.340884660416666,4.92456484375,5.55677872350406
558,2,2.257,1.128,0.0,2.236,207,791,153.435,1.0,5.389186422288546,3.704914284114583,1.8516363812499996,3.670442330208333,1.6415216145833331,2.619490611295232
559,3,2.365,1.615,135.0,2.828,777,791,135.0,2.0,8.083779633432819,3.8821986184895834,2.651057407552083,4.6422231260416655,3.2830432291666662,3.208207691842254
560,19,7.636,3.168,92.529,8.062,1695,793,97.125,3.0,51.197271011741186,12.534659048958332,5.200340475,13.233947256770831,4.92456484375,8.073812302457046
561,2,2.257,1.128,0.0,2.236,2003,793,153.435,1.0,5.389186422288546,3.704914284114583,1.8516363812499996,3.670442330208333,1.6415216145833331,2.619490611295232
562,13,5.067,3.267,90.0,5.385,1866,794,111.801,3.0,35.02971174487555,8.31759002109375,5.362851114843749,8.839593894531248,4.92456484375,6.678416871333741
563,3,2.365,1.615,135.0,2.828,1766,795,135.0,2.0,8.083779633432819,3.8821986184895834,2.651057407552083,4.6422231260416655,3.2830432291666662,3.208207691842254
564,19,5.207,4.646,90.0,5.831,1270,797,120.964,5.0,51.197271011741186,8.547403047135415,7.626509421354165,9.571712534635417,8.207608072916665,8.073812302457046
565,29,14.332,2.576,93.769,14.142,2311,799,98.13,3.0,78.14320312318392,23.52628778020833,4.228559679166667,23.214398673437497,4.92456484375,9.97472307428262
566,10,4.456,2.857,71.778,5.0,85,804,53.13,3.0,26.94593211144273,7.314620314583333,4.689827252864583,8.207608072916665,4.92456484375,5.857359073278618
567,8,4.514,2.257,90.0,4.472,1900,802,116.565,2.0,21.556745689154184,7.409828568229166,3.704914284114583,7.340884660416666,3.2830432291666662,5.238981222590464
568,16,5.174,3.938,17.254,5.831,2944,806,30.964,4.0,43.11349137830837,8.493232833854167,6.4643121182291665,9.571712534635417,6.5660864583333325,7.409038298005414
569,15,5.334,3.581,167.449,6.325,215,806,161.565,4.0,40.418898167164095,8.755876292187498,5.878288901822915,10.382624212239582,6.5660864583333325,7.173770484896978
570,35,7.244,6.152,28.141,8.062,2719,810,29.745,6.957,94.31076239004955,11.891182576041665,10.098640972916666,13.233947256770831,11.420065872656249,10.958115421760153
571,1,1.128,1.128,0.0,1.414,2478,805,135.0,1.0,2.694593211144273,1.8516363812499996,1.8516363812499996,2.3211115630208328,1.6415216145833331,1.8522595745013535
572,6,3.385,2.257,90.0,3.606,3094,805,123.69,2.0,16.167559266865638,5.556550665364583,3.704914284114583,5.919326942187499,3.2830432291666662,4.537090828712999
573,1,1.128,1.128,0.0,1.414,1578,807,135.0,1.0,2.694593211144273,1.8516363812499996,1.8516363812499996,2.3211115630208328,1.6415216145833331,1.8522595745013535
574,19,7.577,3.193,113.553,8.062,45,810,119.745,4.025,51.197271011741186,12.437809273697916,5.241378515364583,13.233947256770831,6.6071244986979165,8.073812302457046
575,3,2.365,1.615,135.0,2.828,627,810,135.0,2.0,8.083779633432819,3.8821986184895834,2.651057407552083,4.6422231260416655,3.2830432291666662,3.208207691842254
576,7,4.154,2.146,81.65,4.472,1490,814,63.435,2.0,18.86215247800991,6.818880786979165,3.5227053848958327,7.340884660416666,3.2830432291666662,4.900618197668896
577,22,10.079,2.779,74.658,10.296,2147,819,60.945,3.846,59.281050645174005,16.544896353385415,4.561788566927083,16.901106543749997,6.3132921296874995,8.687867499524987
578,10,4.049,3.144,116.565,5.0,1257,812,126.87,3.0,26.94593211144273,6.646521017447917,5.16094395625,8.207608072916665,4.92456484375,5.857359073278618
579,5,2.523,2.523,0.0,3.162,1723,812,108.435,2.828,13.472966055721365,4.14155903359375,4.14155903359375,5.190491345312499,4.6422231260416655,4.141778320559863
580,1,1.128,1.128,0.0,1.414,2914,813,135.0,1.0,2.694593211144273,1.8516363812499996,1.8516363812499996,2.3211115630208328,1.6415216145833331,1.8522595745013535
581,3,2.365,1.615,135.0,2.828,2311,814,135.0,2.0,8.083779633432819,3.8821986184895834,2.651057407552083,4.6422231260416655,3.2830432291666662,3.208207691842254
582,1,1.128,1.128,0.0,1.414,1520,816,135.0,1.0,2.694593211144273,1.8516363812499996,1.8516363812499996,2.3211115630208328,1.6415216145833331,1.8522595745013535
583,1,1.128,1.128,0.0,1.414,778,817,135.0,1.0,2.694593211144273,1.8516363812499996,1.8516363812499996,2.3211115630208328,1.6415216145833331,1.8522595745013535
584,3,2.365,1.615,45.0,2.828,2724,819,45.0,2.0,8.083779633432819,3.8821986184895834,2.651057407552083,4.6422231260416655,3.2830432291666662,3.208207691842254
585,9,3.919,2.924,159.699,4.472,1906,819,153.435,3.0,24.251338900298457,6.433123207552082,4.799809201041666,7.340884660416666,4.92456484375,5.55677872350406
586,29,8.07,4.575,84.183,8.544,2311,826,69.444,5.0,78.14320312318392,13.2470794296875,7.509961386718749,14.025160674999999,8.207608072916665,9.97472307428262
587,18,7.064,3.244,86.455,7.28,825,827,74.055,3.0,48.50267780059691,11.595708685416666,5.325096117708333,11.950277354166666,4.92456484375,7.858471833885696
588,13,4.359,3.797,103.776,5.0,47,823,126.87,4.0,35.02971174487555,7.155392717968749,6.232857570572916,8.207608072916665,6.5660864583333325,6.678416871333741
589,6,3.385,2.257,90.0,3.606,808,823,123.69,2.0,16.167559266865638,5.556550665364583,3.704914284114583,5.919326942187499,3.2830432291666662,4.537090828712999
590,3,3.385,1.128,90.0,3.162,2177,825,108.435,1.0,8.083779633432819,5.556550665364583,1.8516363812499996,5.190491345312499,1.6415216145833331,3.208207691842254
591,1,1.128,1.128,0.0,1.414,3172,825,135.0,1.0,2.694593211144273,1.8516363812499996,1.8516363812499996,2.3211115630208328,1.6415216145833331,1.8522595745013535
592,24,6.523,4.685,99.638,7.211,518,826,123.69,5.0,64.67023706746255,10.707645491927082,7.690528764322915,11.837012362760415,8.207608072916665,9.074181657425997
593,3,2.365,1.615,135.0,2.828,1490,827,135.0,2.0,8.083779633432819,3.8821986184895834,2.651057407552083,4.6422231260416655,3.2830432291666662,3.208207691842254
594,178,63.336,3.578,90.326,63.032,2312,827,91.818,4.0,479.6375915836806,103.96741298124998,5.873364336979166,103.46839041041665,6.5660864583333325,24.71222500255864
595,8,4.514,2.257,90.0,4.472,570,828,116.565,2.0,21.556745689154184,7.409828568229166,3.704914284114583,7.340884660416666,3.2830432291666662,5.238981222590464
596,2,2.257,1.128,90.0,2.236,1004,828,116.565,1.0,5.389186422288546,3.704914284114583,1.8516363812499996,3.670442330208333,1.6415216145833331,2.619490611295232
597,3,2.365,1.615,45.0,2.828,99,832,45.0,2.0,8.083779633432819,3.8821986184895834,2.651057407552083,4.6422231260416655,3.2830432291666662,3.208207691842254
598,14,5.797,3.075,88.916,6.325,866,836,71.565,3.0,37.72430495601982,9.515900799739581,5.047678964843749,10.382624212239582,4.92456484375,6.930520719155746
599,3,3.385,1.128,90.0,3.162,1897,830,108.435,1.0,8.083779633432819,5.556550665364583,1.8516363812499996,5.190491345312499,1.6415216145833331,3.208207691842254
600,1,1.128,1.128,0.0,1.414,1899,830,135.0,1.0,2.694593211144273,1.8516363812499996,1.8516363812499996,2.3211115630208328,1.6415216145833331,1.8522595745013535
601,1,1.128,1.128,0.0,1.414,2531,830,135.0,1.0,2.694593211144273,1.8516363812499996,1.8516363812499996,2.3211115630208328,1.6415216145833331,1.8522595745013535
602,24,6.131,4.984,90.352,6.708,629,832,116.565,5.814,64.67023706746255,10.064169019010416,8.181343727083332,11.011326990625,9.543806667187498,9.074181657425997
603,22,8.344,3.357,81.521,9.22,1907,842,77.471,4.0,59.281050645174005,13.69685635208333,5.51058806015625,15.134829286458332,6.5660864583333325,8.687867499524987
604,24,6.224,4.91,90.0,6.708,140,834,116.565,5.0,64.67023706746255,10.216830529166666,8.059871127604167,11.011326990625,8.207608072916665,9.074181657425997
605,21,9.084,2.943,96.121,9.487,207,834,108.435,4.0,56.58645743402973,14.911582346874997,4.830998111718749,15.573115557552082,6.5660864583333325,8.488119706859148
606,2,2.257,1.128,90.0,2.236,1899,834,116.565,1.0,5.389186422288546,3.704914284114583,1.8516363812499996,3.670442330208333,1.6415216145833331,2.619490611295232
607,12,4.424,3.454,142.762,5.0,47,835,126.87,4.0,32.335118533731276,7.2620916229166665,5.669815656770833,8.207608072916665,6.5660864583333325,6.416415383684508
608,10,3.966,3.21,90.0,4.472,2638,835,116.565,3.0,26.94593211144273,6.510274723437499,5.269284382812499,7.340884660416666,4.92456484375,5.857359073278618
609,3,2.365,1.615,45.0,2.828,1866,838,45.0,2.0,8.083779633432819,3.8821986184895834,2.651057407552083,4.6422231260416655,3.2830432291666662,3.208207691842254
610,3,2.365,1.615,135.0,2.828,278,837,135.0,2.0,8.083779633432819,3.8821986184895834,2.651057407552083,4.6422231260416655,3.2830432291666662,3.208207691842254
611,1,1.128,1.128,0.0,1.414,1828,837,135.0,1.0,2.694593211144273,1.8516363812499996,1.8516363812499996,2.3211115630208328,1.6415216145833331,1.8522595745013535
612,1,1.128,1.128,0.0,1.414,2526,837,135.0,1.0,2.694593211144273,1.8516363812499996,1.8516363812499996,2.3211115630208328,1.6415216145833331,1.8522595745013535
613,15,4.924,3.878,108.435,5.657,1404,838,135.0,4.0,40.418898167164095,8.082852430208334,6.365820821354166,9.286087773697915,6.5660864583333325,7.173770484896978
614,7,4.154,2.146,98.35,4.472,432,839,116.565,2.0,18.86215247800991,6.818880786979165,3.5227053848958327,7.340884660416666,3.2830432291666662,4.900618197668896
615,21,10.126,2.641,87.066,10.198,48,850,78.69,3.0,56.58645743402973,16.62204786927083,4.335258584114583,16.74023742552083,4.92456484375,8.488119706859148
616,15,5.113,3.736,77.677,5.831,451,845,59.036,4.0,40.418898167164095,8.393100015364583,6.132724752083333,9.571712534635417,6.5660864583333325,7.173770484896978
617,15,5.114,3.735,62.624,5.831,1353,845,59.036,4.0,40.418898167164095,8.394741536979165,6.131083230468749,9.571712534635417,6.5660864583333325,7.173770484896978
618,3,2.365,1.615,45.0,2.828,892,844,45.0,2.0,8.083779633432819,3.8821986184895834,2.651057407552083,4.6422231260416655,3.2830432291666662,3.208207691842254
619,3,2.365,1.615,135.0,2.828,824,843,135.0,2.0,8.083779633432819,3.8821986184895834,2.651057407552083,4.6422231260416655,3.2830432291666662,3.208207691842254
620,1,1.128,1.128,0.0,1.414,890,843,135.0,1.0,2.694593211144273,1.8516363812499996,1.8516363812499996,2.3211115630208328,1.6415216145833331,1.8522595745013535
621,37,14.739,3.196,85.468,14.142,866,845,98.13,3.755,99.6999488123381,24.194387077343748,5.246303080208333,23.214398673437497,6.163913662760415,11.266855136162956
622,20,6.256,4.07,90.0,7.071,1108,845,98.13,4.0,53.89186422288546,10.269359220833332,6.680992971354167,11.607199336718748,6.5660864583333325,8.283556641119725
623,4,2.734,1.863,90.0,3.162,1899,846,108.435,2.0,10.778372844577092,4.487920094270833,3.0581547679687495,5.190491345312499,3.2830432291666662,3.704519149002707
624,3,2.365,1.615,45.0,2.828,394,850,45.0,2.0,8.083779633432819,3.8821986184895834,2.651057407552083,4.6422231260416655,3.2830432291666662,3.208207691842254
625,20,6.491,3.923,77.596,7.211,808,854,56.31,4.0,53.89186422288546,10.655116800260414,6.439689294010416,11.837012362760415,6.5660864583333325,8.283556641119725
626,4,2.734,1.863,90.0,3.162,1868,851,108.435,2.0,10.778372844577092,4.487920094270833,3.0581547679687495,5.190491345312499,3.2830432291666662,3.704519149002707
627,1,1.128,1.128,0.0,1.414,1535,852,135.0,1.0,2.694593211144273,1.8516363812499996,1.8516363812499996,2.3211115630208328,1.6415216145833331,1.8522595745013535
628,34,10.087,4.292,92.278,10.44,1766,854,106.699,4.0,91.61616917890528,16.55802852630208,7.0454107697916655,17.137485656249996,6.5660864583333325,10.800436475684016
629,12,4.959,3.081,83.358,5.385,1906,855,111.801,3.0,32.335118533731276,8.140305686718749,5.057528094531249,8.839593894531248,4.92456484375,6.416415383684508
630,5,3.144,2.025,71.565,3.606,2338,858,56.31,2.0,13.472966055721365,5.16094395625,3.3240812695312494,5.919326942187499,3.2830432291666662,4.141778320559863
631,39,7.84,6.333,15.144,8.602,2509,864,35.538,6.0,105.08913523462664,12.869529458333332,10.395756385156249,14.120368928645831,9.8491296875,11.56735733527522
632,6,3.385,2.257,90.0,3.606,1092,859,123.69,2.0,16.167559266865638,5.556550665364583,3.704914284114583,5.919326942187499,3.2830432291666662,4.537090828712999
633,18,5.698,4.022,102.236,6.325,1846,859,108.435,4.0,48.50267780059691,9.353390159895833,6.602199933854166,10.382624212239582,6.5660864583333325,7.858471833885696
634,4,3.216,1.583,58.283,3.606,1034,864,56.31,2.0,10.778372844577092,5.2791335125,2.5985287158854162,5.919326942187499,3.2830432291666662,3.704519149002707
635,2,2.257,1.128,0.0,2.236,1101,862,153.435,1.0,5.389186422288546,3.704914284114583,1.8516363812499996,3.670442330208333,1.6415216145833331,2.619490611295232
636,2,2.257,1.128,90.0,2.236,3175,862,116.565,1.0,5.389186422288546,3.704914284114583,1.8516363812499996,3.670442330208333,1.6415216145833331,2.619490611295232
637,16,6.611,3.082,107.081,7.28,209,863,105.945,3.795,43.11349137830837,10.852099394010414,5.059169616145833,11.950277354166666,6.2295745273437495,7.409038298005414
638,27,7.077,4.858,91.986,7.616,599,863,113.199,5.0,72.75401670089536,11.61704846640625,7.974512003645832,12.501828616666664,8.207608072916665,9.624623075526761
639,38,10.532,4.594,89.308,10.44,823,873,73.301,5.0,102.39454202348237,17.288505644791666,7.541150297395832,17.137485656249996,8.207608072916665,11.4180948581895
640,10,3.975,3.203,45.0,4.472,852,866,26.565,3.536,26.94593211144273,6.525048417968749,5.257793731510416,7.340884660416666,5.804420429166666,5.857359073278618
641,1,1.128,1.128,0.0,1.414,1722,863,135.0,1.0,2.694593211144273,1.8516363812499996,1.8516363812499996,2.3211115630208328,1.6415216145833331,1.8522595745013535
642,13,9.17,1.805,94.938,9.22,1107,865,102.529,2.0,35.02971174487555,15.052753205729164,2.9629465143229163,15.134829286458332,3.2830432291666662,6.678416871333741
643,14,5.102,3.494,18.937,5.831,2715,870,30.964,4.0,37.72430495601982,8.375043277604165,5.735476521354166,9.571712534635417,6.5660864583333325,6.930520719155746
644,18,6.464,3.546,99.1,7.616,808,867,113.199,4.0,48.50267780059691,10.610795716666665,5.820835645312499,12.501828616666664,6.5660864583333325,7.858471833885696
645,9,3.385,3.385,0.0,4.243,278,869,135.0,3.0,24.251338900298457,5.556550665364583,5.556550665364583,6.964976210677083,4.92456484375,5.55677872350406
646,2,2.257,1.128,0.0,2.236,3259,869,153.435,1.0,5.389186422288546,3.704914284114583,1.8516363812499996,3.670442330208333,1.6415216145833331,2.619490611295232
647,6,3.385,2.257,0.0,3.606,66,872,146.31,2.0,16.167559266865638,5.556550665364583,3.704914284114583,5.919326942187499,3.2830432291666662,4.537090828712999
648,5,3.144,2.025,71.565,3.606,118,877,56.31,2.0,13.472966055721365,5.16094395625,3.3240812695312494,5.919326942187499,3.2830432291666662,4.141778320559863
649,3,3.385,1.128,90.0,3.162,2017,876,108.435,1.0,8.083779633432819,5.556550665364583,1.8516363812499996,5.190491345312499,1.6415216145833331,3.208207691842254
650,44,9.287,6.032,132.947,10.0,3408,877,143.13,6.364,118.56210129034801,15.244811234635415,9.901658379166665,16.41521614583333,10.446643555208333,12.286500045928667
651,9,4.2,2.729,60.482,5.0,1825,882,53.13,3.0,24.251338900298457,6.894390781249999,4.479712486197916,8.207608072916665,4.92456484375,5.55677872350406
652,5,3.144,2.025,18.435,3.606,1845,880,33.69,2.0,13.472966055721365,5.16094395625,3.3240812695312494,5.919326942187499,3.2830432291666662,4.141778320559863
653,8,4.514,2.257,90.0,4.472,1906,879,116.565,2.0,21.556745689154184,7.409828568229166,3.704914284114583,7.340884660416666,3.2830432291666662,5.238981222590464
654,2,2.257,1.128,90.0,2.236,866,880,116.565,1.0,5.389186422288546,3.704914284114583,1.8516363812499996,3.670442330208333,1.6415216145833331,2.619490611295232
655,33,14.877,2.824,92.401,15.133,1767,881,97.595,3.0,88.92157596776102,24.42091706015625,4.635657039583332,24.84114659348958,4.92456484375,10.640421163372897
656,1,1.128,1.128,0.0,1.414,355,885,135.0,1.0,2.694593211144273,1.8516363812499996,1.8516363812499996,2.3211115630208328,1.6415216145833331,1.8522595745013535
657,2,2.257,1.128,90.0,2.236,957,885,116.565,1.0,5.389186422288546,3.704914284114583,1.8516363812499996,3.670442330208333,1.6415216145833331,2.619490611295232
658,6,3.988,1.916,18.435,4.472,1264,888,26.565,2.0,16.167559266865638,6.546388198958333,3.145155413541666,7.340884660416666,3.2830432291666662,4.537090828712999
659,11,4.738,2.956,80.008,5.385,1906,891,68.199,3.0,29.640525322587003,7.777529409895833,4.8523378927083325,8.839593894531248,4.92456484375,6.143250022964334
660,41,13.107,3.983,85.594,14.142,865,901,81.87,4.0,110.4783216569152,21.515423802343747,6.538180590885416,23.214398673437497,6.5660864583333325,11.86024817550667
661,8,3.538,2.879,135.0,4.243,443,888,135.0,3.0,21.556745689154184,5.807703472395832,4.7259407283854165,6.964976210677083,4.92456484375,5.238981222590464
662,13,5.067,3.267,0.0,5.385,514,889,158.199,3.0,35.02971174487555,8.31759002109375,5.362851114843749,8.839593894531248,4.92456484375,6.678416871333741
663,23,6.454,4.537,74.359,7.616,809,895,66.801,5.0,61.97564385631828,10.594380500520831,7.4475835653645825,12.501828616666664,8.207608072916665,8.883124856751396
664,17,6.541,3.309,94.308,6.708,1535,889,116.565,3.0,45.80808458945264,10.737192880989582,5.4317950226562495,11.011326990625,4.92456484375,7.637061871730705
665,8,3.538,2.879,45.0,4.243,1845,892,45.0,3.0,21.556745689154184,5.807703472395832,4.7259407283854165,6.964976210677083,4.92456484375,5.238981222590464
666,9,4.204,2.726,125.783,5.0,1255,890,126.87,3.0,24.251338900298457,6.900956867708332,4.474787921354166,8.207608072916665,4.92456484375,5.55677872350406
667,16,5.795,3.515,82.089,6.325,2312,900,71.565,4.0,43.11349137830837,9.512617756510416,5.769948475260416,10.382624212239582,6.5660864583333325,7.409038298005414
668,3,2.365,1.615,135.0,2.828,1845,896,135.0,2.0,8.083779633432819,3.8821986184895834,2.651057407552083,4.6422231260416655,3.2830432291666662,3.208207691842254
669,6,3.385,2.257,90.0,3.606,892,897,123.69,2.0,16.167559266865638,5.556550665364583,3.704914284114583,5.919326942187499,3.2830432291666662,4.537090828712999
670,19,6.218,3.89,83.802,6.708,1976,904,63.435,4.0,51.197271011741186,10.206981399479165,6.385519080729166,11.011326990625,6.5660864583333325,8.073812302457046
671,9,4.2,2.729,119.518,5.0,240,900,126.87,3.0,24.251338900298457,6.894390781249999,4.479712486197916,8.207608072916665,4.92456484375,5.55677872350406
672,13,5.067,3.267,90.0,5.385,1846,901,111.801,3.0,35.02971174487555,8.31759002109375,5.362851114843749,8.839593894531248,4.92456484375,6.678416871333741
673,42,17.059,3.135,91.339,17.117,2312,901,96.71,4.0,113.17291486805946,28.002717223177083,5.146170261718749,28.097925476822915,6.5660864583333325,12.004014008486546
674,22,6.393,4.381,90.0,6.708,1534,902,116.565,4.0,59.281050645174005,10.494247682031249,7.191506193489583,11.011326990625,6.5660864583333325,8.687867499524987
675,8,3.978,2.56,24.407,4.472,1656,907,26.565,3.0,21.556745689154184,6.5299729828125,4.202295333333333,7.340884660416666,4.92456484375,5.238981222590464
676,6,3.718,2.055,90.0,4.123,33,906,104.036,2.0,16.167559266865638,6.103177363020833,3.37332691796875,6.7679936169270825,3.2830432291666662,4.537090828712999
677,1,1.128,1.128,0.0,1.414,1257,906,135.0,1.0,2.694593211144273,1.8516363812499996,1.8516363812499996,2.3211115630208328,1.6415216145833331,1.8522595745013535
678,6,3.385,2.257,90.0,3.606,446,907,123.69,2.0,16.167559266865638,5.556550665364583,3.704914284114583,5.919326942187499,3.2830432291666662,4.537090828712999
679,8,3.538,2.879,135.0,4.243,1905,907,135.0,3.0,21.556745689154184,5.807703472395832,4.7259407283854165,6.964976210677083,4.92456484375,5.238981222590464
680,27,7.12,4.828,82.68,7.616,542,915,66.801,5.0,72.75401670089536,11.687633895833333,7.925266355208333,12.501828616666664,8.207608072916665,9.624623075526761
681,103,15.198,8.629,171.575,16.155,1643,910,158.199,9.0,277.54310074786014,24.9478454984375,14.16469001223958,26.518781683593748,14.773694531249998,18.798381572018087
682,1,1.128,1.128,0.0,1.414,811,910,135.0,1.0,2.694593211144273,1.8516363812499996,1.8516363812499996,2.3211115630208328,1.6415216145833331,1.8522595745013535
683,1,1.128,1.128,0.0,1.414,197,912,135.0,1.0,2.694593211144273,1.8516363812499996,1.8516363812499996,2.3211115630208328,1.6415216145833331,1.8522595745013535
684,9,3.919,2.924,110.301,4.472,1351,912,116.565,3.0,24.251338900298457,6.433123207552082,4.799809201041666,7.340884660416666,4.92456484375,5.55677872350406
685,13,5.181,3.195,90.0,5.385,1535,913,111.801,3.0,35.02971174487555,8.50472348515625,5.244661558593749,8.839593894531248,4.92456484375,6.678416871333741
686,21,6.279,4.258,97.202,6.708,1721,914,116.565,4.0,56.58645743402973,10.30711421796875,6.989599034895832,11.011326990625,6.5660864583333325,8.488119706859148
687,1,1.128,1.128,0.0,1.414,1767,914,135.0,1.0,2.694593211144273,1.8516363812499996,1.8516363812499996,2.3211115630208328,1.6415216145833331,1.8522595745013535
688,19,5.207,4.646,90.0,5.831,2172,914,120.964,5.0,51.197271011741186,8.547403047135415,7.626509421354165,9.571712534635417,8.207608072916665,8.073812302457046
689,1,1.128,1.128,0.0,1.414,528,915,135.0,1.0,2.694593211144273,1.8516363812499996,1.8516363812499996,2.3211115630208328,1.6415216145833331,1.8522595745013535
690,1,1.128,1.128,0.0,1.414,1517,916,135.0,1.0,2.694593211144273,1.8516363812499996,1.8516363812499996,2.3211115630208328,1.6415216145833331,1.8522595745013535
691,5,5.642,1.128,90.0,5.099,1977,916,101.31,1.0,13.472966055721365,9.261464949479166,1.8516363812499996,8.370118712760416,1.6415216145833331,4.141778320559863
692,25,6.694,4.755,44.696,7.81,2290,923,39.806,5.547,67.36483027860683,10.988345688020832,7.805435277343749,12.82028380989583,9.105520396093748,9.261297872506768
693,9,5.15,2.225,49.731,5.657,30,922,45.0,2.828,24.251338900298457,8.453836315104166,3.6523855924479163,9.286087773697915,4.6422231260416655,5.55677872350406
694,1,1.128,1.128,0.0,1.414,1513,918,135.0,1.0,2.694593211144273,1.8516363812499996,1.8516363812499996,2.3211115630208328,1.6415216145833331,1.8522595745013535
695,22,7.154,3.915,96.547,7.616,542,921,113.199,4.0,59.281050645174005,11.743445630729164,6.426557121093749,12.501828616666664,6.5660864583333325,8.687867499524987
696,95,29.508,4.099,89.869,29.155,2311,921,95.906,5.0,255.98635505870593,48.438019803124995,6.728597098177083,47.858562673177076,8.207608072916665,18.05359314586805
697,14,5.278,3.377,59.475,5.831,85,927,59.036,4.0,37.72430495601982,8.663951081770831,5.543418492447915,9.571712534635417,6.5660864583333325,6.930520719155746
698,4,2.257,2.257,0.0,2.828,206,922,135.0,2.0,10.778372844577092,3.704914284114583,3.704914284114583,4.6422231260416655,3.2830432291666662,3.704519149002707
699,2,2.257,1.128,0.0,2.236,3049,923,153.435,1.0,5.389186422288546,3.704914284114583,1.8516363812499996,3.670442330208333,1.6415216145833331,2.619490611295232
700,10,4.444,2.865,153.435,5.0,92,925,143.13,3.0,26.94593211144273,7.294922055208333,4.70295942578125,8.207608072916665,4.92456484375,5.857359073278618
701,1,1.128,1.128,0.0,1.414,208,925,135.0,1.0,2.694593211144273,1.8516363812499996,1.8516363812499996,2.3211115630208328,1.6415216145833331,1.8522595745013535
702,9,4.2,2.729,60.482,5.0,1010,930,53.13,3.0,24.251338900298457,6.894390781249999,4.479712486197916,8.207608072916665,4.92456484375,5.55677872350406
703,88,11.736,9.547,116.913,13.601,2287,926,126.027,10.733,237.12420258069602,19.26489766875,15.671606854427083,22.326335479947915,17.618451489322915,17.375734999049975
704,29,8.511,4.338,83.263,8.944,452,936,63.435,4.0,78.14320312318392,13.970990461718747,7.120920764062499,14.681769320833332,6.5660864583333325,9.97472307428262
705,3,3.385,1.128,90.0,3.162,1723,928,108.435,1.0,8.083779633432819,5.556550665364583,1.8516363812499996,5.190491345312499,1.6415216145833331,3.208207691842254
706,150,19.752,9.669,106.497,27.514,1898,928,109.093,12.0,404.18898167164093,32.42333493125,15.871872491406249,45.164825703645825,19.698259375,22.685454143564996
707,31,7.727,5.108,2.588,9.22,87,935,167.471,6.0,83.53238954547245,12.684037515885416,8.384892407291664,15.134829286458332,9.8491296875,10.312944849619335
708,13,6.46,2.562,93.698,6.325,1535,932,108.435,3.0,35.02971174487555,10.604229630208332,4.205578376562499,10.382624212239582,4.92456484375,6.678416871333741
709,34,6.818,6.35,61.845,7.616,276,938,113.199,7.0,91.61616917890528,11.191894368229164,10.423662252604165,12.501828616666664,11.490651302083332,10.800436475684016
710,10,3.966,3.21,90.0,4.472,483,938,116.565,3.0,26.94593211144273,6.510274723437499,5.269284382812499,7.340884660416666,4.92456484375,5.857359073278618
711,12,4.314,3.542,145.278,5.0,1913,938,126.87,4.0,32.335118533731276,7.081524245312499,5.814269558854166,8.207608072916665,6.5660864583333325,6.416415383684508
712,12,4.11,3.718,90.0,5.0,2283,938,126.87,4.0,32.335118533731276,6.7466538359375,6.103177363020833,8.207608072916665,6.5660864583333325,6.416415383684508
713,26,6.518,5.079,17.108,7.211,656,944,33.69,5.0,70.0594234897511,10.699437883854165,8.337288280468748,11.837012362760415,8.207608072916665,9.444707714621469
714,9,3.919,2.924,110.301,4.472,1472,941,116.565,3.0,24.251338900298457,6.433123207552082,4.799809201041666,7.340884660416666,4.92456484375,5.55677872350406
715,6,3.385,2.257,90.0,3.606,1540,941,123.69,2.0,16.167559266865638,5.556550665364583,3.704914284114583,5.919326942187499,3.2830432291666662,4.537090828712999
716,27,8.211,4.187,88.335,8.544,2015,950,69.444,4.0,72.75401670089536,13.47853397734375,6.873051000260416,14.025160674999999,6.5660864583333325,9.624623075526761
717,19,6.119,3.953,73.124,6.708,1019,949,63.435,4.0,51.197271011741186,10.044470759635415,6.488934942447916,11.011326990625,6.5660864583333325,8.073812302457046
718,9,3.685,3.109,97.628,4.472,616,945,116.565,3.0,24.251338900298457,6.049007149739583,5.103490699739583,7.340884660416666,4.92456484375,5.55677872350406
719,16,5.749,3.544,97.815,6.325,1722,945,108.435,4.0,43.11349137830837,9.437107762239581,5.817552602083333,10.382624212239582,6.5660864583333325,7.409038298005414
720,1,1.128,1.128,0.0,1.414,1848,945,135.0,1.0,2.694593211144273,1.8516363812499996,1.8516363812499996,2.3211115630208328,1.6415216145833331,1.8522595745013535
721,2,2.596,0.981,135.0,2.828,139,946,135.0,1.414,5.389186422288546,4.261390111458333,1.6103327039062498,4.6422231260416655,2.3211115630208328,2.619490611295232
722,2,2.257,1.128,90.0,2.236,1352,946,116.565,1.0,5.389186422288546,3.704914284114583,1.8516363812499996,3.670442330208333,1.6415216145833331,2.619490611295232
723,43,11.548,4.741,94.287,12.166,1896,947,99.462,5.0,115.86750807920373,18.95629160520833,7.782453974739582,19.97075196302083,8.207608072916665,12.146078290842405
724,6,3.385,2.257,90.0,3.606,466,948,123.69,2.0,16.167559266865638,5.556550665364583,3.704914284114583,5.919326942187499,3.2830432291666662,4.537090828712999
725,52,9.556,6.928,157.102,10.296,542,950,150.945,7.589,140.1188469795022,15.68638054895833,11.372461745833332,16.901106543749997,12.457507533072915,13.356833742667481
726,1,1.128,1.128,0.0,1.414,2249,952,135.0,1.0,2.694593211144273,1.8516363812499996,1.8516363812499996,2.3211115630208328,1.6415216145833331,1.8522595745013535
727,25,6.114,5.206,15.574,6.708,260,955,153.435,5.692,67.36483027860683,10.0362631515625,8.545761525520833,11.011326990625,9.343541030208332,9.261297872506768
728,2,2.257,1.128,0.0,2.236,820,953,153.435,1.0,5.389186422288546,3.704914284114583,1.8516363812499996,3.670442330208333,1.6415216145833331,2.619490611295232
729,4,2.734,1.863,90.0,3.162,1056,953,108.435,2.0,10.778372844577092,4.487920094270833,3.0581547679687495,5.190491345312499,3.2830432291666662,3.704519149002707
730,1,1.128,1.128,0.0,1.414,1731,953,135.0,1.0,2.694593211144273,1.8516363812499996,1.8516363812499996,2.3211115630208328,1.6415216145833331,1.8522595745013535
731,13,8.255,2.005,88.659,8.246,2312,962,75.964,2.0,35.02971174487555,13.550760928385417,3.291250837239583,13.535987233854165,3.2830432291666662,6.678416871333741
732,1,1.128,1.128,0.0,1.414,3079,955,135.0,1.0,2.694593211144273,1.8516363812499996,1.8516363812499996,2.3211115630208328,1.6415216145833331,1.8522595745013535
733,23,6.203,4.721,70.863,6.708,2828,963,63.435,5.0,61.97564385631828,10.182358575260416,7.749623542447916,11.011326990625,8.207608072916665,8.883124856751396
734,10,3.975,3.203,45.0,4.472,1904,962,26.565,3.536,26.94593211144273,6.525048417968749,5.257793731510416,7.340884660416666,5.804420429166666,5.857359073278618
735,4,2.257,2.257,0.0,2.828,274,960,135.0,2.0,10.778372844577092,3.704914284114583,3.704914284114583,4.6422231260416655,3.2830432291666662,3.704519149002707
736,12,6.079,2.513,72.408,6.708,1693,966,63.435,3.0,32.335118533731276,9.978809895052082,4.125143817447916,11.011326990625,4.92456484375,6.416415383684508
737,15,4.659,4.099,45.001,5.657,2208,964,45.0,4.0,40.418898167164095,7.647849202343749,6.728597098177083,9.286087773697915,6.5660864583333325,7.173770484896978
738,19,5.498,4.4,104.463,6.325,1258,962,108.435,4.95,51.197271011741186,9.025085836979166,7.222695104166666,10.382624212239582,8.125531992187499,8.073812302457046
739,3,2.365,1.615,45.0,2.828,2824,966,45.0,2.0,8.083779633432819,3.8821986184895834,2.651057407552083,4.6422231260416655,3.2830432291666662,3.208207691842254
740,13,5.453,3.036,11.31,5.831,154,968,30.964,3.0,35.02971174487555,8.951217364322916,4.983659621875,9.571712534635417,4.92456484375,6.678416871333741
741,8,5.11,1.993,98.677,5.385,1722,965,111.801,2.0,21.556745689154184,8.388175450520833,3.271552577864583,8.839593894531248,3.2830432291666662,5.238981222590464
742,14,4.746,3.756,24.358,5.385,2664,968,21.801,4.0,37.72430495601982,7.7906615828125,6.165555184374999,8.839593894531248,6.5660864583333325,6.930520719155746
743,7,4.154,2.146,98.35,4.472,453,966,116.565,2.0,18.86215247800991,6.818880786979165,3.5227053848958327,7.340884660416666,3.2830432291666662,4.900618197668896
744,14,5.443,3.275,97.161,5.831,1107,966,120.964,3.0,37.72430495601982,8.93480214817708,5.375983287760416,9.571712534635417,4.92456484375,6.930520719155746
745,11,6.853,2.044,90.0,7.071,2313,966,98.13,2.0,29.640525322587003,11.249347624739581,3.355270180208333,11.607199336718748,3.2830432291666662,6.143250022964334
746,9,4.196,2.731,83.953,4.472,1904,968,116.565,3.0,24.251338900298457,6.887824694791665,4.4829955294270825,7.340884660416666,4.92456484375,5.55677872350406
747,12,4.424,3.454,127.238,5.0,149,969,126.87,4.0,32.335118533731276,7.2620916229166665,5.669815656770833,8.207608072916665,6.5660864583333325,6.416415383684508
748,12,4.424,3.453,147.933,5.0,277,972,126.87,4.0,32.335118533731276,7.2620916229166665,5.668174135156249,8.207608072916665,6.5660864583333325,6.416415383684508
749,19,5.301,4.564,135.0,5.831,927,972,120.964,4.95,51.197271011741186,8.701706078906248,7.491904648958332,9.571712534635417,8.125531992187499,8.073812302457046
750,100,16.18,7.869,141.805,17.804,786,976,141.843,10.612,269.4593211144273,26.55981972395833,12.917133585156249,29.22565082604166,17.41982737395833,18.522595745013536
751,25,6.243,5.099,123.568,7.211,862,976,146.31,5.814,67.36483027860683,10.24801943984375,8.370118712760416,11.837012362760415,9.543806667187498,9.261297872506768
752,7,3.086,2.888,0.0,3.606,1001,975,123.69,3.0,18.86215247800991,5.065735702604166,4.740714422916666,5.919326942187499,4.92456484375,4.900618197668896
753,14,5.443,3.275,97.161,5.831,624,976,120.964,3.0,37.72430495601982,8.93480214817708,5.375983287760416,9.571712534635417,4.92456484375,6.930520719155746
754,9,4.196,2.731,96.047,4.472,1398,976,116.565,3.0,24.251338900298457,6.887824694791665,4.4829955294270825,7.340884660416666,4.92456484375,5.55677872350406
755,3,2.365,1.615,45.0,2.828,1904,978,45.0,2.0,8.083779633432819,3.8821986184895834,2.651057407552083,4.6422231260416655,3.2830432291666662,3.208207691842254
756,5,3.144,2.025,71.565,3.606,2172,979,56.31,2.0,13.472966055721365,5.16094395625,3.3240812695312494,5.919326942187499,3.2830432291666662,4.141778320559863
757,10,6.623,1.922,93.985,7.071,2229,976,98.13,2.0,26.94593211144273,10.871797653385416,3.155004543229166,11.607199336718748,3.2830432291666662,5.857359073278618
758,1,1.128,1.128,0.0,1.414,358,977,135.0,1.0,2.694593211144273,1.8516363812499996,1.8516363812499996,2.3211115630208328,1.6415216145833331,1.8522595745013535
759,10,5.098,2.498,78.563,5.385,438,984,68.199,3.0,26.94593211144273,8.368477191145832,4.100520993229167,8.839593894531248,4.92456484375,5.857359073278618
760,10,3.966,3.21,90.0,4.472,21,980,116.565,3.0,26.94593211144273,6.510274723437499,5.269284382812499,7.340884660416666,4.92456484375,5.857359073278618
761,17,5.731,3.777,80.683,6.325,1037,980,108.435,4.0,45.80808458945264,9.407560373177082,6.200027138281249,10.382624212239582,6.5660864583333325,7.637061871730705
762,55,14.752,4.747,90.081,14.318,2312,980,102.095,5.0,148.202626612935,24.21572685833333,7.7923031044270825,23.503306477604163,8.207608072916665,13.736724654125393
763,18,6.287,3.645,173.942,6.708,151,983,153.435,4.0,48.50267780059691,10.320246390885416,5.983346285156249,11.011326990625,6.5660864583333325,7.858471833885696
764,37,12.739,3.698,87.125,12.166,1904,983,99.462,4.0,99.6999488123381,20.911343848177083,6.0703469307291655,19.97075196302083,6.5660864583333325,11.266855136162956
765,9,3.385,3.385,0.0,4.243,196,984,135.0,3.0,24.251338900298457,5.556550665364583,5.556550665364583,6.964976210677083,4.92456484375,5.55677872350406
766,84,15.352,6.967,106.76,16.401,834,985,127.569,8.913,226.34582973611893,25.200639827083332,11.436481088802081,26.922596000781247,14.630882150781249,16.976239413718297
767,3,2.365,1.615,45.0,2.828,184,988,45.0,2.0,8.083779633432819,3.8821986184895834,2.651057407552083,4.6422231260416655,3.2830432291666662,3.208207691842254
768,5,3.144,2.025,18.435,3.606,1895,988,33.69,2.0,13.472966055721365,5.16094395625,3.3240812695312494,5.919326942187499,3.2830432291666662,4.141778320559863
769,14,4.746,3.756,65.642,5.385,1916,991,68.199,4.0,37.72430495601982,7.7906615828125,6.165555184374999,8.839593894531248,6.5660864583333325,6.930520719155746
770,30,6.865,5.564,87.592,7.81,257,988,129.806,6.0,80.83779633432819,11.269045884114583,9.133426263541665,12.82028380989583,9.8491296875,10.14524351309312
771,2,2.257,1.128,90.0,2.236,2651,988,116.565,1.0,5.389186422288546,3.704914284114583,1.8516363812499996,3.670442330208333,1.6415216145833331,2.619490611295232
772,2,2.257,1.128,90.0,2.236,185,990,116.565,1.0,5.389186422288546,3.704914284114583,1.8516363812499996,3.670442330208333,1.6415216145833331,2.619490611295232
773,8,4.514,2.257,90.0,4.472,394,990,116.565,2.0,21.556745689154184,7.409828568229166,3.704914284114583,7.340884660416666,3.2830432291666662,5.238981222590464
774,12,5.023,3.042,45.0,5.657,1696,994,45.0,3.536,32.335118533731276,8.245363070052083,4.993508751562499,9.286087773697915,5.804420429166666,6.416415383684508
775,14,4.484,3.975,81.091,5.385,30,997,68.199,4.0,37.72430495601982,7.360582919791666,6.525048417968749,8.839593894531248,6.5660864583333325,6.930520719155746
776,7,4.154,2.146,81.65,4.472,150,996,63.435,2.0,18.86215247800991,6.818880786979165,3.5227053848958327,7.340884660416666,3.2830432291666662,4.900618197668896
777,7,4.154,2.146,171.65,4.472,196,992,153.435,2.0,18.86215247800991,6.818880786979165,3.5227053848958327,7.340884660416666,3.2830432291666662,4.900618197668896
778,7,4.154,2.146,81.65,4.472,862,996,63.435,2.0,18.86215247800991,6.818880786979165,3.5227053848958327,7.340884660416666,3.2830432291666662,4.900618197668896
779,1,1.128,1.128,0.0,1.414,1848,993,135.0,1.0,2.694593211144273,1.8516363812499996,1.8516363812499996,2.3211115630208328,1.6415216145833331,1.8522595745013535
780,11,3.994,3.507,71.565,4.472,2404,996,116.565,4.0,29.640525322587003,6.556237328645833,5.75681630234375,7.340884660416666,6.5660864583333325,6.143250022964334
781,1,1.128,1.128,0.0,1.414,821,998,135.0,1.0,2.694593211144273,1.8516363812499996,1.8516363812499996,2.3211115630208328,1.6415216145833331,1.8522595745013535
782,74,11.297,8.34,20.1,12.53,1765,1006,28.61,9.0,199.3998976246762,18.544269679947917,13.690290265624999,20.568265830729164,14.773694531249998,15.933739338854616
783,4,2.734,1.863,90.0,3.162,1867,998,108.435,2.0,10.778372844577092,4.487920094270833,3.0581547679687495,5.190491345312499,3.2830432291666662,3.704519149002707
784,10,4.48,2.842,82.312,5.099,1511,1000,101.31,3.0,26.94593211144273,7.354016833333333,4.665204428645833,8.370118712760416,4.92456484375,5.857359073278618
785,16,5.015,4.062,62.01,5.831,2717,1005,59.036,4.0,43.11349137830837,8.232230897135414,6.667860798437499,9.571712534635417,6.5660864583333325,7.409038298005414
786,1695,92.819,23.251,8.246,114.586,1206,1041,9.545,36.505,4567.335492889542,152.3643947440104,38.16701906067708,188.0953957286458,59.92374654036458,76.25822628154702
787,6,3.14,2.433,45.0,3.606,1903,1004,33.69,2.828,16.167559266865638,5.1543778697916665,3.993822088281249,5.919326942187499,4.6422231260416655,4.537090828712999
788,5,3.144,2.025,108.435,3.606,2170,1001,123.69,2.0,13.472966055721365,5.16094395625,3.3240812695312494,5.919326942187499,3.2830432291666662,4.141778320559863
789,13,4.753,3.482,64.547,5.831,793,1007,59.036,4.0,35.02971174487555,7.802152234114582,5.715778261979167,9.571712534635417,6.5660864583333325,6.678416871333741
790,15,4.973,3.841,99.462,5.385,31,1006,111.801,4.0,40.418898167164095,8.163286989322915,6.3050845216145825,8.839593894531248,6.5660864583333325,7.173770484896978
791,19,5.486,4.41,147.467,6.403,1603,1006,141.34,4.95,51.197271011741186,9.005387577604164,7.239110320312499,10.510662898177081,8.125531992187499,8.073812302457046
792,40,8.777,5.803,85.902,9.487,778,1007,108.435,6.0,107.78372844577092,14.407635211197913,9.525749929427082,15.573115557552082,9.8491296875,11.714718146557235
793,1,1.128,1.128,0.0,1.414,1651,1007,135.0,1.0,2.694593211144273,1.8516363812499996,1.8516363812499996,2.3211115630208328,1.6415216145833331,1.8522595745013535
794,4,2.257,2.257,0.0,2.828,198,1008,135.0,2.0,10.778372844577092,3.704914284114583,3.704914284114583,4.6422231260416655,3.2830432291666662,3.704519149002707
795,14,4.477,3.981,180.0,5.0,607,1008,126.87,4.0,37.72430495601982,7.349092268489583,6.534897547656249,8.207608072916665,6.5660864583333325,6.930520719155746
796,1,1.128,1.128,0.0,1.414,1411,1008,135.0,1.0,2.694593211144273,1.8516363812499996,1.8516363812499996,2.3211115630208328,1.6415216145833331,1.8522595745013535
797,15,5.235,3.648,27.549,5.831,124,1014,30.964,4.0,40.418898167164095,8.59336565234375,5.988270849999999,9.571712534635417,6.5660864583333325,7.173770484896978
798,2,2.257,1.128,90.0,2.236,1517,1010,116.565,1.0,5.389186422288546,3.704914284114583,1.8516363812499996,3.670442330208333,1.6415216145833331,2.619490611295232
799,4,2.257,2.257,0.0,2.828,1895,1010,135.0,2.0,10.778372844577092,3.704914284114583,3.704914284114583,4.6422231260416655,3.2830432291666662,3.704519149002707
800,12,4.605,3.318,74.233,5.385,1903,1018,68.199,4.0,32.335118533731276,7.55920703515625,5.4465687171875,8.839593894531248,6.5660864583333325,6.416415383684508
801,10,4.767,2.671,85.935,5.385,2313,1018,68.199,3.0,26.94593211144273,7.82513353671875,4.384504232552082,8.839593894531248,4.92456484375,5.857359073278618
802,2,2.257,1.128,90.0,2.236,151,1014,116.565,1.0,5.389186422288546,3.704914284114583,1.8516363812499996,3.670442330208333,1.6415216145833331,2.619490611295232
803,25,6.195,5.138,90.805,7.28,864,1014,105.945,5.0,67.36483027860683,10.16922640234375,8.434138055729166,11.950277354166666,8.207608072916665,9.261297872506768
804,48,10.348,5.906,121.743,12.042,194,1015,131.634,7.155,129.3404741349251,16.986465667708334,9.694826655729164,19.767203282812496,11.745087152343748,12.832830767369016
805,17,4.954,4.369,101.31,5.831,3641,1015,120.964,4.0,45.80808458945264,8.132098078645832,7.171807934114582,9.571712534635417,6.5660864583333325,7.637061871730705
806,12,4.656,3.282,55.706,5.657,450,1022,45.0,4.0,32.335118533731276,7.642924637499998,5.3874739390625,9.286087773697915,6.5660864583333325,6.416415383684508
807,17,6.541,3.309,94.308,6.708,1823,1018,116.565,3.0,45.80808458945264,10.737192880989582,5.4317950226562495,11.011326990625,4.92456484375,7.637061871730705
808,8,4.044,2.519,19.33,4.472,2732,1020,26.565,3.0,21.556745689154184,6.638313409374999,4.134992947135417,7.340884660416666,4.92456484375,5.238981222590464
809,12,4.424,3.453,32.067,5.0,496,1022,36.87,4.0,32.335118533731276,7.2620916229166665,5.668174135156249,8.207608072916665,6.5660864583333325,6.416415383684508
810,14,4.493,3.967,63.435,5.657,801,1023,45.0,4.0,37.72430495601982,7.375356614322916,6.511916245052083,9.286087773697915,6.5660864583333325,6.930520719155746
811,1,1.128,1.128,0.0,1.414,884,1019,135.0,1.0,2.694593211144273,1.8516363812499996,1.8516363812499996,2.3211115630208328,1.6415216145833331,1.8522595745013535
812,14,6.173,2.888,90.0,6.325,2714,1020,108.435,3.0,37.72430495601982,10.133112926822916,4.740714422916666,10.382624212239582,4.92456484375,6.930520719155746
813,13,4.38,3.779,135.0,5.0,2507,1022,126.87,4.0,35.02971174487555,7.189864671874999,6.203310181510416,8.207608072916665,6.5660864583333325,6.678416871333741
814,100,33.767,3.771,90.392,32.062,2313,1055,86.424,4.0,269.4593211144273,55.429260359635414,6.190178008593749,52.630466006770824,6.5660864583333325,18.522595745013536
815,4,2.257,2.257,0.0,2.828,1694,1024,135.0,2.0,10.778372844577092,3.704914284114583,3.704914284114583,4.6422231260416655,3.2830432291666662,3.704519149002707
816,7,4.154,2.146,81.65,4.472,1722,1028,63.435,2.0,18.86215247800991,6.818880786979165,3.5227053848958327,7.340884660416666,3.2830432291666662,4.900618197668896
817,2,2.257,1.128,90.0,2.236,1903,1024,116.565,1.0,5.389186422288546,3.704914284114583,1.8516363812499996,3.670442330208333,1.6415216145833331,2.619490611295232
818,11,4.513,3.103,75.286,5.385,1070,1030,68.199,3.0,29.640525322587003,7.408187046614582,5.093641570052083,8.839593894531248,4.92456484375,6.143250022964334
819,2,2.257,1.128,90.0,2.236,2829,1025,116.565,1.0,5.389186422288546,3.704914284114583,1.8516363812499996,3.670442330208333,1.6415216145833331,2.619490611295232
820,24,7.006,4.362,93.058,7.28,2512,1026,105.945,4.0,64.67023706746255,11.500500431770833,7.1603172828125,11.950277354166666,6.5660864583333325,9.074181657425997
821,21,6.433,4.156,4.448,6.708,678,1028,153.435,4.0,56.58645743402973,10.559908546614581,6.822163830208332,11.011326990625,6.5660864583333325,8.488119706859148
822,19,5.81,4.164,87.35,6.325,212,1028,108.435,4.0,51.197271011741186,9.537240580729165,6.8352960031249985,10.382624212239582,6.5660864583333325,8.073812302457046
823,13,7.178,2.306,81.845,7.28,1107,1036,74.055,2.942,35.02971174487555,11.782842149479166,3.7853488432291664,11.950277354166666,4.829356590104166,6.678416871333741
824,16,5.225,3.899,0.0,6.083,612,1031,170.538,4.0,43.11349137830837,8.576950436197915,6.400292775260416,9.985375981510415,6.5660864583333325,7.409038298005414
825,18,6.189,3.703,79.439,6.708,863,1036,63.435,4.0,48.50267780059691,10.159377272656249,6.0785545388020825,11.011326990625,6.5660864583333325,7.858471833885696
826,12,4.164,3.669,160.195,5.0,2089,1031,143.13,4.0,32.335118533731276,6.8352960031249985,6.022742803906249,8.207608072916665,6.5660864583333325,6.416415383684508
827,17,5.491,3.942,94.933,6.325,820,1032,108.435,4.0,45.80808458945264,9.013595185677081,6.4708782046875,10.382624212239582,6.5660864583333325,7.637061871730705
828,1,1.128,1.128,0.0,1.414,1895,1032,135.0,1.0,2.694593211144273,1.8516363812499996,1.8516363812499996,2.3211115630208328,1.6415216145833331,1.8522595745013535
829,3,3.385,1.128,90.0,3.162,2195,1032,108.435,1.0,8.083779633432819,5.556550665364583,1.8516363812499996,5.190491345312499,1.6415216145833331,3.208207691842254
830,23,5.939,4.931,80.255,6.708,2700,1040,63.435,5.0,61.97564385631828,9.748996869010416,8.094343081510416,11.011326990625,8.207608072916665,8.883124856751396
831,4,2.257,2.257,0.0,2.828,1894,1036,135.0,2.0,10.778372844577092,3.704914284114583,3.704914284114583,4.6422231260416655,3.2830432291666662,3.704519149002707
832,10,4.456,2.857,71.778,5.0,1821,1042,53.13,3.0,26.94593211144273,7.314620314583333,4.689827252864583,8.207608072916665,4.92456484375,5.857359073278618
833,32,9.398,4.335,88.246,10.198,214,1050,78.69,4.0,86.22698275661674,15.427020133854164,7.115996199218749,16.74023742552083,6.5660864583333325,10.477962445180928
834,4,2.257,2.257,0.0,2.828,820,1040,135.0,2.0,10.778372844577092,3.704914284114583,3.704914284114583,4.6422231260416655,3.2830432291666662,3.704519149002707
835,17,6.541,3.309,94.308,6.708,1843,1040,116.565,3.0,45.80808458945264,10.737192880989582,5.4317950226562495,11.011326990625,4.92456484375,7.637061871730705
836,23,7.247,4.041,94.143,7.616,2195,1040,113.199,4.0,61.97564385631828,11.896107140885414,6.633388844531249,12.501828616666664,6.5660864583333325,8.883124856751396
837,3,2.365,1.615,135.0,2.828,3823,1040,135.0,2.0,8.083779633432819,3.8821986184895834,2.651057407552083,4.6422231260416655,3.2830432291666662,3.208207691842254
838,6,3.718,2.055,0.0,4.123,226,1043,165.964,2.0,16.167559266865638,6.103177363020833,3.37332691796875,6.7679936169270825,3.2830432291666662,4.537090828712999
839,3,2.365,1.615,45.0,2.828,346,1044,45.0,2.0,8.083779633432819,3.8821986184895834,2.651057407552083,4.6422231260416655,3.2830432291666662,3.208207691842254
840,11,4.761,2.942,92.464,5.385,605,1043,111.801,3.0,29.640525322587003,7.815284407031249,4.829356590104166,8.839593894531248,4.92456484375,6.143250022964334
841,29,10.654,3.466,89.568,12.166,863,1056,80.538,4.0,78.14320312318392,17.48877128177083,5.689513916145833,19.97075196302083,6.5660864583333325,9.97472307428262
842,11,3.807,3.678,135.0,4.472,1254,1045,116.565,4.0,29.640525322587003,6.249272786718749,6.037516498437499,7.340884660416666,6.5660864583333325,6.143250022964334
843,3,2.365,1.615,45.0,2.828,1902,1048,45.0,2.0,8.083779633432819,3.8821986184895834,2.651057407552083,4.6422231260416655,3.2830432291666662,3.208207691842254
844,1,1.128,1.128,0.0,1.414,2701,1046,135.0,1.0,2.694593211144273,1.8516363812499996,1.8516363812499996,2.3211115630208328,1.6415216145833331,1.8522595745013535
845,5,3.144,2.025,71.565,3.606,1533,1050,56.31,2.0,13.472966055721365,5.16094395625,3.3240812695312494,5.919326942187499,3.2830432291666662,4.141778320559863
846,3,2.365,1.615,45.0,2.828,3822,1050,45.0,2.0,8.083779633432819,3.8821986184895834,2.651057407552083,4.6422231260416655,3.2830432291666662,3.208207691842254
847,5,3.144,2.025,108.435,3.606,139,1049,123.69,2.0,13.472966055721365,5.16094395625,3.3240812695312494,5.919326942187499,3.2830432291666662,4.141778320559863
848,15,4.759,4.014,174.116,5.385,192,1050,158.199,4.0,40.418898167164095,7.812001363802083,6.5890677609375,8.839593894531248,6.5660864583333325,7.173770484896978
849,3,2.365,1.615,135.0,2.828,628,1049,135.0,2.0,8.083779633432819,3.8821986184895834,2.651057407552083,4.6422231260416655,3.2830432291666662,3.208207691842254
850,2,2.596,0.981,135.0,2.828,1344,1049,135.0,1.414,5.389186422288546,4.261390111458333,1.6103327039062498,4.6422231260416655,2.3211115630208328,2.619490611295232
851,1,1.128,1.128,0.0,1.414,1844,1049,135.0,1.0,2.694593211144273,1.8516363812499996,1.8516363812499996,2.3211115630208328,1.6415216145833331,1.8522595745013535
852,1,1.128,1.128,0.0,1.414,2830,1049,135.0,1.0,2.694593211144273,1.8516363812499996,1.8516363812499996,2.3211115630208328,1.6415216145833331,1.8522595745013535
853,2,2.257,1.128,90.0,2.236,955,1052,116.565,1.0,5.389186422288546,3.704914284114583,1.8516363812499996,3.670442330208333,1.6415216145833331,2.619490611295232
854,23,9.949,2.944,80.681,10.44,199,1063,73.301,4.0,61.97564385631828,16.33149854348958,4.832639633333333,17.137485656249996,6.5660864583333325,8.883124856751396
855,5,3.144,2.025,108.435,3.606,1190,1053,123.69,2.0,13.472966055721365,5.16094395625,3.3240812695312494,5.919326942187499,3.2830432291666662,4.141778320559863
856,17,5.229,4.14,74.828,5.831,1901,1058,59.036,4.0,45.80808458945264,8.583516522656248,6.795899484374998,9.571712534635417,6.5660864583333325,7.637061871730705
857,8,4.514,2.257,0.0,4.472,204,1054,153.435,2.0,21.556745689154184,7.409828568229166,3.704914284114583,7.340884660416666,3.2830432291666662,5.238981222590464
858,19,5.801,4.17,40.073,6.403,2743,1059,38.66,4.919,51.197271011741186,9.522466886197916,6.845145132812499,10.510662898177081,8.074644822135415,8.073812302457046
859,36,11.84,3.871,88.254,12.166,2830,1066,80.538,4.0,97.00535560119383,19.435615916666663,6.354330170052083,19.97075196302083,6.5660864583333325,11.11355744700812
860,3,2.365,1.615,135.0,2.828,1859,1056,135.0,2.0,8.083779633432819,3.8821986184895834,2.651057407552083,4.6422231260416655,3.2830432291666662,3.208207691842254
861,10,4.456,2.857,108.222,5.0,1985,1056,126.87,3.0,26.94593211144273,7.314620314583333,4.689827252864583,8.207608072916665,4.92456484375,5.857359073278618
862,12,4.257,3.589,0.0,5.099,25,1058,168.69,4.0,32.335118533731276,6.987957513281248,5.891421074739583,8.370118712760416,6.5660864583333325,6.416415383684508
863,4,4.514,1.128,90.0,4.123,2229,1058,104.036,1.0,10.778372844577092,7.409828568229166,1.8516363812499996,6.7679936169270825,1.6415216145833331,3.704519149002707
864,45,11.747,4.878,90.701,12.166,2313,1058,99.462,5.0,121.25669450149229,19.282954406510413,8.007342435937499,19.97075196302083,8.207608072916665,12.425334961679587
865,3,2.365,1.615,135.0,2.828,2401,1058,135.0,2.0,8.083779633432819,3.8821986184895834,2.651057407552083,4.6422231260416655,3.2830432291666662,3.208207691842254
866,10,6.132,2.076,96.021,6.325,2700,1058,108.435,2.0,26.94593211144273,10.065810540624998,3.407798871875,10.382624212239582,3.2830432291666662,5.857359073278618
867,4,2.734,1.863,90.0,3.162,32,1059,108.435,2.0,10.778372844577092,4.487920094270833,3.0581547679687495,5.190491345312499,3.2830432291666662,3.704519149002707
868,28,7.969,4.473,126.904,9.22,1068,1060,130.601,5.547,75.44860991203964,13.081285746614583,7.342526182031249,15.134829286458332,9.105520396093748,9.801236395337792
869,4,2.257,2.257,0.0,2.828,862,1062,135.0,2.0,10.778372844577092,3.704914284114583,3.704914284114583,4.6422231260416655,3.2830432291666662,3.704519149002707
870,9,4.488,2.553,76.717,5.099,454,1063,101.31,3.0,24.251338900298457,7.36714900625,4.190804682031249,8.370118712760416,4.92456484375,5.55677872350406
871,2,2.257,1.128,0.0,2.236,1298,1063,153.435,1.0,5.389186422288546,3.704914284114583,1.8516363812499996,3.670442330208333,1.6415216145833331,2.619490611295232
872,60,14.103,5.417,106.687,14.56,196,1064,105.945,6.957,161.67559266865638,23.150379330468745,8.892122586197916,23.90055470833333,11.420065872656249,14.347540969793956
873,9,3.919,2.924,159.699,4.472,2718,1064,153.435,3.0,24.251338900298457,6.433123207552082,4.799809201041666,7.340884660416666,4.92456484375,5.55677872350406
874,19,5.81,4.164,92.65,6.325,1902,1066,108.435,4.0,51.197271011741186,9.537240580729165,6.8352960031249985,10.382624212239582,6.5660864583333325,8.073812302457046
875,30,6.908,5.529,46.562,7.81,28,1073,39.806,6.0,80.83779633432819,11.339631313541666,9.075973007031248,12.82028380989583,9.8491296875,10.14524351309312
876,8,3.538,2.879,45.0,4.243,92,1071,45.0,3.0,21.556745689154184,5.807703472395832,4.7259407283854165,6.964976210677083,4.92456484375,5.238981222590464
877,7,3.086,2.888,90.0,3.606,1260,1068,123.69,3.0,18.86215247800991,5.065735702604166,4.740714422916666,5.919326942187499,4.92456484375,4.900618197668896
878,2,2.257,1.128,90.0,2.236,51,1069,116.565,1.0,5.389186422288546,3.704914284114583,1.8516363812499996,3.670442330208333,1.6415216145833331,2.619490611295232
879,4,2.734,1.863,0.0,3.162,684,1069,161.565,2.0,10.778372844577092,4.487920094270833,3.0581547679687495,5.190491345312499,3.2830432291666662,3.704519149002707
880,1,1.128,1.128,0.0,1.414,2085,1069,135.0,1.0,2.694593211144273,1.8516363812499996,1.8516363812499996,2.3211115630208328,1.6415216145833331,1.8522595745013535
881,22,6.054,4.627,74.569,6.708,1541,1076,63.435,5.0,59.281050645174005,9.9377718546875,7.595320510677082,11.011326990625,8.207608072916665,8.687867499524987
882,14,4.746,3.756,114.358,5.385,1693,1070,111.801,4.0,37.72430495601982,7.7906615828125,6.165555184374999,8.839593894531248,6.5660864583333325,6.930520719155746
883,14,5.91,3.016,106.806,6.708,1892,1070,116.565,3.881,37.72430495601982,9.7013927421875,4.950829189583333,11.011326990625,6.370745386197916,6.930520719155746
884,13,4.38,3.779,45.0,5.0,2355,1073,36.87,4.0,35.02971174487555,7.189864671874999,6.203310181510416,8.207608072916665,6.5660864583333325,6.678416871333741
885,59,16.639,4.515,90.576,16.125,863,1071,97.125,5.0,158.9809994575121,27.313278145052077,7.411470089843749,26.469536035156246,8.207608072916665,14.227475754629987
886,34,8.304,5.213,93.007,8.944,1090,1072,116.565,6.0,91.61616917890528,13.6311954875,8.557252176822916,14.681769320833332,9.8491296875,10.800436475684016
887,9,3.685,3.109,97.628,4.472,2314,1073,116.565,3.0,24.251338900298457,6.049007149739583,5.103490699739583,7.340884660416666,4.92456484375,5.55677872350406
888,1,1.128,1.128,0.0,1.414,2720,1073,135.0,1.0,2.694593211144273,1.8516363812499996,1.8516363812499996,2.3211115630208328,1.6415216145833331,1.8522595745013535
889,51,13.617,4.769,88.16,14.318,1721,1088,77.905,6.0,137.42425376835791,22.352599825781247,7.828416579947916,23.503306477604163,9.8491296875,13.227779182384648
890,18,5.601,4.092,175.948,6.325,616,1078,18.435,4.0,48.50267780059691,9.19416256328125,6.717106446874999,10.382624212239582,6.5660864583333325,7.858471833885696
891,33,9.879,4.253,102.368,11.18,1901,1075,100.305,5.0,88.92157596776102,16.216592030468746,6.981391426822916,18.352211651041664,8.207608072916665,10.640421163372897
892,12,4.514,3.385,90.0,5.0,1037,1076,126.87,3.0,32.335118533731276,7.409828568229166,5.556550665364583,8.207608072916665,4.92456484375,6.416415383684508
893,4,2.257,2.257,0.0,2.828,1108,1076,135.0,2.0,10.778372844577092,3.704914284114583,3.704914284114583,4.6422231260416655,3.2830432291666662,3.704519149002707
894,4,3.192,1.596,108.435,3.606,890,1077,123.69,2.0,10.778372844577092,5.239736993749999,2.6198684968749997,5.919326942187499,3.2830432291666662,3.704519149002707
895,5,3.144,2.025,161.565,3.606,1693,1078,146.31,2.0,13.472966055721365,5.16094395625,3.3240812695312494,5.919326942187499,3.2830432291666662,4.141778320559863
896,2,2.257,1.128,0.0,2.236,146,1079,153.435,1.0,5.389186422288546,3.704914284114583,1.8516363812499996,3.670442330208333,1.6415216145833331,2.619490611295232
897,1,1.128,1.128,0.0,1.414,1938,1079,135.0,1.0,2.694593211144273,1.8516363812499996,1.8516363812499996,2.3211115630208328,1.6415216145833331,1.8522595745013535
898,1,1.128,1.128,0.0,1.414,2831,1079,135.0,1.0,2.694593211144273,1.8516363812499996,1.8516363812499996,2.3211115630208328,1.6415216145833331,1.8522595745013535
899,1,1.128,1.128,0.0,1.414,3773,1079,135.0,1.0,2.694593211144273,1.8516363812499996,1.8516363812499996,2.3211115630208328,1.6415216145833331,1.8522595745013535
900,4,2.734,1.863,90.0,3.162,2149,1080,108.435,2.0,10.778372844577092,4.487920094270833,3.0581547679687495,5.190491345312499,3.2830432291666662,3.704519149002707
901,12,4.443,3.439,58.599,5.099,2169,1080,101.31,4.0,32.335118533731276,7.293280533593748,5.645192832552083,8.370118712760416,6.5660864583333325,6.416415383684508
902,14,4.264,4.181,2.771e-13,5.0,528,1082,126.87,4.0,37.72430495601982,6.999448164583333,6.863201870572916,8.207608072916665,6.5660864583333325,6.930520719155746
903,1,1.128,1.128,0.0,1.414,1011,1082,135.0,1.0,2.694593211144273,1.8516363812499996,1.8516363812499996,2.3211115630208328,1.6415216145833331,1.8522595745013535
904,3,2.365,1.615,135.0,2.828,1259,1082,135.0,2.0,8.083779633432819,3.8821986184895834,2.651057407552083,4.6422231260416655,3.2830432291666662,3.208207691842254
905,2,2.257,1.128,90.0,2.236,2375,1082,116.565,1.0,5.389186422288546,3.704914284114583,1.8516363812499996,3.670442330208333,1.6415216145833331,2.619490611295232
906,59,19.133,3.926,92.793,19.026,2314,1083,93.013,4.56,158.9809994575121,31.40723305182291,6.444613858854166,31.231590239062495,7.485338562499998,14.227475754629987
907,4,2.257,2.257,0.0,2.828,690,1084,135.0,2.0,10.778372844577092,3.704914284114583,3.704914284114583,4.6422231260416655,3.2830432291666662,3.704519149002707
908,3,3.385,1.128,90.0,3.162,1893,1084,108.435,1.0,8.083779633432819,5.556550665364583,1.8516363812499996,5.190491345312499,1.6415216145833331,3.208207691842254
909,2,2.257,1.128,90.0,2.236,33,1085,116.565,1.0,5.389186422288546,3.704914284114583,1.8516363812499996,3.670442330208333,1.6415216145833331,2.619490611295232
910,15,5.284,3.614,161.262,6.325,1530,1087,161.565,4.0,40.418898167164095,8.673800211458332,5.932459115104166,10.382624212239582,6.5660864583333325,7.173770484896978
911,4,2.257,2.257,0.0,2.828,1599,1086,135.0,2.0,10.778372844577092,3.704914284114583,3.704914284114583,4.6422231260416655,3.2830432291666662,3.704519149002707
912,7,3.086,2.888,0.0,3.606,277,1091,123.69,3.0,18.86215247800991,5.065735702604166,4.740714422916666,5.919326942187499,4.92456484375,4.900618197668896
913,24,7.273,4.201,88.992,8.246,1289,1099,75.964,5.0,64.67023706746255,11.938786702864581,6.896032302864582,13.535987233854165,8.207608072916665,9.074181657425997
914,4,2.734,1.863,0.0,3.162,2228,1091,161.565,2.0,10.778372844577092,4.487920094270833,3.0581547679687495,5.190491345312499,3.2830432291666662,3.704519149002707
915,8,4.501,2.263,111.355,5.0,1563,1092,126.87,2.846,21.556745689154184,7.388488787239583,3.714763413802083,8.207608072916665,4.671770515104166,5.238981222590464
916,30,7.794,4.901,2.605,8.602,1090,1093,144.462,5.0,80.83779633432819,12.794019464062497,8.045097433072915,14.120368928645831,8.207608072916665,10.14524351309312
917,9,3.919,2.924,110.301,4.472,1656,1093,116.565,3.0,24.251338900298457,6.433123207552082,4.799809201041666,7.340884660416666,4.92456484375,5.55677872350406
918,28,6.826,5.223,13.427,7.616,2618,1098,23.199,5.0,75.44860991203964,11.20502654114583,8.57366739296875,12.501828616666664,8.207608072916665,9.801236395337792
919,14,5.443,3.275,82.839,5.831,3047,1099,59.036,3.0,37.72430495601982,8.93480214817708,5.375983287760416,9.571712534635417,4.92456484375,6.930520719155746
920,12,4.164,3.669,109.805,5.0,818,1096,126.87,4.0,32.335118533731276,6.8352960031249985,6.022742803906249,8.207608072916665,6.5660864583333325,6.416415383684508
921,1,1.128,1.128,0.0,1.414,1693,1096,135.0,1.0,2.694593211144273,1.8516363812499996,1.8516363812499996,2.3211115630208328,1.6415216145833331,1.8522595745013535
922,6,3.14,2.433,135.0,3.606,927,1097,123.69,2.828,16.167559266865638,5.1543778697916665,3.993822088281249,5.919326942187499,4.6422231260416655,4.537090828712999
923,11,3.994,3.507,108.435,4.472,1586,1097,116.565,4.0,29.640525322587003,6.556237328645833,5.75681630234375,7.340884660416666,6.5660864583333325,6.143250022964334
924,1,1.128,1.128,0.0,1.414,2207,1097,135.0,1.0,2.694593211144273,1.8516363812499996,1.8516363812499996,2.3211115630208328,1.6415216145833331,1.8522595745013535
925,14,4.264,4.181,2.771e-13,5.0,2718,1097,126.87,4.0,37.72430495601982,6.999448164583333,6.863201870572916,8.207608072916665,6.5660864583333325,6.930520719155746
926,22,7.281,3.847,86.494,8.246,1722,1106,75.964,4.0,59.281050645174005,11.951918875781248,6.314933651302082,13.535987233854165,6.5660864583333325,8.687867499524987
927,53,18.017,3.745,86.437,20.224,1900,1118,81.469,5.0,142.81344019064647,29.575294929947912,6.147498446614582,33.19813313333333,8.207608072916665,13.484653245841828
928,18,6.467,3.544,176.934,7.071,2255,1100,171.87,4.0,48.50267780059691,10.615720281510415,5.817552602083333,11.607199336718748,6.5660864583333325,7.858471833885696
929,1,1.128,1.128,0.0,1.414,411,1099,135.0,1.0,2.694593211144273,1.8516363812499996,1.8516363812499996,2.3211115630208328,1.6415216145833331,1.8522595745013535
930,1,1.128,1.128,0.0,1.414,111,1101,135.0,1.0,2.694593211144273,1.8516363812499996,1.8516363812499996,2.3211115630208328,1.6415216145833331,1.8522595745013535
931,14,4.484,3.975,81.091,5.385,150,1106,68.199,4.0,37.72430495601982,7.360582919791666,6.525048417968749,8.839593894531248,6.5660864583333325,6.930520719155746
932,2,2.257,1.128,0.0,2.236,644,1101,153.435,1.0,5.389186422288546,3.704914284114583,1.8516363812499996,3.670442330208333,1.6415216145833331,2.619490611295232
933,2,2.596,0.981,45.0,2.828,777,1103,45.0,1.414,5.389186422288546,4.261390111458333,1.6103327039062498,4.6422231260416655,2.3211115630208328,2.619490611295232
934,4,2.257,2.257,0.0,2.828,381,1102,135.0,2.0,10.778372844577092,3.704914284114583,3.704914284114583,4.6422231260416655,3.2830432291666662,3.704519149002707
935,2,2.596,0.981,135.0,2.828,661,1102,135.0,1.414,5.389186422288546,4.261390111458333,1.6103327039062498,4.6422231260416655,2.3211115630208328,2.619490611295232
936,7,4.721,1.888,90.0,5.099,819,1102,101.31,2.0,18.86215247800991,7.749623542447916,3.0991928083333327,8.370118712760416,3.2830432291666662,4.900618197668896
937,14,5.775,3.086,90.0,6.325,1088,1102,108.435,3.0,37.72430495601982,9.47978732421875,5.065735702604166,10.382624212239582,4.92456484375,6.930520719155746
938,94,29.407,4.07,89.955,28.16,2314,1105,96.116,6.0,253.29176184756165,48.272226120052075,6.680992971354167,46.22524866666666,9.8491296875,17.9583228600335
939,5,3.144,2.025,108.435,3.606,2850,1106,123.69,2.0,13.472966055721365,5.16094395625,3.3240812695312494,5.919326942187499,3.2830432291666662,4.141778320559863
940,29,9.749,3.787,122.364,10.296,1773,1108,119.055,4.998,78.14320312318392,16.003194220572915,6.216442354427082,16.901106543749997,8.2043250296875,9.97472307428262
941,2,2.257,1.128,0.0,2.236,417,1109,153.435,1.0,5.389186422288546,3.704914284114583,1.8516363812499996,3.670442330208333,1.6415216145833331,2.619490611295232
942,27,6.684,5.143,69.714,7.616,1767,1116,66.801,5.0,72.75401670089536,10.971930471874998,8.442345663802081,12.501828616666664,8.207608072916665,9.624623075526761
943,7,3.855,2.312,59.036,4.472,3223,1113,63.435,2.828,18.86215247800991,6.328065824218749,3.795197972916666,7.340884660416666,4.6422231260416655,4.900618197668896
944,15,4.659,4.099,45.001,5.657,1892,1114,45.0,4.0,40.418898167164095,7.647849202343749,6.728597098177083,9.286087773697915,6.5660864583333325,7.173770484896978
945,11,3.807,3.678,45.002,4.472,1508,1111,116.565,4.0,29.640525322587003,6.249272786718749,6.037516498437499,7.340884660416666,6.5660864583333325,6.143250022964334
946,23,9.074,3.227,83.975,9.487,1721,1121,71.565,3.0,61.97564385631828,14.895167130729165,5.297190250260416,15.573115557552082,4.92456484375,8.883124856751396
947,15,4.907,3.892,104.769,5.831,3051,1112,120.964,4.0,40.418898167164095,8.054946562760415,6.388802123958333,9.571712534635417,6.5660864583333325,7.173770484896978
948,18,6.113,3.749,93.995,6.708,452,1113,116.565,4.0,48.50267780059691,10.034621629947916,6.1540645330729165,11.011326990625,6.5660864583333325,7.858471833885696
949,2,2.257,1.128,0.0,2.236,1088,1115,153.435,1.0,5.389186422288546,3.704914284114583,1.8516363812499996,3.670442330208333,1.6415216145833331,2.619490611295232
950,2,2.257,1.128,90.0,2.236,2345,1116,116.565,1.0,5.389186422288546,3.704914284114583,1.8516363812499996,3.670442330208333,1.6415216145833331,2.619490611295232
951,8,3.651,2.79,145.278,4.472,44,1121,153.435,3.0,21.556745689154184,5.993195414843749,4.5798453046875,7.340884660416666,4.92456484375,5.238981222590464
952,4,2.734,1.863,90.0,3.162,1269,1120,108.435,2.0,10.778372844577092,4.487920094270833,3.0581547679687495,5.190491345312499,3.2830432291666662,3.704519149002707
953,8,3.726,2.734,90.0,4.472,218,1122,116.565,3.0,21.556745689154184,6.116309535937499,4.487920094270833,7.340884660416666,4.92456484375,5.238981222590464
954,14,4.746,3.756,65.642,5.385,1900,1127,68.199,4.0,37.72430495601982,7.7906615828125,6.165555184374999,8.839593894531248,6.5660864583333325,6.930520719155746
955,5,2.523,2.523,0.0,3.162,1722,1123,108.435,2.828,13.472966055721365,4.14155903359375,4.14155903359375,5.190491345312499,4.6422231260416655,4.141778320559863
956,3,2.365,1.615,45.0,2.828,2744,1125,45.0,2.0,8.083779633432819,3.8821986184895834,2.651057407552083,4.6422231260416655,3.2830432291666662,3.208207691842254
957,1,1.128,1.128,0.0,1.414,2747,1124,135.0,1.0,2.694593211144273,1.8516363812499996,1.8516363812499996,2.3211115630208328,1.6415216145833331,1.8522595745013535
958,11,4.337,3.229,135.0,5.0,252,1125,126.87,4.0,29.640525322587003,7.119279242447916,5.300473293489583,8.207608072916665,6.5660864583333325,6.143250022964334
959,7,3.086,2.888,90.0,3.606,438,1129,123.69,3.0,18.86215247800991,5.065735702604166,4.740714422916666,5.919326942187499,4.92456484375,4.900618197668896
960,6,3.385,2.257,90.0,3.606,1772,1129,123.69,2.0,16.167559266865638,5.556550665364583,3.704914284114583,5.919326942187499,3.2830432291666662,4.537090828712999
961,26,8.085,4.094,70.23,8.602,861,1137,54.462,4.608,70.0594234897511,13.27170225390625,6.720389490104166,14.120368928645831,7.564131599999999,9.444707714621469
962,22,7.18,3.901,97.517,7.616,1542,1130,113.199,4.0,59.281050645174005,11.786125192708331,6.403575818489582,12.501828616666664,6.5660864583333325,8.687867499524987
963,9,3.385,3.385,0.0,4.243,143,1131,135.0,3.0,24.251338900298457,5.556550665364583,5.556550665364583,6.964976210677083,4.92456484375,5.55677872350406
964,31,9.785,4.034,92.715,10.198,1259,1132,101.31,4.0,83.53238954547245,16.062288998697916,6.621898193229166,16.74023742552083,6.5660864583333325,10.312944849619335
965,8,3.538,2.879,45.0,4.243,1507,1135,45.0,3.0,21.556745689154184,5.807703472395832,4.7259407283854165,6.964976210677083,4.92456484375,5.238981222590464
966,16,7.553,2.697,91.681,8.246,1087,1141,75.964,3.0,43.11349137830837,12.398412754947914,4.427183794531249,13.535987233854165,4.92456484375,7.409038298005414
967,1,1.128,1.128,0.0,1.414,2315,1134,135.0,1.0,2.694593211144273,1.8516363812499996,1.8516363812499996,2.3211115630208328,1.6415216145833331,1.8522595745013535
968,4,2.257,2.257,0.0,2.828,3193,1134,135.0,2.0,10.778372844577092,3.704914284114583,3.704914284114583,4.6422231260416655,3.2830432291666662,3.704519149002707
969,23,7.477,3.917,91.838,8.246,60,1135,104.036,4.0,61.97564385631828,12.273657112239583,6.429840164322916,13.535987233854165,6.5660864583333325,8.883124856751396
970,10,4.456,2.857,71.778,5.0,573,1140,53.13,3.0,26.94593211144273,7.314620314583333,4.689827252864583,8.207608072916665,4.92456484375,5.857359073278618
971,13,4.359,3.797,103.776,5.0,1857,1136,126.87,4.0,35.02971174487555,7.155392717968749,6.232857570572916,8.207608072916665,6.5660864583333325,6.678416871333741
972,119,26.372,5.745,87.881,28.018,2315,1136,92.045,6.0,320.6565921261685,43.29020801979166,9.43054167578125,45.99215259739583,9.8491296875,20.205766459812907
973,19,6.22,3.889,90.603,6.708,592,1144,63.435,4.0,51.197271011741186,10.210264442708331,6.383877559114582,11.011326990625,6.5660864583333325,8.073812302457046
974,8,4.037,2.523,33.69,5.0,30,1142,36.87,3.0,21.556745689154184,6.626822758072915,4.14155903359375,8.207608072916665,4.92456484375,5.238981222590464
975,53,15.284,4.415,86.904,15.133,1721,1140,97.595,4.969,142.81344019064647,25.089016357291666,7.247317928385415,24.84114659348958,8.156720902864583,13.484653245841828
976,15,4.64,4.116,75.964,5.385,811,1147,68.199,4.0,40.418898167164095,7.6166602916666655,6.756502965624999,8.839593894531248,6.5660864583333325,7.173770484896978
977,8,4.514,2.257,90.0,4.472,2074,1142,116.565,2.0,21.556745689154184,7.409828568229166,3.704914284114583,7.340884660416666,3.2830432291666662,5.238981222590464
978,8,3.538,2.879,45.0,4.243,428,1146,45.0,3.0,21.556745689154184,5.807703472395832,4.7259407283854165,6.964976210677083,4.92456484375,5.238981222590464
979,1,1.128,1.128,0.0,1.414,1560,1143,135.0,1.0,2.694593211144273,1.8516363812499996,1.8516363812499996,2.3211115630208328,1.6415216145833331,1.8522595745013535
980,5,3.144,2.025,161.565,3.606,1259,1144,146.31,2.0,13.472966055721365,5.16094395625,3.3240812695312494,5.919326942187499,3.2830432291666662,4.141778320559863
981,5,3.144,2.025,108.435,3.606,1549,1145,123.69,2.0,13.472966055721365,5.16094395625,3.3240812695312494,5.919326942187499,3.2830432291666662,4.141778320559863
982,9,3.685,3.109,97.628,4.472,1087,1146,116.565,3.0,24.251338900298457,6.049007149739583,5.103490699739583,7.340884660416666,4.92456484375,5.55677872350406
983,39,12.025,4.129,90.422,12.369,1899,1146,104.036,4.0,105.08913523462664,19.739297415364582,6.777842746614581,20.303980850781247,6.5660864583333325,11.56735733527522
984,6,3.385,2.257,0.0,3.606,2187,1146,146.31,2.0,16.167559266865638,5.556550665364583,3.704914284114583,5.919326942187499,3.2830432291666662,4.537090828712999
985,4,2.734,1.863,90.0,3.162,3051,1146,108.435,2.0,10.778372844577092,4.487920094270833,3.0581547679687495,5.190491345312499,3.2830432291666662,3.704519149002707
986,2,2.257,1.128,90.0,2.236,573,1147,116.565,1.0,5.389186422288546,3.704914284114583,1.8516363812499996,3.670442330208333,1.6415216145833331,2.619490611295232
987,11,4.384,3.195,74.929,5.0,887,1152,53.13,3.0,29.640525322587003,7.196430758333333,5.244661558593749,8.207608072916665,4.92456484375,6.143250022964334
988,4,3.216,1.583,58.283,3.606,163,1153,56.31,2.0,10.778372844577092,5.2791335125,2.5985287158854162,5.919326942187499,3.2830432291666662,3.704519149002707
989,4,2.257,2.257,0.0,2.828,1699,1150,135.0,2.0,10.778372844577092,3.704914284114583,3.704914284114583,4.6422231260416655,3.2830432291666662,3.704519149002707
990,158,15.592,12.902,103.398,17.117,1406,1168,83.29,13.598,425.7457273607951,25.59460501458333,21.178911871354163,28.097925476822915,22.321410915104163,23.28254182752488
991,5,3.144,2.025,108.435,3.606,394,1152,123.69,2.0,13.472966055721365,5.16094395625,3.3240812695312494,5.919326942187499,3.2830432291666662,4.141778320559863
992,4,2.257,2.257,0.0,2.828,1769,1152,135.0,2.0,10.778372844577092,3.704914284114583,3.704914284114583,4.6422231260416655,3.2830432291666662,3.704519149002707
993,10,5.349,2.38,96.047,6.083,3555,1152,99.462,3.0,26.94593211144273,8.780499116406249,3.9068214427083325,9.985375981510415,4.92456484375,5.857359073278618
994,5,3.144,2.025,71.565,3.606,1508,1156,56.31,2.0,13.472966055721365,5.16094395625,3.3240812695312494,5.919326942187499,3.2830432291666662,4.141778320559863
995,2,2.257,1.128,90.0,2.236,1087,1154,116.565,1.0,5.389186422288546,3.704914284114583,1.8516363812499996,3.670442330208333,1.6415216145833331,2.619490611295232
996,6,3.385,2.257,90.0,3.606,802,1155,123.69,2.0,16.167559266865638,5.556550665364583,3.704914284114583,5.919326942187499,3.2830432291666662,4.537090828712999
997,5,3.144,2.025,161.565,3.606,1572,1155,146.31,2.0,13.472966055721365,5.16094395625,3.3240812695312494,5.919326942187499,3.2830432291666662,4.141778320559863
998,3,2.365,1.615,135.0,2.828,1942,1155,135.0,2.0,8.083779633432819,3.8821986184895834,2.651057407552083,4.6422231260416655,3.2830432291666662,3.208207691842254
999,13,5.067,3.267,90.0,5.385,1151,1157,111.801,3.0,35.02971174487555,8.31759002109375,5.362851114843749,8.839593894531248,4.92456484375,6.678416871333741
1000,20,8.025,3.173,106.581,9.22,1540,1157,102.529,5.014,53.89186422288546,13.173210957031248,5.208548083072916,15.134829286458332,8.230589375520832,8.283556641119725
1001,10,4.111,3.097,2.596e-14,4.472,37,1159,153.435,3.0,26.94593211144273,6.748295357552082,5.083792440364583,7.340884660416666,4.92456484375,5.857359073278618
1002,2,2.257,1.128,90.0,2.236,608,1160,116.565,1.0,5.389186422288546,3.704914284114583,1.8516363812499996,3.670442330208333,1.6415216145833331,2.619490611295232
1003,9,5.643,2.031,86.83,6.083,677,1160,99.462,2.0,24.251338900298457,9.263106471093748,3.3339303992187497,9.985375981510415,3.2830432291666662,5.55677872350406
1004,16,5.132,3.97,171.986,5.831,2872,1161,149.036,4.0,43.11349137830837,8.424288926041665,6.516840809895833,9.571712534635417,6.5660864583333325,7.409038298005414
1005,4,2.257,2.257,0.0,2.828,148,1161,135.0,2.0,10.778372844577092,3.704914284114583,3.704914284114583,4.6422231260416655,3.2830432291666662,3.704519149002707
1006,90,27.594,4.153,89.552,26.306,1720,1187,81.254,5.0,242.51338900298458,45.296147432812496,6.817239265364582,43.181867593229164,8.207608072916665,17.57207721983585
1007,14,5.12,3.481,128.802,5.831,2166,1161,120.964,4.0,37.72430495601982,8.404590666666666,5.714136740364582,9.571712534635417,6.5660864583333325,6.930520719155746
1008,22,6.572,4.262,77.443,7.211,926,1168,56.31,4.0,59.281050645174005,10.788080051041666,6.996165121354165,11.837012362760415,6.5660864583333325,8.687867499524987
1009,3,2.365,1.615,45.0,2.828,3554,1164,45.0,2.0,8.083779633432819,3.8821986184895834,2.651057407552083,4.6422231260416655,3.2830432291666662,3.208207691842254
1010,8,3.538,2.879,135.0,4.243,454,1163,135.0,3.0,21.556745689154184,5.807703472395832,4.7259407283854165,6.964976210677083,4.92456484375,5.238981222590464
1011,6,3.385,2.257,90.0,3.606,3634,1163,123.69,2.0,16.167559266865638,5.556550665364583,3.704914284114583,5.919326942187499,3.2830432291666662,4.537090828712999
1012,4,2.257,2.257,0.0,2.828,276,1164,135.0,2.0,10.778372844577092,3.704914284114583,3.704914284114583,4.6422231260416655,3.2830432291666662,3.704519149002707
1013,6,3.385,2.257,90.0,3.606,394,1165,123.69,2.0,16.167559266865638,5.556550665364583,3.704914284114583,5.919326942187499,3.2830432291666662,4.537090828712999
1014,23,5.939,4.931,80.255,6.708,2206,1171,63.435,5.0,61.97564385631828,9.748996869010416,8.094343081510416,11.011326990625,8.207608072916665,8.883124856751396
1015,15,4.973,3.841,80.538,5.385,401,1166,111.801,4.0,40.418898167164095,8.163286989322915,6.3050845216145825,8.839593894531248,6.5660864583333325,7.173770484896978
1016,13,4.359,3.797,103.776,5.0,571,1166,126.87,4.0,35.02971174487555,7.155392717968749,6.232857570572916,8.207608072916665,6.5660864583333325,6.678416871333741
1017,3,3.385,1.128,90.0,3.162,803,1167,108.435,1.0,8.083779633432819,5.556550665364583,1.8516363812499996,5.190491345312499,1.6415216145833331,3.208207691842254
1018,9,4.204,2.726,125.783,5.0,2315,1168,126.87,3.0,24.251338900298457,6.900956867708332,4.474787921354166,8.207608072916665,4.92456484375,5.55677872350406
1019,1,1.128,1.128,0.0,1.414,2604,1169,135.0,1.0,2.694593211144273,1.8516363812499996,1.8516363812499996,2.3211115630208328,1.6415216145833331,1.8522595745013535
1020,10,3.966,3.21,90.0,4.472,675,1170,116.565,3.0,26.94593211144273,6.510274723437499,5.269284382812499,7.340884660416666,4.92456484375,5.857359073278618
1021,9,3.385,3.385,0.0,4.243,22,1171,135.0,3.0,24.251338900298457,5.556550665364583,5.556550665364583,6.964976210677083,4.92456484375,5.55677872350406
1022,31,8.057,4.899,103.055,8.944,630,1171,116.565,5.0,83.53238954547245,13.225739648697916,8.041814389843749,14.681769320833332,8.207608072916665,10.312944849619335
1023,8,4.769,2.136,90.0,5.099,818,1171,101.31,2.0,21.556745689154184,7.828416579947916,3.5062901687499997,8.370118712760416,3.2830432291666662,5.238981222590464
1024,1,1.128,1.128,0.0,1.414,1290,1171,135.0,1.0,2.694593211144273,1.8516363812499996,1.8516363812499996,2.3211115630208328,1.6415216145833331,1.8522595745013535
1025,4,2.734,1.863,90.0,3.162,501,1172,108.435,2.0,10.778372844577092,4.487920094270833,3.0581547679687495,5.190491345312499,3.2830432291666662,3.704519149002707
1026,7,4.154,2.146,81.65,4.472,662,1178,63.435,2.0,18.86215247800991,6.818880786979165,3.5227053848958327,7.340884660416666,3.2830432291666662,4.900618197668896
1027,15,4.64,4.116,165.964,5.385,1712,1176,158.199,4.0,40.418898167164095,7.6166602916666655,6.756502965624999,8.839593894531248,6.5660864583333325,7.173770484896978
1028,1,1.128,1.128,0.0,1.414,2165,1176,135.0,1.0,2.694593211144273,1.8516363812499996,1.8516363812499996,2.3211115630208328,1.6415216145833331,1.8522595745013535
1029,6,3.825,1.997,153.435,5.0,1539,1177,143.13,2.846,16.167559266865638,6.27882017578125,3.2781186643229163,8.207608072916665,4.671770515104166,4.537090828712999
1030,9,3.668,3.124,141.497,5.0,212,1179,143.13,4.0,24.251338900298457,6.021101282291666,5.128113523958333,8.207608072916665,6.5660864583333325,5.55677872350406
1031,9,5.229,2.191,94.731,5.385,1900,1178,111.801,2.0,24.251338900298457,8.583516522656248,3.5965738575520825,8.839593894531248,3.2830432291666662,5.55677872350406
1032,3,3.385,1.128,90.0,3.162,2316,1178,108.435,1.0,8.083779633432819,5.556550665364583,1.8516363812499996,5.190491345312499,1.6415216145833331,3.208207691842254
1033,4,2.734,1.863,90.0,3.162,1109,1180,108.435,2.0,10.778372844577092,4.487920094270833,3.0581547679687495,5.190491345312499,3.2830432291666662,3.704519149002707
1034,6,2.93,2.607,153.435,3.606,2074,1182,123.69,3.0,16.167559266865638,4.8096583307291665,4.27944684921875,5.919326942187499,4.92456484375,4.537090828712999
1035,5,3.144,2.025,71.565,3.606,736,1186,56.31,2.0,13.472966055721365,5.16094395625,3.3240812695312494,5.919326942187499,3.2830432291666662,4.141778320559863
1036,6,3.14,2.433,45.0,3.606,1869,1186,33.69,2.828,16.167559266865638,5.1543778697916665,3.993822088281249,5.919326942187499,4.6422231260416655,4.537090828712999
1037,10,6.132,2.076,96.021,6.325,1692,1184,108.435,2.0,26.94593211144273,10.065810540624998,3.407798871875,10.382624212239582,3.2830432291666662,5.857359073278618
1038,1,1.128,1.128,0.0,1.414,22,1185,135.0,1.0,2.694593211144273,1.8516363812499996,1.8516363812499996,2.3211115630208328,1.6415216145833331,1.8522595745013535
1039,29,11.589,3.186,79.903,11.705,2314,1196,70.017,4.525,78.14320312318392,19.023593991406248,5.2298878640624995,19.214010498697913,7.427885305989583,9.97472307428262
1040,16,7.66,2.66,89.528,8.246,2752,1187,104.036,3.0,43.11349137830837,12.574055567708331,4.366447494791666,13.535987233854165,4.92456484375,7.409038298005414
1041,10,3.966,3.21,0.0,4.472,88,1189,153.435,3.0,26.94593211144273,6.510274723437499,5.269284382812499,7.340884660416666,4.92456484375,5.857359073278618
1042,12,4.605,3.318,105.767,5.385,1109,1188,111.801,4.0,32.335118533731276,7.55920703515625,5.4465687171875,8.839593894531248,6.5660864583333325,6.416415383684508
1043,148,18.365,10.261,167.275,19.698,554,1192,156.038,11.0,398.7997952493524,30.146544451822912,16.84365328723958,32.334692764062495,18.056737760416663,22.533710272325912
1044,6,3.385,2.257,90.0,3.606,676,1191,123.69,2.0,16.167559266865638,5.556550665364583,3.704914284114583,5.919326942187499,3.2830432291666662,4.537090828712999
1045,2,2.257,1.128,0.0,2.236,1038,1191,153.435,1.0,5.389186422288546,3.704914284114583,1.8516363812499996,3.670442330208333,1.6415216145833331,2.619490611295232
1046,173,50.179,4.39,89.572,49.041,1721,1240,87.663,6.0,466.16462552795923,82.36991309817708,7.206279888020832,80.50186150078123,9.8491296875,24.36267097262582
1047,8,4.514,2.257,90.0,4.472,1564,1192,116.565,2.0,21.556745689154184,7.409828568229166,3.704914284114583,7.340884660416666,3.2830432291666662,5.238981222590464
1048,53,9.314,7.245,12.404,10.198,1638,1198,11.31,8.0,142.81344019064647,15.289132318229164,11.892824097656248,16.74023742552083,13.132172916666665,13.484653245841828
1049,1,1.128,1.128,0.0,1.414,1059,1193,135.0,1.0,2.694593211144273,1.8516363812499996,1.8516363812499996,2.3211115630208328,1.6415216145833331,1.8522595745013535
1050,21,6.732,3.972,78.961,7.28,1899,1200,74.055,4.0,56.58645743402973,11.050723509374999,6.520123853124999,11.950277354166666,6.5660864583333325,8.488119706859148
1051,14,5.775,3.086,90.0,6.325,801,1194,108.435,3.0,37.72430495601982,9.47978732421875,5.065735702604166,10.382624212239582,4.92456484375,6.930520719155746
1052,1,1.128,1.128,0.0,1.414,1474,1195,135.0,1.0,2.694593211144273,1.8516363812499996,1.8516363812499996,2.3211115630208328,1.6415216145833331,1.8522595745013535
1053,31,8.139,4.85,70.998,8.944,395,1205,63.435,5.0,83.53238954547245,13.360344421093748,7.961379830729165,14.681769320833332,8.207608072916665,10.312944849619335
1054,27,8.404,4.09,92.925,9.22,2097,1197,102.529,4.713,72.75401670089536,13.795347648958332,6.713823403645832,15.134829286458332,7.736491369531249,9.624623075526761
1055,4,2.257,2.257,0.0,2.828,2720,1198,135.0,2.0,10.778372844577092,3.704914284114583,3.704914284114583,4.6422231260416655,3.2830432291666662,3.704519149002707
1056,8,3.538,2.879,135.0,4.243,778,1199,135.0,3.0,21.556745689154184,5.807703472395832,4.7259407283854165,6.964976210677083,4.92456484375,5.238981222590464
1057,8,3.978,2.56,114.407,4.472,1259,1200,116.565,3.0,21.556745689154184,6.5299729828125,4.202295333333333,7.340884660416666,4.92456484375,5.238981222590464
1058,7,3.086,2.888,90.0,3.606,3308,1200,123.69,3.0,18.86215247800991,5.065735702604166,4.740714422916666,5.919326942187499,4.92456484375,4.900618197668896
1059,2,2.257,1.128,90.0,2.236,2207,1201,116.565,1.0,5.389186422288546,3.704914284114583,1.8516363812499996,3.670442330208333,1.6415216145833331,2.619490611295232
1060,13,4.762,3.476,45.0,5.657,1948,1206,45.0,4.0,35.02971174487555,7.816925928645832,5.705929132291666,9.286087773697915,6.5660864583333325,6.678416871333741
1061,5,2.523,2.523,0.0,3.162,275,1204,108.435,2.828,13.472966055721365,4.14155903359375,4.14155903359375,5.190491345312499,4.6422231260416655,4.141778320559863
1062,113,15.176,9.481,5.924,15.811,1058,1210,18.435,10.0,304.4890328593028,24.911732022916663,15.563266427864582,25.95409824817708,16.41521614583333,19.689789359983223
1063,8,4.044,2.519,160.67,4.472,2593,1204,153.435,3.0,21.556745689154184,6.638313409374999,4.134992947135417,7.340884660416666,4.92456484375,5.238981222590464
1064,9,3.919,2.924,110.301,4.472,2618,1204,116.565,3.0,24.251338900298457,6.433123207552082,4.799809201041666,7.340884660416666,4.92456484375,5.55677872350406
1065,5,3.144,2.025,71.565,3.606,632,1208,56.31,2.0,13.472966055721365,5.16094395625,3.3240812695312494,5.919326942187499,3.2830432291666662,4.141778320559863
1066,1,1.128,1.128,0.0,1.414,2083,1205,135.0,1.0,2.694593211144273,1.8516363812499996,1.8516363812499996,2.3211115630208328,1.6415216145833331,1.8522595745013535
1067,2,2.257,1.128,0.0,2.236,2318,1205,153.435,1.0,5.389186422288546,3.704914284114583,1.8516363812499996,3.670442330208333,1.6415216145833331,2.619490611295232
1068,1,1.128,1.128,0.0,1.414,350,1206,135.0,1.0,2.694593211144273,1.8516363812499996,1.8516363812499996,2.3211115630208328,1.6415216145833331,1.8522595745013535
1069,9,3.385,3.385,0.0,4.243,3047,1209,135.0,3.0,24.251338900298457,5.556550665364583,5.556550665364583,6.964976210677083,4.92456484375,5.55677872350406
1070,3,2.365,1.615,45.0,2.828,1824,1212,45.0,2.0,8.083779633432819,3.8821986184895834,2.651057407552083,4.6422231260416655,3.2830432291666662,3.208207691842254
1071,2,2.257,1.128,90.0,2.236,1899,1210,116.565,1.0,5.389186422288546,3.704914284114583,1.8516363812499996,3.670442330208333,1.6415216145833331,2.619490611295232
1072,51,8.859,7.329,42.512,10.0,120,1219,36.87,8.277,137.42425376835791,14.542239983593747,12.030711913281248,16.41521614583333,13.586874403906247,13.227779182384648
1073,2,2.257,1.128,0.0,2.236,962,1213,153.435,1.0,5.389186422288546,3.704914284114583,1.8516363812499996,3.670442330208333,1.6415216145833331,2.619490611295232
1074,22,6.863,4.081,92.127,7.28,440,1215,105.945,4.0,59.281050645174005,11.265762840885415,6.6990497091145835,11.950277354166666,6.5660864583333325,8.687867499524987
1075,3,2.365,1.615,45.0,2.828,2747,1217,45.0,2.0,8.083779633432819,3.8821986184895834,2.651057407552083,4.6422231260416655,3.2830432291666662,3.208207691842254
1076,7,3.086,2.888,90.0,3.606,40,1216,123.69,3.0,18.86215247800991,5.065735702604166,4.740714422916666,5.919326942187499,4.92456484375,4.900618197668896
1077,19,6.785,3.566,138.375,7.81,398,1217,140.194,4.715,51.197271011741186,11.137724154947916,5.853666077604165,12.82028380989583,7.739774412760416,8.073812302457046
1078,7,4.154,2.146,98.35,4.472,1936,1217,116.565,2.0,18.86215247800991,6.818880786979165,3.5227053848958327,7.340884660416666,3.2830432291666662,4.900618197668896
1079,17,5.079,4.262,80.538,5.831,274,1223,59.036,4.0,45.80808458945264,8.337288280468748,6.996165121354165,9.571712534635417,6.5660864583333325,7.637061871730705
1080,2,2.257,1.128,90.0,2.236,117,1219,116.565,1.0,5.389186422288546,3.704914284114583,1.8516363812499996,3.670442330208333,1.6415216145833331,2.619490611295232
1081,9,3.923,2.921,101.981,4.472,991,1220,116.565,3.0,24.251338900298457,6.439689294010416,4.794884636197915,7.340884660416666,4.92456484375,5.55677872350406
1082,8,3.538,2.879,135.0,4.243,1183,1220,135.0,3.0,21.556745689154184,5.807703472395832,4.7259407283854165,6.964976210677083,4.92456484375,5.238981222590464
1083,11,5.235,2.675,90.0,5.385,2084,1221,111.801,3.0,29.640525322587003,8.59336565234375,4.3910703190104154,8.839593894531248,4.92456484375,6.143250022964334
1084,6,3.988,1.916,108.435,4.472,996,1223,116.565,2.0,16.167559266865638,6.546388198958333,3.145155413541666,7.340884660416666,3.2830432291666662,4.537090828712999
1085,3,2.365,1.615,135.0,2.828,175,1224,135.0,2.0,8.083779633432819,3.8821986184895834,2.651057407552083,4.6422231260416655,3.2830432291666662,3.208207691842254
1086,10,5.642,2.257,90.0,5.385,1266,1225,111.801,2.0,26.94593211144273,9.261464949479166,3.704914284114583,8.839593894531248,3.2830432291666662,5.857359073278618
1087,13,4.66,3.552,101.31,5.385,1422,1225,111.801,4.0,35.02971174487555,7.6494907239583325,5.830684774999999,8.839593894531248,6.5660864583333325,6.678416871333741
1088,61,11.023,7.046,75.804,12.649,273,1239,71.565,8.0,164.37018587980066,18.094492757552082,11.566161296354165,20.76360690286458,13.132172916666665,14.466609741444193
1089,8,4.044,2.519,109.33,4.472,146,1229,116.565,3.0,21.556745689154184,6.638313409374999,4.134992947135417,7.340884660416666,4.92456484375,5.238981222590464
1090,3,2.365,1.615,135.0,2.828,1824,1229,135.0,2.0,8.083779633432819,3.8821986184895834,2.651057407552083,4.6422231260416655,3.2830432291666662,3.208207691842254
1091,37,11.443,4.117,60.485,12.207,2175,1242,55.008,5.145,99.6999488123381,18.78393183567708,6.758144487239583,20.038054349218747,8.445628707031249,11.266855136162956
1092,57,10.023,7.241,15.936,10.817,489,1238,33.69,7.0,153.59181303522357,16.452971142968746,11.886258011197915,17.756339304947915,11.490651302083332,13.984253118630264
1093,1,1.128,1.128,0.0,1.414,997,1232,135.0,1.0,2.694593211144273,1.8516363812499996,1.8516363812499996,2.3211115630208328,1.6415216145833331,1.8522595745013535
1094,7,4.154,2.146,81.65,4.472,2788,1236,63.435,2.0,18.86215247800991,6.818880786979165,3.5227053848958327,7.340884660416666,3.2830432291666662,4.900618197668896
1095,6,3.718,2.055,0.0,4.123,1051,1235,165.964,2.0,16.167559266865638,6.103177363020833,3.37332691796875,6.7679936169270825,3.2830432291666662,4.537090828712999
1096,1,1.128,1.128,0.0,1.414,1116,1235,135.0,1.0,2.694593211144273,1.8516363812499996,1.8516363812499996,2.3211115630208328,1.6415216145833331,1.8522595745013535
1097,31,7.487,5.272,107.271,8.544,1084,1236,110.556,5.814,83.53238954547245,12.290072328385415,8.654101952083332,14.025160674999999,9.543806667187498,10.312944849619335
1098,9,3.919,2.924,110.301,4.472,1397,1236,116.565,3.0,24.251338900298457,6.433123207552082,4.799809201041666,7.340884660416666,4.92456484375,5.55677872350406
1099,3,2.365,1.615,45.0,2.828,3046,1238,45.0,2.0,8.083779633432819,3.8821986184895834,2.651057407552083,4.6422231260416655,3.2830432291666662,3.208207691842254
1100,17,6.541,3.309,85.692,6.708,1839,1243,63.435,3.0,45.80808458945264,10.737192880989582,5.4317950226562495,11.011326990625,4.92456484375,7.637061871730705
1101,21,7.935,3.37,92.259,9.22,2316,1247,77.471,4.0,56.58645743402973,13.025474011718748,5.531927841145833,15.134829286458332,6.5660864583333325,8.488119706859148
1102,1,1.128,1.128,0.0,1.414,1899,1239,135.0,1.0,2.694593211144273,1.8516363812499996,1.8516363812499996,2.3211115630208328,1.6415216145833331,1.8522595745013535
1103,13,4.38,3.779,135.0,5.0,794,1240,126.87,4.0,35.02971174487555,7.189864671874999,6.203310181510416,8.207608072916665,6.5660864583333325,6.678416871333741
1104,1,1.128,1.128,0.0,1.414,1152,1241,135.0,1.0,2.694593211144273,1.8516363812499996,1.8516363812499996,2.3211115630208328,1.6415216145833331,1.8522595745013535
1105,1,1.128,1.128,0.0,1.414,1899,1241,135.0,1.0,2.694593211144273,1.8516363812499996,1.8516363812499996,2.3211115630208328,1.6415216145833331,1.8522595745013535
1106,16,5.652,3.604,58.039,6.403,126,1248,51.34,4.0,43.11349137830837,9.277880165625,5.916043898958333,10.510662898177081,6.5660864583333325,7.409038298005414
1107,8,3.538,2.879,45.0,4.243,1721,1246,45.0,3.0,21.556745689154184,5.807703472395832,4.7259407283854165,6.964976210677083,4.92456484375,5.238981222590464
1108,8,3.538,2.879,135.0,4.243,454,1244,135.0,3.0,21.556745689154184,5.807703472395832,4.7259407283854165,6.964976210677083,4.92456484375,5.238981222590464
1109,6,3.14,2.433,135.0,3.606,3004,1244,123.69,2.828,16.167559266865638,5.1543778697916665,3.993822088281249,5.919326942187499,4.6422231260416655,4.537090828712999
1110,1,1.128,1.128,0.0,1.414,3769,1244,135.0,1.0,2.694593211144273,1.8516363812499996,1.8516363812499996,2.3211115630208328,1.6415216145833331,1.8522595745013535
1111,1,1.128,1.128,0.0,1.414,734,1247,135.0,1.0,2.694593211144273,1.8516363812499996,1.8516363812499996,2.3211115630208328,1.6415216145833331,1.8522595745013535
1112,8,3.538,2.879,135.0,4.243,147,1248,135.0,3.0,21.556745689154184,5.807703472395832,4.7259407283854165,6.964976210677083,4.92456484375,5.238981222590464
1113,9,3.923,2.921,168.019,4.472,218,1249,153.435,3.0,24.251338900298457,6.439689294010416,4.794884636197915,7.340884660416666,4.92456484375,5.55677872350406
1114,5,2.523,2.523,0.0,3.162,1611,1248,108.435,2.828,13.472966055721365,4.14155903359375,4.14155903359375,5.190491345312499,4.6422231260416655,4.141778320559863
1115,811,190.709,5.415,90.842,185.024,2317,1248,90.929,8.506,2185.3150942380053,313.0529455955729,8.888839542968748,303.72089521666663,13.962782853645832,52.74876250596026
1116,2,2.596,0.981,45.0,2.828,2085,1251,45.0,1.414,5.389186422288546,4.261390111458333,1.6103327039062498,4.6422231260416655,2.3211115630208328,2.619490611295232
1117,18,5.282,4.339,90.0,5.831,1538,1250,120.964,4.0,48.50267780059691,8.670517168229166,7.122562285677083,9.571712534635417,6.5660864583333325,7.858471833885696
1118,2,2.257,1.128,90.0,2.236,1769,1250,116.565,1.0,5.389186422288546,3.704914284114583,1.8516363812499996,3.670442330208333,1.6415216145833331,2.619490611295232
1119,2,2.257,1.128,0.0,2.236,906,1251,153.435,1.0,5.389186422288546,3.704914284114583,1.8516363812499996,3.670442330208333,1.6415216145833331,2.619490611295232
1120,1,1.128,1.128,0.0,1.414,1771,1253,135.0,1.0,2.694593211144273,1.8516363812499996,1.8516363812499996,2.3211115630208328,1.6415216145833331,1.8522595745013535
1121,1,1.128,1.128,0.0,1.414,349,1254,135.0,1.0,2.694593211144273,1.8516363812499996,1.8516363812499996,2.3211115630208328,1.6415216145833331,1.8522595745013535
1122,2,2.257,1.128,90.0,2.236,1721,1255,116.565,1.0,5.389186422288546,3.704914284114583,1.8516363812499996,3.670442330208333,1.6415216145833331,2.619490611295232
1123,23,6.196,4.726,113.091,6.708,1127,1256,116.565,5.0,61.97564385631828,10.170867923958332,7.757831150520833,11.011326990625,8.207608072916665,8.883124856751396
1124,14,5.283,3.374,77.612,5.831,1769,1261,59.036,3.881,37.72430495601982,8.67215868984375,5.538493927604166,9.571712534635417,6.370745386197916,6.930520719155746
1125,2,2.257,1.128,90.0,2.236,2393,1256,116.565,1.0,5.389186422288546,3.704914284114583,1.8516363812499996,3.670442330208333,1.6415216145833331,2.619490611295232
1126,4,4.514,1.128,90.0,4.123,325,1258,104.036,1.0,10.778372844577092,7.409828568229166,1.8516363812499996,6.7679936169270825,1.6415216145833331,3.704519149002707
1127,2,2.257,1.128,0.0,2.236,434,1258,153.435,1.0,5.389186422288546,3.704914284114583,1.8516363812499996,3.670442330208333,1.6415216145833331,2.619490611295232
1128,21,6.433,4.156,94.448,6.708,863,1258,116.565,4.0,56.58645743402973,10.559908546614581,6.822163830208332,11.011326990625,6.5660864583333325,8.488119706859148
1129,12,4.257,3.589,90.0,5.099,2241,1258,101.31,4.0,32.335118533731276,6.987957513281248,5.891421074739583,8.370118712760416,6.5660864583333325,6.416415383684508
1130,5,3.144,2.025,71.565,3.606,3219,1261,56.31,2.0,13.472966055721365,5.16094395625,3.3240812695312494,5.919326942187499,3.2830432291666662,4.141778320559863
1131,3,3.385,1.128,90.0,3.162,1357,1259,108.435,1.0,8.083779633432819,5.556550665364583,1.8516363812499996,5.190491345312499,1.6415216145833331,3.208207691842254
1132,6,3.385,2.257,90.0,3.606,648,1261,123.69,2.0,16.167559266865638,5.556550665364583,3.704914284114583,5.919326942187499,3.2830432291666662,4.537090828712999
1133,1,1.128,1.128,0.0,1.414,800,1261,135.0,1.0,2.694593211144273,1.8516363812499996,1.8516363812499996,2.3211115630208328,1.6415216145833331,1.8522595745013535
1134,1,1.128,1.128,0.0,1.414,1771,1262,135.0,1.0,2.694593211144273,1.8516363812499996,1.8516363812499996,2.3211115630208328,1.6415216145833331,1.8522595745013535
1135,9,3.923,2.921,101.981,4.472,36,1263,116.565,3.0,24.251338900298457,6.439689294010416,4.794884636197915,7.340884660416666,4.92456484375,5.55677872350406
1136,36,11.127,4.119,82.962,12.369,1721,1277,75.964,5.0,97.00535560119383,18.26521100546875,6.761427530468748,20.303980850781247,8.207608072916665,11.11355744700812
1137,20,5.642,4.514,0.0,6.403,1429,1266,141.34,4.0,53.89186422288546,9.261464949479166,7.409828568229166,10.510662898177081,6.5660864583333325,8.283556641119725
1138,8,4.044,2.519,19.33,4.472,1898,1268,26.565,3.0,21.556745689154184,6.638313409374999,4.134992947135417,7.340884660416666,4.92456484375,5.238981222590464
1139,8,3.651,2.79,34.722,4.472,2289,1269,26.565,3.0,21.556745689154184,5.993195414843749,4.5798453046875,7.340884660416666,4.92456484375,5.238981222590464
1140,22,7.486,3.742,97.475,8.246,274,1268,104.036,4.0,59.281050645174005,12.288430806770831,6.142573881770833,13.535987233854165,6.5660864583333325,8.687867499524987
1141,1,1.128,1.128,0.0,1.414,2241,1268,135.0,1.0,2.694593211144273,1.8516363812499996,1.8516363812499996,2.3211115630208328,1.6415216145833331,1.8522595745013535
1142,5,3.145,2.025,130.935,4.243,1532,1269,135.0,2.828,13.472966055721365,5.1625854778645826,3.3240812695312494,6.964976210677083,4.6422231260416655,4.141778320559863
1143,6,3.14,2.433,45.0,3.606,1977,1272,33.69,2.828,16.167559266865638,5.1543778697916665,3.993822088281249,5.919326942187499,4.6422231260416655,4.537090828712999
1144,4,3.216,1.583,58.283,3.606,33,1273,56.31,2.0,10.778372844577092,5.2791335125,2.5985287158854162,5.919326942187499,3.2830432291666662,3.704519149002707
1145,22,6.461,4.335,95.23,7.28,89,1271,105.945,4.0,59.281050645174005,10.605871151822916,7.115996199218749,11.950277354166666,6.5660864583333325,8.687867499524987
1146,4,2.734,1.863,90.0,3.162,2077,1272,108.435,2.0,10.778372844577092,4.487920094270833,3.0581547679687495,5.190491345312499,3.2830432291666662,3.704519149002707
1147,9,4.204,2.726,144.217,5.0,1199,1273,143.13,3.0,24.251338900298457,6.900956867708332,4.474787921354166,8.207608072916665,4.92456484375,5.55677872350406
1148,2,2.257,1.128,90.0,2.236,117,1274,116.565,1.0,5.389186422288546,3.704914284114583,1.8516363812499996,3.670442330208333,1.6415216145833331,2.619490611295232
1149,6,3.385,2.257,90.0,3.606,1898,1275,123.69,2.0,16.167559266865638,5.556550665364583,3.704914284114583,5.919326942187499,3.2830432291666662,4.537090828712999
1150,10,4.111,3.097,90.0,4.472,3046,1277,116.565,3.0,26.94593211144273,6.748295357552082,5.083792440364583,7.340884660416666,4.92456484375,5.857359073278618
1151,5,3.144,2.025,161.565,3.606,69,1282,146.31,2.0,13.472966055721365,5.16094395625,3.3240812695312494,5.919326942187499,3.2830432291666662,4.141778320559863
1152,26,6.472,5.115,138.927,7.211,1536,1285,146.31,5.657,70.0594234897511,10.623927889583333,8.396383058593749,11.837012362760415,9.286087773697915,9.444707714621469
1153,91,13.682,8.469,5.564,15.524,2356,1292,14.931,9.0,245.20798221412883,22.459298730729163,13.902046553906247,25.482981544791663,14.773694531249998,17.669430193167123
1154,1,1.128,1.128,0.0,1.414,864,1285,135.0,1.0,2.694593211144273,1.8516363812499996,1.8516363812499996,2.3211115630208328,1.6415216145833331,1.8522595745013535
1155,6,3.385,2.257,90.0,3.606,1436,1285,123.69,2.0,16.167559266865638,5.556550665364583,3.704914284114583,5.919326942187499,3.2830432291666662,4.537090828712999
1156,10,4.111,3.097,90.0,4.472,686,1287,116.565,3.0,26.94593211144273,6.748295357552082,5.083792440364583,7.340884660416666,4.92456484375,5.857359073278618
1157,22,5.554,5.043,134.999,6.403,1488,1289,128.66,5.0,59.281050645174005,9.117011047395833,8.278193502343749,10.510662898177081,8.207608072916665,8.687867499524987
1158,4,2.734,1.863,90.0,3.162,927,1290,108.435,2.0,10.778372844577092,4.487920094270833,3.0581547679687495,5.190491345312499,3.2830432291666662,3.704519149002707
1159,11,3.994,3.507,71.565,4.472,1721,1290,116.565,4.0,29.640525322587003,6.556237328645833,5.75681630234375,7.340884660416666,6.5660864583333325,6.143250022964334
1160,2,2.257,1.128,0.0,2.236,2977,1290,153.435,1.0,5.389186422288546,3.704914284114583,1.8516363812499996,3.670442330208333,1.6415216145833331,2.619490611295232
1161,2,2.257,1.128,0.0,2.236,661,1292,153.435,1.0,5.389186422288546,3.704914284114583,1.8516363812499996,3.670442330208333,1.6415216145833331,2.619490611295232
1162,6,3.14,2.433,45.0,3.606,1058,1294,33.69,2.828,16.167559266865638,5.1543778697916665,3.993822088281249,5.919326942187499,4.6422231260416655,4.537090828712999
1163,9,4.196,2.731,83.953,4.472,2326,1292,116.565,3.0,24.251338900298457,6.887824694791665,4.4829955294270825,7.340884660416666,4.92456484375,5.55677872350406
1164,15,4.659,4.099,45.001,5.657,498,1297,45.0,4.0,40.418898167164095,7.647849202343749,6.728597098177083,9.286087773697915,6.5660864583333325,7.173770484896978
1165,12,4.282,3.568,151.845,5.385,1536,1294,158.199,4.0,32.335118533731276,7.028995553645832,5.856949120833333,8.839593894531248,6.5660864583333325,6.416415383684508
1166,14,4.974,3.584,0.0,5.385,2411,1294,158.199,4.0,37.72430495601982,8.1649285109375,5.883213466666666,8.839593894531248,6.5660864583333325,6.930520719155746
1167,4,4.514,1.128,90.0,4.123,1839,1294,104.036,1.0,10.778372844577092,7.409828568229166,1.8516363812499996,6.7679936169270825,1.6415216145833331,3.704519149002707
1168,17,6.166,3.51,167.913,6.708,95,1297,153.435,4.0,45.80808458945264,10.121622275520833,5.761740867187499,11.011326990625,6.5660864583333325,7.637061871730705
1169,11,3.994,3.507,71.565,4.472,1738,1296,116.565,4.0,29.640525322587003,6.556237328645833,5.75681630234375,7.340884660416666,6.5660864583333325,6.143250022964334
1170,39,9.058,5.482,79.154,9.487,864,1308,71.565,6.0,105.08913523462664,14.86890278489583,8.998821491145833,15.573115557552082,9.8491296875,11.56735733527522
1171,24,9.002,3.395,86.723,9.22,1838,1300,102.529,4.0,64.67023706746255,14.776977574479165,5.572965881510416,15.134829286458332,6.5660864583333325,9.074181657425997
1172,5,3.732,1.706,95.152,4.123,1889,1300,104.036,2.0,13.472966055721365,6.126158665625,2.800435874479166,6.7679936169270825,3.2830432291666662,4.141778320559863
1173,20,5.714,4.456,96.247,6.325,116,1302,108.435,5.0,53.89186422288546,9.379654505729166,7.314620314583333,10.382624212239582,8.207608072916665,8.283556641119725
1174,14,4.699,3.794,35.515,5.657,468,1306,45.0,4.0,37.72430495601982,7.713510066927082,6.227933005729166,9.286087773697915,6.5660864583333325,6.930520719155746
1175,36,7.908,5.796,19.963,8.944,200,1308,26.565,6.0,97.00535560119383,12.981152928124999,9.514259278125,14.681769320833332,9.8491296875,11.11355744700812
1176,21,11.909,2.245,89.204,11.18,1721,1314,79.695,2.0,56.58645743402973,19.548880908072917,3.685216024739583,18.352211651041664,3.2830432291666662,8.488119706859148
1177,2671,116.137,29.283,25.01,123.004,1182,1360,25.523,33.541,7197.258466966353,190.64139575286455,48.068677439843746,201.9137246802083,55.05827647473957,95.72795743244288
1178,2,2.596,0.981,45.0,2.828,577,1309,45.0,1.414,5.389186422288546,4.261390111458333,1.6103327039062498,4.6422231260416655,2.3211115630208328,2.619490611295232
1179,3,2.365,1.615,135.0,2.828,2956,1307,135.0,2.0,8.083779633432819,3.8821986184895834,2.651057407552083,4.6422231260416655,3.2830432291666662,3.208207691842254
1180,20,6.517,3.907,83.137,7.28,864,1316,74.055,4.0,53.89186422288546,10.697796362239583,6.413424948177083,11.950277354166666,6.5660864583333325,8.283556641119725
1181,8,3.824,2.664,17.296,4.472,932,1312,26.565,3.0,21.556745689154184,6.277178654166666,4.3730135812499995,7.340884660416666,4.92456484375,5.238981222590464
1182,5,2.791,2.281,90.0,3.606,1770,1309,123.69,3.0,13.472966055721365,4.581486826302083,3.7443108028645833,5.919326942187499,4.92456484375,4.141778320559863
1183,3,2.365,1.615,135.0,2.828,33,1310,135.0,2.0,8.083779633432819,3.8821986184895834,2.651057407552083,4.6422231260416655,3.2830432291666662,3.208207691842254
1184,22,7.489,3.741,91.315,8.246,455,1310,104.036,4.0,59.281050645174005,12.293355371614581,6.140932360156249,13.535987233854165,6.5660864583333325,8.687867499524987
1185,1,1.128,1.128,0.0,1.414,466,1311,135.0,1.0,2.694593211144273,1.8516363812499996,1.8516363812499996,2.3211115630208328,1.6415216145833331,1.8522595745013535
1186,3,2.365,1.615,45.0,2.828,1435,1313,45.0,2.0,8.083779633432819,3.8821986184895834,2.651057407552083,4.6422231260416655,3.2830432291666662,3.208207691842254
1187,7,3.086,2.888,0.0,3.606,2046,1312,123.69,3.0,18.86215247800991,5.065735702604166,4.740714422916666,5.919326942187499,4.92456484375,4.900618197668896
1188,3,2.365,1.615,45.0,2.828,200,1316,45.0,2.0,8.083779633432819,3.8821986184895834,2.651057407552083,4.6422231260416655,3.2830432291666662,3.208207691842254
1189,4,2.734,1.863,90.0,3.162,218,1315,108.435,2.0,10.778372844577092,4.487920094270833,3.0581547679687495,5.190491345312499,3.2830432291666662,3.704519149002707
1190,7,4.154,2.146,81.65,4.472,1721,1320,63.435,2.0,18.86215247800991,6.818880786979165,3.5227053848958327,7.340884660416666,3.2830432291666662,4.900618197668896
1191,28,6.16,5.787,175.935,7.211,2546,1318,146.31,6.0,75.44860991203964,10.111773145833332,9.49948558359375,11.837012362760415,9.8491296875,9.801236395337792
1192,3,2.365,1.615,45.0,2.828,2777,1319,45.0,2.0,8.083779633432819,3.8821986184895834,2.651057407552083,4.6422231260416655,3.2830432291666662,3.208207691842254
1193,19,5.301,4.564,135.0,5.831,87,1319,120.964,4.95,51.197271011741186,8.701706078906248,7.491904648958332,9.571712534635417,8.125531992187499,8.073812302457046
1194,3,2.365,1.615,45.0,2.828,1051,1321,45.0,2.0,8.083779633432819,3.8821986184895834,2.651057407552083,4.6422231260416655,3.2830432291666662,3.208207691842254
1195,5,4.183,1.522,100.901,4.472,449,1320,116.565,2.0,13.472966055721365,6.866484913802082,2.498395897395833,7.340884660416666,3.2830432291666662,4.141778320559863
1196,14,5.203,3.426,93.563,6.083,455,1320,99.462,4.0,37.72430495601982,8.540836960677083,5.6238530515625,9.985375981510415,6.5660864583333325,6.930520719155746
1197,10,4.444,2.865,153.435,5.0,1536,1320,143.13,3.0,26.94593211144273,7.294922055208333,4.70295942578125,8.207608072916665,4.92456484375,5.857359073278618
1198,4,2.734,1.863,90.0,3.162,1897,1322,108.435,2.0,10.778372844577092,4.487920094270833,3.0581547679687495,5.190491345312499,3.2830432291666662,3.704519149002707
1199,123,16.651,9.406,6.113,17.088,194,1332,20.556,10.0,331.43496497074557,27.33297640442708,15.440152306770832,28.050321349999997,16.41521614583333,20.542552430353634
1200,11,4.982,2.811,76.717,5.385,88,1330,68.199,3.0,29.640525322587003,8.178060683854167,4.61431725859375,8.839593894531248,4.92456484375,6.143250022964334
1201,1,1.128,1.128,0.0,1.414,1897,1326,135.0,1.0,2.694593211144273,1.8516363812499996,1.8516363812499996,2.3211115630208328,1.6415216145833331,1.8522595745013535
1202,18,5.349,4.285,0.0,5.831,2242,1327,149.036,4.0,48.50267780059691,8.780499116406249,7.033920118489583,9.571712534635417,6.5660864583333325,7.858471833885696
1203,13,5.612,2.949,95.867,6.325,1897,1328,108.435,3.0,35.02971174487555,9.212219301041666,4.840847241406249,10.382624212239582,4.92456484375,6.678416871333741
1204,2,2.596,0.981,45.0,2.828,339,1331,45.0,1.414,5.389186422288546,4.261390111458333,1.6103327039062498,4.6422231260416655,2.3211115630208328,2.619490611295232
1205,17,5.083,4.258,138.467,5.831,1638,1331,120.964,4.919,45.80808458945264,8.343854366927083,6.989599034895832,9.571712534635417,8.074644822135415,7.637061871730705
1206,40,13.839,3.68,83.113,14.318,122,1346,77.905,4.528,107.78372844577092,22.717017624218748,6.040799541666666,23.503306477604163,7.4328098708333314,11.714718146557235
1207,3,2.365,1.615,45.0,2.828,2776,1334,45.0,2.0,8.083779633432819,3.8821986184895834,2.651057407552083,4.6422231260416655,3.2830432291666662,3.208207691842254
1208,7,3.855,2.312,59.036,4.472,811,1337,63.435,2.828,18.86215247800991,6.328065824218749,3.795197972916666,7.340884660416666,4.6422231260416655,4.900618197668896
1209,7,3.855,2.312,59.036,4.472,863,1337,63.435,2.828,18.86215247800991,6.328065824218749,3.795197972916666,7.340884660416666,4.6422231260416655,4.900618197668896
1210,5,3.144,2.025,71.565,3.606,1997,1337,56.31,2.0,13.472966055721365,5.16094395625,3.3240812695312494,5.919326942187499,3.2830432291666662,4.141778320559863
1211,20,6.657,3.826,93.74,7.28,486,1335,105.945,4.0,53.89186422288546,10.92760938828125,6.2804616973958325,11.950277354166666,6.5660864583333325,8.283556641119725
1212,9,3.919,2.924,69.699,4.472,468,1340,63.435,3.0,24.251338900298457,6.433123207552082,4.799809201041666,7.340884660416666,4.92456484375,5.55677872350406
1213,1,1.128,1.128,0.0,1.414,1367,1336,135.0,1.0,2.694593211144273,1.8516363812499996,1.8516363812499996,2.3211115630208328,1.6415216145833331,1.8522595745013535
1214,63,10.271,7.81,18.802,11.402,537,1343,15.255,8.0,169.7593723020892,16.860068503385417,12.82028380989583,18.716629449479164,13.132172916666665,14.701854593006688
1215,1,1.128,1.128,0.0,1.414,141,1339,135.0,1.0,2.694593211144273,1.8516363812499996,1.8516363812499996,2.3211115630208328,1.6415216145833331,1.8522595745013535
1216,5,3.144,2.025,108.435,3.606,1824,1340,123.69,2.0,13.472966055721365,5.16094395625,3.3240812695312494,5.919326942187499,3.2830432291666662,4.141778320559863
1217,3,2.365,1.615,45.0,2.828,3218,1342,45.0,2.0,8.083779633432819,3.8821986184895834,2.651057407552083,4.6422231260416655,3.2830432291666662,3.208207691842254
1218,1,1.128,1.128,0.0,1.414,88,1341,135.0,1.0,2.694593211144273,1.8516363812499996,1.8516363812499996,2.3211115630208328,1.6415216145833331,1.8522595745013535
1219,40,11.06,4.605,88.92,11.18,1721,1341,100.305,5.0,107.78372844577092,18.155229057291667,7.55920703515625,18.352211651041664,8.207608072916665,11.714718146557235
1220,8,3.538,2.879,135.0,4.243,2261,1341,135.0,3.0,21.556745689154184,5.807703472395832,4.7259407283854165,6.964976210677083,4.92456484375,5.238981222590464
1221,36,11.595,3.953,81.748,12.649,389,1354,71.565,4.0,97.00535560119383,19.03344312109375,6.488934942447916,20.76360690286458,6.5660864583333325,11.11355744700812
1222,6,3.988,1.916,71.565,4.472,1440,1346,63.435,2.0,16.167559266865638,6.546388198958333,3.145155413541666,7.340884660416666,3.2830432291666662,4.537090828712999
1223,1,1.128,1.128,0.0,1.414,1967,1342,135.0,1.0,2.694593211144273,1.8516363812499996,1.8516363812499996,2.3211115630208328,1.6415216145833331,1.8522595745013535
1224,2,2.257,1.128,0.0,2.236,425,1343,153.435,1.0,5.389186422288546,3.704914284114583,1.8516363812499996,3.670442330208333,1.6415216145833331,2.619490611295232
1225,1,1.128,1.128,0.0,1.414,487,1343,135.0,1.0,2.694593211144273,1.8516363812499996,1.8516363812499996,2.3211115630208328,1.6415216145833331,1.8522595745013535
1226,9,4.237,2.704,104.036,5.0,28,1345,126.87,3.0,24.251338900298457,6.955127080989582,4.438674445833333,8.207608072916665,4.92456484375,5.55677872350406
1227,2,2.257,1.128,90.0,2.236,705,1345,116.565,1.0,5.389186422288546,3.704914284114583,1.8516363812499996,3.670442330208333,1.6415216145833331,2.619490611295232
1228,1,1.128,1.128,0.0,1.414,1825,1345,135.0,1.0,2.694593211144273,1.8516363812499996,1.8516363812499996,2.3211115630208328,1.6415216145833331,1.8522595745013535
1229,9,3.919,2.924,69.699,4.472,87,1351,63.435,3.0,24.251338900298457,6.433123207552082,4.799809201041666,7.340884660416666,4.92456484375,5.55677872350406
1230,3,2.365,1.615,135.0,2.828,1508,1349,135.0,2.0,8.083779633432819,3.8821986184895834,2.651057407552083,4.6422231260416655,3.2830432291666662,3.208207691842254
1231,2,2.257,1.128,90.0,2.236,121,1350,116.565,1.0,5.389186422288546,3.704914284114583,1.8516363812499996,3.670442330208333,1.6415216145833331,2.619490611295232
1232,10,4.875,2.612,96.842,5.385,3044,1350,111.801,3.0,26.94593211144273,8.00241787109375,4.287654457291667,8.839593894531248,4.92456484375,5.857359073278618
1233,3,3.385,1.128,90.0,3.162,1110,1351,108.435,1.0,8.083779633432819,5.556550665364583,1.8516363812499996,5.190491345312499,1.6415216145833331,3.208207691842254
1234,11,4.68,2.993,153.435,5.831,1748,1351,149.036,3.0,29.640525322587003,7.682321156249999,4.913074192447916,9.571712534635417,4.92456484375,6.143250022964334
1235,1,1.128,1.128,0.0,1.414,2211,1352,135.0,1.0,2.694593211144273,1.8516363812499996,1.8516363812499996,2.3211115630208328,1.6415216145833331,1.8522595745013535
1236,1,1.128,1.128,0.0,1.414,527,1353,135.0,1.0,2.694593211144273,1.8516363812499996,1.8516363812499996,2.3211115630208328,1.6415216145833331,1.8522595745013535
1237,2,2.596,0.981,45.0,2.828,657,1355,45.0,1.414,5.389186422288546,4.261390111458333,1.6103327039062498,4.6422231260416655,2.3211115630208328,2.619490611295232
1238,4,2.257,2.257,0.0,2.828,794,1356,135.0,2.0,10.778372844577092,3.704914284114583,3.704914284114583,4.6422231260416655,3.2830432291666662,3.704519149002707
1239,41,8.033,6.499,5.029,8.602,2628,1364,35.538,6.0,110.4783216569152,13.186343129947915,10.668248973177082,14.120368928645831,9.8491296875,11.86024817550667
1240,23,5.433,5.39,90.0,6.403,516,1359,128.66,5.0,61.97564385631828,8.918386932031249,8.847801502604165,10.510662898177081,8.207608072916665,8.883124856751396
1241,10,4.111,3.097,90.0,4.472,120,1360,116.565,3.0,26.94593211144273,6.748295357552082,5.083792440364583,7.340884660416666,4.92456484375,5.857359073278618
1242,20,5.908,4.31,84.595,6.403,292,1366,51.34,4.0,53.89186422288546,9.698109698958334,7.074958158854165,10.510662898177081,6.5660864583333325,8.283556641119725
1243,8,4.937,2.063,71.421,5.831,488,1366,59.036,3.0,21.556745689154184,8.104192211197915,3.3864590908854164,9.571712534635417,4.92456484375,5.238981222590464
1244,5,3.144,2.025,71.565,3.606,3154,1364,56.31,2.0,13.472966055721365,5.16094395625,3.3240812695312494,5.919326942187499,3.2830432291666662,4.141778320559863
1245,1,1.128,1.128,0.0,1.414,409,1362,135.0,1.0,2.694593211144273,1.8516363812499996,1.8516363812499996,2.3211115630208328,1.6415216145833331,1.8522595745013535
1246,44,20.397,2.747,88.775,21.024,1721,1362,92.726,3.0,118.56210129034801,33.48211637265624,4.509259875260416,34.511350424999996,4.92456484375,12.286500045928667
1247,2,2.257,1.128,0.0,2.236,131,1364,153.435,1.0,5.389186422288546,3.704914284114583,1.8516363812499996,3.670442330208333,1.6415216145833331,2.619490611295232
1248,4,2.257,2.257,0.0,2.828,1056,1364,135.0,2.0,10.778372844577092,3.704914284114583,3.704914284114583,4.6422231260416655,3.2830432291666662,3.704519149002707
1249,27,6.126,5.612,98.001,6.708,1452,1364,116.565,6.0,72.75401670089536,10.055961410937499,9.212219301041666,11.011326990625,9.8491296875,9.624623075526761
1250,28,6.387,5.582,68.252,7.211,1677,1370,56.31,6.0,75.44860991203964,10.484398552343748,9.162973652604165,11.837012362760415,9.8491296875,9.801236395337792
1251,2,2.257,1.128,0.0,2.236,400,1365,153.435,1.0,5.389186422288546,3.704914284114583,1.8516363812499996,3.670442330208333,1.6415216145833331,2.619490611295232
1252,4,3.216,1.583,121.717,3.606,1127,1365,123.69,2.0,10.778372844577092,5.2791335125,2.5985287158854162,5.919326942187499,3.2830432291666662,3.704519149002707
1253,16,5.665,3.596,69.627,6.708,406,1372,63.435,4.0,43.11349137830837,9.299219946614583,5.902911726041666,11.011326990625,6.5660864583333325,7.409038298005414
1254,5,3.144,2.025,108.435,3.606,864,1366,123.69,2.0,13.472966055721365,5.16094395625,3.3240812695312494,5.919326942187499,3.2830432291666662,4.141778320559863
1255,7,3.507,2.542,59.527,4.243,142,1372,45.0,3.0,18.86215247800991,5.75681630234375,4.172747944270832,6.964976210677083,4.92456484375,4.900618197668896
1256,4,3.192,1.596,18.435,3.606,596,1371,33.69,2.0,10.778372844577092,5.239736993749999,2.6198684968749997,5.919326942187499,3.2830432291666662,3.704519149002707
1257,6,3.385,2.257,90.0,3.606,2262,1369,123.69,2.0,16.167559266865638,5.556550665364583,3.704914284114583,5.919326942187499,3.2830432291666662,4.537090828712999
1258,16,4.514,4.514,0.0,5.657,56,1370,135.0,4.0,43.11349137830837,7.409828568229166,7.409828568229166,9.286087773697915,6.5660864583333325,7.409038298005414
1259,8,3.342,3.047,0.0,4.243,2551,1370,135.0,3.0,21.556745689154184,5.485965235937499,5.001716359635417,6.964976210677083,4.92456484375,5.238981222590464
1260,2,2.257,1.128,0.0,2.236,1838,1371,153.435,1.0,5.389186422288546,3.704914284114583,1.8516363812499996,3.670442330208333,1.6415216145833331,2.619490611295232
1261,11,4.384,3.195,15.071,5.0,2288,1375,36.87,3.0,29.640525322587003,7.196430758333333,5.244661558593749,8.207608072916665,4.92456484375,6.143250022964334
1262,8,3.824,2.664,17.296,4.472,1052,1380,26.565,3.0,21.556745689154184,6.277178654166666,4.3730135812499995,7.340884660416666,4.92456484375,5.238981222590464
1263,3,2.365,1.615,45.0,2.828,34,1380,45.0,2.0,8.083779633432819,3.8821986184895834,2.651057407552083,4.6422231260416655,3.2830432291666662,3.208207691842254
1264,4,2.734,1.863,90.0,3.162,87,1378,108.435,2.0,10.778372844577092,4.487920094270833,3.0581547679687495,5.190491345312499,3.2830432291666662,3.704519149002707
1265,2,2.257,1.128,90.0,2.236,121,1380,116.565,1.0,5.389186422288546,3.704914284114583,1.8516363812499996,3.670442330208333,1.6415216145833331,2.619490611295232
1266,1,1.128,1.128,0.0,1.414,491,1381,135.0,1.0,2.694593211144273,1.8516363812499996,1.8516363812499996,2.3211115630208328,1.6415216145833331,1.8522595745013535
1267,19,6.668,3.628,104.891,7.616,622,1381,113.199,4.0,51.197271011741186,10.945666126041665,5.955440417708333,12.501828616666664,6.5660864583333325,8.073812302457046
1268,7,3.086,2.888,0.0,3.606,1777,1381,123.69,3.0,18.86215247800991,5.065735702604166,4.740714422916666,5.919326942187499,4.92456484375,4.900618197668896
1269,26,5.999,5.518,7.132,6.708,2226,1382,153.435,6.0,70.0594234897511,9.847488165885414,9.057916269270832,11.011326990625,9.8491296875,9.444707714621469
1270,1,1.128,1.128,0.0,1.414,1054,1382,135.0,1.0,2.694593211144273,1.8516363812499996,1.8516363812499996,2.3211115630208328,1.6415216145833331,1.8522595745013535
1271,11,4.384,3.195,164.929,5.0,1615,1382,143.13,3.0,29.640525322587003,7.196430758333333,5.244661558593749,8.207608072916665,4.92456484375,6.143250022964334
1272,5,3.144,2.025,71.565,3.606,132,1387,56.31,2.0,13.472966055721365,5.16094395625,3.3240812695312494,5.919326942187499,3.2830432291666662,4.141778320559863
1273,4,2.734,1.863,90.0,3.162,866,1384,108.435,2.0,10.778372844577092,4.487920094270833,3.0581547679687495,5.190491345312499,3.2830432291666662,3.704519149002707
1274,7,4.633,1.924,67.5,5.0,955,1388,53.13,2.53,18.86215247800991,7.605169640364583,3.1582875864583326,8.207608072916665,4.153049684895833,4.900618197668896
1275,5,3.144,2.025,161.565,3.606,1054,1384,146.31,2.0,13.472966055721365,5.16094395625,3.3240812695312494,5.919326942187499,3.2830432291666662,4.141778320559863
1276,26,7.081,4.675,48.507,7.81,460,1392,39.806,5.547,70.0594234897511,11.623614552864582,7.674113548177082,12.82028380989583,9.105520396093748,9.444707714621469
1277,36,9.51,4.82,81.555,9.849,143,1396,66.038,6.0,97.00535560119383,15.610870554687498,7.912134182291666,16.167346382031248,9.8491296875,11.11355744700812
1278,9,4.2,2.729,119.518,5.0,2343,1388,126.87,3.0,24.251338900298457,6.894390781249999,4.479712486197916,8.207608072916665,4.92456484375,5.55677872350406
1279,2,2.257,1.128,90.0,2.236,2677,1390,116.565,1.0,5.389186422288546,3.704914284114583,1.8516363812499996,3.670442330208333,1.6415216145833331,2.619490611295232
1280,5,3.144,2.025,71.565,3.606,2754,1394,56.31,2.0,13.472966055721365,5.16094395625,3.3240812695312494,5.919326942187499,3.2830432291666662,4.141778320559863
1281,3,3.213,1.189,28.155,3.606,217,1395,33.69,1.789,8.083779633432819,5.274208947656249,1.9517691997395832,5.919326942187499,2.936682168489583,3.208207691842254
1282,7,3.086,2.888,90.0,3.606,478,1393,123.69,3.0,18.86215247800991,5.065735702604166,4.740714422916666,5.919326942187499,4.92456484375,4.900618197668896
1283,13,5.359,3.089,14.872,5.831,671,1398,30.964,3.0,35.02971174487555,8.796914332552083,5.0706602674479155,9.571712534635417,4.92456484375,6.678416871333741
1284,16,6.527,3.121,84.645,6.708,214,1402,63.435,3.0,43.11349137830837,10.714211578385415,5.123188959114582,11.011326990625,4.92456484375,7.409038298005414
1285,5,3.144,2.025,71.565,3.606,634,1399,56.31,2.0,13.472966055721365,5.16094395625,3.3240812695312494,5.919326942187499,3.2830432291666662,4.141778320559863
1286,13,5.067,3.267,90.0,5.385,864,1396,111.801,3.0,35.02971174487555,8.31759002109375,5.362851114843749,8.839593894531248,4.92456484375,6.678416871333741
1287,18,5.587,4.102,66.891,6.403,131,1402,51.34,4.0,48.50267780059691,9.171181260677082,6.7335216630208325,10.510662898177081,6.5660864583333325,7.858471833885696
1288,22,5.877,4.766,39.992,6.708,1647,1401,26.565,5.0,59.281050645174005,9.647222528906248,7.823492015104166,11.011326990625,8.207608072916665,8.687867499524987
1289,11,4.384,3.195,15.071,5.0,1756,1400,36.87,3.0,29.640525322587003,7.196430758333333,5.244661558593749,8.207608072916665,4.92456484375,6.143250022964334
1290,3,2.365,1.615,135.0,2.828,454,1399,135.0,2.0,8.083779633432819,3.8821986184895834,2.651057407552083,4.6422231260416655,3.2830432291666662,3.208207691842254
1291,15,4.759,4.014,95.884,5.385,155,1400,111.801,4.0,40.418898167164095,7.812001363802083,6.5890677609375,8.839593894531248,6.5660864583333325,7.173770484896978
1292,20,7.144,3.564,77.987,8.544,270,1408,69.444,4.0,53.89186422288546,11.727030414583332,5.850383034375,14.025160674999999,6.5660864583333325,8.283556641119725
1293,3,2.365,1.615,45.0,2.828,77,1403,45.0,2.0,8.083779633432819,3.8821986184895834,2.651057407552083,4.6422231260416655,3.2830432291666662,3.208207691842254
1294,32,7.918,5.146,5.806,8.246,403,1402,165.964,5.0,86.22698275661674,12.997568144270831,8.447270228645833,13.535987233854165,8.207608072916665,10.477962445180928
1295,3,2.365,1.615,45.0,2.828,675,1404,45.0,2.0,8.083779633432819,3.8821986184895834,2.651057407552083,4.6422231260416655,3.2830432291666662,3.208207691842254
1296,8,3.651,2.79,124.722,4.472,1228,1403,116.565,3.0,21.556745689154184,5.993195414843749,4.5798453046875,7.340884660416666,4.92456484375,5.238981222590464
1297,10,4.049,3.144,63.435,5.0,1825,1407,53.13,3.0,26.94593211144273,6.646521017447917,5.16094395625,8.207608072916665,4.92456484375,5.857359073278618
1298,11,4.384,3.195,105.071,5.0,365,1406,126.87,3.0,29.640525322587003,7.196430758333333,5.244661558593749,8.207608072916665,4.92456484375,6.143250022964334
1299,27,6.451,5.329,167.508,7.211,1484,1407,146.31,5.0,72.75401670089536,10.589455935677082,8.747668684114581,11.837012362760415,8.207608072916665,9.624623075526761
1300,17,5.847,3.702,106.845,6.403,382,1410,128.66,4.0,45.80808458945264,9.59797688046875,6.076913017187499,10.510662898177081,6.5660864583333325,7.637061871730705
1301,4,2.734,1.863,90.0,3.162,865,1410,108.435,2.0,10.778372844577092,4.487920094270833,3.0581547679687495,5.190491345312499,3.2830432291666662,3.704519149002707
1302,13,5.453,3.036,78.69,5.831,962,1415,59.036,3.0,35.02971174487555,8.951217364322916,4.983659621875,9.571712534635417,4.92456484375,6.678416871333741
1303,16,10.104,2.016,95.944,10.198,2744,1410,101.31,2.687,43.11349137830837,16.585934393749998,3.3093075749999996,16.74023742552083,4.410768578385416,7.409038298005414
1304,1,1.128,1.128,0.0,1.414,523,1411,135.0,1.0,2.694593211144273,1.8516363812499996,1.8516363812499996,2.3211115630208328,1.6415216145833331,1.8522595745013535
1305,1,1.128,1.128,0.0,1.414,271,1412,135.0,1.0,2.694593211144273,1.8516363812499996,1.8516363812499996,2.3211115630208328,1.6415216145833331,1.8522595745013535
1306,9,3.685,3.109,97.628,4.472,1843,1412,116.565,3.0,24.251338900298457,6.049007149739583,5.103490699739583,7.340884660416666,4.92456484375,5.55677872350406
1307,5,4.076,1.562,20.994,4.472,85,1415,26.565,2.0,13.472966055721365,6.690842101041665,2.5640567619791663,7.340884660416666,3.2830432291666662,4.141778320559863
1308,31,8.594,4.593,85.174,9.22,1174,1413,102.529,5.0,83.53238954547245,14.107236755729163,7.539508775781249,15.134829286458332,8.207608072916665,10.312944849619335
1309,1,1.128,1.128,0.0,1.414,116,1415,135.0,1.0,2.694593211144273,1.8516363812499996,1.8516363812499996,2.3211115630208328,1.6415216145833331,1.8522595745013535
1310,43,10.996,4.979,41.86,12.806,170,1424,38.66,6.715,115.86750807920373,18.05017167395833,8.173136119010415,21.021325796354162,11.022817641927082,12.146078290842405
1311,1,1.128,1.128,0.0,1.414,168,1417,135.0,1.0,2.694593211144273,1.8516363812499996,1.8516363812499996,2.3211115630208328,1.6415216145833331,1.8522595745013535
1312,2,2.257,1.128,0.0,2.236,1721,1417,153.435,1.0,5.389186422288546,3.704914284114583,1.8516363812499996,3.670442330208333,1.6415216145833331,2.619490611295232
1313,3,2.365,1.615,135.0,2.828,2716,1417,135.0,2.0,8.083779633432819,3.8821986184895834,2.651057407552083,4.6422231260416655,3.2830432291666662,3.208207691842254
1314,6,3.385,2.257,90.0,3.606,1868,1418,123.69,2.0,16.167559266865638,5.556550665364583,3.704914284114583,5.919326942187499,3.2830432291666662,4.537090828712999
1315,7,3.772,2.363,45.0,4.243,162,1423,45.0,2.828,18.86215247800991,6.191819530208332,3.8789155752604163,6.964976210677083,4.6422231260416655,4.900618197668896
1316,1,1.128,1.128,0.0,1.414,2091,1420,135.0,1.0,2.694593211144273,1.8516363812499996,1.8516363812499996,2.3211115630208328,1.6415216145833331,1.8522595745013535
1317,14,4.699,3.794,54.485,5.657,1108,1426,45.0,4.0,37.72430495601982,7.713510066927082,6.227933005729166,9.286087773697915,6.5660864583333325,6.930520719155746
1318,27,9.466,3.632,88.047,10.198,833,1433,78.69,4.0,72.75401670089536,15.53864360364583,5.962006504166666,16.74023742552083,6.5660864583333325,9.624623075526761
1319,17,5.229,4.14,164.828,5.831,2121,1423,149.036,4.0,45.80808458945264,8.583516522656248,6.795899484374998,9.571712534635417,6.5660864583333325,7.637061871730705
1320,57,17.099,4.245,83.331,17.117,215,1441,83.29,5.432,153.59181303522357,28.068378087760415,6.96825925390625,28.097925476822915,8.916745410416667,13.984253118630264
1321,40,9.791,5.202,96.101,10.44,454,1424,106.699,5.0,107.78372844577092,16.072138128385415,8.5391954390625,17.137485656249996,8.207608072916665,11.714718146557235
1322,33,7.839,5.36,91.486,8.544,634,1432,69.444,6.0,88.92157596776102,12.867887936718748,8.798555854166667,14.025160674999999,9.8491296875,10.640421163372897
1323,6,3.385,2.257,0.0,3.606,1646,1424,146.31,2.0,16.167559266865638,5.556550665364583,3.704914284114583,5.919326942187499,3.2830432291666662,4.537090828712999
1324,1,1.128,1.128,0.0,1.414,128,1425,135.0,1.0,2.694593211144273,1.8516363812499996,1.8516363812499996,2.3211115630208328,1.6415216145833331,1.8522595745013535
1325,6,3.385,2.257,0.0,3.606,1519,1426,146.31,2.0,16.167559266865638,5.556550665364583,3.704914284114583,5.919326942187499,3.2830432291666662,4.537090828712999
1326,223,22.422,12.663,53.281,23.324,153,1448,59.036,14.849,600.8942860851729,36.8061976421875,20.786588205468746,38.286850138541666,24.374954454947915,27.660134010648274
1327,6,3.718,2.055,126.87,4.243,1176,1429,135.0,2.683,16.167559266865638,6.103177363020833,3.37332691796875,6.964976210677083,4.404202491927083,4.537090828712999
1328,9,3.685,3.109,97.628,4.472,1442,1431,116.565,3.0,24.251338900298457,6.049007149739583,5.103490699739583,7.340884660416666,4.92456484375,5.55677872350406
1329,2,2.257,1.128,0.0,2.236,460,1433,153.435,1.0,5.389186422288546,3.704914284114583,1.8516363812499996,3.670442330208333,1.6415216145833331,2.619490611295232
1330,12,4.514,3.385,90.0,5.0,407,1434,126.87,3.0,32.335118533731276,7.409828568229166,5.556550665364583,8.207608072916665,4.92456484375,6.416415383684508
1331,1,1.128,1.128,0.0,1.414,723,1435,135.0,1.0,2.694593211144273,1.8516363812499996,1.8516363812499996,2.3211115630208328,1.6415216145833331,1.8522595745013535
1332,9,3.685,3.109,7.628,4.472,455,1440,26.565,3.0,24.251338900298457,6.049007149739583,5.103490699739583,7.340884660416666,4.92456484375,5.55677872350406
1333,44,8.209,6.825,11.981,8.944,1468,1444,26.565,7.778,118.56210129034801,13.47525093411458,11.203385019531249,14.681769320833332,12.767755118229164,12.286500045928667
1334,36,9.312,4.922,92.916,10.198,1891,1438,101.31,5.0,97.00535560119383,15.285849274999997,8.079569386979164,16.74023742552083,8.207608072916665,11.11355744700812
1335,21,8.352,3.201,91.984,8.246,2264,1438,104.036,3.0,56.58645743402973,13.709988524999998,5.25451068828125,13.535987233854165,4.92456484375,8.488119706859148
1336,77,21.886,4.479,91.462,23.087,2318,1438,94.97,5.854,207.48367725810903,35.92634205677083,7.352375311718749,37.89780951588541,9.609467531770832,16.25351180245546
1337,4,2.734,1.863,0.0,3.162,2356,1439,161.565,2.0,10.778372844577092,4.487920094270833,3.0581547679687495,5.190491345312499,3.2830432291666662,3.704519149002707
1338,50,12.574,5.063,85.667,14.318,1721,1453,77.905,6.0,134.72966055721366,20.64049278177083,8.311023934635415,23.503306477604163,9.8491296875,13.097453056476162
1339,6,3.385,2.257,0.0,3.606,2196,1439,146.31,2.0,16.167559266865638,5.556550665364583,3.704914284114583,5.919326942187499,3.2830432291666662,4.537090828712999
1340,7,6.269,1.422,72.781,6.708,343,1446,63.435,2.183,18.86215247800991,10.290699001822915,2.3342437359374997,11.011326990625,3.583441684635416,4.900618197668896
1341,11,4.384,3.195,74.929,5.0,425,1445,53.13,3.0,29.640525322587003,7.196430758333333,5.244661558593749,8.207608072916665,4.92456484375,6.143250022964334
1342,2,2.257,1.128,90.0,2.236,927,1441,116.565,1.0,5.389186422288546,3.704914284114583,1.8516363812499996,3.670442330208333,1.6415216145833331,2.619490611295232
1343,7,3.855,2.312,59.036,4.472,1163,1445,63.435,2.828,18.86215247800991,6.328065824218749,3.795197972916666,7.340884660416666,4.6422231260416655,4.900618197668896
1344,13,5.502,3.008,95.046,6.083,1345,1442,99.462,3.0,35.02971174487555,9.031651923437499,4.937697016666666,9.985375981510415,4.92456484375,6.678416871333741
1345,17,4.948,4.375,95.004,5.831,2148,1442,120.964,4.919,45.80808458945264,8.122248948958333,7.181657063802082,9.571712534635417,8.074644822135415,7.637061871730705
1346,1,1.128,1.128,0.0,1.414,1038,1443,135.0,1.0,2.694593211144273,1.8516363812499996,1.8516363812499996,2.3211115630208328,1.6415216145833331,1.8522595745013535
1347,18,5.349,4.285,0.0,5.831,2046,1445,149.036,4.0,48.50267780059691,8.780499116406249,7.033920118489583,9.571712534635417,6.5660864583333325,7.858471833885696
1348,2,2.257,1.128,0.0,2.236,2441,1445,153.435,1.0,5.389186422288546,3.704914284114583,1.8516363812499996,3.670442330208333,1.6415216145833331,2.619490611295232
1349,17,8.607,2.515,91.515,8.246,456,1446,104.036,3.0,45.80808458945264,14.128576536718747,4.128426860677083,13.535987233854165,4.92456484375,7.637061871730705
1350,9,4.571,2.507,82.662,5.099,1163,1448,101.31,3.0,24.251338900298457,7.503395300260415,4.115294687760416,8.370118712760416,4.92456484375,5.55677872350406
1351,11,5.179,2.704,17.412,5.831,1744,1452,30.964,3.0,29.640525322587003,8.501440441927082,4.438674445833333,9.571712534635417,4.92456484375,6.143250022964334
1352,4,3.192,1.596,108.435,3.606,269,1450,123.69,2.0,10.778372844577092,5.239736993749999,2.6198684968749997,5.919326942187499,3.2830432291666662,3.704519149002707
1353,1,1.128,1.128,0.0,1.414,1887,1452,135.0,1.0,2.694593211144273,1.8516363812499996,1.8516363812499996,2.3211115630208328,1.6415216145833331,1.8522595745013535
1354,9,3.685,3.109,7.628,4.472,605,1455,26.565,3.0,24.251338900298457,6.049007149739583,5.103490699739583,7.340884660416666,4.92456484375,5.55677872350406
1355,6,3.14,2.433,45.0,3.606,2023,1455,33.69,2.828,16.167559266865638,5.1543778697916665,3.993822088281249,5.919326942187499,4.6422231260416655,4.537090828712999
1356,1,1.128,1.128,0.0,1.414,425,1454,135.0,1.0,2.694593211144273,1.8516363812499996,1.8516363812499996,2.3211115630208328,1.6415216145833331,1.8522595745013535
1357,36,8.95,5.121,100.279,9.487,1037,1454,108.435,5.0,97.00535560119383,14.69161845052083,8.40623218828125,15.573115557552082,8.207608072916665,11.11355744700812
1358,28,8.909,4.002,78.701,9.487,268,1464,71.565,4.0,75.44860991203964,14.624316064322915,6.569369501562499,15.573115557552082,6.5660864583333325,9.801236395337792
1359,11,4.384,3.195,105.071,5.0,426,1456,126.87,3.0,29.640525322587003,7.196430758333333,5.244661558593749,8.207608072916665,4.92456484375,6.143250022964334
1360,54,9.23,7.449,116.812,10.296,1446,1456,119.055,8.0,145.50803340179073,15.151244502604165,12.227694507031249,16.901106543749997,13.132172916666665,13.611272486138995
1361,25,6.455,4.931,79.055,7.28,326,1464,74.055,5.0,67.36483027860683,10.596022022135415,8.094343081510416,11.950277354166666,8.207608072916665,9.261297872506768
1362,8,3.824,2.664,17.296,4.472,1207,1460,26.565,3.0,21.556745689154184,6.277178654166666,4.3730135812499995,7.340884660416666,4.92456484375,5.238981222590464
1363,6,3.385,2.257,0.0,3.606,2881,1457,146.31,2.0,16.167559266865638,5.556550665364583,3.704914284114583,5.919326942187499,3.2830432291666662,4.537090828712999
1364,6,3.416,2.236,90.0,4.123,3043,1457,104.036,3.0,16.167559266865638,5.607437835416666,3.670442330208333,6.7679936169270825,4.92456484375,4.537090828712999
1365,6,3.14,2.433,45.0,3.606,1607,1462,33.69,2.828,16.167559266865638,5.1543778697916665,3.993822088281249,5.919326942187499,4.6422231260416655,4.537090828712999
1366,17,6.19,3.497,69.699,6.708,1250,1466,63.435,4.0,45.80808458945264,10.161018794270833,5.740401086197916,11.011326990625,6.5660864583333325,7.637061871730705
1367,10,4.111,3.097,90.0,4.472,1368,1460,116.565,3.0,26.94593211144273,6.748295357552082,5.083792440364583,7.340884660416666,4.92456484375,5.857359073278618
1368,14,4.264,4.181,90.0,5.0,1418,1460,126.87,4.0,37.72430495601982,6.999448164583333,6.863201870572916,8.207608072916665,6.5660864583333325,6.930520719155746
1369,15,6.483,2.946,111.561,7.211,455,1461,123.69,3.638,40.418898167164095,10.641984627343748,4.835922676562499,11.837012362760415,5.971855633854165,7.173770484896978
1370,308,90.668,4.325,90.158,88.023,2319,1464,91.302,5.909,829.9347090324361,148.83348175104166,7.099580983072916,144.4916570804687,9.699751220572915,32.50702360491092
1371,24,6.119,4.994,11.535,7.071,2829,1466,171.87,5.0,64.67023706746255,10.044470759635415,8.197758943229164,11.607199336718748,8.207608072916665,9.074181657425997
1372,2,2.257,1.128,90.0,2.236,64,1465,116.565,1.0,5.389186422288546,3.704914284114583,1.8516363812499996,3.670442330208333,1.6415216145833331,2.619490611295232
1373,10,3.966,3.21,0.0,4.472,1902,1467,153.435,3.0,26.94593211144273,6.510274723437499,5.269284382812499,7.340884660416666,4.92456484375,5.857359073278618
1374,4,4.514,1.128,90.0,4.123,2709,1466,104.036,1.0,10.778372844577092,7.409828568229166,1.8516363812499996,6.7679936169270825,1.6415216145833331,3.704519149002707
1375,1,1.128,1.128,0.0,1.414,261,1467,135.0,1.0,2.694593211144273,1.8516363812499996,1.8516363812499996,2.3211115630208328,1.6415216145833331,1.8522595745013535
1376,11,4.384,3.195,74.929,5.0,1720,1471,53.13,3.0,29.640525322587003,7.196430758333333,5.244661558593749,8.207608072916665,4.92456484375,6.143250022964334
1377,20,6.379,3.992,120.9,7.211,1248,1468,123.69,4.743,53.89186422288546,10.471266379427082,6.552954285416666,11.837012362760415,7.785737017968749,8.283556641119725
1378,4,2.257,2.257,0.0,2.828,376,1469,135.0,2.0,10.778372844577092,3.704914284114583,3.704914284114583,4.6422231260416655,3.2830432291666662,3.704519149002707
1379,27,6.754,5.09,12.656,7.616,2031,1472,23.199,5.0,72.75401670089536,11.08683698489583,8.355345018229166,12.501828616666664,8.207608072916665,9.624623075526761
1380,2,2.257,1.128,90.0,2.236,57,1470,116.565,1.0,5.389186422288546,3.704914284114583,1.8516363812499996,3.670442330208333,1.6415216145833331,2.619490611295232
1381,5,3.144,2.025,18.435,3.606,408,1472,33.69,2.0,13.472966055721365,5.16094395625,3.3240812695312494,5.919326942187499,3.2830432291666662,4.141778320559863
1382,1,1.128,1.128,0.0,1.414,1430,1471,135.0,1.0,2.694593211144273,1.8516363812499996,1.8516363812499996,2.3211115630208328,1.6415216145833331,1.8522595745013535
1383,4,2.257,2.257,0.0,2.828,129,1472,135.0,2.0,10.778372844577092,3.704914284114583,3.704914284114583,4.6422231260416655,3.2830432291666662,3.704519149002707
1384,29,8.538,4.324,118.547,9.434,1039,1472,122.005,5.488,78.14320312318392,14.015311545312498,7.097939461458332,15.486114911979163,9.008670620833334,9.97472307428262
1385,5,5.642,1.128,90.0,5.099,1991,1472,101.31,1.0,13.472966055721365,9.261464949479166,1.8516363812499996,8.370118712760416,1.6415216145833331,4.141778320559863
1386,14,4.849,3.676,135.0,5.657,380,1473,135.0,4.0,37.72430495601982,7.959738309114583,6.034233455208333,9.286087773697915,6.5660864583333325,6.930520719155746
1387,7,4.154,2.146,81.65,4.472,1128,1478,63.435,2.0,18.86215247800991,6.818880786979165,3.5227053848958327,7.340884660416666,3.2830432291666662,4.900618197668896
1388,6,3.14,2.433,135.0,3.606,1508,1474,123.69,2.828,16.167559266865638,5.1543778697916665,3.993822088281249,5.919326942187499,4.6422231260416655,4.537090828712999
1389,1,1.128,1.128,0.0,1.414,1531,1474,135.0,1.0,2.694593211144273,1.8516363812499996,1.8516363812499996,2.3211115630208328,1.6415216145833331,1.8522595745013535
1390,9,3.919,2.924,110.301,4.472,288,1475,116.565,3.0,24.251338900298457,6.433123207552082,4.799809201041666,7.340884660416666,4.92456484375,5.55677872350406
1391,7,4.154,2.146,98.35,4.472,408,1475,116.565,2.0,18.86215247800991,6.818880786979165,3.5227053848958327,7.340884660416666,3.2830432291666662,4.900618197668896
1392,1,1.128,1.128,0.0,1.414,812,1475,135.0,1.0,2.694593211144273,1.8516363812499996,1.8516363812499996,2.3211115630208328,1.6415216145833331,1.8522595745013535
1393,15,6.213,3.074,86.486,6.325,1888,1476,108.435,3.0,40.418898167164095,10.198773791406248,5.0460374432291655,10.382624212239582,4.92456484375,7.173770484896978
1394,7,4.154,2.146,81.65,4.472,2746,1480,63.435,2.0,18.86215247800991,6.818880786979165,3.5227053848958327,7.340884660416666,3.2830432291666662,4.900618197668896
1395,1,1.128,1.128,0.0,1.414,46,1477,135.0,1.0,2.694593211144273,1.8516363812499996,1.8516363812499996,2.3211115630208328,1.6415216145833331,1.8522595745013535
1396,2,2.257,1.128,0.0,2.236,456,1479,153.435,1.0,5.389186422288546,3.704914284114583,1.8516363812499996,3.670442330208333,1.6415216145833331,2.619490611295232
1397,1,1.128,1.128,0.0,1.414,1991,1479,135.0,1.0,2.694593211144273,1.8516363812499996,1.8516363812499996,2.3211115630208328,1.6415216145833331,1.8522595745013535
1398,9,3.385,3.385,0.0,4.243,1321,1480,135.0,3.0,24.251338900298457,5.556550665364583,5.556550665364583,6.964976210677083,4.92456484375,5.55677872350406
1399,19,5.55,4.359,167.179,6.403,2246,1480,141.34,4.0,51.197271011741186,9.110444960937498,7.155392717968749,10.510662898177081,6.5660864583333325,8.073812302457046
1400,4,2.257,2.257,0.0,2.828,1893,1481,135.0,2.0,10.778372844577092,3.704914284114583,3.704914284114583,4.6422231260416655,3.2830432291666662,3.704519149002707
1401,1,1.128,1.128,0.0,1.414,3241,1481,135.0,1.0,2.694593211144273,1.8516363812499996,1.8516363812499996,2.3211115630208328,1.6415216145833331,1.8522595745013535
1402,5,3.144,2.025,108.435,3.606,1159,1483,123.69,2.0,13.472966055721365,5.16094395625,3.3240812695312494,5.919326942187499,3.2830432291666662,4.141778320559863
1403,18,5.282,4.339,0.0,5.831,2897,1485,149.036,4.0,48.50267780059691,8.670517168229166,7.122562285677083,9.571712534635417,6.5660864583333325,7.858471833885696
1404,16,6.023,3.382,84.008,6.325,96,1485,108.435,4.0,43.11349137830837,9.886884684635415,5.551626100520833,10.382624212239582,6.5660864583333325,7.409038298005414
1405,24,6.111,5.001,160.395,6.708,1726,1486,153.435,5.0,64.67023706746255,10.031338586718748,8.209249594531249,11.011326990625,8.207608072916665,9.074181657425997
1406,3,2.365,1.615,135.0,2.828,3148,1485,135.0,2.0,8.083779633432819,3.8821986184895834,2.651057407552083,4.6422231260416655,3.2830432291666662,3.208207691842254
1407,14,4.699,3.794,35.515,5.657,650,1490,45.0,4.0,37.72430495601982,7.713510066927082,6.227933005729166,9.286087773697915,6.5660864583333325,6.930520719155746
1408,14,7.899,2.257,90.0,7.28,1721,1489,105.945,2.0,37.72430495601982,12.966379233593749,3.704914284114583,11.950277354166666,3.2830432291666662,6.930520719155746
1409,29,7.187,5.137,1.871,7.616,2553,1490,156.801,5.0,78.14320312318392,11.797615844010416,8.432496534114582,12.501828616666664,8.207608072916665,9.97472307428262
1410,47,9.34,6.407,70.411,10.198,112,1500,78.69,6.957,126.64588092378082,15.331811880208331,10.517228984635416,16.74023742552083,11.420065872656249,12.698451873067084
1411,14,4.264,4.181,90.0,5.0,2685,1490,126.87,4.0,37.72430495601982,6.999448164583333,6.863201870572916,8.207608072916665,6.5660864583333325,6.930520719155746
1412,3,2.365,1.615,135.0,2.828,1508,1494,135.0,2.0,8.083779633432819,3.8821986184895834,2.651057407552083,4.6422231260416655,3.2830432291666662,3.208207691842254
1413,47,8.347,7.169,5.299,8.944,2862,1500,153.435,7.906,126.64588092378082,13.701780916927081,11.768068454947915,14.681769320833332,12.977869884895831,12.698451873067084
1414,1,1.128,1.128,0.0,1.414,2157,1499,135.0,1.0,2.694593211144273,1.8516363812499996,1.8516363812499996,2.3211115630208328,1.6415216145833331,1.8522595745013535
1415,2,2.257,1.128,90.0,2.236,2837,1500,116.565,1.0,5.389186422288546,3.704914284114583,1.8516363812499996,3.670442330208333,1.6415216145833331,2.619490611295232
1416,17,5.229,4.14,164.828,5.831,2180,1501,149.036,4.0,45.80808458945264,8.583516522656248,6.795899484374998,9.571712534635417,6.5660864583333325,7.637061871730705
1417,4,2.257,2.257,0.0,2.828,921,1502,135.0,2.0,10.778372844577092,3.704914284114583,3.704914284114583,4.6422231260416655,3.2830432291666662,3.704519149002707
1418,2,2.257,1.128,0.0,2.236,1158,1502,153.435,1.0,5.389186422288546,3.704914284114583,1.8516363812499996,3.670442330208333,1.6415216145833331,2.619490611295232
1419,1,1.128,1.128,0.0,1.414,812,1503,135.0,1.0,2.694593211144273,1.8516363812499996,1.8516363812499996,2.3211115630208328,1.6415216145833331,1.8522595745013535
1420,26,7.85,4.217,53.231,8.602,1883,1510,54.462,5.367,70.0594234897511,12.885944674479164,6.922296648697915,14.120368928645831,8.81004650546875,9.444707714621469
1421,1,1.128,1.128,0.0,1.414,2837,1503,135.0,1.0,2.694593211144273,1.8516363812499996,1.8516363812499996,2.3211115630208328,1.6415216145833331,1.8522595745013535
1422,117,31.446,4.737,86.006,31.401,1155,1535,80.838,7.363,315.26740570387994,51.619288692187496,7.775887888281249,51.545420219531245,12.086523648177083,20.03525061400122
1423,1,1.128,1.128,0.0,1.414,2147,1504,135.0,1.0,2.694593211144273,1.8516363812499996,1.8516363812499996,2.3211115630208328,1.6415216145833331,1.8522595745013535
1424,2,2.257,1.128,90.0,2.236,2471,1504,116.565,1.0,5.389186422288546,3.704914284114583,1.8516363812499996,3.670442330208333,1.6415216145833331,2.619490611295232
1425,2,2.257,1.128,90.0,2.236,3043,1506,116.565,1.0,5.389186422288546,3.704914284114583,1.8516363812499996,3.670442330208333,1.6415216145833331,2.619490611295232
1426,319,28.644,14.179,140.096,30.806,708,1509,125.754,17.75,859.5752343550231,47.01974512812499,23.27513497317708,50.568714858854165,29.137008658854164,33.08241382509576
1427,1,1.128,1.128,0.0,1.414,861,1509,135.0,1.0,2.694593211144273,1.8516363812499996,1.8516363812499996,2.3211115630208328,1.6415216145833331,1.8522595745013535
1428,3,3.385,1.128,0.0,3.162,1069,1511,161.565,1.0,8.083779633432819,5.556550665364583,1.8516363812499996,5.190491345312499,1.6415216145833331,3.208207691842254
1429,5,3.144,2.025,71.565,3.606,1200,1514,56.31,2.0,13.472966055721365,5.16094395625,3.3240812695312494,5.919326942187499,3.2830432291666662,4.141778320559863
1430,10,5.839,2.18,129.893,6.403,2726,1511,128.66,2.828,26.94593211144273,9.584844707552083,3.5785171197916665,10.510662898177081,4.6422231260416655,5.857359073278618
1431,46,8.693,6.738,19.684,9.487,2816,1518,18.435,7.0,123.95128771263656,14.269747395572914,11.0605726390625,15.573115557552082,11.490651302083332,12.56263564867138
1432,1,1.128,1.128,0.0,1.414,1991,1512,135.0,1.0,2.694593211144273,1.8516363812499996,1.8516363812499996,2.3211115630208328,1.6415216145833331,1.8522595745013535
1433,8,4.037,2.523,56.31,5.0,2157,1516,53.13,3.0,21.556745689154184,6.626822758072915,4.14155903359375,8.207608072916665,4.92456484375,5.238981222590464
1434,5,3.144,2.025,108.435,3.606,32,1513,123.69,2.0,13.472966055721365,5.16094395625,3.3240812695312494,5.919326942187499,3.2830432291666662,4.141778320559863
1435,78,16.997,5.843,90.98,17.263,46,1532,79.992,6.0,210.17827046925328,27.90094288307291,9.591410794010415,28.337587632552083,9.8491296875,16.35871362436212
1436,2,2.257,1.128,0.0,2.236,23,1517,153.435,1.0,5.389186422288546,3.704914284114583,1.8516363812499996,3.670442330208333,1.6415216145833331,2.619490611295232
1437,4,2.257,2.257,0.0,2.828,1098,1518,135.0,2.0,10.778372844577092,3.704914284114583,3.704914284114583,4.6422231260416655,3.2830432291666662,3.704519149002707
1438,15,4.973,3.841,170.538,5.385,200,1520,158.199,4.0,40.418898167164095,8.163286989322915,6.3050845216145825,8.839593894531248,6.5660864583333325,7.173770484896978
1439,1,1.128,1.128,0.0,1.414,350,1519,135.0,1.0,2.694593211144273,1.8516363812499996,1.8516363812499996,2.3211115630208328,1.6415216145833331,1.8522595745013535
1440,5,3.144,2.025,18.435,3.606,408,1521,33.69,2.0,13.472966055721365,5.16094395625,3.3240812695312494,5.919326942187499,3.2830432291666662,4.141778320559863
1441,6,3.14,2.433,45.0,3.606,2358,1523,33.69,2.828,16.167559266865638,5.1543778697916665,3.993822088281249,5.919326942187499,4.6422231260416655,4.537090828712999
1442,18,7.532,3.043,89.272,8.246,2726,1528,75.964,4.0,48.50267780059691,12.363940801041664,4.995150273177083,13.535987233854165,6.5660864583333325,7.858471833885696
1443,5,2.523,2.523,0.0,3.162,768,1521,108.435,2.828,13.472966055721365,4.14155903359375,4.14155903359375,5.190491345312499,4.6422231260416655,4.141778320559863
1444,12,4.424,3.453,57.933,5.0,1717,1526,36.87,4.0,32.335118533731276,7.2620916229166665,5.668174135156249,8.207608072916665,6.5660864583333325,6.416415383684508
1445,7,3.742,2.382,75.128,4.472,2148,1526,63.435,3.0,18.86215247800991,6.142573881770833,3.9101044859374996,7.340884660416666,4.92456484375,4.900618197668896
1446,22,5.554,5.043,45.0,6.403,2598,1527,38.66,5.0,59.281050645174005,9.117011047395833,8.278193502343749,10.510662898177081,8.207608072916665,8.687867499524987
1447,17,4.954,4.369,78.69,5.831,1561,1531,59.036,4.0,45.80808458945264,8.132098078645832,7.171807934114582,9.571712534635417,6.5660864583333325,7.637061871730705
1448,8,3.978,2.56,65.593,4.472,1569,1530,63.435,3.0,21.556745689154184,6.5299729828125,4.202295333333333,7.340884660416666,4.92456484375,5.238981222590464
1449,20,6.467,3.937,74.086,7.28,32,1535,74.055,4.0,53.89186422288546,10.615720281510415,6.462670596614582,11.950277354166666,6.5660864583333325,8.283556641119725
1450,3,2.365,1.615,45.0,2.828,184,1530,45.0,2.0,8.083779633432819,3.8821986184895834,2.651057407552083,4.6422231260416655,3.2830432291666662,3.208207691842254
1451,1,1.128,1.128,0.0,1.414,137,1529,135.0,1.0,2.694593211144273,1.8516363812499996,1.8516363812499996,2.3211115630208328,1.6415216145833331,1.8522595745013535
1452,13,4.899,3.378,50.735,5.657,711,1534,45.0,4.0,35.02971174487555,8.041814389843749,5.545060014062499,9.286087773697915,6.5660864583333325,6.678416871333741
1453,19,5.353,4.52,62.154,6.403,2268,1536,51.34,4.95,51.197271011741186,8.787065202864582,7.419677697916665,10.510662898177081,8.125531992187499,8.073812302457046
1454,15,4.64,4.116,14.036,5.385,2690,1533,21.801,4.0,40.418898167164095,7.6166602916666655,6.756502965624999,8.839593894531248,6.5660864583333325,7.173770484896978
1455,2,2.257,1.128,90.0,2.236,2709,1530,116.565,1.0,5.389186422288546,3.704914284114583,1.8516363812499996,3.670442330208333,1.6415216145833331,2.619490611295232
1456,7,3.086,2.888,90.0,3.606,2924,1530,123.69,3.0,18.86215247800991,5.065735702604166,4.740714422916666,5.919326942187499,4.92456484375,4.900618197668896
1457,1316,44.453,37.694,92.041,50.16,2709,1535,113.499,39.0,3546.0846658658634,72.97056033307291,61.87551574010416,82.33872418749998,64.01934296875,67.19389138331569
1458,1,1.128,1.128,0.0,1.414,1081,1534,135.0,1.0,2.694593211144273,1.8516363812499996,1.8516363812499996,2.3211115630208328,1.6415216145833331,1.8522595745013535
1459,1,1.128,1.128,0.0,1.414,711,1536,135.0,1.0,2.694593211144273,1.8516363812499996,1.8516363812499996,2.3211115630208328,1.6415216145833331,1.8522595745013535
1460,1,1.128,1.128,0.0,1.414,2187,1536,135.0,1.0,2.694593211144273,1.8516363812499996,1.8516363812499996,2.3211115630208328,1.6415216145833331,1.8522595745013535
1461,2,2.596,0.981,45.0,2.828,1569,1539,45.0,1.414,5.389186422288546,4.261390111458333,1.6103327039062498,4.6422231260416655,2.3211115630208328,2.619490611295232
1462,33,7.138,5.887,4.698,7.616,2574,1541,156.801,6.0,88.92157596776102,11.717181284895831,9.663637745052082,12.501828616666664,9.8491296875,10.640421163372897
1463,16,4.963,4.105,0.0,5.385,1335,1542,158.199,4.0,43.11349137830837,8.146871773177082,6.738446227864583,8.839593894531248,6.5660864583333325,7.409038298005414
1464,34,6.85,6.32,161.565,7.81,2234,1542,129.806,6.0,91.61616917890528,11.244423059895832,10.374416604166665,12.82028380989583,9.8491296875,10.800436475684016
1465,1,1.128,1.128,0.0,1.414,48,1543,135.0,1.0,2.694593211144273,1.8516363812499996,1.8516363812499996,2.3211115630208328,1.6415216145833331,1.8522595745013535
1466,9,3.923,2.921,101.981,4.472,323,1544,116.565,3.0,24.251338900298457,6.439689294010416,4.794884636197915,7.340884660416666,4.92456484375,5.55677872350406
1467,6,4.056,1.884,161.565,4.472,3485,1544,153.435,2.53,16.167559266865638,6.6580116687499995,3.0926267218749994,7.340884660416666,4.153049684895833,4.537090828712999
1468,40,12.542,4.061,86.712,13.153,768,1559,81.254,4.0,107.78372844577092,20.587964090104165,6.666219276822916,21.590933796614582,6.5660864583333325,11.714718146557235
1469,1,1.128,1.128,0.0,1.414,2025,1546,135.0,1.0,2.694593211144273,1.8516363812499996,1.8516363812499996,2.3211115630208328,1.6415216145833331,1.8522595745013535
1470,23,7.018,4.173,101.44,7.616,3759,1547,113.199,4.0,61.97564385631828,11.520198691145831,6.85006969765625,12.501828616666664,6.5660864583333325,8.883124856751396
1471,5,3.144,2.025,161.565,3.606,82,1548,146.31,2.0,13.472966055721365,5.16094395625,3.3240812695312494,5.919326942187499,3.2830432291666662,4.141778320559863
1472,11,3.807,3.678,135.0,4.472,445,1548,116.565,4.0,29.640525322587003,6.249272786718749,6.037516498437499,7.340884660416666,6.5660864583333325,6.143250022964334
1473,12,4.911,3.111,80.583,5.385,238,1555,68.199,3.0,32.335118533731276,8.061512649218749,5.10677374296875,8.839593894531248,4.92456484375,6.416415383684508
1474,161,53.298,3.846,90.846,55.036,2320,1553,92.083,5.442,433.8295069942279,87.48981901406249,6.3132921296874995,90.34278358020832,8.933160626562499,23.502539236100457
1475,1,1.128,1.128,0.0,1.414,2557,1555,135.0,1.0,2.694593211144273,1.8516363812499996,1.8516363812499996,2.3211115630208328,1.6415216145833331,1.8522595745013535
1476,7,4.154,2.146,98.35,4.472,348,1556,116.565,2.0,18.86215247800991,6.818880786979165,3.5227053848958327,7.340884660416666,3.2830432291666662,4.900618197668896
1477,1,1.128,1.128,0.0,1.414,413,1556,135.0,1.0,2.694593211144273,1.8516363812499996,1.8516363812499996,2.3211115630208328,1.6415216145833331,1.8522595745013535
1478,3,2.365,1.615,45.0,2.828,2238,1558,45.0,2.0,8.083779633432819,3.8821986184895834,2.651057407552083,4.6422231260416655,3.2830432291666662,3.208207691842254
1479,13,4.38,3.779,135.0,5.0,1890,1559,126.87,4.0,35.02971174487555,7.189864671874999,6.203310181510416,8.207608072916665,6.5660864583333325,6.678416871333741
1480,14,4.258,4.186,90.0,5.099,215,1562,101.31,4.0,37.72430495601982,6.989599034895832,6.871409478645832,8.370118712760416,6.5660864583333325,6.930520719155746
1481,23,10.64,2.752,91.342,11.18,651,1563,100.305,4.0,61.97564385631828,17.465789979166665,4.517467483333332,18.352211651041664,6.5660864583333325,8.883124856751396
1482,2,2.257,1.128,90.0,2.236,2359,1563,116.565,1.0,5.389186422288546,3.704914284114583,1.8516363812499996,3.670442330208333,1.6415216145833331,2.619490611295232
1483,4,2.257,2.257,0.0,2.828,348,1565,135.0,2.0,10.778372844577092,3.704914284114583,3.704914284114583,4.6422231260416655,3.2830432291666662,3.704519149002707
1484,4,2.257,2.257,0.0,2.828,928,1566,135.0,2.0,10.778372844577092,3.704914284114583,3.704914284114583,4.6422231260416655,3.2830432291666662,3.704519149002707
1485,13,4.359,3.797,13.776,5.0,2342,1567,143.13,4.0,35.02971174487555,7.155392717968749,6.232857570572916,8.207608072916665,6.5660864583333325,6.678416871333741
1486,4,3.216,1.583,31.717,3.606,267,1572,33.69,2.0,10.778372844577092,5.2791335125,2.5985287158854162,5.919326942187499,3.2830432291666662,3.704519149002707
1487,2,2.257,1.128,90.0,2.236,956,1570,116.565,1.0,5.389186422288546,3.704914284114583,1.8516363812499996,3.670442330208333,1.6415216145833331,2.619490611295232
1488,1,1.128,1.128,0.0,1.414,1036,1573,135.0,1.0,2.694593211144273,1.8516363812499996,1.8516363812499996,2.3211115630208328,1.6415216145833331,1.8522595745013535
1489,17,7.013,3.087,96.372,7.28,1446,1575,105.945,3.0,45.80808458945264,11.511991083072916,5.06737722421875,11.950277354166666,4.92456484375,7.637061871730705
1490,8,4.044,2.519,19.33,4.472,2671,1579,26.565,3.0,21.556745689154184,6.638313409374999,4.134992947135417,7.340884660416666,4.92456484375,5.238981222590464
1491,1,1.128,1.128,0.0,1.414,153,1577,135.0,1.0,2.694593211144273,1.8516363812499996,1.8516363812499996,2.3211115630208328,1.6415216145833331,1.8522595745013535
1492,10,4.444,2.865,63.435,5.0,346,1581,53.13,3.0,26.94593211144273,7.294922055208333,4.70295942578125,8.207608072916665,4.92456484375,5.857359073278618
1493,25,6.042,5.268,10.87,6.708,2158,1581,26.565,5.0,67.36483027860683,9.918073595312498,8.647535865624999,11.011326990625,8.207608072916665,9.261297872506768
1494,9,4.2,2.729,119.518,5.0,47,1578,126.87,3.0,24.251338900298457,6.894390781249999,4.479712486197916,8.207608072916665,4.92456484375,5.55677872350406
1495,13,4.5,3.678,168.69,5.385,1564,1579,158.199,4.0,35.02971174487555,7.386847265624999,6.037516498437499,8.839593894531248,6.5660864583333325,6.678416871333741
1496,5,3.144,2.025,71.565,3.606,74,1583,56.31,2.0,13.472966055721365,5.16094395625,3.3240812695312494,5.919326942187499,3.2830432291666662,4.141778320559863
1497,21,6.415,4.168,15.128,7.211,256,1584,33.69,4.0,56.58645743402973,10.530361157552083,6.841862089583333,11.837012362760415,6.5660864583333325,8.488119706859148
1498,16,5.069,4.019,91.023,5.831,3040,1585,59.036,4.0,43.11349137830837,8.320873064322916,6.597275369010416,9.571712534635417,6.5660864583333325,7.409038298005414
1499,1,1.128,1.128,0.0,1.414,1017,1581,135.0,1.0,2.694593211144273,1.8516363812499996,1.8516363812499996,2.3211115630208328,1.6415216145833331,1.8522595745013535
1500,27,6.518,5.274,165.823,7.28,3603,1583,164.055,6.0,72.75401670089536,10.699437883854165,8.6573849953125,11.950277354166666,9.8491296875,9.624623075526761
1501,14,5.033,3.542,75.128,5.385,1445,1583,111.801,4.0,37.72430495601982,8.261778286197917,5.814269558854166,8.839593894531248,6.5660864583333325,6.930520719155746
1502,10,3.852,3.306,135.0,4.472,82,1585,116.565,4.0,26.94593211144273,6.323141259374999,5.426870457812499,7.340884660416666,6.5660864583333325,5.857359073278618
1503,18,5.895,3.888,157.308,6.708,187,1589,153.435,4.0,48.50267780059691,9.676769917968748,6.382236037499999,11.011326990625,6.5660864583333325,7.858471833885696
1504,11,3.994,3.507,18.435,4.472,1882,1590,153.435,4.0,29.640525322587003,6.556237328645833,5.75681630234375,7.340884660416666,6.5660864583333325,6.143250022964334
1505,52,10.743,6.163,86.267,11.18,354,1590,100.305,6.0,140.1188469795022,17.63486670546875,10.116697710677082,18.352211651041664,9.8491296875,13.356833742667481
1506,5,3.144,2.025,108.435,3.606,428,1590,123.69,2.0,13.472966055721365,5.16094395625,3.3240812695312494,5.919326942187499,3.2830432291666662,4.141778320559863
1507,19,5.301,4.564,45.001,5.831,548,1594,30.964,4.95,51.197271011741186,8.701706078906248,7.491904648958332,9.571712534635417,8.125531992187499,8.073812302457046
1508,9,5.229,2.191,175.269,5.385,2027,1590,158.199,2.0,24.251338900298457,8.583516522656248,3.5965738575520825,8.839593894531248,3.2830432291666662,5.55677872350406
1509,5,3.244,1.963,90.0,3.606,456,1591,123.69,2.0,13.472966055721365,5.325096117708333,3.222306929427083,5.919326942187499,3.2830432291666662,4.141778320559863
1510,2,2.596,0.981,45.0,2.828,136,1594,45.0,1.414,5.389186422288546,4.261390111458333,1.6103327039062498,4.6422231260416655,2.3211115630208328,2.619490611295232
1511,32,6.718,6.065,131.642,7.81,2261,1592,129.806,6.0,86.22698275661674,11.027742206770832,9.955828592447917,12.82028380989583,9.8491296875,10.477962445180928
1512,22,5.508,5.085,157.643,6.403,1424,1593,128.66,5.0,59.281050645174005,9.041501053124998,8.347137410156249,10.510662898177081,8.207608072916665,8.687867499524987
1513,55,9.375,7.47,166.975,10.296,1481,1596,150.945,8.0,148.202626612935,15.389265136718748,12.262166460937499,16.901106543749997,13.132172916666665,13.736724654125393
1514,4,3.417,1.49,96.62,4.123,1891,1597,104.036,2.0,10.778372844577092,5.609079357031249,2.4458672057291664,6.7679936169270825,3.2830432291666662,3.704519149002707
1515,22,8.413,3.329,90.0,8.246,81,1598,104.036,3.0,59.281050645174005,13.810121343489582,5.4646254549479165,13.535987233854165,4.92456484375,8.687867499524987
1516,45,16.345,3.505,92.702,16.125,1605,1598,97.125,4.0,121.25669450149229,26.83067079036458,5.753533259114582,26.469536035156246,6.5660864583333325,12.425334961679587
1517,28,6.25,5.704,124.803,7.211,1741,1602,146.31,6.0,75.44860991203964,10.259510091145833,9.363239289583332,11.837012362760415,9.8491296875,9.801236395337792
1518,6,4.024,1.899,83.736,4.472,47,1606,63.435,2.0,16.167559266865638,6.605482977083333,3.1172495460937495,7.340884660416666,3.2830432291666662,4.537090828712999
1519,15,5.405,3.533,74.986,5.831,1897,1607,59.036,4.0,40.418898167164095,8.872424326822916,5.799495864322916,9.571712534635417,6.5660864583333325,7.173770484896978
1520,17,5.229,4.14,74.828,5.831,251,1608,59.036,4.0,45.80808458945264,8.583516522656248,6.795899484374998,9.571712534635417,6.5660864583333325,7.637061871730705
1521,8,3.538,2.879,45.0,4.243,34,1607,45.0,3.0,21.556745689154184,5.807703472395832,4.7259407283854165,6.964976210677083,4.92456484375,5.238981222590464
1522,1,1.128,1.128,0.0,1.414,651,1604,135.0,1.0,2.694593211144273,1.8516363812499996,1.8516363812499996,2.3211115630208328,1.6415216145833331,1.8522595745013535
1523,10,4.629,2.751,99.308,5.385,3054,1605,111.801,3.0,26.94593211144273,7.598603553906249,4.5158259617187495,8.839593894531248,4.92456484375,5.857359073278618
1524,8,3.538,2.879,135.0,4.243,1080,1606,135.0,3.0,21.556745689154184,5.807703472395832,4.7259407283854165,6.964976210677083,4.92456484375,5.238981222590464
1525,8,5.11,1.993,81.323,5.385,2734,1611,68.199,2.0,21.556745689154184,8.388175450520833,3.271552577864583,8.839593894531248,3.2830432291666662,5.238981222590464
1526,3,2.365,1.615,45.0,2.828,3612,1610,45.0,2.0,8.083779633432819,3.8821986184895834,2.651057407552083,4.6422231260416655,3.2830432291666662,3.208207691842254
1527,11,4.384,3.195,15.071,5.0,132,1613,36.87,3.0,29.640525322587003,7.196430758333333,5.244661558593749,8.207608072916665,4.92456484375,6.143250022964334
1528,22,5.916,4.735,0.143,6.708,1557,1614,26.565,5.0,59.281050645174005,9.711241871875,7.772604845052083,11.011326990625,8.207608072916665,8.687867499524987
1529,20,6.0,4.244,19.33,7.211,78,1616,33.69,4.0,53.89186422288546,9.8491296875,6.966617732291666,11.837012362760415,6.5660864583333325,8.283556641119725
1530,9,4.196,2.731,96.047,4.472,1038,1613,116.565,3.0,24.251338900298457,6.887824694791665,4.4829955294270825,7.340884660416666,4.92456484375,5.55677872350406
1531,5,3.732,1.706,95.152,4.123,2321,1613,104.036,2.0,13.472966055721365,6.126158665625,2.800435874479166,6.7679936169270825,3.2830432291666662,4.141778320559863
1532,13,5.556,2.979,102.977,6.325,1971,1614,108.435,3.0,35.02971174487555,9.120294090624999,4.89009288984375,10.382624212239582,4.92456484375,6.678416871333741
1533,4,4.514,1.128,90.0,4.123,2727,1614,104.036,1.0,10.778372844577092,7.409828568229166,1.8516363812499996,6.7679936169270825,1.6415216145833331,3.704519149002707
1534,1,1.128,1.128,0.0,1.414,137,1616,135.0,1.0,2.694593211144273,1.8516363812499996,1.8516363812499996,2.3211115630208328,1.6415216145833331,1.8522595745013535
1535,4,2.257,2.257,0.0,2.828,342,1616,135.0,2.0,10.778372844577092,3.704914284114583,3.704914284114583,4.6422231260416655,3.2830432291666662,3.704519149002707
1536,15,4.659,4.099,45.001,5.657,1714,1620,45.0,4.0,40.418898167164095,7.647849202343749,6.728597098177083,9.286087773697915,6.5660864583333325,7.173770484896978
1537,6,3.385,2.257,90.0,3.606,348,1617,123.69,2.0,16.167559266865638,5.556550665364583,3.704914284114583,5.919326942187499,3.2830432291666662,4.537090828712999
1538,14,4.746,3.756,24.358,5.385,649,1620,21.801,4.0,37.72430495601982,7.7906615828125,6.165555184374999,8.839593894531248,6.5660864583333325,6.930520719155746
1539,3,2.365,1.615,135.0,2.828,223,1618,135.0,2.0,8.083779633432819,3.8821986184895834,2.651057407552083,4.6422231260416655,3.2830432291666662,3.208207691842254
1540,29,6.328,5.835,35.727,7.211,1790,1624,33.69,6.0,78.14320312318392,10.387548777083332,9.578278621093748,11.837012362760415,9.8491296875,9.97472307428262
1541,18,10.095,2.27,91.36,11.18,2320,1618,100.305,3.0,48.50267780059691,16.571160699218748,3.726254065104166,18.352211651041664,4.92456484375,7.858471833885696
1542,10,5.927,2.148,110.722,6.708,837,1620,116.565,3.0,26.94593211144273,9.729298609635414,3.525988428125,11.011326990625,4.92456484375,5.857359073278618
1543,50,8.513,7.478,115.584,10.0,280,1622,126.87,7.0,134.72966055721366,13.974273504947915,12.275298633854165,16.41521614583333,11.490651302083332,13.097453056476162
1544,27,7.542,4.558,24.419,8.944,59,1627,26.565,5.0,72.75401670089536,12.380356017187498,7.4820555192708325,14.681769320833332,8.207608072916665,9.624623075526761
1545,3,3.385,1.128,90.0,3.162,474,1623,108.435,1.0,8.083779633432819,5.556550665364583,1.8516363812499996,5.190491345312499,1.6415216145833331,3.208207691842254
1546,31,7.734,5.103,87.853,8.544,342,1624,110.556,6.0,83.53238954547245,12.695528167187499,8.376684799218749,14.025160674999999,9.8491296875,10.312944849619335
1547,16,5.325,3.826,71.565,5.831,2339,1631,59.036,4.0,43.11349137830837,8.74110259765625,6.2804616973958325,9.571712534635417,6.5660864583333325,7.409038298005414
1548,8,3.797,2.682,97.018,4.472,474,1628,116.565,3.0,21.556745689154184,6.232857570572916,4.402560970312499,7.340884660416666,4.92456484375,5.238981222590464
1549,9,4.534,2.528,127.372,5.0,3038,1628,126.87,3.536,24.251338900298457,7.442659000520832,4.149766641666666,8.207608072916665,5.804420429166666,5.55677872350406
1550,10,4.198,3.033,180.0,4.472,214,1630,153.435,3.0,26.94593211144273,6.891107738020833,4.978735057031249,7.340884660416666,4.92456484375,5.857359073278618
1551,6,3.385,2.257,0.0,3.606,506,1630,146.31,2.0,16.167559266865638,5.556550665364583,3.704914284114583,5.919326942187499,3.2830432291666662,4.537090828712999
1552,7,3.086,2.888,0.0,3.606,1875,1631,123.69,3.0,18.86215247800991,5.065735702604166,4.740714422916666,5.919326942187499,4.92456484375,4.900618197668896
1553,7,3.086,2.888,0.0,3.606,493,1634,123.69,3.0,18.86215247800991,5.065735702604166,4.740714422916666,5.919326942187499,4.92456484375,4.900618197668896
1554,18,5.008,4.577,147.995,5.831,34,1636,149.036,4.95,48.50267780059691,8.220740245833332,7.513244429947916,9.571712534635417,8.125531992187499,7.858471833885696
1555,8,3.538,2.879,135.0,4.243,1313,1637,135.0,3.0,21.556745689154184,5.807703472395832,4.7259407283854165,6.964976210677083,4.92456484375,5.238981222590464
1556,26,6.342,5.22,158.286,7.211,1737,1637,146.31,5.0,70.0594234897511,10.410530079687499,8.568742828124998,11.837012362760415,8.207608072916665,9.444707714621469
1557,1,1.128,1.128,0.0,1.414,2590,1637,135.0,1.0,2.694593211144273,1.8516363812499996,1.8516363812499996,2.3211115630208328,1.6415216145833331,1.8522595745013535
1558,1,1.128,1.128,0.0,1.414,80,1639,135.0,1.0,2.694593211144273,1.8516363812499996,1.8516363812499996,2.3211115630208328,1.6415216145833331,1.8522595745013535
1559,2,2.257,1.128,0.0,2.236,92,1639,153.435,1.0,5.389186422288546,3.704914284114583,1.8516363812499996,3.670442330208333,1.6415216145833331,2.619490611295232
1560,25,6.416,4.962,152.969,7.211,2330,1639,146.31,5.0,67.36483027860683,10.532002679166666,8.145230251562499,11.837012362760415,8.207608072916665,9.261297872506768
1561,8,3.797,2.682,172.982,4.472,274,1640,153.435,3.0,21.556745689154184,6.232857570572916,4.402560970312499,7.340884660416666,4.92456484375,5.238981222590464
1562,22,5.741,4.879,8.523e-14,6.325,2655,1642,161.565,5.0,59.281050645174005,9.423975589322914,8.008983957552081,10.382624212239582,8.207608072916665,8.687867499524987
1563,1,1.128,1.128,0.0,1.414,473,1642,135.0,1.0,2.694593211144273,1.8516363812499996,1.8516363812499996,2.3211115630208328,1.6415216145833331,1.8522595745013535
1564,1,1.128,1.128,0.0,1.414,2305,1642,135.0,1.0,2.694593211144273,1.8516363812499996,1.8516363812499996,2.3211115630208328,1.6415216145833331,1.8522595745013535
1565,28,10.716,3.327,91.401,12.166,2321,1642,99.462,4.0,75.44860991203964,17.590545621875,5.461342411718749,19.97075196302083,6.5660864583333325,9.801236395337792
1566,3,2.365,1.615,45.0,2.828,531,1645,45.0,2.0,8.083779633432819,3.8821986184895834,2.651057407552083,4.6422231260416655,3.2830432291666662,3.208207691842254
1567,12,5.668,2.695,66.278,6.708,650,1649,63.435,3.883,32.335118533731276,9.304144511458333,4.4239007513020825,11.011326990625,6.374028429427082,6.416415383684508
1568,19,6.311,3.833,70.626,7.28,1827,1651,74.055,4.0,51.197271011741186,10.359642909635415,6.291952348697916,11.950277354166666,6.5660864583333325,8.073812302457046
1569,28,6.393,5.576,23.929,7.211,1410,1650,33.69,6.0,75.44860991203964,10.494247682031249,9.153124522916665,11.837012362760415,9.8491296875,9.801236395337792
1570,4,2.734,1.863,90.0,3.162,1691,1646,108.435,2.0,10.778372844577092,4.487920094270833,3.0581547679687495,5.190491345312499,3.2830432291666662,3.704519149002707
1571,26,6.487,5.103,33.035,7.211,1905,1651,33.69,5.657,70.0594234897511,10.648550713802083,8.376684799218749,11.837012362760415,9.286087773697915,9.444707714621469
1572,1,1.128,1.128,0.0,1.414,152,1647,135.0,1.0,2.694593211144273,1.8516363812499996,1.8516363812499996,2.3211115630208328,1.6415216145833331,1.8522595745013535
1573,20,5.297,4.807,138.508,6.403,1526,1647,128.66,5.0,53.89186422288546,8.695139992447915,7.890794401302083,10.510662898177081,8.207608072916665,8.283556641119725
1574,19,6.895,3.509,92.568,7.28,3038,1648,105.945,4.0,51.197271011741186,11.318291532552081,5.7600993455729155,11.950277354166666,6.5660864583333325,8.073812302457046
1575,6,3.385,2.257,90.0,3.606,2152,1649,123.69,2.0,16.167559266865638,5.556550665364583,3.704914284114583,5.919326942187499,3.2830432291666662,4.537090828712999
1576,36,8.062,5.686,76.866,9.055,79,1650,96.34,6.0,97.00535560119383,13.233947256770831,9.333691900520831,14.863978220052081,9.8491296875,11.11355744700812
1577,8,3.489,2.919,0.0,4.123,2290,1651,165.964,3.0,21.556745689154184,5.727268913281249,4.79160159296875,6.7679936169270825,4.92456484375,5.238981222590464
1578,2,2.257,1.128,0.0,2.236,818,1651,153.435,1.0,5.389186422288546,3.704914284114583,1.8516363812499996,3.670442330208333,1.6415216145833331,2.619490611295232
1579,3,3.385,1.128,0.0,3.162,769,1653,161.565,1.0,8.083779633432819,5.556550665364583,1.8516363812499996,5.190491345312499,1.6415216145833331,3.208207691842254
1580,6,2.93,2.607,153.435,3.606,33,1654,123.69,3.0,16.167559266865638,4.8096583307291665,4.27944684921875,5.919326942187499,4.92456484375,4.537090828712999
1581,9,4.196,2.731,83.953,4.472,1566,1654,116.565,3.0,24.251338900298457,6.887824694791665,4.4829955294270825,7.340884660416666,4.92456484375,5.55677872350406
1582,16,5.015,4.062,152.01,5.831,968,1657,149.036,4.0,43.11349137830837,8.232230897135414,6.667860798437499,9.571712534635417,6.5660864583333325,7.409038298005414
1583,41,12.544,4.161,90.492,13.153,1828,1658,98.746,4.0,110.4783216569152,20.591247133333333,6.830371438281248,21.590933796614582,6.5660864583333325,11.86024817550667
1584,15,6.027,3.169,94.229,6.325,1991,1658,108.435,3.0,40.418898167164095,9.893450771093748,5.201981996614583,10.382624212239582,4.92456484375,7.173770484896978
1585,15,4.659,4.099,135.0,5.657,2002,1659,135.0,4.0,40.418898167164095,7.647849202343749,6.728597098177083,9.286087773697915,6.5660864583333325,7.173770484896978
1586,2,2.257,1.128,90.0,2.236,80,1660,116.565,1.0,5.389186422288546,3.704914284114583,1.8516363812499996,3.670442330208333,1.6415216145833331,2.619490611295232
1587,525,137.951,4.846,90.713,132.034,2321,1660,91.302,6.467,1414.6614358507434,226.4495482533854,7.954813744270832,216.7366648598958,10.615720281510415,42.44059853429574
1588,12,4.959,3.081,83.358,5.385,926,1661,111.801,3.0,32.335118533731276,8.140305686718749,5.057528094531249,8.839593894531248,4.92456484375,6.416415383684508
1589,8,3.675,2.771,66.355,5.0,3661,1667,53.13,3.883,21.556745689154184,6.032591933593749,4.548656394010416,8.207608072916665,6.374028429427082,5.238981222590464
1590,4,2.257,2.257,0.0,2.828,219,1664,135.0,2.0,10.778372844577092,3.704914284114583,3.704914284114583,4.6422231260416655,3.2830432291666662,3.704519149002707
1591,19,5.119,4.726,96.264,5.831,1690,1666,120.964,5.0,51.197271011741186,8.402949145052082,7.757831150520833,9.571712534635417,8.207608072916665,8.073812302457046
1592,13,4.762,3.476,45.0,5.657,2301,1670,45.0,4.0,35.02971174487555,7.816925928645832,5.705929132291666,9.286087773697915,6.5660864583333325,6.678416871333741
1593,10,4.444,2.865,116.565,5.0,1563,1667,126.87,3.0,26.94593211144273,7.294922055208333,4.70295942578125,8.207608072916665,4.92456484375,5.857359073278618
1594,65,10.424,7.939,157.609,11.314,284,1668,135.0,8.0,175.14855872437775,17.111221310416663,13.032040098177081,18.57217554739583,13.132172916666665,14.93339410638371
1595,60,9.722,7.858,171.28,10.44,1457,1671,163.301,8.0,161.67559266865638,15.958873136979165,12.89907684739583,17.137485656249996,13.132172916666665,14.347540969793956
1596,1,1.128,1.128,0.0,1.414,1725,1669,135.0,1.0,2.694593211144273,1.8516363812499996,1.8516363812499996,2.3211115630208328,1.6415216145833331,1.8522595745013535
1597,11,4.384,3.195,15.071,5.0,2473,1674,36.87,3.0,29.640525322587003,7.196430758333333,5.244661558593749,8.207608072916665,4.92456484375,6.143250022964334
1598,19,5.55,4.359,12.821,6.403,1638,1676,38.66,4.0,51.197271011741186,9.110444960937498,7.155392717968749,10.510662898177081,6.5660864583333325,8.073812302457046
1599,2,2.257,1.128,90.0,2.236,2471,1672,116.565,1.0,5.389186422288546,3.704914284114583,1.8516363812499996,3.670442330208333,1.6415216145833331,2.619490611295232
1600,2,2.596,0.981,135.0,2.828,350,1673,135.0,1.414,5.389186422288546,4.261390111458333,1.6103327039062498,4.6422231260416655,2.3211115630208328,2.619490611295232
1601,8,4.044,2.519,70.67,4.472,1423,1677,63.435,3.0,21.556745689154184,6.638313409374999,4.134992947135417,7.340884660416666,4.92456484375,5.238981222590464
1602,7,3.086,2.888,90.0,3.606,2146,1673,123.69,3.0,18.86215247800991,5.065735702604166,4.740714422916666,5.919326942187499,4.92456484375,4.900618197668896
1603,26,7.714,4.292,86.32,8.246,1829,1674,104.036,5.0,70.0594234897511,12.662697734895833,7.0454107697916655,13.535987233854165,8.207608072916665,9.444707714621469
1604,4,2.734,1.863,90.0,3.162,2859,1675,108.435,2.0,10.778372844577092,4.487920094270833,3.0581547679687495,5.190491345312499,3.2830432291666662,3.704519149002707
1605,3,2.365,1.615,45.0,2.828,1286,1678,45.0,2.0,8.083779633432819,3.8821986184895834,2.651057407552083,4.6422231260416655,3.2830432291666662,3.208207691842254
1606,6,3.385,2.257,90.0,3.606,246,1677,123.69,2.0,16.167559266865638,5.556550665364583,3.704914284114583,5.919326942187499,3.2830432291666662,4.537090828712999
1607,41,11.429,4.567,88.479,11.402,931,1688,74.745,5.0,110.4783216569152,18.760950533072915,7.496829213802083,18.716629449479164,8.207608072916665,11.86024817550667
1608,6,3.14,2.433,45.0,3.606,924,1680,33.69,2.828,16.167559266865638,5.1543778697916665,3.993822088281249,5.919326942187499,4.6422231260416655,4.537090828712999
1609,1,1.128,1.128,0.0,1.414,1423,1678,135.0,1.0,2.694593211144273,1.8516363812499996,1.8516363812499996,2.3211115630208328,1.6415216145833331,1.8522595745013535
1610,7,3.507,2.542,30.473,4.243,1689,1681,45.0,3.0,18.86215247800991,5.75681630234375,4.172747944270832,6.964976210677083,4.92456484375,4.900618197668896
1611,3,3.385,1.128,90.0,3.162,3659,1683,108.435,1.0,8.083779633432819,5.556550665364583,1.8516363812499996,5.190491345312499,1.6415216145833331,3.208207691842254
1612,49,10.862,5.744,65.281,13.892,1719,1696,59.744,7.519,132.03506734606938,17.830207777604166,9.428900154166666,22.804018269791662,12.342601020052083,12.965817021509475
1613,7,3.878,2.298,105.233,4.472,2027,1684,116.565,3.0,18.86215247800991,6.365820821354166,3.7722166703124995,7.340884660416666,4.92456484375,4.900618197668896
1614,1,1.128,1.128,0.0,1.414,127,1685,135.0,1.0,2.694593211144273,1.8516363812499996,1.8516363812499996,2.3211115630208328,1.6415216145833331,1.8522595745013535
1615,1,1.128,1.128,0.0,1.414,1444,1685,135.0,1.0,2.694593211144273,1.8516363812499996,1.8516363812499996,2.3211115630208328,1.6415216145833331,1.8522595745013535
1616,7,3.086,2.888,0.0,3.606,1941,1685,123.69,3.0,18.86215247800991,5.065735702604166,4.740714422916666,5.919326942187499,4.92456484375,4.900618197668896
1617,10,3.966,3.21,90.0,4.472,2727,1688,116.565,3.0,26.94593211144273,6.510274723437499,5.269284382812499,7.340884660416666,4.92456484375,5.857359073278618
1618,25,10.016,3.178,82.968,10.44,3657,1698,73.301,4.0,67.36483027860683,16.441480491666663,5.216755691145832,17.137485656249996,6.5660864583333325,9.261297872506768
1619,17,5.229,4.14,105.172,5.831,28,1689,120.964,4.0,45.80808458945264,8.583516522656248,6.795899484374998,9.571712534635417,6.5660864583333325,7.637061871730705
1620,7,4.318,2.064,41.74,5.657,435,1693,45.0,2.828,18.86215247800991,7.0880903317708315,3.3881006124999997,9.286087773697915,4.6422231260416655,4.900618197668896
1621,8,4.044,2.519,19.33,4.472,662,1694,26.565,3.0,21.556745689154184,6.638313409374999,4.134992947135417,7.340884660416666,4.92456484375,5.238981222590464
1622,26,10.292,3.217,83.319,10.198,930,1692,101.31,4.341,70.0594234897511,16.894540457291665,5.2807750341145825,16.74023742552083,7.12584532890625,9.444707714621469
1623,17,10.046,2.155,93.1,11.18,8,1695,100.305,3.0,45.80808458945264,16.490726140104165,3.5374790794270825,18.352211651041664,4.92456484375,7.637061871730705
1624,4,2.734,1.863,90.0,3.162,2485,1696,108.435,2.0,10.778372844577092,4.487920094270833,3.0581547679687495,5.190491345312499,3.2830432291666662,3.704519149002707
1625,16,9.072,2.246,93.016,10.198,1829,1698,101.31,3.0,43.11349137830837,14.891884087499998,3.686857546354166,16.74023742552083,4.92456484375,7.409038298005414
1626,6,3.718,2.055,90.0,4.123,663,1702,104.036,2.0,16.167559266865638,6.103177363020833,3.37332691796875,6.7679936169270825,3.2830432291666662,4.537090828712999
1627,8,4.769,2.136,90.0,5.099,993,1702,101.31,2.0,21.556745689154184,7.828416579947916,3.5062901687499997,8.370118712760416,3.2830432291666662,5.238981222590464
1628,1,1.128,1.128,0.0,1.414,1531,1702,135.0,1.0,2.694593211144273,1.8516363812499996,1.8516363812499996,2.3211115630208328,1.6415216145833331,1.8522595745013535
1629,9,4.196,2.731,6.047,4.472,14,1704,153.435,3.0,24.251338900298457,6.887824694791665,4.4829955294270825,7.340884660416666,4.92456484375,5.55677872350406
1630,7,4.154,2.146,171.65,4.472,81,1704,153.435,2.0,18.86215247800991,6.818880786979165,3.5227053848958327,7.340884660416666,3.2830432291666662,4.900618197668896
1631,19,6.144,3.938,107.104,6.708,921,1704,116.565,4.472,51.197271011741186,10.0855088,6.4643121182291665,11.011326990625,7.340884660416666,8.073812302457046
1632,11,4.384,3.195,74.929,5.0,1194,1708,53.13,3.0,29.640525322587003,7.196430758333333,5.244661558593749,8.207608072916665,4.92456484375,6.143250022964334
1633,1,1.128,1.128,0.0,1.414,929,1708,135.0,1.0,2.694593211144273,1.8516363812499996,1.8516363812499996,2.3211115630208328,1.6415216145833331,1.8522595745013535
1634,3,2.365,1.615,135.0,2.828,78,1709,135.0,2.0,8.083779633432819,3.8821986184895834,2.651057407552083,4.6422231260416655,3.2830432291666662,3.208207691842254
1635,7,3.086,2.888,90.0,3.606,293,1709,123.69,3.0,18.86215247800991,5.065735702604166,4.740714422916666,5.919326942187499,4.92456484375,4.900618197668896
1636,1,1.128,1.128,0.0,1.414,472,1709,135.0,1.0,2.694593211144273,1.8516363812499996,1.8516363812499996,2.3211115630208328,1.6415216145833331,1.8522595745013535
1637,10,4.945,2.575,105.255,5.385,1538,1711,111.801,3.0,26.94593211144273,8.117324384114582,4.226918157552083,8.839593894531248,4.92456484375,5.857359073278618
1638,2,2.257,1.128,90.0,2.236,2465,1711,116.565,1.0,5.389186422288546,3.704914284114583,1.8516363812499996,3.670442330208333,1.6415216145833331,2.619490611295232
1639,13,4.359,3.797,13.776,5.0,2986,1711,143.13,4.0,35.02971174487555,7.155392717968749,6.232857570572916,8.207608072916665,6.5660864583333325,6.678416871333741
1640,26,6.615,5.004,81.66,7.211,678,1712,123.69,5.0,70.0594234897511,10.85866548046875,8.214174159374998,11.837012362760415,8.207608072916665,9.444707714621469
1641,14,4.974,3.584,90.0,5.385,1878,1712,111.801,4.0,37.72430495601982,8.1649285109375,5.883213466666666,8.839593894531248,6.5660864583333325,6.930520719155746
1642,12,4.514,3.385,90.0,5.0,3707,1712,126.87,3.0,32.335118533731276,7.409828568229166,5.556550665364583,8.207608072916665,4.92456484375,6.416415383684508
1643,12,4.164,3.669,19.805,5.0,64,1717,36.87,4.0,32.335118533731276,6.8352960031249985,6.022742803906249,8.207608072916665,6.5660864583333325,6.416415383684508
1644,12,4.424,3.453,57.933,5.0,472,1718,36.87,4.0,32.335118533731276,7.2620916229166665,5.668174135156249,8.207608072916665,6.5660864583333325,6.416415383684508
1645,1,1.128,1.128,0.0,1.414,929,1716,135.0,1.0,2.694593211144273,1.8516363812499996,1.8516363812499996,2.3211115630208328,1.6415216145833331,1.8522595745013535
1646,27,6.346,5.417,113.199,7.211,1732,1716,123.69,6.0,72.75401670089536,10.417096166145832,8.892122586197916,11.837012362760415,9.8491296875,9.624623075526761
1647,17,5.229,4.14,74.828,5.831,666,1722,59.036,4.0,45.80808458945264,8.583516522656248,6.795899484374998,9.571712534635417,6.5660864583333325,7.637061871730705
1648,2,2.257,1.128,0.0,2.236,320,1719,153.435,1.0,5.389186422288546,3.704914284114583,1.8516363812499996,3.670442330208333,1.6415216145833331,2.619490611295232
1649,3,2.365,1.615,45.0,2.828,3709,1721,45.0,2.0,8.083779633432819,3.8821986184895834,2.651057407552083,4.6422231260416655,3.2830432291666662,3.208207691842254
1650,4,2.734,1.863,90.0,3.162,2339,1722,108.435,2.0,10.778372844577092,4.487920094270833,3.0581547679687495,5.190491345312499,3.2830432291666662,3.704519149002707
1651,4,2.734,1.863,90.0,3.162,128,1723,108.435,2.0,10.778372844577092,4.487920094270833,3.0581547679687495,5.190491345312499,3.2830432291666662,3.704519149002707
1652,18,4.965,4.616,45.0,5.831,298,1726,30.964,5.0,48.50267780059691,8.150154816406248,7.577263772916665,9.571712534635417,8.207608072916665,7.858471833885696
1653,1,1.128,1.128,0.0,1.414,7,1724,135.0,1.0,2.694593211144273,1.8516363812499996,1.8516363812499996,2.3211115630208328,1.6415216145833331,1.8522595745013535
1654,7,3.742,2.382,14.872,4.472,662,1727,26.565,3.0,18.86215247800991,6.142573881770833,3.9101044859374996,7.340884660416666,4.92456484375,4.900618197668896
1655,3,2.365,1.615,45.0,2.828,3656,1726,45.0,2.0,8.083779633432819,3.8821986184895834,2.651057407552083,4.6422231260416655,3.2830432291666662,3.208207691842254
1656,3,2.365,1.615,135.0,2.828,666,1727,135.0,2.0,8.083779633432819,3.8821986184895834,2.651057407552083,4.6422231260416655,3.2830432291666662,3.208207691842254
1657,3,3.385,1.128,0.0,3.162,1496,1727,161.565,1.0,8.083779633432819,5.556550665364583,1.8516363812499996,5.190491345312499,1.6415216145833331,3.208207691842254
1658,16,4.841,4.208,104.872,5.657,126,1728,135.0,4.0,43.11349137830837,7.946606136197916,6.907522954166666,9.286087773697915,6.5660864583333325,7.409038298005414
1659,2,2.257,1.128,90.0,2.236,2839,1728,116.565,1.0,5.389186422288546,3.704914284114583,1.8516363812499996,3.670442330208333,1.6415216145833331,2.619490611295232
1660,6,3.385,2.257,90.0,3.606,1565,1729,123.69,2.0,16.167559266865638,5.556550665364583,3.704914284114583,5.919326942187499,3.2830432291666662,4.537090828712999
1661,48,8.595,7.111,23.745,9.22,315,1737,167.471,7.766,129.3404741349251,14.108878277343749,11.67286020130208,15.134829286458332,12.748056858854165,12.832830767369016
1662,7,4.11,2.168,67.5,4.472,666,1738,63.435,2.683,18.86215247800991,6.7466538359375,3.5588188604166664,7.340884660416666,4.404202491927083,4.900618197668896
1663,6,4.134,1.848,77.067,4.472,1889,1738,63.435,2.0,16.167559266865638,6.786050354687499,3.03353194375,7.340884660416666,3.2830432291666662,4.537090828712999
1664,9,3.99,2.872,55.427,4.472,1157,1739,26.565,3.536,24.251338900298457,6.549671242187499,4.714450077083333,7.340884660416666,5.804420429166666,5.55677872350406
1665,29,6.259,5.9,149.036,7.211,92,1737,123.69,6.0,78.14320312318392,10.274283785677083,9.684977526041665,11.837012362760415,9.8491296875,9.97472307428262
1666,36,7.049,6.502,19.968,7.81,2400,1744,39.806,7.0,97.00535560119383,11.571085861197917,10.673173538020832,12.82028380989583,11.490651302083332,11.11355744700812
1667,7,3.086,2.888,90.0,3.606,56,1738,123.69,3.0,18.86215247800991,5.065735702604166,4.740714422916666,5.919326942187499,4.92456484375,4.900618197668896
1668,1,1.128,1.128,0.0,1.414,156,1739,135.0,1.0,2.694593211144273,1.8516363812499996,1.8516363812499996,2.3211115630208328,1.6415216145833331,1.8522595745013535
1669,10,3.966,3.21,0.0,4.472,2116,1739,153.435,3.0,26.94593211144273,6.510274723437499,5.269284382812499,7.340884660416666,4.92456484375,5.857359073278618
1670,1,1.128,1.128,0.0,1.414,661,1740,135.0,1.0,2.694593211144273,1.8516363812499996,1.8516363812499996,2.3211115630208328,1.6415216145833331,1.8522595745013535
1671,21,6.009,4.45,158.611,6.708,2759,1741,153.435,5.0,56.58645743402973,9.86390338203125,7.3047711848958325,11.011326990625,8.207608072916665,8.488119706859148
1672,4,3.589,1.419,45.0,4.243,333,1746,45.0,2.121,10.778372844577092,5.891421074739583,2.3293191710937498,6.964976210677083,3.4816673445312496,3.704519149002707
1673,7,3.507,2.542,30.473,4.243,647,1747,45.0,3.0,18.86215247800991,5.75681630234375,4.172747944270832,6.964976210677083,4.92456484375,4.900618197668896
1674,3,3.385,1.128,90.0,3.162,123,1745,108.435,1.0,8.083779633432819,5.556550665364583,1.8516363812499996,5.190491345312499,1.6415216145833331,3.208207691842254
1675,14,4.258,4.186,90.0,5.099,919,1746,101.31,4.0,37.72430495601982,6.989599034895832,6.871409478645832,8.370118712760416,6.5660864583333325,6.930520719155746
1676,20,6.51,3.911,163.831,7.211,492,1748,146.31,4.0,53.89186422288546,10.686305710937498,6.419991034635416,11.837012362760415,6.5660864583333325,8.283556641119725
1677,26,6.167,5.368,71.466,6.708,1434,1750,116.565,5.814,70.0594234897511,10.123263797135415,8.811688027083333,11.011326990625,9.543806667187498,9.444707714621469
1678,7,4.154,2.146,98.35,4.472,1880,1750,116.565,2.0,18.86215247800991,6.818880786979165,3.5227053848958327,7.340884660416666,3.2830432291666662,4.900618197668896
1679,34,6.85,6.32,18.435,7.81,1469,1756,39.806,6.0,91.61616917890528,11.244423059895832,10.374416604166665,12.82028380989583,9.8491296875,10.800436475684016
1680,1,1.128,1.128,0.0,1.414,2462,1751,135.0,1.0,2.694593211144273,1.8516363812499996,1.8516363812499996,2.3211115630208328,1.6415216145833331,1.8522595745013535
1681,1,1.128,1.128,0.0,1.414,3646,1751,135.0,1.0,2.694593211144273,1.8516363812499996,1.8516363812499996,2.3211115630208328,1.6415216145833331,1.8522595745013535
1682,8,3.978,2.56,114.407,4.472,3662,1754,116.565,3.0,21.556745689154184,6.5299729828125,4.202295333333333,7.340884660416666,4.92456484375,5.238981222590464
1683,27,6.126,5.612,171.999,6.708,1667,1755,116.565,6.0,72.75401670089536,10.055961410937499,9.212219301041666,11.011326990625,9.8491296875,9.624623075526761
1684,1,1.128,1.128,0.0,1.414,2183,1755,135.0,1.0,2.694593211144273,1.8516363812499996,1.8516363812499996,2.3211115630208328,1.6415216145833331,1.8522595745013535
1685,27,6.033,5.699,146.477,6.708,111,1756,116.565,6.0,72.75401670089536,9.90329990078125,9.355031681510415,11.011326990625,9.8491296875,9.624623075526761
1686,16,6.272,3.248,90.0,6.325,1890,1756,108.435,3.0,43.11349137830837,10.295623566666666,5.331662204166666,10.382624212239582,4.92456484375,7.409038298005414
1687,3,3.385,1.128,90.0,3.162,930,1760,108.435,1.0,8.083779633432819,5.556550665364583,1.8516363812499996,5.190491345312499,1.6415216145833331,3.208207691842254
1688,7,3.855,2.312,120.964,4.472,1241,1760,116.565,2.828,18.86215247800991,6.328065824218749,3.795197972916666,7.340884660416666,4.6422231260416655,4.900618197668896
1689,56,9.863,7.229,165.429,10.77,1595,1761,158.199,7.0,150.8972198240793,16.190327684635413,11.866559751822916,17.679187789062496,11.490651302083332,13.861041438311492
1690,1,1.128,1.128,0.0,1.414,1953,1760,135.0,1.0,2.694593211144273,1.8516363812499996,1.8516363812499996,2.3211115630208328,1.6415216145833331,1.8522595745013535
1691,30,6.487,5.888,146.8,7.28,1720,1764,164.055,6.0,80.83779633432819,10.648550713802083,9.665279266666666,11.950277354166666,9.8491296875,10.14524351309312
1692,6,3.14,2.433,135.0,3.606,523,1765,123.69,2.828,16.167559266865638,5.1543778697916665,3.993822088281249,5.919326942187499,4.6422231260416655,4.537090828712999
1693,8,3.538,2.879,45.0,4.243,3557,1768,45.0,3.0,21.556745689154184,5.807703472395832,4.7259407283854165,6.964976210677083,4.92456484375,5.238981222590464
1694,4,2.257,2.257,0.0,2.828,1878,1766,135.0,2.0,10.778372844577092,3.704914284114583,3.704914284114583,4.6422231260416655,3.2830432291666662,3.704519149002707
1695,2,2.596,0.981,135.0,2.828,924,1769,135.0,1.414,5.389186422288546,4.261390111458333,1.6103327039062498,4.6422231260416655,2.3211115630208328,2.619490611295232
1696,2,2.257,1.128,90.0,2.236,29,1771,116.565,1.0,5.389186422288546,3.704914284114583,1.8516363812499996,3.670442330208333,1.6415216145833331,2.619490611295232
1697,10,4.262,2.987,17.496,5.385,2123,1775,21.801,3.0,26.94593211144273,6.996165121354165,4.903225062760416,8.839593894531248,4.92456484375,5.857359073278618
1698,27,6.072,5.662,58.728,7.071,72,1787,45.0,6.0,72.75401670089536,9.96731924375,9.294295381770832,11.607199336718748,9.8491296875,9.624623075526761
1699,65,10.515,7.871,26.388,12.042,289,1790,41.634,8.0,175.14855872437775,17.26059977734375,12.920416628385416,19.767203282812496,13.132172916666665,14.93339410638371
1700,30,7.411,5.154,75.396,8.062,456,1789,60.255,5.0,80.83779633432819,12.16531668567708,8.460402401562499,13.233947256770831,8.207608072916665,10.14524351309312
1701,8,3.797,2.682,97.018,4.472,1566,1782,116.565,3.0,21.556745689154184,6.232857570572916,4.402560970312499,7.340884660416666,4.92456484375,5.238981222590464
1702,14,4.833,3.688,3.563,5.385,132,1784,158.199,4.0,37.72430495601982,7.93347396328125,6.0539317145833325,8.839593894531248,6.5660864583333325,6.930520719155746
1703,5,3.144,2.025,161.565,3.606,6,1787,146.31,2.0,13.472966055721365,5.16094395625,3.3240812695312494,5.919326942187499,3.2830432291666662,4.141778320559863
1704,4,2.734,1.863,90.0,3.162,1559,1788,108.435,2.0,10.778372844577092,4.487920094270833,3.0581547679687495,5.190491345312499,3.2830432291666662,3.704519149002707
1705,51,9.475,6.853,170.428,10.44,1497,1792,163.301,7.906,137.42425376835791,15.55341729817708,11.249347624739581,17.137485656249996,12.977869884895831,13.227779182384648
1706,29,6.865,5.379,0.0,7.28,1668,1790,164.055,5.0,78.14320312318392,11.269045884114583,8.829744764843747,11.950277354166666,8.207608072916665,9.97472307428262
1707,4,2.257,2.257,0.0,2.828,2341,1792,135.0,2.0,10.778372844577092,3.704914284114583,3.704914284114583,4.6422231260416655,3.2830432291666662,3.704519149002707
1708,14,4.593,3.881,86.437,5.385,458,1795,111.801,4.0,37.72430495601982,7.539508775781249,6.370745386197916,8.839593894531248,6.5660864583333325,6.930520719155746
1709,20,5.446,4.675,159.09,6.403,1617,1797,141.34,5.0,53.89186422288546,8.939726713020832,7.674113548177082,10.510662898177081,8.207608072916665,8.283556641119725
1710,54,9.382,7.328,18.718,10.0,1872,1803,36.87,8.0,145.50803340179073,15.400755788020831,12.029070391666666,16.41521614583333,13.132172916666665,13.611272486138995
1711,18,5.008,4.577,57.995,5.831,48,1802,59.036,4.95,48.50267780059691,8.220740245833332,7.513244429947916,9.571712534635417,8.125531992187499,7.858471833885696
1712,11,4.384,3.195,164.929,5.0,592,1797,143.13,3.0,29.640525322587003,7.196430758333333,5.244661558593749,8.207608072916665,4.92456484375,6.143250022964334
1713,32,7.393,5.511,33.989,8.602,93,1803,35.538,6.0,86.22698275661674,12.135769296614582,9.04642561796875,14.120368928645831,9.8491296875,10.477962445180928
1714,202,47.527,5.412,90.579,49.041,2324,1800,92.337,8.0,544.3078286511432,78.01659777630208,8.883914978124999,80.50186150078123,13.132172916666665,26.32555483421101
1715,9,3.642,3.146,153.435,4.472,882,1803,153.435,3.536,24.251338900298457,5.978421720312499,5.164226999479165,7.340884660416666,5.804420429166666,5.55677872350406
1716,6,3.385,2.257,90.0,3.606,1558,1803,123.69,2.0,16.167559266865638,5.556550665364583,3.704914284114583,5.919326942187499,3.2830432291666662,4.537090828712999
1717,18,5.698,4.022,12.236,6.325,69,1809,18.435,4.0,48.50267780059691,9.353390159895833,6.602199933854166,10.382624212239582,6.5660864583333325,7.858471833885696
1718,63,11.165,7.184,13.019,11.705,316,1812,19.983,7.0,169.7593723020892,18.327588826822915,11.792691279166666,19.214010498697913,11.490651302083332,14.701854593006688
1719,5,3.144,2.025,71.565,3.606,330,1809,56.31,2.0,13.472966055721365,5.16094395625,3.3240812695312494,5.919326942187499,3.2830432291666662,4.141778320559863
1720,11,4.384,3.195,105.071,5.0,762,1806,126.87,3.0,29.640525322587003,7.196430758333333,5.244661558593749,8.207608072916665,4.92456484375,6.143250022964334
1721,14,4.258,4.186,0.0,5.099,1410,1807,168.69,4.0,37.72430495601982,6.989599034895832,6.871409478645832,8.370118712760416,6.5660864583333325,6.930520719155746
1722,5,3.144,2.025,161.565,3.606,1566,1812,146.31,2.0,13.472966055721365,5.16094395625,3.3240812695312494,5.919326942187499,3.2830432291666662,4.141778320559863
1723,18,5.349,4.285,0.0,5.831,2133,1812,149.036,4.0,48.50267780059691,8.780499116406249,7.033920118489583,9.571712534635417,6.5660864583333325,7.858471833885696
1724,9,4.2,2.729,119.518,5.0,2147,1812,126.87,3.0,24.251338900298457,6.894390781249999,4.479712486197916,8.207608072916665,4.92456484375,5.55677872350406
1725,5,3.144,2.025,108.435,3.606,223,1816,123.69,2.0,13.472966055721365,5.16094395625,3.3240812695312494,5.919326942187499,3.2830432291666662,4.141778320559863
1726,13,4.38,3.779,135.0,5.0,2471,1816,126.87,4.0,35.02971174487555,7.189864671874999,6.203310181510416,8.207608072916665,6.5660864583333325,6.678416871333741
1727,7,3.507,2.542,59.527,4.243,1454,1820,45.0,3.0,18.86215247800991,5.75681630234375,4.172747944270832,6.964976210677083,4.92456484375,4.900618197668896
1728,44,11.287,4.964,95.74,11.402,2147,1819,105.255,5.59,118.56210129034801,18.527854463802083,8.148513294791666,18.716629449479164,9.176105825520832,12.286500045928667
1729,16,5.595,3.641,100.867,6.325,224,1820,108.435,4.0,43.11349137830837,9.184313433593749,5.976780198697916,10.382624212239582,6.5660864583333325,7.409038298005414
1730,1,1.128,1.128,0.0,1.414,2730,1821,135.0,1.0,2.694593211144273,1.8516363812499996,1.8516363812499996,2.3211115630208328,1.6415216145833331,1.8522595745013535
1731,4,2.257,2.257,0.0,2.828,340,1822,135.0,2.0,10.778372844577092,3.704914284114583,3.704914284114583,4.6422231260416655,3.2830432291666662,3.704519149002707
1732,2,2.257,1.128,90.0,2.236,2635,1822,116.565,1.0,5.389186422288546,3.704914284114583,1.8516363812499996,3.670442330208333,1.6415216145833331,2.619490611295232
1733,10,3.966,3.21,90.0,4.472,1161,1824,116.565,3.0,26.94593211144273,6.510274723437499,5.269284382812499,7.340884660416666,4.92456484375,5.857359073278618
1734,50,8.909,7.146,3.193,9.487,2065,1829,18.435,7.0,134.72966055721366,14.624316064322915,11.730313457812498,15.573115557552082,11.490651302083332,13.097453056476162
1735,7,3.086,2.888,90.0,3.606,1014,1825,123.69,3.0,18.86215247800991,5.065735702604166,4.740714422916666,5.919326942187499,4.92456484375,4.900618197668896
1736,5,3.144,2.025,161.565,3.606,848,1826,146.31,2.0,13.472966055721365,5.16094395625,3.3240812695312494,5.919326942187499,3.2830432291666662,4.141778320559863
1737,3,2.365,1.615,45.0,2.828,1530,1828,45.0,2.0,8.083779633432819,3.8821986184895834,2.651057407552083,4.6422231260416655,3.2830432291666662,3.208207691842254
1738,29,6.382,5.786,3.922,7.211,2001,1826,146.31,6.0,78.14320312318392,10.476190944270831,9.497844061979166,11.837012362760415,9.8491296875,9.97472307428262
1739,1,1.128,1.128,0.0,1.414,224,1827,135.0,1.0,2.694593211144273,1.8516363812499996,1.8516363812499996,2.3211115630208328,1.6415216145833331,1.8522595745013535
1740,6,3.385,2.257,90.0,3.606,641,1827,123.69,2.0,16.167559266865638,5.556550665364583,3.704914284114583,5.919326942187499,3.2830432291666662,4.537090828712999
1741,15,5.429,3.518,85.692,6.325,318,1834,71.565,4.0,40.418898167164095,8.911820845572915,5.774873040104166,10.382624212239582,6.5660864583333325,7.173770484896978
1742,45,8.23,6.962,10.71,9.22,277,1833,12.529,7.0,121.25669450149229,13.509722888020832,11.428273480729164,15.134829286458332,11.490651302083332,12.425334961679587
1743,5,3.144,2.025,71.565,3.606,796,1832,56.31,2.0,13.472966055721365,5.16094395625,3.3240812695312494,5.919326942187499,3.2830432291666662,4.141778320559863
1744,51,8.645,7.511,177.148,9.849,98,1836,156.038,8.0,137.42425376835791,14.190954358072915,12.329468847135415,16.167346382031248,13.132172916666665,13.227779182384648
1745,8,4.242,2.401,66.801,5.0,640,1838,53.13,3.0,21.556745689154184,6.963334689062499,3.9412933966145824,8.207608072916665,4.92456484375,5.238981222590464
1746,6,4.134,1.848,77.067,4.472,2658,1838,63.435,2.0,16.167559266865638,6.786050354687499,3.03353194375,7.340884660416666,3.2830432291666662,4.537090828712999
1747,9,3.385,3.385,0.0,4.243,1457,1835,135.0,3.0,24.251338900298457,5.556550665364583,5.556550665364583,6.964976210677083,4.92456484375,5.55677872350406
1748,5,3.244,1.963,90.0,3.606,2146,1837,123.69,2.0,13.472966055721365,5.325096117708333,3.222306929427083,5.919326942187499,3.2830432291666662,4.141778320559863
1749,1,1.128,1.128,0.0,1.414,459,1839,135.0,1.0,2.694593211144273,1.8516363812499996,1.8516363812499996,2.3211115630208328,1.6415216145833331,1.8522595745013535
1750,21,6.433,4.156,94.448,6.708,1457,1840,116.565,4.0,56.58645743402973,10.559908546614581,6.822163830208332,11.011326990625,6.5660864583333325,8.488119706859148
1751,15,5.243,3.643,99.899,5.831,1494,1840,120.964,4.0,40.418898167164095,8.606497825260416,5.980063241927082,9.571712534635417,6.5660864583333325,7.173770484896978
1752,9,4.196,2.731,96.047,4.472,2436,1841,116.565,3.0,24.251338900298457,6.887824694791665,4.4829955294270825,7.340884660416666,4.92456484375,5.55677872350406
1753,1,1.128,1.128,0.0,1.414,2742,1841,135.0,1.0,2.694593211144273,1.8516363812499996,1.8516363812499996,2.3211115630208328,1.6415216145833331,1.8522595745013535
1754,5,3.144,2.025,161.565,3.606,2584,1842,146.31,2.0,13.472966055721365,5.16094395625,3.3240812695312494,5.919326942187499,3.2830432291666662,4.141778320559863
1755,9,4.196,2.731,6.047,4.472,246,1846,153.435,3.0,24.251338900298457,6.887824694791665,4.4829955294270825,7.340884660416666,4.92456484375,5.55677872350406
1756,3,2.365,1.615,45.0,2.828,412,1848,45.0,2.0,8.083779633432819,3.8821986184895834,2.651057407552083,4.6422231260416655,3.2830432291666662,3.208207691842254
1757,42,8.53,6.269,35.434,9.434,40,1853,32.005,7.0,113.17291486805946,14.00217937239583,10.290699001822915,15.486114911979163,11.490651302083332,12.004014008486546
1758,10,3.966,3.21,0.0,4.472,1401,1848,153.435,3.0,26.94593211144273,6.510274723437499,5.269284382812499,7.340884660416666,4.92456484375,5.857359073278618
1759,26,6.076,5.448,160.614,6.708,1663,1849,116.565,6.0,70.0594234897511,9.973885330208331,8.94300975625,11.011326990625,9.8491296875,9.444707714621469
1760,1,1.128,1.128,0.0,1.414,36,1851,135.0,1.0,2.694593211144273,1.8516363812499996,1.8516363812499996,2.3211115630208328,1.6415216145833331,1.8522595745013535
1761,2,2.257,1.128,0.0,2.236,592,1851,153.435,1.0,5.389186422288546,3.704914284114583,1.8516363812499996,3.670442330208333,1.6415216145833331,2.619490611295232
1762,9,3.385,3.385,0.0,4.243,795,1851,135.0,3.0,24.251338900298457,5.556550665364583,5.556550665364583,6.964976210677083,4.92456484375,5.55677872350406
1763,16,4.963,4.105,0.0,5.385,309,1853,158.199,4.0,43.11349137830837,8.146871773177082,6.738446227864583,8.839593894531248,6.5660864583333325,7.409038298005414
1764,1,1.128,1.128,0.0,1.414,385,1852,135.0,1.0,2.694593211144273,1.8516363812499996,1.8516363812499996,2.3211115630208328,1.6415216145833331,1.8522595745013535
1765,30,6.529,5.85,135.0,7.211,2025,1852,123.69,6.0,80.83779633432819,10.717494621614582,9.602901445312499,11.837012362760415,9.8491296875,10.14524351309312
1766,165,38.335,5.48,91.365,38.118,2324,1852,94.514,6.0,444.60787983880505,62.927731095052074,8.995538447916665,62.571520904687496,9.8491296875,23.79270503052919
1767,3,3.385,1.128,90.0,3.162,1699,1854,108.435,1.0,8.083779633432819,5.556550665364583,1.8516363812499996,5.190491345312499,1.6415216145833331,3.208207691842254
1768,38,8.282,5.842,12.148,8.602,322,1862,35.538,6.0,102.39454202348237,13.595082011979166,9.58976927239583,14.120368928645831,9.8491296875,11.4180948581895
1769,6,3.14,2.433,45.0,3.606,640,1859,33.69,2.828,16.167559266865638,5.1543778697916665,3.993822088281249,5.919326942187499,4.6422231260416655,4.537090828712999
1770,30,6.547,5.834,59.036,7.211,1508,1856,123.69,6.0,80.83779633432819,10.747042010677081,9.576637099479164,11.837012362760415,9.8491296875,10.14524351309312
1771,1,1.128,1.128,0.0,1.414,316,1857,135.0,1.0,2.694593211144273,1.8516363812499996,1.8516363812499996,2.3211115630208328,1.6415216145833331,1.8522595745013535
1772,16,4.841,4.208,165.128,5.657,2217,1857,135.0,4.0,43.11349137830837,7.946606136197916,6.907522954166666,9.286087773697915,6.5660864583333325,7.409038298005414
1773,4,2.257,2.257,0.0,2.828,8,1860,135.0,2.0,10.778372844577092,3.704914284114583,3.704914284114583,4.6422231260416655,3.2830432291666662,3.704519149002707
1774,3,2.365,1.615,45.0,2.828,654,1862,45.0,2.0,8.083779633432819,3.8821986184895834,2.651057407552083,4.6422231260416655,3.2830432291666662,3.208207691842254
1775,3,2.365,1.615,45.0,2.828,1370,1862,45.0,2.0,8.083779633432819,3.8821986184895834,2.651057407552083,4.6422231260416655,3.2830432291666662,3.208207691842254
1776,6,3.718,2.055,90.0,4.123,2101,1861,104.036,2.0,16.167559266865638,6.103177363020833,3.37332691796875,6.7679936169270825,3.2830432291666662,4.537090828712999
1777,9,5.231,2.191,98.886,6.325,1626,1863,108.435,3.0,24.251338900298457,8.586799565885416,3.5965738575520825,10.382624212239582,4.92456484375,5.55677872350406
1778,1,1.128,1.128,0.0,1.414,1459,1864,135.0,1.0,2.694593211144273,1.8516363812499996,1.8516363812499996,2.3211115630208328,1.6415216145833331,1.8522595745013535
1779,6,3.385,2.257,0.0,3.606,307,1868,146.31,2.0,16.167559266865638,5.556550665364583,3.704914284114583,5.919326942187499,3.2830432291666662,4.537090828712999
1780,3,2.365,1.615,45.0,2.828,1160,1872,45.0,2.0,8.083779633432819,3.8821986184895834,2.651057407552083,4.6422231260416655,3.2830432291666662,3.208207691842254
1781,10,4.707,2.705,87.021,5.385,638,1871,111.801,3.0,26.94593211144273,7.726642239843748,4.4403159674479165,8.839593894531248,4.92456484375,5.857359073278618
1782,1,1.128,1.128,0.0,1.414,1369,1873,135.0,1.0,2.694593211144273,1.8516363812499996,1.8516363812499996,2.3211115630208328,1.6415216145833331,1.8522595745013535
1783,1,1.128,1.128,0.0,1.414,2347,1873,135.0,1.0,2.694593211144273,1.8516363812499996,1.8516363812499996,2.3211115630208328,1.6415216145833331,1.8522595745013535
1784,2,2.257,1.128,0.0,2.236,2485,1873,153.435,1.0,5.389186422288546,3.704914284114583,1.8516363812499996,3.670442330208333,1.6415216145833331,2.619490611295232
1785,27,6.941,4.953,36.894,7.81,142,1880,39.806,5.657,72.75401670089536,11.393801526822916,8.13045655703125,12.82028380989583,9.286087773697915,9.624623075526761
1786,20,5.309,4.797,135.205,6.403,291,1874,128.66,5.0,53.89186422288546,8.714838251822917,7.874379185156249,10.510662898177081,8.207608072916665,8.283556641119725
1787,4,3.969,1.283,162.391,4.472,456,1875,153.435,1.897,10.778372844577092,6.515199288281249,2.1060722315104163,7.340884660416666,3.113966502864583,3.704519149002707
1788,2,2.257,1.128,0.0,2.236,1871,1875,153.435,1.0,5.389186422288546,3.704914284114583,1.8516363812499996,3.670442330208333,1.6415216145833331,2.619490611295232
1789,3,2.365,1.615,45.0,2.828,1447,1880,45.0,2.0,8.083779633432819,3.8821986184895834,2.651057407552083,4.6422231260416655,3.2830432291666662,3.208207691842254
1790,21,5.856,4.566,107.58,6.708,2173,1878,116.565,5.0,56.58645743402973,9.612750574999998,7.495187692187499,11.011326990625,8.207608072916665,8.488119706859148
1791,74,13.157,7.161,91.461,13.601,315,1879,107.103,8.0,199.3998976246762,21.597499883072913,11.754936282031247,22.326335479947915,13.132172916666665,15.933739338854616
1792,1,1.128,1.128,0.0,1.414,2504,1879,135.0,1.0,2.694593211144273,1.8516363812499996,1.8516363812499996,2.3211115630208328,1.6415216145833331,1.8522595745013535
1793,50,9.21,6.912,26.031,10.0,81,1886,36.87,7.0,134.72966055721366,15.1184140703125,11.346197399999998,16.41521614583333,11.490651302083332,13.097453056476162
1794,2,2.257,1.128,90.0,2.236,1514,1880,116.565,1.0,5.389186422288546,3.704914284114583,1.8516363812499996,3.670442330208333,1.6415216145833331,2.619490611295232
1795,23,7.046,4.156,62.376,8.602,640,1888,54.462,5.27,61.97564385631828,11.566161296354165,6.822163830208332,14.120368928645831,8.650818908854164,8.883124856751396
1796,1,1.128,1.128,0.0,1.414,2505,1881,135.0,1.0,2.694593211144273,1.8516363812499996,1.8516363812499996,2.3211115630208328,1.6415216145833331,1.8522595745013535
1797,48,8.382,7.291,160.789,9.22,1611,1882,130.601,7.761,129.3404741349251,13.759234173437498,11.968334091927082,15.134829286458332,12.739849250781248,12.832830767369016
1798,3,3.385,1.128,90.0,3.162,8,1883,108.435,1.0,8.083779633432819,5.556550665364583,1.8516363812499996,5.190491345312499,1.6415216145833331,3.208207691842254
1799,29,6.548,5.639,54.55,7.211,113,1892,33.69,6.0,78.14320312318392,10.748683532291665,9.256540384635416,11.837012362760415,9.8491296875,9.97472307428262
1800,1,1.128,1.128,0.0,1.414,1032,1891,135.0,1.0,2.694593211144273,1.8516363812499996,1.8516363812499996,2.3211115630208328,1.6415216145833331,1.8522595745013535
1801,6,3.718,2.055,126.87,4.243,2199,1891,135.0,2.683,16.167559266865638,6.103177363020833,3.37332691796875,6.964976210677083,4.404202491927083,4.537090828712999
1802,45,12.707,4.509,177.678,13.342,23,1895,167.005,6.0,121.25669450149229,20.858815156510417,7.40162096015625,21.901181381770833,9.8491296875,12.425334961679587
1803,3,2.365,1.615,45.0,2.828,244,1894,45.0,2.0,8.083779633432819,3.8821986184895834,2.651057407552083,4.6422231260416655,3.2830432291666662,3.208207691842254
1804,9,3.685,3.109,97.628,4.472,327,1892,116.565,3.0,24.251338900298457,6.049007149739583,5.103490699739583,7.340884660416666,4.92456484375,5.55677872350406
1805,9,4.563,2.511,116.565,5.0,639,1892,126.87,3.0,24.251338900298457,7.4902631273437486,4.121860774218749,8.207608072916665,4.92456484375,5.55677872350406
1806,6,3.14,2.433,135.0,3.606,2534,1892,123.69,2.828,16.167559266865638,5.1543778697916665,3.993822088281249,5.919326942187499,4.6422231260416655,4.537090828712999
1807,10,3.726,3.417,30.128,4.472,1117,1894,153.435,4.0,26.94593211144273,6.116309535937499,5.609079357031249,7.340884660416666,6.5660864583333325,5.857359073278618
1808,16,5.419,3.76,90.0,5.831,1234,1893,120.964,4.0,43.11349137830837,8.895405629427081,6.172121270833332,9.571712534635417,6.5660864583333325,7.409038298005414
1809,7,4.439,2.008,119.872,5.0,2573,1893,126.87,2.683,18.86215247800991,7.286714447135416,3.2961754020833327,8.207608072916665,4.404202491927083,4.900618197668896
1810,2,2.596,0.981,45.0,2.828,764,1898,45.0,1.414,5.389186422288546,4.261390111458333,1.6103327039062498,4.6422231260416655,2.3211115630208328,2.619490611295232
1811,2,2.257,1.128,90.0,2.236,1159,1896,116.565,1.0,5.389186422288546,3.704914284114583,1.8516363812499996,3.670442330208333,1.6415216145833331,2.619490611295232
1812,25,5.979,5.324,156.419,7.071,2116,1896,135.0,5.0,67.36483027860683,9.81465773359375,8.739461076041666,11.607199336718748,8.207608072916665,9.261297872506768
1813,16,5.771,3.53,175.424,6.325,90,1899,161.565,4.0,43.11349137830837,9.473221237760415,5.794571299479165,10.382624212239582,6.5660864583333325,7.409038298005414
1814,1,1.128,1.128,0.0,1.414,796,1899,135.0,1.0,2.694593211144273,1.8516363812499996,1.8516363812499996,2.3211115630208328,1.6415216145833331,1.8522595745013535
1815,14,5.614,3.175,90.0,6.083,2325,1899,99.462,3.0,37.72430495601982,9.215502344270831,5.211831126302083,9.985375981510415,4.92456484375,6.930520719155746
1816,1,1.128,1.128,0.0,1.414,905,1900,135.0,1.0,2.694593211144273,1.8516363812499996,1.8516363812499996,2.3211115630208328,1.6415216145833331,1.8522595745013535
1817,1,1.128,1.128,0.0,1.414,1989,1900,135.0,1.0,2.694593211144273,1.8516363812499996,1.8516363812499996,2.3211115630208328,1.6415216145833331,1.8522595745013535
1818,7,4.154,2.146,81.65,4.472,2100,1904,63.435,2.0,18.86215247800991,6.818880786979165,3.5227053848958327,7.340884660416666,3.2830432291666662,4.900618197668896
1819,1,1.128,1.128,0.0,1.414,0,1905,135.0,1.0,2.694593211144273,1.8516363812499996,1.8516363812499996,2.3211115630208328,1.6415216145833331,1.8522595745013535
1820,2,2.257,1.128,90.0,2.236,638,1905,116.565,1.0,5.389186422288546,3.704914284114583,1.8516363812499996,3.670442330208333,1.6415216145833331,2.619490611295232
1821,3,2.365,1.615,45.0,2.828,2339,1907,45.0,2.0,8.083779633432819,3.8821986184895834,2.651057407552083,4.6422231260416655,3.2830432291666662,3.208207691842254
1822,622,164.524,4.814,90.73,160.028,2325,1906,91.074,8.0,1676.0369773317377,270.0697021177083,7.9022850526041655,262.6894209385416,13.132172916666665,46.195220104340486
1823,1,1.128,1.128,0.0,1.414,2747,1906,135.0,1.0,2.694593211144273,1.8516363812499996,1.8516363812499996,2.3211115630208328,1.6415216145833331,1.8522595745013535
1824,1,1.128,1.128,0.0,1.414,54,1909,135.0,1.0,2.694593211144273,1.8516363812499996,1.8516363812499996,2.3211115630208328,1.6415216145833331,1.8522595745013535
1825,1,1.128,1.128,0.0,1.414,653,1909,135.0,1.0,2.694593211144273,1.8516363812499996,1.8516363812499996,2.3211115630208328,1.6415216145833331,1.8522595745013535
1826,49,18.455,3.381,91.614,19.105,661,1910,96.009,4.0,132.03506734606938,30.29428139713541,5.5499845789062485,31.36127044661458,6.5660864583333325,12.965817021509475
1827,11,5.746,2.437,35.39,6.403,637,1915,38.66,3.13,29.640525322587003,9.432183197395833,4.000388174739583,10.510662898177081,5.1379626536458325,6.143250022964334
1828,4,2.734,1.863,90.0,3.162,2577,1912,108.435,2.0,10.778372844577092,4.487920094270833,3.0581547679687495,5.190491345312499,3.2830432291666662,3.704519149002707
1829,2,2.257,1.128,90.0,2.236,459,1913,116.565,1.0,5.389186422288546,3.704914284114583,1.8516363812499996,3.670442330208333,1.6415216145833331,2.619490611295232
1830,15,4.64,4.116,75.964,5.385,2099,1918,68.199,4.0,40.418898167164095,7.6166602916666655,6.756502965624999,8.839593894531248,6.5660864583333325,7.173770484896978
1831,2,2.596,0.981,45.0,2.828,32,1916,45.0,1.414,5.389186422288546,4.261390111458333,1.6103327039062498,4.6422231260416655,2.3211115630208328,2.619490611295232
1832,16,5.015,4.062,27.99,5.831,2684,1918,30.964,4.0,43.11349137830837,8.232230897135414,6.667860798437499,9.571712534635417,6.5660864583333325,7.409038298005414
1833,2,2.257,1.128,90.0,2.236,75,1916,116.565,1.0,5.389186422288546,3.704914284114583,1.8516363812499996,3.670442330208333,1.6415216145833331,2.619490611295232
1834,2,2.257,1.128,90.0,2.236,2579,1916,116.565,1.0,5.389186422288546,3.704914284114583,1.8516363812499996,3.670442330208333,1.6415216145833331,2.619490611295232
1835,17,5.083,4.258,48.467,5.831,140,1922,30.964,4.919,45.80808458945264,8.343854366927083,6.989599034895832,9.571712534635417,8.074644822135415,7.637061871730705
1836,2,2.257,1.128,90.0,2.236,1885,1917,116.565,1.0,5.389186422288546,3.704914284114583,1.8516363812499996,3.670442330208333,1.6415216145833331,2.619490611295232
1837,34,6.769,6.396,40.858,7.81,2196,1924,39.806,7.0,91.61616917890528,11.111459809114582,10.499172246874998,12.82028380989583,11.490651302083332,10.800436475684016
1838,29,7.442,4.962,4.186,8.246,798,1923,14.036,5.0,78.14320312318392,12.216203855729166,8.145230251562499,13.535987233854165,8.207608072916665,9.97472307428262
1839,8,4.514,2.257,90.0,4.472,2654,1920,116.565,2.0,21.556745689154184,7.409828568229166,3.704914284114583,7.340884660416666,3.2830432291666662,5.238981222590464
1840,7,3.086,2.888,0.0,3.606,412,1921,123.69,3.0,18.86215247800991,5.065735702604166,4.740714422916666,5.919326942187499,4.92456484375,4.900618197668896
1841,13,4.359,3.797,166.224,5.0,112,1922,126.87,4.0,35.02971174487555,7.155392717968749,6.232857570572916,8.207608072916665,6.5660864583333325,6.678416871333741
1842,30,7.596,5.028,90.029,8.544,637,1922,110.556,5.0,80.83779633432819,12.468998184374998,8.253570678124998,14.025160674999999,8.207608072916665,10.14524351309312
1843,12,4.514,3.385,90.0,5.0,1281,1922,126.87,3.0,32.335118533731276,7.409828568229166,5.556550665364583,8.207608072916665,4.92456484375,6.416415383684508
1844,8,3.538,2.879,45.0,4.243,341,1928,45.0,3.0,21.556745689154184,5.807703472395832,4.7259407283854165,6.964976210677083,4.92456484375,5.238981222590464
1845,35,6.985,6.38,34.545,8.062,517,1933,29.745,6.957,94.31076239004955,11.466028477864583,10.472907901041665,13.233947256770831,11.420065872656249,10.958115421760153
1846,5,3.144,2.025,18.435,3.606,1411,1930,33.69,2.0,13.472966055721365,5.16094395625,3.3240812695312494,5.919326942187499,3.2830432291666662,4.141778320559863
1847,1,1.128,1.128,0.0,1.414,2253,1928,135.0,1.0,2.694593211144273,1.8516363812499996,1.8516363812499996,2.3211115630208328,1.6415216145833331,1.8522595745013535
1848,8,3.538,2.879,45.0,4.243,1833,1932,45.0,3.0,21.556745689154184,5.807703472395832,4.7259407283854165,6.964976210677083,4.92456484375,5.238981222590464
1849,18,5.235,4.378,91.272,5.831,1112,1931,120.964,5.0,48.50267780059691,8.59336565234375,7.186581628645833,9.571712534635417,8.207608072916665,7.858471833885696
1850,7,4.154,2.146,98.35,4.472,662,1932,116.565,2.0,18.86215247800991,6.818880786979165,3.5227053848958327,7.340884660416666,3.2830432291666662,4.900618197668896
1851,9,3.919,2.924,110.301,4.472,2099,1932,116.565,3.0,24.251338900298457,6.433123207552082,4.799809201041666,7.340884660416666,4.92456484375,5.55677872350406
1852,18,5.706,4.016,40.67,6.403,61,1937,38.66,4.919,48.50267780059691,9.3665223328125,6.592350804166665,10.510662898177081,8.074644822135415,7.858471833885696
1853,6,3.385,2.257,90.0,3.606,88,1933,123.69,2.0,16.167559266865638,5.556550665364583,3.704914284114583,5.919326942187499,3.2830432291666662,4.537090828712999
1854,32,6.605,6.169,0.0,7.28,309,1936,164.055,6.0,86.22698275661674,10.842250264322915,10.12654684036458,11.950277354166666,9.8491296875,10.477962445180928
1855,21,5.478,4.881,118.862,6.403,2041,1934,128.66,5.0,56.58645743402973,8.992255404687498,8.01226700078125,10.510662898177081,8.207608072916665,8.488119706859148
1856,1,1.128,1.128,0.0,1.414,978,1935,135.0,1.0,2.694593211144273,1.8516363812499996,1.8516363812499996,2.3211115630208328,1.6415216145833331,1.8522595745013535
1857,10,4.474,2.846,166.036,5.385,1709,1935,158.199,3.0,26.94593211144273,7.344167703645833,4.671770515104166,8.839593894531248,4.92456484375,5.857359073278618
1858,4,2.257,2.257,0.0,2.828,996,1936,135.0,2.0,10.778372844577092,3.704914284114583,3.704914284114583,4.6422231260416655,3.2830432291666662,3.704519149002707
1859,38,7.371,6.564,134.998,8.485,2284,1936,135.0,7.0,102.39454202348237,12.09965582109375,10.774947878125,13.92831089973958,11.490651302083332,11.4180948581895
1860,1,1.128,1.128,0.0,1.414,1156,1937,135.0,1.0,2.694593211144273,1.8516363812499996,1.8516363812499996,2.3211115630208328,1.6415216145833331,1.8522595745013535
1861,10,4.049,3.144,26.565,5.0,18,1942,36.87,3.0,26.94593211144273,6.646521017447917,5.16094395625,8.207608072916665,4.92456484375,5.857359073278618
1862,1,1.128,1.128,0.0,1.414,31,1941,135.0,1.0,2.694593211144273,1.8516363812499996,1.8516363812499996,2.3211115630208328,1.6415216145833331,1.8522595745013535
1863,16,5.836,3.491,80.435,6.325,636,1941,108.435,4.0,43.11349137830837,9.579920142708332,5.730551956510416,10.382624212239582,6.5660864583333325,7.409038298005414
1864,9,3.919,2.924,20.301,4.472,673,1945,26.565,3.0,24.251338900298457,6.433123207552082,4.799809201041666,7.340884660416666,4.92456484375,5.55677872350406
1865,28,10.137,3.517,90.084,10.198,1884,1954,78.69,4.0,75.44860991203964,16.640104607031247,5.773231518489583,16.74023742552083,6.5660864583333325,9.801236395337792
1866,1,1.128,1.128,0.0,1.414,791,1945,135.0,1.0,2.694593211144273,1.8516363812499996,1.8516363812499996,2.3211115630208328,1.6415216145833331,1.8522595745013535
1867,15,5.949,3.21,107.088,6.325,2098,1945,108.435,3.795,40.418898167164095,9.765412085156248,5.269284382812499,10.382624212239582,6.2295745273437495,7.173770484896978
1868,19,7.655,3.16,175.665,8.246,139,1948,165.964,4.0,51.197271011741186,12.565847959635416,5.187208302083333,13.535987233854165,6.5660864583333325,8.073812302457046
1869,5,3.144,2.025,108.435,3.606,1112,1948,123.69,2.0,13.472966055721365,5.16094395625,3.3240812695312494,5.919326942187499,3.2830432291666662,4.141778320559863
1870,3,2.365,1.615,135.0,2.828,155,1950,135.0,2.0,8.083779633432819,3.8821986184895834,2.651057407552083,4.6422231260416655,3.2830432291666662,3.208207691842254
1871,4,2.734,1.863,0.0,3.162,1981,1951,161.565,2.0,10.778372844577092,4.487920094270833,3.0581547679687495,5.190491345312499,3.2830432291666662,3.704519149002707
1872,3,2.365,1.615,45.0,2.828,48,1954,45.0,2.0,8.083779633432819,3.8821986184895834,2.651057407552083,4.6422231260416655,3.2830432291666662,3.208207691842254
1873,3,3.385,1.128,90.0,3.162,2577,1957,108.435,1.0,8.083779633432819,5.556550665364583,1.8516363812499996,5.190491345312499,1.6415216145833331,3.208207691842254
1874,5,3.144,2.025,108.435,3.606,636,1959,123.69,2.0,13.472966055721365,5.16094395625,3.3240812695312494,5.919326942187499,3.2830432291666662,4.141778320559863
1875,48,9.499,6.434,5.448,9.849,102,1967,23.962,6.0,129.3404741349251,15.592813816927082,10.561550068229165,16.167346382031248,9.8491296875,12.832830767369016
1876,1,1.128,1.128,0.0,1.414,2529,1962,135.0,1.0,2.694593211144273,1.8516363812499996,1.8516363812499996,2.3211115630208328,1.6415216145833331,1.8522595745013535
1877,21,5.171,5.171,0.0,5.831,293,1968,120.964,5.0,56.58645743402973,8.488308269010416,8.488308269010416,9.571712534635417,8.207608072916665,8.488119706859148
1878,11,4.982,2.811,76.717,5.385,636,1973,68.199,3.0,29.640525322587003,8.178060683854167,4.61431725859375,8.839593894531248,4.92456484375,6.143250022964334
1879,50,8.684,7.331,15.145,10.0,340,1980,36.87,7.0,134.72966055721366,14.254973701041664,12.033994956510416,16.41521614583333,11.490651302083332,13.097453056476162
1880,5,3.144,2.025,161.565,3.606,74,1975,146.31,2.0,13.472966055721365,5.16094395625,3.3240812695312494,5.919326942187499,3.2830432291666662,4.141778320559863
1881,47,8.942,6.693,4.791,10.0,30,1984,36.87,6.0,126.64588092378082,14.678486277604165,10.986704166406248,16.41521614583333,9.8491296875,12.698451873067084
1882,5,2.523,2.523,0.0,3.162,1265,1978,108.435,2.828,13.472966055721365,4.14155903359375,4.14155903359375,5.190491345312499,4.6422231260416655,4.141778320559863
1883,19,5.55,4.359,102.821,6.403,1646,1978,128.66,4.0,51.197271011741186,9.110444960937498,7.155392717968749,10.510662898177081,6.5660864583333325,8.073812302457046
1884,43,11.964,4.576,90.028,13.153,634,1992,81.254,5.0,115.86750807920373,19.639164596875,7.511602908333332,21.590933796614582,8.207608072916665,12.146078290842405
1885,2,2.596,0.981,45.0,2.828,1079,1981,45.0,1.414,5.389186422288546,4.261390111458333,1.6103327039062498,4.6422231260416655,2.3211115630208328,2.619490611295232
1886,7,3.507,2.542,120.473,4.243,2144,1979,135.0,3.0,18.86215247800991,5.75681630234375,4.172747944270832,6.964976210677083,4.92456484375,4.900618197668896
1887,1,1.128,1.128,0.0,1.414,288,1983,135.0,1.0,2.694593211144273,1.8516363812499996,1.8516363812499996,2.3211115630208328,1.6415216145833331,1.8522595745013535
1888,40,8.038,6.336,10.667,8.602,138,1990,35.538,6.0,107.78372844577092,13.194550738020832,10.40068095,14.120368928645831,9.8491296875,11.714718146557235
1889,24,6.562,4.657,23.286,7.211,90,1990,33.69,5.0,64.67023706746255,10.771664834895832,7.644566159114582,11.837012362760415,8.207608072916665,9.074181657425997
1890,3,2.365,1.615,135.0,2.828,2776,1987,135.0,2.0,8.083779633432819,3.8821986184895834,2.651057407552083,4.6422231260416655,3.2830432291666662,3.208207691842254
1891,15,7.501,2.546,81.366,8.246,1884,1998,75.964,3.0,40.418898167164095,12.313053630989582,4.179314030729166,13.535987233854165,4.92456484375,7.173770484896978
1892,21,6.17,4.334,6.995,7.211,20,1998,33.69,4.0,56.58645743402973,10.128188361979165,7.114354677604165,11.837012362760415,6.5660864583333325,8.488119706859148
1893,47,8.113,7.376,66.998,8.944,1407,2002,63.435,7.778,126.64588092378082,13.317664859114581,12.107863429166665,14.681769320833332,12.767755118229164,12.698451873067084
1894,47,8.065,7.42,0.0,9.055,324,1999,173.66,7.0,126.64588092378082,13.23887182161458,12.180090380208332,14.863978220052081,11.490651302083332,12.698451873067084
1895,3,3.385,1.128,0.0,3.162,2292,1997,161.565,1.0,8.083779633432819,5.556550665364583,1.8516363812499996,5.190491345312499,1.6415216145833331,3.208207691842254
1896,5,3.144,2.025,71.565,3.606,57,2003,56.31,2.0,13.472966055721365,5.16094395625,3.3240812695312494,5.919326942187499,3.2830432291666662,4.141778320559863
1897,7,3.507,2.542,59.527,4.243,1716,2004,45.0,3.0,18.86215247800991,5.75681630234375,4.172747944270832,6.964976210677083,4.92456484375,4.900618197668896
1898,7,4.647,1.918,85.692,5.099,2411,2004,101.31,2.0,18.86215247800991,7.628150942968749,3.148438456770833,8.370118712760416,3.2830432291666662,4.900618197668896
1899,27,6.033,5.699,56.477,6.708,1498,2005,116.565,6.0,72.75401670089536,9.90329990078125,9.355031681510415,11.011326990625,9.8491296875,9.624623075526761
1900,16,4.683,4.35,60.767,5.385,1602,2005,111.801,4.919,43.11349137830837,7.687245721093749,7.140619023437498,8.839593894531248,8.074644822135415,7.409038298005414
1901,16,9.027,2.257,90.0,8.246,634,2006,104.036,2.0,43.11349137830837,14.818015614843747,3.704914284114583,13.535987233854165,3.2830432291666662,7.409038298005414
1902,10,4.198,3.033,180.0,4.472,51,2008,153.435,3.0,26.94593211144273,6.891107738020833,4.978735057031249,7.340884660416666,4.92456484375,5.857359073278618
1903,24,6.222,4.911,17.104,7.211,122,2012,33.69,5.0,64.67023706746255,10.2135474859375,8.061512649218749,11.837012362760415,8.207608072916665,9.074181657425997
1904,1,1.128,1.128,0.0,1.414,1844,2009,135.0,1.0,2.694593211144273,1.8516363812499996,1.8516363812499996,2.3211115630208328,1.6415216145833331,1.8522595745013535
1905,7,4.154,2.146,8.35,4.472,1690,2012,26.565,2.0,18.86215247800991,6.818880786979165,3.5227053848958327,7.340884660416666,3.2830432291666662,4.900618197668896
1906,9,3.685,3.109,172.372,4.472,95,2012,153.435,3.0,24.251338900298457,6.049007149739583,5.103490699739583,7.340884660416666,4.92456484375,5.55677872350406
1907,5,4.076,1.562,69.006,4.472,318,2016,63.435,2.0,13.472966055721365,6.690842101041665,2.5640567619791663,7.340884660416666,3.2830432291666662,4.141778320559863
1908,2,2.257,1.128,90.0,2.236,420,2016,116.565,1.0,5.389186422288546,3.704914284114583,1.8516363812499996,3.670442330208333,1.6415216145833331,2.619490611295232
1909,9,3.385,3.385,0.0,4.243,2452,2017,135.0,3.0,24.251338900298457,5.556550665364583,5.556550665364583,6.964976210677083,4.92456484375,5.55677872350406
1910,16,4.963,4.105,0.0,5.385,2074,2021,158.199,4.0,43.11349137830837,8.146871773177082,6.738446227864583,8.839593894531248,6.5660864583333325,7.409038298005414
1911,42,8.035,6.655,175.498,8.602,330,2021,144.462,7.0,113.17291486805946,13.189626173177082,10.924326345052082,14.120368928645831,11.490651302083332,12.004014008486546
1912,8,3.824,2.664,17.296,4.472,112,2024,26.565,3.0,21.556745689154184,6.277178654166666,4.3730135812499995,7.340884660416666,4.92456484375,5.238981222590464
1913,5,3.732,1.706,95.152,4.123,1833,2022,104.036,2.0,13.472966055721365,6.126158665625,2.800435874479166,6.7679936169270825,3.2830432291666662,4.141778320559863
1914,37,7.697,6.12,13.336,8.544,7,2027,20.556,6.0,99.6999488123381,12.634791867447914,10.046112281249998,14.025160674999999,9.8491296875,11.266855136162956
1915,5,3.144,2.025,108.435,3.606,1253,2029,123.69,2.0,13.472966055721365,5.16094395625,3.3240812695312494,5.919326942187499,3.2830432291666662,4.141778320559863
1916,9,3.919,2.924,69.699,4.472,2854,2034,63.435,3.0,24.251338900298457,6.433123207552082,4.799809201041666,7.340884660416666,4.92456484375,5.55677872350406
1917,16,5.015,4.062,27.99,5.831,60,2034,30.964,4.0,43.11349137830837,8.232230897135414,6.667860798437499,9.571712534635417,6.5660864583333325,7.409038298005414
1918,21,8.004,3.341,98.474,8.544,1491,2034,110.556,4.0,56.58645743402973,13.138739003124998,5.484323714322916,14.025160674999999,6.5660864583333325,8.488119706859148
1919,26,8.658,3.823,95.769,9.055,1529,2036,96.34,4.0,70.0594234897511,14.212294139062497,6.275537132552082,14.863978220052081,6.5660864583333325,9.444707714621469
1920,1,1.128,1.128,0.0,1.414,2599,2036,135.0,1.0,2.694593211144273,1.8516363812499996,1.8516363812499996,2.3211115630208328,1.6415216145833331,1.8522595745013535
1921,56,9.072,7.86,169.172,10.0,296,2038,143.13,8.0,150.8972198240793,14.891884087499998,12.902359890624998,16.41521614583333,13.132172916666665,13.861041438311492
1922,18,6.118,3.746,70.384,6.708,632,2045,63.435,4.0,48.50267780059691,10.042829238020833,6.149139968229166,11.011326990625,6.5660864583333325,7.858471833885696
1923,39,7.793,6.372,2.235,8.544,510,2044,20.556,6.0,105.08913523462664,12.792377942447915,10.459775728124999,14.025160674999999,9.8491296875,11.56735733527522
1924,2,2.257,1.128,0.0,2.236,2776,2041,153.435,1.0,5.389186422288546,3.704914284114583,1.8516363812499996,3.670442330208333,1.6415216145833331,2.619490611295232
1925,14,5.278,3.377,120.525,5.831,1365,2042,120.964,4.0,37.72430495601982,8.663951081770831,5.543418492447915,9.571712534635417,6.5660864583333325,6.930520719155746
1926,4,2.734,1.863,90.0,3.162,319,2044,108.435,2.0,10.778372844577092,4.487920094270833,3.0581547679687495,5.190491345312499,3.2830432291666662,3.704519149002707
1927,21,6.279,4.258,82.798,6.708,1883,2050,63.435,4.0,56.58645743402973,10.30711421796875,6.989599034895832,11.011326990625,6.5660864583333325,8.488119706859148
1928,70,10.715,8.318,86.409,11.402,29,2048,105.255,8.0,188.6215247800991,17.588904100260415,13.654176790104165,18.716629449479164,13.132172916666665,15.497115447502978
1929,257,26.942,12.145,57.85,28.792,1594,2075,69.677,13.78,692.5104552640781,44.22587534010416,19.93628000911458,47.26269032708333,22.620167848958328,29.693979887383016
1930,26,6.259,5.289,0.0,6.708,117,2054,153.435,5.0,70.0594234897511,10.274283785677083,8.682007819531249,11.011326990625,8.207608072916665,9.444707714621469
1931,2,2.257,1.128,0.0,2.236,1428,2053,153.435,1.0,5.389186422288546,3.704914284114583,1.8516363812499996,3.670442330208333,1.6415216145833331,2.619490611295232
1932,50,11.218,5.675,104.535,12.369,1519,2053,104.036,6.905,134.72966055721366,18.414589472395832,9.315635162760415,20.303980850781247,11.334706748697915,13.097453056476162
1933,2,2.257,1.128,90.0,2.236,337,2054,116.565,1.0,5.389186422288546,3.704914284114583,1.8516363812499996,3.670442330208333,1.6415216145833331,2.619490611295232
1934,62,15.966,4.944,92.105,17.117,1490,2054,96.71,6.0,167.0647790909449,26.208534098437497,8.115682862499998,28.097925476822915,9.8491296875,14.584706474337423
1935,3,2.365,1.615,135.0,2.828,2299,2058,135.0,2.0,8.083779633432819,3.8821986184895834,2.651057407552083,4.6422231260416655,3.2830432291666662,3.208207691842254
1936,32,7.466,5.457,36.91,8.485,42,2066,45.0,6.0,86.22698275661674,12.255600374479165,8.957783450781248,13.92831089973958,9.8491296875,10.477962445180928
1937,42,7.504,7.126,92.928,8.544,529,2060,110.556,7.0,113.17291486805946,12.317978195833332,11.697483025520832,14.025160674999999,11.490651302083332,12.004014008486546
1938,7,4.154,2.146,81.65,4.472,1038,2064,63.435,2.0,18.86215247800991,6.818880786979165,3.5227053848958327,7.340884660416666,3.2830432291666662,4.900618197668896
1939,33,6.88,6.107,169.206,7.616,1667,2062,156.801,6.0,88.92157596776102,11.293668708333332,10.024772500260415,12.501828616666664,9.8491296875,10.640421163372897
1940,43,8.485,6.453,16.129,9.487,84,2066,18.435,7.0,115.86750807920373,13.92831089973958,10.59273897890625,15.573115557552082,11.490651302083332,12.146078290842405
1941,9,4.196,2.731,96.047,4.472,2656,2062,116.565,3.0,24.251338900298457,6.887824694791665,4.4829955294270825,7.340884660416666,4.92456484375,5.55677872350406
1942,2,2.257,1.128,0.0,2.236,35,2063,153.435,1.0,5.389186422288546,3.704914284114583,1.8516363812499996,3.670442330208333,1.6415216145833331,2.619490611295232
1943,6,3.385,2.257,90.0,3.606,1354,2063,123.69,2.0,16.167559266865638,5.556550665364583,3.704914284114583,5.919326942187499,3.2830432291666662,4.537090828712999
1944,8,3.961,2.571,82.204,4.472,120,2064,116.565,3.0,21.556745689154184,6.502067115364582,4.22035207109375,7.340884660416666,4.92456484375,5.238981222590464
1945,22,5.725,4.892,17.354,6.708,366,2070,26.565,5.0,59.281050645174005,9.397711243489582,8.030323738541666,11.011326990625,8.207608072916665,8.687867499524987
1946,9,3.385,3.385,0.0,4.243,59,2067,135.0,3.0,24.251338900298457,5.556550665364583,5.556550665364583,6.964976210677083,4.92456484375,5.55677872350406
1947,187,29.127,8.174,176.753,32.14,1519,2070,174.644,11.651,503.88893048397904,47.812600067968745,13.417797677604165,52.75850469270833,19.125368331510415,25.329268729260065
1948,24,7.272,4.202,86.371,8.246,2327,2075,75.964,4.0,64.67023706746255,11.93714518125,6.897673824479166,13.535987233854165,6.5660864583333325,9.074181657425997
1949,11,4.384,3.195,74.929,5.0,1037,2074,53.13,3.0,29.640525322587003,7.196430758333333,5.244661558593749,8.207608072916665,4.92456484375,6.143250022964334
1950,4,2.257,2.257,0.0,2.828,2597,2070,135.0,2.0,10.778372844577092,3.704914284114583,3.704914284114583,4.6422231260416655,3.2830432291666662,3.704519149002707
1951,15,6.213,3.074,93.514,6.325,1490,2072,108.435,3.0,40.418898167164095,10.198773791406248,5.0460374432291655,10.382624212239582,4.92456484375,7.173770484896978
1952,20,5.251,4.849,116.565,5.831,308,2073,120.964,5.0,53.89186422288546,8.619629998177082,7.959738309114583,9.571712534635417,8.207608072916665,8.283556641119725
1953,2,2.257,1.128,0.0,2.236,1020,2075,153.435,1.0,5.389186422288546,3.704914284114583,1.8516363812499996,3.670442330208333,1.6415216145833331,2.619490611295232
1954,3,3.385,1.128,0.0,3.162,1587,2075,161.565,1.0,8.083779633432819,5.556550665364583,1.8516363812499996,5.190491345312499,1.6415216145833331,3.208207691842254
1955,18,5.282,4.339,90.0,5.831,460,2076,120.964,4.0,48.50267780059691,8.670517168229166,7.122562285677083,9.571712534635417,6.5660864583333325,7.858471833885696
1956,16,6.975,2.921,95.655,8.062,2327,2076,97.125,4.0,43.11349137830837,11.449613261718747,4.794884636197915,13.233947256770831,6.5660864583333325,7.409038298005414
1957,40,7.833,6.502,24.954,8.944,0,2082,26.565,7.0,107.78372844577092,12.85803880703125,10.673173538020832,14.681769320833332,11.490651302083332,11.714718146557235
1958,7,3.086,2.888,0.0,3.606,315,2077,123.69,3.0,18.86215247800991,5.065735702604166,4.740714422916666,5.919326942187499,4.92456484375,4.900618197668896
1959,5,3.144,2.025,71.565,3.606,1037,2080,56.31,2.0,13.472966055721365,5.16094395625,3.3240812695312494,5.919326942187499,3.2830432291666662,4.141778320559863
1960,43,7.701,7.11,15.227,8.602,117,2084,35.538,7.0,115.86750807920373,12.641357953906248,11.671218679687499,14.120368928645831,11.490651302083332,12.146078290842405
1961,36,11.404,4.019,91.013,11.402,1579,2090,74.745,4.0,97.00535560119383,18.719912492708332,6.597275369010416,18.716629449479164,6.5660864583333325,11.11355744700812
1962,26,10.508,3.15,91.032,10.44,632,2080,106.699,4.0,70.0594234897511,17.249109126041663,5.1707930859374995,17.137485656249996,6.5660864583333325,9.444707714621469
1963,23,6.487,4.514,93.937,7.28,1544,2087,74.055,5.0,61.97564385631828,10.648550713802083,7.409828568229166,11.950277354166666,8.207608072916665,8.883124856751396
1964,1,1.128,1.128,0.0,1.414,1019,2081,135.0,1.0,2.694593211144273,1.8516363812499996,1.8516363812499996,2.3211115630208328,1.6415216145833331,1.8522595745013535
1965,6,3.14,2.433,45.0,3.606,2306,2085,33.69,2.828,16.167559266865638,5.1543778697916665,3.993822088281249,5.919326942187499,4.6422231260416655,4.537090828712999
1966,25,8.231,3.867,88.96,8.544,2656,2082,110.556,4.0,67.36483027860683,13.511364409635414,6.347764083593749,14.025160674999999,6.5660864583333325,9.261297872506768
1967,13,6.375,2.596,77.969,7.28,1504,2090,74.055,3.0,35.02971174487555,10.464700292968748,4.261390111458333,11.950277354166666,4.92456484375,6.678416871333741
1968,9,4.196,2.731,83.953,4.472,246,2084,116.565,3.0,24.251338900298457,6.887824694791665,4.4829955294270825,7.340884660416666,4.92456484375,5.55677872350406
1969,1,1.128,1.128,0.0,1.414,2597,2084,135.0,1.0,2.694593211144273,1.8516363812499996,1.8516363812499996,2.3211115630208328,1.6415216145833331,1.8522595745013535
1970,49,12.598,4.952,179.604,14.142,1412,2090,8.13,5.0,132.03506734606938,20.67988930052083,8.128815035416666,23.214398673437497,8.207608072916665,12.965817021509475
1971,45,19.427,2.949,177.35,20.025,1594,2089,177.138,4.0,121.25669450149229,31.889840406510412,4.840847241406249,32.871470332031244,6.5660864583333325,12.425334961679587
1972,36,11.165,4.105,179.217,12.166,1666,2088,170.538,4.0,97.00535560119383,18.327588826822915,6.738446227864583,19.97075196302083,6.5660864583333325,11.11355744700812
1973,8,3.824,2.664,17.296,4.472,93,2089,26.565,3.0,21.556745689154184,6.277178654166666,4.3730135812499995,7.340884660416666,4.92456484375,5.238981222590464
1974,3,3.213,1.189,28.155,3.606,1063,2089,33.69,1.789,8.083779633432819,5.274208947656249,1.9517691997395832,5.919326942187499,2.936682168489583,3.208207691842254
1975,8,3.739,2.724,178.212,4.472,2326,2090,26.565,3.0,21.556745689154184,6.1376493169270825,4.471504878125,7.340884660416666,4.92456484375,5.238981222590464
1976,9,5.643,2.031,176.83,6.083,62,2089,170.538,2.0,24.251338900298457,9.263106471093748,3.3339303992187497,9.985375981510415,3.2830432291666662,5.55677872350406
1977,1,1.128,1.128,0.0,1.414,35,2089,135.0,1.0,2.694593211144273,1.8516363812499996,1.8516363812499996,2.3211115630208328,1.6415216145833331,1.8522595745013535
1978,1,1.128,1.128,0.0,1.414,1834,2089,135.0,1.0,2.694593211144273,1.8516363812499996,1.8516363812499996,2.3211115630208328,1.6415216145833331,1.8522595745013535
