 ,Area,Major,Minor,Angle,Feret,FeretX,FeretY,FeretAngle,MinFeret
1,2,2.257,1.128,0.000,2.236,1577,0,153.435,1.000
2,25,10.847,2.935,94.581,10.440,2303,0,106.699,3.000
3,9,3.385,3.385,0.000,4.243,177,1,135.000,3.000
4,1,1.128,1.128,0.000,1.414,1380,3,135.000,1.000
5,4,2.257,2.257,0.000,2.828,815,4,135.000,2.000
6,60,17.691,4.318,85.435,17.117,1926,6,96.710,5.374
7,1,1.128,1.128,0.000,1.414,1381,10,135.000,1.000
8,15,6.001,3.183,165.726,6.708,2974,11,153.435,4.000
9,7,3.855,2.312,149.036,4.472,435,12,153.435,2.828
10,100,30.787,4.136,90.056,30.150,2303,42,84.289,5.000
11,2,2.257,1.128,0.000,2.236,2330,13,153.435,1.000
12,1,1.128,1.128,0.000,1.414,2340,13,135.000,1.000
13,21,7.805,3.426,72.429,8.544,1811,26,69.444,4.000
14,11,4.982,2.811,103.283,5.385,1860,18,111.801,3.000
15,4,3.676,1.385,50.310,4.243,757,25,45.000,2.121
16,8,4.242,2.401,66.801,5.000,1511,28,53.130,3.000
17,14,5.797,3.075,91.084,6.325,1925,24,108.435,3.000
18,6,3.327,2.296,155.301,4.243,324,25,135.000,3.000
19,8,4.514,2.257,90.000,4.472,2928,32,116.565,2.000
20,14,4.746,3.756,114.358,5.385,759,34,111.801,4.000
21,1,1.128,1.128,0.000,1.414,1943,34,135.000,1.000
22,8,3.797,2.682,7.018,4.472,1404,38,26.565,3.000
23,2,2.257,1.128,0.000,2.236,436,36,153.435,1.000
24,6,3.718,2.055,90.000,4.123,1859,36,104.036,2.000
25,24,7.553,4.046,85.235,8.246,1925,44,75.964,4.000
26,1,1.128,1.128,0.000,1.414,1601,38,135.000,1.000
27,11,4.761,2.942,92.464,5.385,3048,42,111.801,3.000
28,1,1.128,1.128,0.000,1.414,166,43,135.000,1.000
29,5,4.183,1.522,79.099,4.472,1759,47,63.435,2.000
30,11,4.535,3.088,90.000,5.099,1925,46,101.310,3.000
31,61,17.795,4.365,89.489,17.117,2304,46,96.710,4.000
32,13,4.899,3.378,140.735,5.657,26,47,135.000,4.000
33,6,3.140,2.433,45.000,3.606,3338,50,33.690,2.828
34,3,2.365,1.615,45.000,2.828,871,50,45.000,2.000
35,8,4.514,2.257,90.000,4.472,862,52,116.565,2.000
36,4,2.734,1.863,0.000,3.162,654,53,161.565,2.000
37,4,4.514,1.128,90.000,4.123,1903,54,104.036,1.000
38,5,4.183,1.522,79.099,4.472,2894,58,63.435,2.000
39,1,1.128,1.128,0.000,1.414,84,55,135.000,1.000
40,22,8.547,3.277,94.545,8.544,1357,58,110.556,3.000
41,33,9.388,4.476,84.751,10.440,1924,68,73.301,5.692
42,2,2.257,1.128,90.000,2.236,1175,60,116.565,1.000
43,4,2.257,2.257,0.000,2.828,1811,62,135.000,2.000
44,25,8.201,3.881,95.108,9.055,1859,66,96.340,4.000
45,97,32.234,3.832,90.966,33.061,2304,66,93.468,5.000
46,4,4.514,1.128,90.000,4.123,1759,68,104.036,1.000
47,8,4.769,2.136,90.000,5.099,641,70,101.310,2.000
48,2,2.257,1.128,90.000,2.236,1964,70,116.565,1.000
49,3,2.365,1.615,135.000,2.828,1176,71,135.000,2.000
50,68,18.212,4.754,90.295,19.105,1923,95,83.991,7.000
51,17,6.541,3.309,85.692,6.708,2063,82,63.435,3.000
52,19,6.007,4.028,84.418,6.325,2221,79,108.435,4.000
53,1,1.128,1.128,0.000,1.414,228,81,135.000,1.000
54,20,8.848,2.878,97.765,9.487,2063,84,108.435,3.000
55,1,1.128,1.128,0.000,1.414,435,85,135.000,1.000
56,2,2.257,1.128,90.000,2.236,87,89,116.565,1.000
57,42,10.199,5.243,93.241,10.440,227,90,106.699,5.000
58,3,2.365,1.615,135.000,2.828,842,93,135.000,2.000
59,13,5.181,3.195,90.000,5.385,1811,95,111.801,3.000
60,2,2.257,1.128,0.000,2.236,452,96,153.435,1.000
61,2,2.257,1.128,0.000,2.236,1699,98,153.435,1.000
62,58,13.060,5.655,88.527,14.318,1103,113,77.905,7.000
63,17,5.229,4.140,105.172,5.831,553,102,120.964,4.000
64,19,5.810,4.164,92.650,6.325,1759,102,108.435,4.000
65,4,2.257,2.257,0.000,2.828,1922,104,135.000,2.000
66,6,3.385,2.257,0.000,3.606,2287,104,146.310,2.000
67,20,9.065,2.809,94.966,9.220,284,105,102.529,3.000
68,1,1.128,1.128,0.000,1.414,2218,105,135.000,1.000
69,1,1.128,1.128,0.000,1.414,1811,106,135.000,1.000
70,24,10.341,2.955,85.911,12.166,2304,120,80.538,4.000
71,3,2.365,1.615,45.000,2.828,228,114,45.000,2.000
72,16,7.077,2.879,82.299,7.280,1922,119,74.055,3.000
73,1,1.128,1.128,0.000,1.414,33,113,135.000,1.000
74,1,1.128,1.128,0.000,1.414,1103,114,135.000,1.000
75,4,3.192,1.596,108.435,3.606,1172,115,123.690,2.000
76,1,1.128,1.128,0.000,1.414,1811,118,135.000,1.000
77,10,4.639,2.745,69.379,5.385,1129,124,68.199,3.000
78,4,3.192,1.596,108.435,3.606,1759,121,123.690,2.000
79,7,3.086,2.888,90.000,3.606,55,126,123.690,3.000
80,3,2.365,1.615,45.000,2.828,2304,128,45.000,2.000
81,1,1.128,1.128,0.000,1.414,1131,130,135.000,1.000
82,18,7.585,3.021,96.842,7.616,1921,131,113.199,3.000
83,36,10.169,4.507,96.813,10.440,869,132,106.699,5.000
84,10,5.848,2.177,90.000,6.083,1859,133,99.462,2.000
85,2,2.257,1.128,90.000,2.236,1105,135,116.565,1.000
86,1,1.128,1.128,0.000,1.414,1320,135,135.000,1.000
87,7,4.154,2.146,81.650,4.472,2305,139,63.435,2.000
88,3,2.365,1.615,45.000,2.828,444,140,45.000,2.000
89,19,5.550,4.359,77.179,6.403,796,143,51.340,4.000
90,10,3.975,3.203,135.000,4.472,2604,139,116.565,3.536
91,8,4.044,2.519,109.330,4.472,1921,142,116.565,3.000
92,77,23.363,4.196,91.786,22.204,2304,142,97.765,4.000
93,15,4.659,4.099,45.001,5.657,864,150,45.000,4.000
94,5,3.732,1.706,95.152,4.123,287,149,104.036,2.000
95,15,4.659,4.099,45.001,5.657,32,156,45.000,4.000
96,16,7.070,2.882,100.612,7.280,1105,154,105.945,3.530
97,20,7.780,3.273,130.823,8.602,178,155,125.538,4.243
98,5,3.144,2.025,71.565,3.606,844,168,56.310,2.000
99,28,8.396,4.246,95.493,8.544,2670,166,110.556,4.000
100,22,6.350,4.411,87.000,7.280,2305,177,74.055,5.000
101,14,5.443,3.275,97.161,5.831,2311,170,120.964,3.000
102,18,9.046,2.533,93.209,9.220,1921,171,102.529,3.000
103,11,4.535,3.088,90.000,5.099,188,175,101.310,3.000
104,6,4.749,1.609,165.911,5.385,367,176,158.199,2.000
105,18,5.668,4.044,85.103,6.325,1129,176,108.435,4.000
106,7,4.154,2.146,81.650,4.472,1858,183,63.435,2.000
107,7,3.516,2.535,79.099,4.123,964,180,104.036,3.000
108,50,11.963,5.322,85.231,12.166,1356,194,80.538,5.000
109,4,2.734,1.863,90.000,3.162,1858,185,108.435,2.000
110,3,2.365,1.615,135.000,2.828,461,186,135.000,2.000
111,3,2.365,1.615,45.000,2.828,1528,188,45.000,2.000
112,8,4.044,2.519,109.330,4.472,44,188,116.565,3.000
113,8,4.514,2.257,90.000,4.472,1920,189,116.565,2.000
114,3,3.385,1.128,90.000,3.162,1105,190,108.435,1.000
115,17,6.017,3.597,94.180,7.071,2305,194,98.130,4.000
116,18,5.088,4.504,154.594,5.831,757,197,149.036,4.950
117,4,2.734,1.863,90.000,3.162,1105,198,108.435,2.000
118,21,6.980,3.831,132.453,8.485,1344,200,135.000,5.199
119,7,3.086,2.888,0.000,3.606,1365,201,123.690,3.000
120,3,2.365,1.615,135.000,2.828,287,204,135.000,2.000
121,34,7.747,5.588,73.796,8.544,2306,214,69.444,6.000
122,37,7.135,6.602,155.435,8.062,662,212,150.255,7.000
123,11,6.984,2.005,85.916,7.280,1919,217,74.055,2.000
124,1,1.128,1.128,0.000,1.414,1107,212,135.000,1.000
125,5,3.144,2.025,161.565,3.606,1586,213,146.310,2.000
126,3,3.385,1.128,90.000,3.162,2603,216,108.435,1.000
127,1,1.128,1.128,0.000,1.414,2308,217,135.000,1.000
128,1,1.128,1.128,0.000,1.414,2310,217,135.000,1.000
129,1,1.128,1.128,0.000,1.414,2322,217,135.000,1.000
130,4,2.257,2.257,0.000,2.828,2155,218,135.000,2.000
131,4,2.257,2.257,0.000,2.828,126,219,135.000,2.000
132,15,4.659,4.099,45.001,5.657,434,224,45.000,4.000
133,46,17.153,3.415,82.359,16.492,1918,236,75.964,4.768
134,7,3.086,2.888,90.000,3.606,2308,221,123.690,3.000
135,32,7.137,5.709,168.739,7.616,566,224,156.801,6.000
136,1,1.128,1.128,0.000,1.414,116,223,135.000,1.000
137,3,3.385,1.128,90.000,3.162,945,223,108.435,1.000
138,11,3.994,3.507,108.435,4.472,1698,225,116.565,4.000
139,6,3.988,1.916,71.565,4.472,2458,230,63.435,2.000
140,1,1.128,1.128,0.000,1.414,276,227,135.000,1.000
141,4,2.734,1.863,90.000,3.162,1131,230,108.435,2.000
142,13,5.808,2.850,85.142,6.325,2308,236,71.565,3.000
143,3,2.365,1.615,45.000,2.828,954,240,45.000,2.000
144,55,10.641,6.581,59.269,11.402,1973,249,52.125,7.400
145,95,33.616,3.598,88.337,34.059,1918,274,86.634,4.803
146,21,9.152,2.922,76.987,11.180,2306,252,79.695,4.000
147,6,3.385,2.257,90.000,3.606,1528,242,123.690,2.000
148,5,3.144,2.025,71.565,3.606,380,249,56.310,2.000
149,9,4.200,2.729,119.518,5.000,24,248,126.870,3.000
150,19,6.766,3.575,94.319,7.280,372,248,105.945,4.000
151,19,5.803,4.169,95.337,6.708,1973,250,116.565,4.000
152,10,3.966,3.210,90.000,4.472,892,251,116.565,3.000
153,24,6.927,4.411,151.242,7.616,21,254,156.801,4.950
154,17,5.229,4.140,105.172,5.831,1105,253,120.964,4.000
155,19,5.790,4.178,85.705,6.708,24,266,63.435,4.000
156,17,5.924,3.654,89.182,6.325,2306,260,108.435,4.000
157,18,5.608,4.087,72.704,6.403,428,266,51.340,4.000
158,1,1.128,1.128,0.000,1.414,869,263,135.000,1.000
159,2,2.257,1.128,90.000,2.236,893,263,116.565,1.000
160,9,4.200,2.729,60.482,5.000,1369,268,53.130,3.000
161,2,2.257,1.128,0.000,2.236,868,265,153.435,1.000
162,9,5.643,2.031,93.170,6.083,893,266,99.462,2.000
163,2,2.257,1.128,0.000,2.236,436,267,153.435,1.000
164,42,8.451,6.328,131.796,9.899,19,273,135.000,7.600
165,45,10.729,5.340,98.185,11.402,366,273,105.255,6.000
166,16,7.075,2.879,102.995,7.616,1104,273,113.199,3.000
167,17,5.748,3.766,106.712,6.325,2324,273,108.435,4.000
168,1,1.128,1.128,0.000,1.414,1697,274,135.000,1.000
169,52,17.520,3.779,90.776,17.117,2305,275,96.710,4.000
170,14,8.121,2.195,86.437,8.246,1698,288,75.964,2.000
171,13,7.435,2.226,92.145,7.280,892,281,105.945,2.000
172,7,3.086,2.888,0.000,3.606,808,283,123.690,3.000
173,5,3.144,2.025,71.565,3.606,1917,287,56.310,2.000
174,5,3.144,2.025,71.565,3.606,1812,288,56.310,2.000
175,7,3.086,2.888,90.000,3.606,452,289,123.690,3.000
176,9,4.204,2.726,125.783,5.000,1025,289,126.870,3.000
177,5,3.144,2.025,108.435,3.606,136,293,123.690,2.000
178,16,5.012,4.065,66.255,5.831,788,300,59.036,4.000
179,25,7.510,4.239,86.927,7.616,2305,295,113.199,4.000
180,11,4.384,3.195,164.929,5.000,1256,296,143.130,3.000
181,1,1.128,1.128,0.000,1.414,92,297,135.000,1.000
182,2,2.257,1.128,0.000,2.236,366,297,153.435,1.000
183,1,1.128,1.128,0.000,1.414,2968,299,135.000,1.000
184,2,2.257,1.128,90.000,2.236,1917,300,116.565,1.000
185,7,4.154,2.146,8.350,4.472,398,304,26.565,2.000
186,6,3.718,2.055,126.870,4.243,1258,305,135.000,2.683
187,189,39.248,6.131,92.619,38.118,2305,347,85.486,8.489
188,12,5.065,3.017,107.137,5.831,1110,311,120.964,3.000
189,10,4.444,2.865,26.565,5.000,2158,315,36.870,3.000
190,1,1.128,1.128,0.000,1.414,826,313,135.000,1.000
191,63,14.191,5.652,172.088,14.318,2499,319,167.905,6.515
192,35,8.816,5.055,93.860,9.220,1917,318,102.529,5.000
193,6,2.930,2.607,116.565,3.606,891,319,123.690,3.000
194,13,5.067,3.267,90.000,5.385,1039,321,111.801,3.000
195,2,2.596,0.981,45.000,2.828,2195,326,45.000,1.414
196,8,3.489,2.919,90.000,4.123,1501,327,104.036,3.000
197,23,6.634,4.414,83.839,7.211,2976,340,56.310,4.000
198,9,5.229,2.191,94.731,5.385,1916,340,111.801,2.000
199,17,5.476,3.953,120.964,6.403,1038,342,128.660,4.000
200,656,34.459,24.239,174.908,43.738,167,362,169.461,28.883
201,13,5.181,3.195,90.000,5.385,558,343,111.801,3.000
202,7,3.086,2.888,0.000,3.606,118,347,123.690,3.000
203,9,5.229,2.191,85.269,5.385,1640,352,68.199,2.000
204,48,18.971,3.222,90.615,20.025,2307,350,92.862,4.000
205,11,4.384,3.195,74.929,5.000,1277,355,53.130,3.000
206,67,23.613,3.613,86.366,24.083,814,378,85.236,4.987
207,6,2.930,2.607,26.565,3.606,887,354,146.310,3.000
208,4,2.734,1.863,90.000,3.162,3201,354,108.435,2.000
209,1,1.128,1.128,0.000,1.414,3735,354,135.000,1.000
210,5,3.144,2.025,71.565,3.606,1178,358,56.310,2.000
211,2,2.257,1.128,0.000,2.236,1494,356,153.435,1.000
212,16,5.652,3.604,148.039,6.403,3679,357,141.340,4.000
213,10,4.111,3.097,90.000,4.472,2154,358,116.565,3.000
214,15,5.243,3.643,170.101,5.831,128,363,149.036,4.000
215,5,3.144,2.025,161.565,3.606,217,364,146.310,2.000
216,15,4.745,4.025,11.445,5.831,228,368,30.964,4.000
217,1,1.128,1.128,0.000,1.414,214,365,135.000,1.000
218,18,5.899,3.885,90.000,6.325,1517,368,108.435,4.000
219,1,1.128,1.128,0.000,1.414,219,369,135.000,1.000
220,1,1.128,1.128,0.000,1.414,1915,374,135.000,1.000
221,62,19.898,3.967,91.977,24.021,2307,374,92.386,5.000
222,1,1.128,1.128,0.000,1.414,1095,375,135.000,1.000
223,3,2.365,1.615,135.000,2.828,1516,377,135.000,2.000
224,5,3.144,2.025,18.435,3.606,2059,380,33.690,2.000
225,4,2.257,2.257,0.000,2.828,2379,378,135.000,2.000
226,13,6.344,2.609,91.315,6.325,2244,380,108.435,3.000
227,8,3.797,2.682,7.018,4.472,1415,384,26.565,3.000
228,12,4.257,3.589,90.000,5.099,1517,384,101.310,4.000
229,11,4.507,3.107,138.972,5.000,1413,388,126.870,3.536
230,2,2.257,1.128,90.000,2.236,35,389,116.565,1.000
231,6,3.140,2.433,45.000,3.606,643,394,33.690,2.828
232,9,4.728,2.424,87.882,5.385,812,391,111.801,3.000
233,15,4.640,4.116,75.964,5.385,1105,397,68.199,4.000
234,7,3.855,2.312,59.036,4.472,2074,396,63.435,2.828
235,3,2.365,1.615,135.000,2.828,160,393,135.000,2.000
236,17,5.083,4.258,41.533,5.831,2320,398,30.964,4.919
237,19,7.294,3.317,90.000,7.280,2373,393,105.945,3.000
238,3,2.365,1.615,45.000,2.828,244,396,45.000,2.000
239,10,4.198,3.033,180.000,4.472,1270,396,153.435,3.000
240,8,3.538,2.879,45.000,4.243,1915,399,45.000,3.000
241,20,6.008,4.239,79.166,6.708,353,404,63.435,4.000
242,11,4.384,3.195,164.929,5.000,88,399,143.130,3.000
243,11,4.162,3.365,131.709,5.000,2193,401,126.870,4.000
244,9,3.919,2.924,69.699,4.472,2306,405,63.435,3.000
245,5,3.144,2.025,161.565,3.606,10,402,146.310,2.000
246,3,2.365,1.615,45.000,2.828,2242,404,45.000,2.000
247,2,2.257,1.128,90.000,2.236,1907,404,116.565,1.000
248,1,1.128,1.128,0.000,1.414,1916,404,135.000,1.000
249,6,3.385,2.257,0.000,3.606,173,406,146.310,2.000
250,49,13.449,4.639,98.257,14.318,867,408,102.095,5.458
251,1,1.128,1.128,0.000,1.414,809,409,135.000,1.000
252,1,1.128,1.128,0.000,1.414,815,410,135.000,1.000
253,30,7.961,4.798,82.672,8.544,1914,419,69.444,5.000
254,286,80.301,4.535,90.475,78.026,2307,412,91.469,6.000
255,1,1.128,1.128,0.000,1.414,1059,413,135.000,1.000
256,15,6.182,3.089,117.652,6.708,462,419,116.565,3.883
257,7,3.086,2.888,90.000,3.606,553,421,123.690,3.000
258,1,1.128,1.128,0.000,1.414,814,421,135.000,1.000
259,1,1.128,1.128,0.000,1.414,2474,421,135.000,1.000
260,9,3.385,3.385,0.000,4.243,187,422,135.000,3.000
261,3,2.365,1.615,135.000,2.828,1762,422,135.000,2.000
262,46,12.545,4.669,95.686,14.318,869,424,102.095,5.000
263,11,4.900,2.859,74.745,5.385,1105,433,68.199,3.000
264,8,3.538,2.879,135.000,4.243,2727,428,135.000,3.000
265,31,7.798,5.062,164.236,9.220,1534,432,167.471,5.814
266,4,2.734,1.863,90.000,3.162,1915,436,108.435,2.000
267,8,3.651,2.790,34.722,4.472,1393,441,26.565,3.000
268,3,3.385,1.128,90.000,3.162,3473,439,108.435,1.000
269,6,3.718,2.055,90.000,4.123,1763,440,104.036,2.000
270,1,1.128,1.128,0.000,1.414,507,441,135.000,1.000
271,16,7.874,2.587,81.813,8.246,680,450,75.964,3.000
272,27,7.178,4.790,147.315,8.602,2375,442,125.538,5.814
273,2,2.596,0.981,45.000,2.828,123,445,45.000,1.414
274,1,1.128,1.128,0.000,1.414,1284,445,135.000,1.000
275,10,5.359,2.376,91.907,6.083,809,447,99.462,3.000
276,13,4.660,3.552,78.690,5.385,1105,452,68.199,4.000
277,10,3.966,3.210,0.000,4.472,392,449,153.435,3.000
278,4,2.734,1.863,0.000,3.162,1498,451,161.565,2.000
279,12,5.384,2.838,90.000,6.083,1763,452,99.462,3.000
280,3,2.365,1.615,45.000,2.828,2540,454,45.000,2.000
281,17,6.588,3.286,149.850,7.211,808,457,146.310,4.025
282,3,2.365,1.615,45.000,2.828,1914,458,45.000,2.000
283,5,2.523,2.523,0.000,3.162,3636,461,108.435,2.828
284,11,4.384,3.195,74.929,5.000,1165,468,53.130,3.000
285,4,2.257,2.257,0.000,2.828,219,466,135.000,2.000
286,4,3.216,1.583,121.717,3.606,2842,467,123.690,2.000
287,27,6.886,4.993,74.864,7.616,880,475,66.801,6.000
288,23,8.984,3.260,88.484,9.220,1914,468,102.529,3.000
289,3,2.365,1.615,135.000,2.828,1722,469,135.000,2.000
290,21,6.942,3.852,92.275,7.280,1762,469,105.945,4.000
291,8,4.044,2.519,109.330,4.472,700,471,116.565,3.000
292,1,1.128,1.128,0.000,1.414,913,471,135.000,1.000
293,6,3.385,2.257,0.000,3.606,2151,474,146.310,2.000
294,15,5.114,3.735,152.624,5.831,179,478,149.036,4.000
295,8,4.936,2.064,79.099,5.385,1763,485,68.199,2.000
296,9,3.923,2.921,168.019,4.472,624,481,153.435,3.000
297,14,5.744,3.103,83.953,6.325,812,488,71.565,3.000
298,1,1.128,1.128,0.000,1.414,34,483,135.000,1.000
299,3,2.365,1.615,135.000,2.828,162,484,135.000,2.000
300,7,3.772,2.363,45.000,4.243,701,489,45.000,2.828
301,1,1.128,1.128,0.000,1.414,372,489,135.000,1.000
302,10,3.966,3.210,0.000,4.472,94,491,153.435,3.000
303,2,2.257,1.128,90.000,2.236,783,491,116.565,1.000
304,1,1.128,1.128,0.000,1.414,1573,494,135.000,1.000
305,1,1.128,1.128,0.000,1.414,671,496,135.000,1.000
306,2,2.257,1.128,90.000,2.236,914,497,116.565,1.000
307,17,7.283,2.972,68.623,7.616,1913,505,66.801,3.578
308,58,20.697,3.568,92.278,20.224,2307,498,98.531,4.000
309,10,4.767,2.671,175.935,5.385,1150,502,158.199,3.000
310,3,2.365,1.615,45.000,2.828,1530,504,45.000,2.000
311,4,2.257,2.257,0.000,2.828,2663,506,135.000,2.000
312,18,5.708,4.015,54.751,6.403,2676,517,38.660,4.743
313,6,3.385,2.257,90.000,3.606,1863,513,123.690,2.000
314,2,2.257,1.128,0.000,2.236,2230,513,153.435,1.000
315,1,1.128,1.128,0.000,1.414,879,514,135.000,1.000
316,3,2.365,1.615,135.000,2.828,273,516,135.000,2.000
317,4,2.257,2.257,0.000,2.828,2842,518,135.000,2.000
318,1,1.128,1.128,0.000,1.414,180,519,135.000,1.000
319,23,7.060,4.148,57.154,7.810,1761,525,50.194,4.919
320,102,24.224,5.361,88.191,24.187,878,544,82.875,6.000
321,7,3.507,2.542,120.473,4.243,179,521,135.000,3.000
322,4,2.257,2.257,0.000,2.828,444,522,135.000,2.000
323,1,1.128,1.128,0.000,1.414,2226,525,135.000,1.000
324,13,5.415,3.057,151.464,6.708,700,527,153.435,4.000
325,11,4.384,3.195,105.071,5.000,810,528,126.870,3.000
326,13,4.380,3.779,45.000,5.000,979,532,36.870,4.000
327,1,1.128,1.128,0.000,1.414,400,531,135.000,1.000
328,14,5.977,2.982,80.990,6.325,1112,538,71.565,3.000
329,20,7.939,3.207,90.000,8.246,2308,532,104.036,4.000
330,39,8.980,5.530,72.622,10.296,1760,542,60.945,6.000
331,7,3.507,2.542,30.473,4.243,118,538,45.000,3.000
332,5,3.144,2.025,161.565,3.606,128,538,146.310,2.000
333,14,4.264,4.181,90.000,5.000,669,538,126.870,4.000
334,6,3.385,2.257,90.000,3.606,1914,538,123.690,2.000
335,3,2.365,1.615,135.000,2.828,1819,544,135.000,2.000
336,2,2.596,0.981,135.000,2.828,2511,544,135.000,1.414
337,59,18.516,4.057,87.653,19.105,2308,551,96.009,5.000
338,14,5.479,3.254,89.158,6.325,1106,558,71.565,4.000
339,17,5.377,4.025,97.132,5.831,876,554,120.964,4.000
340,11,4.535,3.088,90.000,5.099,2069,554,101.310,3.000
341,48,13.767,4.439,91.153,13.342,1911,555,102.995,5.000
342,10,4.434,2.871,67.259,5.000,550,560,36.870,3.479
343,1,1.128,1.128,0.000,1.414,2975,556,135.000,1.000
344,1,1.128,1.128,0.000,1.414,1056,557,135.000,1.000
345,3,3.385,1.128,0.000,3.162,1140,557,161.565,1.000
346,7,4.061,2.195,119.120,5.000,1346,557,126.870,3.000
347,13,5.453,3.036,78.690,5.831,1864,562,59.036,3.000
348,4,2.734,1.863,90.000,3.162,2005,558,108.435,2.000
349,1,1.128,1.128,0.000,1.414,1056,559,135.000,1.000
350,1,1.128,1.128,0.000,1.414,453,560,135.000,1.000
351,1,1.128,1.128,0.000,1.414,1397,560,135.000,1.000
352,14,4.477,3.981,180.000,5.000,163,562,126.870,4.000
353,51,11.987,5.417,83.209,13.342,1763,575,77.005,6.000
354,14,4.847,3.678,59.237,5.657,1860,567,45.000,4.000
355,1,1.128,1.128,0.000,1.414,2711,562,135.000,1.000
356,3,2.365,1.615,45.000,2.828,138,567,45.000,2.000
357,35,9.001,4.951,98.760,9.220,876,566,102.529,5.000
358,21,6.629,4.034,74.182,7.211,1032,572,56.310,4.000
359,2,2.257,1.128,0.000,2.236,316,567,153.435,1.000
360,4,2.257,2.257,0.000,2.828,2712,568,135.000,2.000
361,13,4.500,3.678,101.310,5.385,2746,568,111.801,4.000
362,6,4.790,1.595,94.731,5.099,1653,570,101.310,2.000
363,9,3.385,3.385,0.000,4.243,1863,570,135.000,3.000
364,11,4.761,2.942,92.464,5.385,2308,573,111.801,3.000
365,6,3.489,2.190,135.000,4.243,1433,574,135.000,2.828
366,10,4.111,3.097,90.000,4.472,1912,575,116.565,3.000
367,1,1.128,1.128,0.000,1.414,923,576,135.000,1.000
368,12,5.675,2.693,80.783,6.325,1051,582,71.565,3.000
369,4,4.514,1.128,0.000,4.123,1240,578,165.964,1.000
370,17,5.229,4.140,74.828,5.831,2151,583,59.036,4.000
371,11,5.454,2.568,95.655,6.325,2421,578,108.435,3.000
372,17,5.201,4.162,135.000,5.831,322,580,120.964,4.919
373,10,5.065,2.514,95.443,6.083,1763,581,99.462,3.000
374,26,6.518,5.079,162.892,7.211,130,583,146.310,5.000
375,2,2.257,1.128,0.000,2.236,1912,583,153.435,1.000
376,5,3.144,2.025,18.435,3.606,94,588,33.690,2.000
377,7,3.086,2.888,0.000,3.606,504,587,123.690,3.000
378,27,9.401,3.657,82.707,9.487,2308,596,71.565,4.000
379,15,5.083,3.757,111.605,5.831,2379,588,120.964,4.000
380,8,4.769,2.136,90.000,5.099,2927,588,101.310,2.000
381,3,2.365,1.615,45.000,2.828,375,591,45.000,2.000
382,24,5.912,5.169,115.670,6.708,186,590,116.565,5.000
383,9,4.196,2.731,6.047,4.472,2152,590,153.435,3.000
384,6,3.385,2.257,0.000,3.606,704,594,146.310,2.000
385,7,3.507,2.542,59.527,4.243,1435,597,45.000,3.000
386,3,2.365,1.615,45.000,2.828,1722,596,45.000,2.000
387,1,1.128,1.128,0.000,1.414,1911,594,135.000,1.000
388,5,4.183,1.522,100.901,4.472,2699,594,116.565,2.000
389,14,4.554,3.914,81.918,5.385,307,595,111.801,4.000
390,6,3.385,2.257,90.000,3.606,1500,595,123.690,2.000
391,8,6.896,1.477,81.650,7.280,1912,602,74.055,2.000
392,8,4.444,2.292,125.355,5.000,1722,597,126.870,2.828
393,15,4.659,4.099,135.000,5.657,1276,600,135.000,4.000
394,2,2.257,1.128,90.000,2.236,2927,603,116.565,1.000
395,34,11.207,3.863,91.788,11.180,1912,604,100.305,4.808
396,39,9.073,5.473,94.872,10.198,209,608,101.310,6.000
397,6,3.140,2.433,135.000,3.606,1262,609,123.690,2.828
398,11,4.738,2.956,99.992,5.385,1764,613,111.801,3.000
399,5,3.732,1.706,58.283,4.243,874,618,45.000,2.236
400,2,2.257,1.128,90.000,2.236,2170,616,116.565,1.000
401,23,11.200,2.615,95.288,11.180,2309,616,100.305,3.000
402,3,2.365,1.615,135.000,2.828,1486,617,135.000,2.000
403,9,3.919,2.924,159.699,4.472,710,620,153.435,3.000
404,11,4.982,2.811,76.717,5.385,1764,630,68.199,3.000
405,30,8.433,4.529,151.869,8.944,174,627,153.435,5.367
406,23,7.665,3.820,36.107,8.485,1078,634,45.000,4.919
407,22,7.148,3.919,93.897,8.246,2309,628,104.036,4.000
408,3,2.365,1.615,135.000,2.828,1319,630,135.000,2.000
409,11,3.994,3.507,71.565,4.472,1558,632,116.565,4.000
410,2,2.257,1.128,90.000,2.236,1655,632,116.565,1.000
411,2,2.596,0.981,45.000,2.828,970,638,45.000,1.414
412,18,5.899,3.885,90.000,6.325,1764,636,108.435,4.000
413,3,2.365,1.615,45.000,2.828,1397,639,45.000,2.000
414,2,2.257,1.128,90.000,2.236,760,638,116.565,1.000
415,1,1.128,1.128,0.000,1.414,2669,638,135.000,1.000
416,8,4.044,2.519,70.670,4.472,705,646,63.435,3.000
417,1,1.128,1.128,0.000,1.414,1849,645,135.000,1.000
418,45,14.070,4.072,88.394,14.142,2309,659,81.870,4.000
419,3,2.365,1.615,45.000,2.828,188,648,45.000,2.000
420,1,1.128,1.128,0.000,1.414,1521,646,135.000,1.000
421,6,3.385,2.257,0.000,3.606,2577,646,146.310,2.000
422,1,1.128,1.128,0.000,1.414,170,647,135.000,1.000
423,4,2.257,2.257,0.000,2.828,872,648,135.000,2.000
424,1,1.128,1.128,0.000,1.414,1158,649,135.000,1.000
425,34,9.741,4.444,79.842,10.440,779,660,73.301,5.000
426,2,2.257,1.128,90.000,2.236,1529,652,116.565,1.000
427,6,3.385,2.257,90.000,3.606,832,654,123.690,2.000
428,3,2.365,1.615,135.000,2.828,1175,656,135.000,2.000
429,5,3.732,1.706,95.152,4.123,1817,657,104.036,2.000
430,2,2.596,0.981,135.000,2.828,1271,658,135.000,1.414
431,9,3.923,2.921,11.981,4.472,2148,659,153.435,3.000
432,17,6.711,3.225,90.000,7.071,53,660,98.130,3.000
433,1,1.128,1.128,0.000,1.414,143,660,135.000,1.000
434,9,3.919,2.924,69.699,4.472,1904,664,63.435,3.000
435,4,2.257,2.257,0.000,2.828,2700,660,135.000,2.000
436,11,4.738,2.956,80.008,5.385,1078,666,68.199,3.000
437,1,1.128,1.128,0.000,1.414,1723,661,135.000,1.000
438,10,4.767,2.671,94.065,5.385,731,662,111.801,3.000
439,13,7.888,2.098,95.535,8.246,2309,662,104.036,2.000
440,43,8.792,6.227,98.854,10.198,1008,663,101.310,7.000
441,19,5.119,4.726,173.736,5.831,201,664,120.964,5.000
442,7,3.516,2.535,10.901,4.123,1025,667,165.964,3.000
443,3,2.365,1.615,45.000,2.828,1432,670,45.000,2.000
444,5,3.144,2.025,18.435,3.606,1827,670,33.690,2.000
445,8,4.769,2.136,90.000,5.099,2151,668,101.310,2.000
446,4,2.734,1.863,90.000,3.162,3097,672,108.435,2.000
447,5,3.144,2.025,108.435,3.606,659,673,123.690,2.000
448,27,6.909,4.975,91.460,7.616,870,676,113.199,5.000
449,6,4.134,1.848,77.067,4.472,1532,680,63.435,2.000
450,5,2.523,2.523,0.000,3.162,134,677,108.435,2.828
451,6,3.973,1.923,137.720,5.000,777,679,143.130,2.828
452,5,3.144,2.025,108.435,3.606,53,681,123.690,2.000
453,2,2.257,1.128,90.000,2.236,485,681,116.565,1.000
454,1,1.128,1.128,0.000,1.414,929,681,135.000,1.000
455,126,35.337,4.540,91.730,36.125,2309,682,94.764,5.000
456,7,4.110,2.168,67.500,4.472,446,688,63.435,2.683
457,14,4.264,4.181,2.771E-13,5.000,1868,684,126.870,4.000
458,2,2.257,1.128,90.000,2.236,2302,684,116.565,1.000
459,32,10.224,3.985,82.707,11.180,1765,700,79.695,4.000
460,12,4.257,3.589,0.000,5.099,600,693,168.690,4.000
461,3,3.385,1.128,0.000,3.162,1108,691,161.565,1.000
462,2,2.596,0.981,135.000,2.828,1160,691,135.000,1.414
463,2,2.257,1.128,90.000,2.236,1869,691,116.565,1.000
464,4,2.257,2.257,0.000,2.828,444,692,135.000,2.000
465,10,4.444,2.865,153.435,5.000,315,693,143.130,3.000
466,25,6.416,4.962,117.031,7.211,444,700,123.690,5.000
467,28,9.934,3.589,102.174,9.849,869,701,113.962,4.511
468,22,6.448,4.344,90.000,6.708,599,702,116.565,4.000
469,10,4.111,3.097,90.000,4.472,2039,702,116.565,3.000
470,5,3.144,2.025,71.565,3.606,64,706,56.310,2.000
471,23,6.015,4.869,170.444,6.708,206,707,153.435,5.000
472,26,5.981,5.535,149.872,6.708,2661,707,116.565,6.000
473,15,4.659,4.099,45.001,5.657,1868,712,45.000,4.000
474,6,3.385,2.257,90.000,3.606,810,709,123.690,2.000
475,2,2.257,1.128,90.000,2.236,0,710,116.565,1.000
476,1,1.128,1.128,0.000,1.414,1909,710,135.000,1.000
477,1,1.128,1.128,0.000,1.414,275,711,135.000,1.000
478,3,3.385,1.128,90.000,3.162,2609,713,108.435,1.000
479,2,2.257,1.128,90.000,2.236,96,714,116.565,1.000
480,5,3.144,2.025,71.565,3.606,207,717,56.310,2.000
481,4,2.734,1.863,90.000,3.162,617,716,108.435,2.000
482,51,10.690,6.074,96.550,11.402,95,717,105.255,6.791
483,3,2.365,1.615,45.000,2.828,672,720,45.000,2.000
484,7,3.086,2.888,90.000,3.606,230,720,123.690,3.000
485,53,10.269,6.572,109.744,11.180,867,722,116.565,7.000
486,2,2.257,1.128,0.000,2.236,3663,724,153.435,1.000
487,2,2.257,1.128,90.000,2.236,401,725,116.565,1.000
488,27,10.540,3.262,86.612,10.198,1256,725,101.310,4.000
489,4,2.257,2.257,0.000,2.828,1312,725,135.000,2.000
490,56,21.266,3.353,91.504,21.095,2310,725,95.440,4.000
491,24,7.027,4.348,177.668,7.616,480,730,23.199,4.000
492,32,12.130,3.359,91.043,11.402,777,727,105.255,3.000
493,42,15.522,3.445,85.317,17.117,1301,746,83.290,4.000
494,4,2.257,2.257,0.000,2.828,236,732,135.000,2.000
495,3,2.365,1.615,135.000,2.828,261,732,135.000,2.000
496,2,2.257,1.128,0.000,2.236,2332,733,153.435,1.000
497,6,3.385,2.257,90.000,3.606,1264,734,123.690,2.000
498,11,4.982,2.811,76.717,5.385,520,740,68.199,3.000
499,1,1.128,1.128,0.000,1.414,2232,735,135.000,1.000
500,9,5.229,2.191,94.731,5.385,1006,736,111.801,2.000
501,9,4.428,2.588,132.908,5.000,2179,736,126.870,3.536
502,1,1.128,1.128,0.000,1.414,869,738,135.000,1.000
503,9,4.196,2.731,83.953,4.472,1868,738,116.565,3.000
504,1,1.128,1.128,0.000,1.414,2421,738,135.000,1.000
505,2,2.596,0.981,135.000,2.828,1535,742,135.000,1.414
506,7,3.086,2.888,0.000,3.606,485,743,123.690,3.000
507,7,4.154,2.146,81.650,4.472,324,748,63.435,2.000
508,5,4.076,1.562,110.994,4.472,868,744,116.565,2.000
509,23,9.453,3.098,71.954,9.849,1866,756,66.038,4.000
510,11,4.384,3.195,74.929,5.000,519,752,53.130,3.000
511,24,7.862,3.887,99.989,8.544,1765,748,110.556,4.000
512,1,1.128,1.128,0.000,1.414,827,750,135.000,1.000
513,6,3.140,2.433,135.000,3.606,1270,750,123.690,2.828
514,9,4.196,2.731,96.047,4.472,1590,750,116.565,3.000
515,5,3.144,2.025,71.565,3.606,3095,753,56.310,2.000
516,24,6.711,4.553,114.499,7.280,221,751,105.945,5.000
517,4,2.257,2.257,0.000,2.828,1709,751,135.000,2.000
518,47,20.680,2.894,91.620,20.100,2256,753,95.711,4.000
519,13,5.181,3.195,90.000,5.385,2310,754,111.801,3.000
520,3,2.365,1.615,45.000,2.828,2030,758,45.000,2.000
521,1,1.128,1.128,0.000,1.414,325,757,135.000,1.000
522,14,4.484,3.975,171.091,5.385,1866,761,158.199,4.000
523,4,2.257,2.257,0.000,2.828,1490,760,135.000,2.000
524,11,4.982,2.811,76.717,5.385,1534,766,68.199,3.000
525,255,25.094,12.938,102.080,25.298,93,762,108.435,13.416
526,3,3.385,1.128,90.000,3.162,129,762,108.435,1.000
527,34,9.716,4.455,118.981,10.296,374,762,119.055,5.367
528,12,4.514,3.385,90.000,5.000,1264,762,126.870,3.000
529,3,2.365,1.615,45.000,2.828,778,766,45.000,2.000
530,8,4.444,2.292,54.645,5.000,1499,768,53.130,2.828
531,64,23.855,3.416,87.621,23.195,2309,787,82.569,5.000
532,11,4.738,2.956,99.992,5.385,325,765,111.801,3.000
533,11,4.384,3.195,105.071,5.000,1490,767,126.870,3.000
534,1,1.128,1.128,0.000,1.414,163,768,135.000,1.000
535,5,3.144,2.025,71.565,3.606,1138,772,56.310,2.000
536,13,5.067,3.267,90.000,5.385,810,771,111.801,3.000
537,1,1.128,1.128,0.000,1.414,1375,771,135.000,1.000
538,3,3.385,1.128,0.000,3.162,1306,775,161.565,1.000
539,6,3.988,1.916,108.435,4.472,1376,775,116.565,2.000
540,4,2.734,1.863,90.000,3.162,1867,776,108.435,2.000
541,34,8.737,4.955,84.021,9.487,1054,786,71.565,5.000
542,5,3.144,2.025,18.435,3.606,1297,779,33.690,2.000
543,17,4.755,4.552,90.000,5.385,1576,777,111.801,4.950
544,2,2.257,1.128,90.000,2.236,2150,777,116.565,1.000
545,3,2.365,1.615,45.000,2.828,1534,780,45.000,2.000
546,1,1.128,1.128,0.000,1.414,48,779,135.000,1.000
547,13,4.380,3.779,45.000,5.000,866,782,36.870,4.000
548,17,5.476,3.953,135.000,5.831,1208,779,120.964,4.243
549,6,3.385,2.257,90.000,3.606,378,781,123.690,2.000
550,18,5.282,4.339,90.000,5.831,173,783,120.964,4.000
551,16,4.963,4.105,90.000,5.385,671,783,111.801,4.000
552,2,2.257,1.128,0.000,2.236,118,784,153.435,1.000
553,3,2.365,1.615,135.000,2.828,2463,786,135.000,2.000
554,25,6.497,4.899,35.540,7.211,1347,792,33.690,5.657
555,2,2.257,1.128,90.000,2.236,1378,788,116.565,1.000
556,7,4.647,1.918,94.308,5.099,2311,788,101.310,2.000
557,9,3.923,2.921,168.019,4.472,2976,791,153.435,3.000
558,2,2.257,1.128,0.000,2.236,207,791,153.435,1.000
559,3,2.365,1.615,135.000,2.828,777,791,135.000,2.000
560,19,7.636,3.168,92.529,8.062,1695,793,97.125,3.000
561,2,2.257,1.128,0.000,2.236,2003,793,153.435,1.000
562,13,5.067,3.267,90.000,5.385,1866,794,111.801,3.000
563,3,2.365,1.615,135.000,2.828,1766,795,135.000,2.000
564,19,5.207,4.646,90.000,5.831,1270,797,120.964,5.000
565,29,14.332,2.576,93.769,14.142,2311,799,98.130,3.000
566,10,4.456,2.857,71.778,5.000,85,804,53.130,3.000
567,8,4.514,2.257,90.000,4.472,1900,802,116.565,2.000
568,16,5.174,3.938,17.254,5.831,2944,806,30.964,4.000
569,15,5.334,3.581,167.449,6.325,215,806,161.565,4.000
570,35,7.244,6.152,28.141,8.062,2719,810,29.745,6.957
571,1,1.128,1.128,0.000,1.414,2478,805,135.000,1.000
572,6,3.385,2.257,90.000,3.606,3094,805,123.690,2.000
573,1,1.128,1.128,0.000,1.414,1578,807,135.000,1.000
574,19,7.577,3.193,113.553,8.062,45,810,119.745,4.025
575,3,2.365,1.615,135.000,2.828,627,810,135.000,2.000
576,7,4.154,2.146,81.650,4.472,1490,814,63.435,2.000
577,22,10.079,2.779,74.658,10.296,2147,819,60.945,3.846
578,10,4.049,3.144,116.565,5.000,1257,812,126.870,3.000
579,5,2.523,2.523,0.000,3.162,1723,812,108.435,2.828
580,1,1.128,1.128,0.000,1.414,2914,813,135.000,1.000
581,3,2.365,1.615,135.000,2.828,2311,814,135.000,2.000
582,1,1.128,1.128,0.000,1.414,1520,816,135.000,1.000
583,1,1.128,1.128,0.000,1.414,778,817,135.000,1.000
584,3,2.365,1.615,45.000,2.828,2724,819,45.000,2.000
585,9,3.919,2.924,159.699,4.472,1906,819,153.435,3.000
586,29,8.070,4.575,84.183,8.544,2311,826,69.444,5.000
587,18,7.064,3.244,86.455,7.280,825,827,74.055,3.000
588,13,4.359,3.797,103.776,5.000,47,823,126.870,4.000
589,6,3.385,2.257,90.000,3.606,808,823,123.690,2.000
590,3,3.385,1.128,90.000,3.162,2177,825,108.435,1.000
591,1,1.128,1.128,0.000,1.414,3172,825,135.000,1.000
592,24,6.523,4.685,99.638,7.211,518,826,123.690,5.000
593,3,2.365,1.615,135.000,2.828,1490,827,135.000,2.000
594,178,63.336,3.578,90.326,63.032,2312,827,91.818,4.000
595,8,4.514,2.257,90.000,4.472,570,828,116.565,2.000
596,2,2.257,1.128,90.000,2.236,1004,828,116.565,1.000
597,3,2.365,1.615,45.000,2.828,99,832,45.000,2.000
598,14,5.797,3.075,88.916,6.325,866,836,71.565,3.000
599,3,3.385,1.128,90.000,3.162,1897,830,108.435,1.000
600,1,1.128,1.128,0.000,1.414,1899,830,135.000,1.000
601,1,1.128,1.128,0.000,1.414,2531,830,135.000,1.000
602,24,6.131,4.984,90.352,6.708,629,832,116.565,5.814
603,22,8.344,3.357,81.521,9.220,1907,842,77.471,4.000
604,24,6.224,4.910,90.000,6.708,140,834,116.565,5.000
605,21,9.084,2.943,96.121,9.487,207,834,108.435,4.000
606,2,2.257,1.128,90.000,2.236,1899,834,116.565,1.000
607,12,4.424,3.454,142.762,5.000,47,835,126.870,4.000
608,10,3.966,3.210,90.000,4.472,2638,835,116.565,3.000
609,3,2.365,1.615,45.000,2.828,1866,838,45.000,2.000
610,3,2.365,1.615,135.000,2.828,278,837,135.000,2.000
611,1,1.128,1.128,0.000,1.414,1828,837,135.000,1.000
612,1,1.128,1.128,0.000,1.414,2526,837,135.000,1.000
613,15,4.924,3.878,108.435,5.657,1404,838,135.000,4.000
614,7,4.154,2.146,98.350,4.472,432,839,116.565,2.000
615,21,10.126,2.641,87.066,10.198,48,850,78.690,3.000
616,15,5.113,3.736,77.677,5.831,451,845,59.036,4.000
617,15,5.114,3.735,62.624,5.831,1353,845,59.036,4.000
618,3,2.365,1.615,45.000,2.828,892,844,45.000,2.000
619,3,2.365,1.615,135.000,2.828,824,843,135.000,2.000
620,1,1.128,1.128,0.000,1.414,890,843,135.000,1.000
621,37,14.739,3.196,85.468,14.142,866,845,98.130,3.755
622,20,6.256,4.070,90.000,7.071,1108,845,98.130,4.000
623,4,2.734,1.863,90.000,3.162,1899,846,108.435,2.000
624,3,2.365,1.615,45.000,2.828,394,850,45.000,2.000
625,20,6.491,3.923,77.596,7.211,808,854,56.310,4.000
626,4,2.734,1.863,90.000,3.162,1868,851,108.435,2.000
627,1,1.128,1.128,0.000,1.414,1535,852,135.000,1.000
628,34,10.087,4.292,92.278,10.440,1766,854,106.699,4.000
629,12,4.959,3.081,83.358,5.385,1906,855,111.801,3.000
630,5,3.144,2.025,71.565,3.606,2338,858,56.310,2.000
631,39,7.840,6.333,15.144,8.602,2509,864,35.538,6.000
632,6,3.385,2.257,90.000,3.606,1092,859,123.690,2.000
633,18,5.698,4.022,102.236,6.325,1846,859,108.435,4.000
634,4,3.216,1.583,58.283,3.606,1034,864,56.310,2.000
635,2,2.257,1.128,0.000,2.236,1101,862,153.435,1.000
636,2,2.257,1.128,90.000,2.236,3175,862,116.565,1.000
637,16,6.611,3.082,107.081,7.280,209,863,105.945,3.795
638,27,7.077,4.858,91.986,7.616,599,863,113.199,5.000
639,38,10.532,4.594,89.308,10.440,823,873,73.301,5.000
640,10,3.975,3.203,45.000,4.472,852,866,26.565,3.536
641,1,1.128,1.128,0.000,1.414,1722,863,135.000,1.000
642,13,9.170,1.805,94.938,9.220,1107,865,102.529,2.000
643,14,5.102,3.494,18.937,5.831,2715,870,30.964,4.000
644,18,6.464,3.546,99.100,7.616,808,867,113.199,4.000
645,9,3.385,3.385,0.000,4.243,278,869,135.000,3.000
646,2,2.257,1.128,0.000,2.236,3259,869,153.435,1.000
647,6,3.385,2.257,0.000,3.606,66,872,146.310,2.000
648,5,3.144,2.025,71.565,3.606,118,877,56.310,2.000
649,3,3.385,1.128,90.000,3.162,2017,876,108.435,1.000
650,44,9.287,6.032,132.947,10.000,3408,877,143.130,6.364
651,9,4.200,2.729,60.482,5.000,1825,882,53.130,3.000
652,5,3.144,2.025,18.435,3.606,1845,880,33.690,2.000
653,8,4.514,2.257,90.000,4.472,1906,879,116.565,2.000
654,2,2.257,1.128,90.000,2.236,866,880,116.565,1.000
655,33,14.877,2.824,92.401,15.133,1767,881,97.595,3.000
656,1,1.128,1.128,0.000,1.414,355,885,135.000,1.000
657,2,2.257,1.128,90.000,2.236,957,885,116.565,1.000
658,6,3.988,1.916,18.435,4.472,1264,888,26.565,2.000
659,11,4.738,2.956,80.008,5.385,1906,891,68.199,3.000
660,41,13.107,3.983,85.594,14.142,865,901,81.870,4.000
661,8,3.538,2.879,135.000,4.243,443,888,135.000,3.000
662,13,5.067,3.267,0.000,5.385,514,889,158.199,3.000
663,23,6.454,4.537,74.359,7.616,809,895,66.801,5.000
664,17,6.541,3.309,94.308,6.708,1535,889,116.565,3.000
665,8,3.538,2.879,45.000,4.243,1845,892,45.000,3.000
666,9,4.204,2.726,125.783,5.000,1255,890,126.870,3.000
667,16,5.795,3.515,82.089,6.325,2312,900,71.565,4.000
668,3,2.365,1.615,135.000,2.828,1845,896,135.000,2.000
669,6,3.385,2.257,90.000,3.606,892,897,123.690,2.000
670,19,6.218,3.890,83.802,6.708,1976,904,63.435,4.000
671,9,4.200,2.729,119.518,5.000,240,900,126.870,3.000
672,13,5.067,3.267,90.000,5.385,1846,901,111.801,3.000
673,42,17.059,3.135,91.339,17.117,2312,901,96.710,4.000
674,22,6.393,4.381,90.000,6.708,1534,902,116.565,4.000
675,8,3.978,2.560,24.407,4.472,1656,907,26.565,3.000
676,6,3.718,2.055,90.000,4.123,33,906,104.036,2.000
677,1,1.128,1.128,0.000,1.414,1257,906,135.000,1.000
678,6,3.385,2.257,90.000,3.606,446,907,123.690,2.000
679,8,3.538,2.879,135.000,4.243,1905,907,135.000,3.000
680,27,7.120,4.828,82.680,7.616,542,915,66.801,5.000
681,103,15.198,8.629,171.575,16.155,1643,910,158.199,9.000
682,1,1.128,1.128,0.000,1.414,811,910,135.000,1.000
683,1,1.128,1.128,0.000,1.414,197,912,135.000,1.000
684,9,3.919,2.924,110.301,4.472,1351,912,116.565,3.000
685,13,5.181,3.195,90.000,5.385,1535,913,111.801,3.000
686,21,6.279,4.258,97.202,6.708,1721,914,116.565,4.000
687,1,1.128,1.128,0.000,1.414,1767,914,135.000,1.000
688,19,5.207,4.646,90.000,5.831,2172,914,120.964,5.000
689,1,1.128,1.128,0.000,1.414,528,915,135.000,1.000
690,1,1.128,1.128,0.000,1.414,1517,916,135.000,1.000
691,5,5.642,1.128,90.000,5.099,1977,916,101.310,1.000
692,25,6.694,4.755,44.696,7.810,2290,923,39.806,5.547
693,9,5.150,2.225,49.731,5.657,30,922,45.000,2.828
694,1,1.128,1.128,0.000,1.414,1513,918,135.000,1.000
695,22,7.154,3.915,96.547,7.616,542,921,113.199,4.000
696,95,29.508,4.099,89.869,29.155,2311,921,95.906,5.000
697,14,5.278,3.377,59.475,5.831,85,927,59.036,4.000
698,4,2.257,2.257,0.000,2.828,206,922,135.000,2.000
699,2,2.257,1.128,0.000,2.236,3049,923,153.435,1.000
700,10,4.444,2.865,153.435,5.000,92,925,143.130,3.000
701,1,1.128,1.128,0.000,1.414,208,925,135.000,1.000
702,9,4.200,2.729,60.482,5.000,1010,930,53.130,3.000
703,88,11.736,9.547,116.913,13.601,2287,926,126.027,10.733
704,29,8.511,4.338,83.263,8.944,452,936,63.435,4.000
705,3,3.385,1.128,90.000,3.162,1723,928,108.435,1.000
706,150,19.752,9.669,106.497,27.514,1898,928,109.093,12.000
707,31,7.727,5.108,2.588,9.220,87,935,167.471,6.000
708,13,6.460,2.562,93.698,6.325,1535,932,108.435,3.000
709,34,6.818,6.350,61.845,7.616,276,938,113.199,7.000
710,10,3.966,3.210,90.000,4.472,483,938,116.565,3.000
711,12,4.314,3.542,145.278,5.000,1913,938,126.870,4.000
712,12,4.110,3.718,90.000,5.000,2283,938,126.870,4.000
713,26,6.518,5.079,17.108,7.211,656,944,33.690,5.000
714,9,3.919,2.924,110.301,4.472,1472,941,116.565,3.000
715,6,3.385,2.257,90.000,3.606,1540,941,123.690,2.000
716,27,8.211,4.187,88.335,8.544,2015,950,69.444,4.000
717,19,6.119,3.953,73.124,6.708,1019,949,63.435,4.000
718,9,3.685,3.109,97.628,4.472,616,945,116.565,3.000
719,16,5.749,3.544,97.815,6.325,1722,945,108.435,4.000
720,1,1.128,1.128,0.000,1.414,1848,945,135.000,1.000
721,2,2.596,0.981,135.000,2.828,139,946,135.000,1.414
722,2,2.257,1.128,90.000,2.236,1352,946,116.565,1.000
723,43,11.548,4.741,94.287,12.166,1896,947,99.462,5.000
724,6,3.385,2.257,90.000,3.606,466,948,123.690,2.000
725,52,9.556,6.928,157.102,10.296,542,950,150.945,7.589
726,1,1.128,1.128,0.000,1.414,2249,952,135.000,1.000
727,25,6.114,5.206,15.574,6.708,260,955,153.435,5.692
728,2,2.257,1.128,0.000,2.236,820,953,153.435,1.000
729,4,2.734,1.863,90.000,3.162,1056,953,108.435,2.000
730,1,1.128,1.128,0.000,1.414,1731,953,135.000,1.000
731,13,8.255,2.005,88.659,8.246,2312,962,75.964,2.000
732,1,1.128,1.128,0.000,1.414,3079,955,135.000,1.000
733,23,6.203,4.721,70.863,6.708,2828,963,63.435,5.000
734,10,3.975,3.203,45.000,4.472,1904,962,26.565,3.536
735,4,2.257,2.257,0.000,2.828,274,960,135.000,2.000
736,12,6.079,2.513,72.408,6.708,1693,966,63.435,3.000
737,15,4.659,4.099,45.001,5.657,2208,964,45.000,4.000
738,19,5.498,4.400,104.463,6.325,1258,962,108.435,4.950
739,3,2.365,1.615,45.000,2.828,2824,966,45.000,2.000
740,13,5.453,3.036,11.310,5.831,154,968,30.964,3.000
741,8,5.110,1.993,98.677,5.385,1722,965,111.801,2.000
742,14,4.746,3.756,24.358,5.385,2664,968,21.801,4.000
743,7,4.154,2.146,98.350,4.472,453,966,116.565,2.000
744,14,5.443,3.275,97.161,5.831,1107,966,120.964,3.000
745,11,6.853,2.044,90.000,7.071,2313,966,98.130,2.000
746,9,4.196,2.731,83.953,4.472,1904,968,116.565,3.000
747,12,4.424,3.454,127.238,5.000,149,969,126.870,4.000
748,12,4.424,3.453,147.933,5.000,277,972,126.870,4.000
749,19,5.301,4.564,135.000,5.831,927,972,120.964,4.950
750,100,16.180,7.869,141.805,17.804,786,976,141.843,10.612
751,25,6.243,5.099,123.568,7.211,862,976,146.310,5.814
752,7,3.086,2.888,0.000,3.606,1001,975,123.690,3.000
753,14,5.443,3.275,97.161,5.831,624,976,120.964,3.000
754,9,4.196,2.731,96.047,4.472,1398,976,116.565,3.000
755,3,2.365,1.615,45.000,2.828,1904,978,45.000,2.000
756,5,3.144,2.025,71.565,3.606,2172,979,56.310,2.000
757,10,6.623,1.922,93.985,7.071,2229,976,98.130,2.000
758,1,1.128,1.128,0.000,1.414,358,977,135.000,1.000
759,10,5.098,2.498,78.563,5.385,438,984,68.199,3.000
760,10,3.966,3.210,90.000,4.472,21,980,116.565,3.000
761,17,5.731,3.777,80.683,6.325,1037,980,108.435,4.000
762,55,14.752,4.747,90.081,14.318,2312,980,102.095,5.000
763,18,6.287,3.645,173.942,6.708,151,983,153.435,4.000
764,37,12.739,3.698,87.125,12.166,1904,983,99.462,4.000
765,9,3.385,3.385,0.000,4.243,196,984,135.000,3.000
766,84,15.352,6.967,106.760,16.401,834,985,127.569,8.913
767,3,2.365,1.615,45.000,2.828,184,988,45.000,2.000
768,5,3.144,2.025,18.435,3.606,1895,988,33.690,2.000
769,14,4.746,3.756,65.642,5.385,1916,991,68.199,4.000
770,30,6.865,5.564,87.592,7.810,257,988,129.806,6.000
771,2,2.257,1.128,90.000,2.236,2651,988,116.565,1.000
772,2,2.257,1.128,90.000,2.236,185,990,116.565,1.000
773,8,4.514,2.257,90.000,4.472,394,990,116.565,2.000
774,12,5.023,3.042,45.000,5.657,1696,994,45.000,3.536
775,14,4.484,3.975,81.091,5.385,30,997,68.199,4.000
776,7,4.154,2.146,81.650,4.472,150,996,63.435,2.000
777,7,4.154,2.146,171.650,4.472,196,992,153.435,2.000
778,7,4.154,2.146,81.650,4.472,862,996,63.435,2.000
779,1,1.128,1.128,0.000,1.414,1848,993,135.000,1.000
780,11,3.994,3.507,71.565,4.472,2404,996,116.565,4.000
781,1,1.128,1.128,0.000,1.414,821,998,135.000,1.000
782,74,11.297,8.340,20.100,12.530,1765,1006,28.610,9.000
783,4,2.734,1.863,90.000,3.162,1867,998,108.435,2.000
784,10,4.480,2.842,82.312,5.099,1511,1000,101.310,3.000
785,16,5.015,4.062,62.010,5.831,2717,1005,59.036,4.000
786,1695,92.819,23.251,8.246,114.586,1206,1041,9.545,36.505
787,6,3.140,2.433,45.000,3.606,1903,1004,33.690,2.828
788,5,3.144,2.025,108.435,3.606,2170,1001,123.690,2.000
789,13,4.753,3.482,64.547,5.831,793,1007,59.036,4.000
790,15,4.973,3.841,99.462,5.385,31,1006,111.801,4.000
791,19,5.486,4.410,147.467,6.403,1603,1006,141.340,4.950
792,40,8.777,5.803,85.902,9.487,778,1007,108.435,6.000
793,1,1.128,1.128,0.000,1.414,1651,1007,135.000,1.000
794,4,2.257,2.257,0.000,2.828,198,1008,135.000,2.000
795,14,4.477,3.981,180.000,5.000,607,1008,126.870,4.000
796,1,1.128,1.128,0.000,1.414,1411,1008,135.000,1.000
797,15,5.235,3.648,27.549,5.831,124,1014,30.964,4.000
798,2,2.257,1.128,90.000,2.236,1517,1010,116.565,1.000
799,4,2.257,2.257,0.000,2.828,1895,1010,135.000,2.000
800,12,4.605,3.318,74.233,5.385,1903,1018,68.199,4.000
801,10,4.767,2.671,85.935,5.385,2313,1018,68.199,3.000
802,2,2.257,1.128,90.000,2.236,151,1014,116.565,1.000
803,25,6.195,5.138,90.805,7.280,864,1014,105.945,5.000
804,48,10.348,5.906,121.743,12.042,194,1015,131.634,7.155
805,17,4.954,4.369,101.310,5.831,3641,1015,120.964,4.000
806,12,4.656,3.282,55.706,5.657,450,1022,45.000,4.000
807,17,6.541,3.309,94.308,6.708,1823,1018,116.565,3.000
808,8,4.044,2.519,19.330,4.472,2732,1020,26.565,3.000
809,12,4.424,3.453,32.067,5.000,496,1022,36.870,4.000
810,14,4.493,3.967,63.435,5.657,801,1023,45.000,4.000
811,1,1.128,1.128,0.000,1.414,884,1019,135.000,1.000
812,14,6.173,2.888,90.000,6.325,2714,1020,108.435,3.000
813,13,4.380,3.779,135.000,5.000,2507,1022,126.870,4.000
814,100,33.767,3.771,90.392,32.062,2313,1055,86.424,4.000
815,4,2.257,2.257,0.000,2.828,1694,1024,135.000,2.000
816,7,4.154,2.146,81.650,4.472,1722,1028,63.435,2.000
817,2,2.257,1.128,90.000,2.236,1903,1024,116.565,1.000
818,11,4.513,3.103,75.286,5.385,1070,1030,68.199,3.000
819,2,2.257,1.128,90.000,2.236,2829,1025,116.565,1.000
820,24,7.006,4.362,93.058,7.280,2512,1026,105.945,4.000
821,21,6.433,4.156,4.448,6.708,678,1028,153.435,4.000
822,19,5.810,4.164,87.350,6.325,212,1028,108.435,4.000
823,13,7.178,2.306,81.845,7.280,1107,1036,74.055,2.942
824,16,5.225,3.899,0.000,6.083,612,1031,170.538,4.000
825,18,6.189,3.703,79.439,6.708,863,1036,63.435,4.000
826,12,4.164,3.669,160.195,5.000,2089,1031,143.130,4.000
827,17,5.491,3.942,94.933,6.325,820,1032,108.435,4.000
828,1,1.128,1.128,0.000,1.414,1895,1032,135.000,1.000
829,3,3.385,1.128,90.000,3.162,2195,1032,108.435,1.000
830,23,5.939,4.931,80.255,6.708,2700,1040,63.435,5.000
831,4,2.257,2.257,0.000,2.828,1894,1036,135.000,2.000
832,10,4.456,2.857,71.778,5.000,1821,1042,53.130,3.000
833,32,9.398,4.335,88.246,10.198,214,1050,78.690,4.000
834,4,2.257,2.257,0.000,2.828,820,1040,135.000,2.000
835,17,6.541,3.309,94.308,6.708,1843,1040,116.565,3.000
836,23,7.247,4.041,94.143,7.616,2195,1040,113.199,4.000
837,3,2.365,1.615,135.000,2.828,3823,1040,135.000,2.000
838,6,3.718,2.055,0.000,4.123,226,1043,165.964,2.000
839,3,2.365,1.615,45.000,2.828,346,1044,45.000,2.000
840,11,4.761,2.942,92.464,5.385,605,1043,111.801,3.000
841,29,10.654,3.466,89.568,12.166,863,1056,80.538,4.000
842,11,3.807,3.678,135.000,4.472,1254,1045,116.565,4.000
843,3,2.365,1.615,45.000,2.828,1902,1048,45.000,2.000
844,1,1.128,1.128,0.000,1.414,2701,1046,135.000,1.000
845,5,3.144,2.025,71.565,3.606,1533,1050,56.310,2.000
846,3,2.365,1.615,45.000,2.828,3822,1050,45.000,2.000
847,5,3.144,2.025,108.435,3.606,139,1049,123.690,2.000
848,15,4.759,4.014,174.116,5.385,192,1050,158.199,4.000
849,3,2.365,1.615,135.000,2.828,628,1049,135.000,2.000
850,2,2.596,0.981,135.000,2.828,1344,1049,135.000,1.414
851,1,1.128,1.128,0.000,1.414,1844,1049,135.000,1.000
852,1,1.128,1.128,0.000,1.414,2830,1049,135.000,1.000
853,2,2.257,1.128,90.000,2.236,955,1052,116.565,1.000
854,23,9.949,2.944,80.681,10.440,199,1063,73.301,4.000
855,5,3.144,2.025,108.435,3.606,1190,1053,123.690,2.000
856,17,5.229,4.140,74.828,5.831,1901,1058,59.036,4.000
857,8,4.514,2.257,0.000,4.472,204,1054,153.435,2.000
858,19,5.801,4.170,40.073,6.403,2743,1059,38.660,4.919
859,36,11.840,3.871,88.254,12.166,2830,1066,80.538,4.000
860,3,2.365,1.615,135.000,2.828,1859,1056,135.000,2.000
861,10,4.456,2.857,108.222,5.000,1985,1056,126.870,3.000
862,12,4.257,3.589,0.000,5.099,25,1058,168.690,4.000
863,4,4.514,1.128,90.000,4.123,2229,1058,104.036,1.000
864,45,11.747,4.878,90.701,12.166,2313,1058,99.462,5.000
865,3,2.365,1.615,135.000,2.828,2401,1058,135.000,2.000
866,10,6.132,2.076,96.021,6.325,2700,1058,108.435,2.000
867,4,2.734,1.863,90.000,3.162,32,1059,108.435,2.000
868,28,7.969,4.473,126.904,9.220,1068,1060,130.601,5.547
869,4,2.257,2.257,0.000,2.828,862,1062,135.000,2.000
870,9,4.488,2.553,76.717,5.099,454,1063,101.310,3.000
871,2,2.257,1.128,0.000,2.236,1298,1063,153.435,1.000
872,60,14.103,5.417,106.687,14.560,196,1064,105.945,6.957
873,9,3.919,2.924,159.699,4.472,2718,1064,153.435,3.000
874,19,5.810,4.164,92.650,6.325,1902,1066,108.435,4.000
875,30,6.908,5.529,46.562,7.810,28,1073,39.806,6.000
876,8,3.538,2.879,45.000,4.243,92,1071,45.000,3.000
877,7,3.086,2.888,90.000,3.606,1260,1068,123.690,3.000
878,2,2.257,1.128,90.000,2.236,51,1069,116.565,1.000
879,4,2.734,1.863,0.000,3.162,684,1069,161.565,2.000
880,1,1.128,1.128,0.000,1.414,2085,1069,135.000,1.000
881,22,6.054,4.627,74.569,6.708,1541,1076,63.435,5.000
882,14,4.746,3.756,114.358,5.385,1693,1070,111.801,4.000
883,14,5.910,3.016,106.806,6.708,1892,1070,116.565,3.881
884,13,4.380,3.779,45.000,5.000,2355,1073,36.870,4.000
885,59,16.639,4.515,90.576,16.125,863,1071,97.125,5.000
886,34,8.304,5.213,93.007,8.944,1090,1072,116.565,6.000
887,9,3.685,3.109,97.628,4.472,2314,1073,116.565,3.000
888,1,1.128,1.128,0.000,1.414,2720,1073,135.000,1.000
889,51,13.617,4.769,88.160,14.318,1721,1088,77.905,6.000
890,18,5.601,4.092,175.948,6.325,616,1078,18.435,4.000
891,33,9.879,4.253,102.368,11.180,1901,1075,100.305,5.000
892,12,4.514,3.385,90.000,5.000,1037,1076,126.870,3.000
893,4,2.257,2.257,0.000,2.828,1108,1076,135.000,2.000
894,4,3.192,1.596,108.435,3.606,890,1077,123.690,2.000
895,5,3.144,2.025,161.565,3.606,1693,1078,146.310,2.000
896,2,2.257,1.128,0.000,2.236,146,1079,153.435,1.000
897,1,1.128,1.128,0.000,1.414,1938,1079,135.000,1.000
898,1,1.128,1.128,0.000,1.414,2831,1079,135.000,1.000
899,1,1.128,1.128,0.000,1.414,3773,1079,135.000,1.000
900,4,2.734,1.863,90.000,3.162,2149,1080,108.435,2.000
901,12,4.443,3.439,58.599,5.099,2169,1080,101.310,4.000
902,14,4.264,4.181,2.771E-13,5.000,528,1082,126.870,4.000
903,1,1.128,1.128,0.000,1.414,1011,1082,135.000,1.000
904,3,2.365,1.615,135.000,2.828,1259,1082,135.000,2.000
905,2,2.257,1.128,90.000,2.236,2375,1082,116.565,1.000
906,59,19.133,3.926,92.793,19.026,2314,1083,93.013,4.560
907,4,2.257,2.257,0.000,2.828,690,1084,135.000,2.000
908,3,3.385,1.128,90.000,3.162,1893,1084,108.435,1.000
909,2,2.257,1.128,90.000,2.236,33,1085,116.565,1.000
910,15,5.284,3.614,161.262,6.325,1530,1087,161.565,4.000
911,4,2.257,2.257,0.000,2.828,1599,1086,135.000,2.000
912,7,3.086,2.888,0.000,3.606,277,1091,123.690,3.000
913,24,7.273,4.201,88.992,8.246,1289,1099,75.964,5.000
914,4,2.734,1.863,0.000,3.162,2228,1091,161.565,2.000
915,8,4.501,2.263,111.355,5.000,1563,1092,126.870,2.846
916,30,7.794,4.901,2.605,8.602,1090,1093,144.462,5.000
917,9,3.919,2.924,110.301,4.472,1656,1093,116.565,3.000
918,28,6.826,5.223,13.427,7.616,2618,1098,23.199,5.000
919,14,5.443,3.275,82.839,5.831,3047,1099,59.036,3.000
920,12,4.164,3.669,109.805,5.000,818,1096,126.870,4.000
921,1,1.128,1.128,0.000,1.414,1693,1096,135.000,1.000
922,6,3.140,2.433,135.000,3.606,927,1097,123.690,2.828
923,11,3.994,3.507,108.435,4.472,1586,1097,116.565,4.000
924,1,1.128,1.128,0.000,1.414,2207,1097,135.000,1.000
925,14,4.264,4.181,2.771E-13,5.000,2718,1097,126.870,4.000
926,22,7.281,3.847,86.494,8.246,1722,1106,75.964,4.000
927,53,18.017,3.745,86.437,20.224,1900,1118,81.469,5.000
928,18,6.467,3.544,176.934,7.071,2255,1100,171.870,4.000
929,1,1.128,1.128,0.000,1.414,411,1099,135.000,1.000
930,1,1.128,1.128,0.000,1.414,111,1101,135.000,1.000
931,14,4.484,3.975,81.091,5.385,150,1106,68.199,4.000
932,2,2.257,1.128,0.000,2.236,644,1101,153.435,1.000
933,2,2.596,0.981,45.000,2.828,777,1103,45.000,1.414
934,4,2.257,2.257,0.000,2.828,381,1102,135.000,2.000
935,2,2.596,0.981,135.000,2.828,661,1102,135.000,1.414
936,7,4.721,1.888,90.000,5.099,819,1102,101.310,2.000
937,14,5.775,3.086,90.000,6.325,1088,1102,108.435,3.000
938,94,29.407,4.070,89.955,28.160,2314,1105,96.116,6.000
939,5,3.144,2.025,108.435,3.606,2850,1106,123.690,2.000
940,29,9.749,3.787,122.364,10.296,1773,1108,119.055,4.998
941,2,2.257,1.128,0.000,2.236,417,1109,153.435,1.000
942,27,6.684,5.143,69.714,7.616,1767,1116,66.801,5.000
943,7,3.855,2.312,59.036,4.472,3223,1113,63.435,2.828
944,15,4.659,4.099,45.001,5.657,1892,1114,45.000,4.000
945,11,3.807,3.678,45.002,4.472,1508,1111,116.565,4.000
946,23,9.074,3.227,83.975,9.487,1721,1121,71.565,3.000
947,15,4.907,3.892,104.769,5.831,3051,1112,120.964,4.000
948,18,6.113,3.749,93.995,6.708,452,1113,116.565,4.000
949,2,2.257,1.128,0.000,2.236,1088,1115,153.435,1.000
950,2,2.257,1.128,90.000,2.236,2345,1116,116.565,1.000
951,8,3.651,2.790,145.278,4.472,44,1121,153.435,3.000
952,4,2.734,1.863,90.000,3.162,1269,1120,108.435,2.000
953,8,3.726,2.734,90.000,4.472,218,1122,116.565,3.000
954,14,4.746,3.756,65.642,5.385,1900,1127,68.199,4.000
955,5,2.523,2.523,0.000,3.162,1722,1123,108.435,2.828
956,3,2.365,1.615,45.000,2.828,2744,1125,45.000,2.000
957,1,1.128,1.128,0.000,1.414,2747,1124,135.000,1.000
958,11,4.337,3.229,135.000,5.000,252,1125,126.870,4.000
959,7,3.086,2.888,90.000,3.606,438,1129,123.690,3.000
960,6,3.385,2.257,90.000,3.606,1772,1129,123.690,2.000
961,26,8.085,4.094,70.230,8.602,861,1137,54.462,4.608
962,22,7.180,3.901,97.517,7.616,1542,1130,113.199,4.000
963,9,3.385,3.385,0.000,4.243,143,1131,135.000,3.000
964,31,9.785,4.034,92.715,10.198,1259,1132,101.310,4.000
965,8,3.538,2.879,45.000,4.243,1507,1135,45.000,3.000
966,16,7.553,2.697,91.681,8.246,1087,1141,75.964,3.000
967,1,1.128,1.128,0.000,1.414,2315,1134,135.000,1.000
968,4,2.257,2.257,0.000,2.828,3193,1134,135.000,2.000
969,23,7.477,3.917,91.838,8.246,60,1135,104.036,4.000
970,10,4.456,2.857,71.778,5.000,573,1140,53.130,3.000
971,13,4.359,3.797,103.776,5.000,1857,1136,126.870,4.000
972,119,26.372,5.745,87.881,28.018,2315,1136,92.045,6.000
973,19,6.220,3.889,90.603,6.708,592,1144,63.435,4.000
974,8,4.037,2.523,33.690,5.000,30,1142,36.870,3.000
975,53,15.284,4.415,86.904,15.133,1721,1140,97.595,4.969
976,15,4.640,4.116,75.964,5.385,811,1147,68.199,4.000
977,8,4.514,2.257,90.000,4.472,2074,1142,116.565,2.000
978,8,3.538,2.879,45.000,4.243,428,1146,45.000,3.000
979,1,1.128,1.128,0.000,1.414,1560,1143,135.000,1.000
980,5,3.144,2.025,161.565,3.606,1259,1144,146.310,2.000
981,5,3.144,2.025,108.435,3.606,1549,1145,123.690,2.000
982,9,3.685,3.109,97.628,4.472,1087,1146,116.565,3.000
983,39,12.025,4.129,90.422,12.369,1899,1146,104.036,4.000
984,6,3.385,2.257,0.000,3.606,2187,1146,146.310,2.000
985,4,2.734,1.863,90.000,3.162,3051,1146,108.435,2.000
986,2,2.257,1.128,90.000,2.236,573,1147,116.565,1.000
987,11,4.384,3.195,74.929,5.000,887,1152,53.130,3.000
988,4,3.216,1.583,58.283,3.606,163,1153,56.310,2.000
989,4,2.257,2.257,0.000,2.828,1699,1150,135.000,2.000
990,158,15.592,12.902,103.398,17.117,1406,1168,83.290,13.598
991,5,3.144,2.025,108.435,3.606,394,1152,123.690,2.000
992,4,2.257,2.257,0.000,2.828,1769,1152,135.000,2.000
993,10,5.349,2.380,96.047,6.083,3555,1152,99.462,3.000
994,5,3.144,2.025,71.565,3.606,1508,1156,56.310,2.000
995,2,2.257,1.128,90.000,2.236,1087,1154,116.565,1.000
996,6,3.385,2.257,90.000,3.606,802,1155,123.690,2.000
997,5,3.144,2.025,161.565,3.606,1572,1155,146.310,2.000
998,3,2.365,1.615,135.000,2.828,1942,1155,135.000,2.000
999,13,5.067,3.267,90.000,5.385,1151,1157,111.801,3.000
1000,20,8.025,3.173,106.581,9.220,1540,1157,102.529,5.014
1001,10,4.111,3.097,2.596E-14,4.472,37,1159,153.435,3.000
1002,2,2.257,1.128,90.000,2.236,608,1160,116.565,1.000
1003,9,5.643,2.031,86.830,6.083,677,1160,99.462,2.000
1004,16,5.132,3.970,171.986,5.831,2872,1161,149.036,4.000
1005,4,2.257,2.257,0.000,2.828,148,1161,135.000,2.000
1006,90,27.594,4.153,89.552,26.306,1720,1187,81.254,5.000
1007,14,5.120,3.481,128.802,5.831,2166,1161,120.964,4.000
1008,22,6.572,4.262,77.443,7.211,926,1168,56.310,4.000
1009,3,2.365,1.615,45.000,2.828,3554,1164,45.000,2.000
1010,8,3.538,2.879,135.000,4.243,454,1163,135.000,3.000
1011,6,3.385,2.257,90.000,3.606,3634,1163,123.690,2.000
1012,4,2.257,2.257,0.000,2.828,276,1164,135.000,2.000
1013,6,3.385,2.257,90.000,3.606,394,1165,123.690,2.000
1014,23,5.939,4.931,80.255,6.708,2206,1171,63.435,5.000
1015,15,4.973,3.841,80.538,5.385,401,1166,111.801,4.000
1016,13,4.359,3.797,103.776,5.000,571,1166,126.870,4.000
1017,3,3.385,1.128,90.000,3.162,803,1167,108.435,1.000
1018,9,4.204,2.726,125.783,5.000,2315,1168,126.870,3.000
1019,1,1.128,1.128,0.000,1.414,2604,1169,135.000,1.000
1020,10,3.966,3.210,90.000,4.472,675,1170,116.565,3.000
1021,9,3.385,3.385,0.000,4.243,22,1171,135.000,3.000
1022,31,8.057,4.899,103.055,8.944,630,1171,116.565,5.000
1023,8,4.769,2.136,90.000,5.099,818,1171,101.310,2.000
1024,1,1.128,1.128,0.000,1.414,1290,1171,135.000,1.000
1025,4,2.734,1.863,90.000,3.162,501,1172,108.435,2.000
1026,7,4.154,2.146,81.650,4.472,662,1178,63.435,2.000
1027,15,4.640,4.116,165.964,5.385,1712,1176,158.199,4.000
1028,1,1.128,1.128,0.000,1.414,2165,1176,135.000,1.000
1029,6,3.825,1.997,153.435,5.000,1539,1177,143.130,2.846
1030,9,3.668,3.124,141.497,5.000,212,1179,143.130,4.000
1031,9,5.229,2.191,94.731,5.385,1900,1178,111.801,2.000
1032,3,3.385,1.128,90.000,3.162,2316,1178,108.435,1.000
1033,4,2.734,1.863,90.000,3.162,1109,1180,108.435,2.000
1034,6,2.930,2.607,153.435,3.606,2074,1182,123.690,3.000
1035,5,3.144,2.025,71.565,3.606,736,1186,56.310,2.000
1036,6,3.140,2.433,45.000,3.606,1869,1186,33.690,2.828
1037,10,6.132,2.076,96.021,6.325,1692,1184,108.435,2.000
1038,1,1.128,1.128,0.000,1.414,22,1185,135.000,1.000
1039,29,11.589,3.186,79.903,11.705,2314,1196,70.017,4.525
1040,16,7.660,2.660,89.528,8.246,2752,1187,104.036,3.000
1041,10,3.966,3.210,0.000,4.472,88,1189,153.435,3.000
1042,12,4.605,3.318,105.767,5.385,1109,1188,111.801,4.000
1043,148,18.365,10.261,167.275,19.698,554,1192,156.038,11.000
1044,6,3.385,2.257,90.000,3.606,676,1191,123.690,2.000
1045,2,2.257,1.128,0.000,2.236,1038,1191,153.435,1.000
1046,173,50.179,4.390,89.572,49.041,1721,1240,87.663,6.000
1047,8,4.514,2.257,90.000,4.472,1564,1192,116.565,2.000
1048,53,9.314,7.245,12.404,10.198,1638,1198,11.310,8.000
1049,1,1.128,1.128,0.000,1.414,1059,1193,135.000,1.000
1050,21,6.732,3.972,78.961,7.280,1899,1200,74.055,4.000
1051,14,5.775,3.086,90.000,6.325,801,1194,108.435,3.000
1052,1,1.128,1.128,0.000,1.414,1474,1195,135.000,1.000
1053,31,8.139,4.850,70.998,8.944,395,1205,63.435,5.000
1054,27,8.404,4.090,92.925,9.220,2097,1197,102.529,4.713
1055,4,2.257,2.257,0.000,2.828,2720,1198,135.000,2.000
1056,8,3.538,2.879,135.000,4.243,778,1199,135.000,3.000
1057,8,3.978,2.560,114.407,4.472,1259,1200,116.565,3.000
1058,7,3.086,2.888,90.000,3.606,3308,1200,123.690,3.000
1059,2,2.257,1.128,90.000,2.236,2207,1201,116.565,1.000
1060,13,4.762,3.476,45.000,5.657,1948,1206,45.000,4.000
1061,5,2.523,2.523,0.000,3.162,275,1204,108.435,2.828
1062,113,15.176,9.481,5.924,15.811,1058,1210,18.435,10.000
1063,8,4.044,2.519,160.670,4.472,2593,1204,153.435,3.000
1064,9,3.919,2.924,110.301,4.472,2618,1204,116.565,3.000
1065,5,3.144,2.025,71.565,3.606,632,1208,56.310,2.000
1066,1,1.128,1.128,0.000,1.414,2083,1205,135.000,1.000
1067,2,2.257,1.128,0.000,2.236,2318,1205,153.435,1.000
1068,1,1.128,1.128,0.000,1.414,350,1206,135.000,1.000
1069,9,3.385,3.385,0.000,4.243,3047,1209,135.000,3.000
1070,3,2.365,1.615,45.000,2.828,1824,1212,45.000,2.000
1071,2,2.257,1.128,90.000,2.236,1899,1210,116.565,1.000
1072,51,8.859,7.329,42.512,10.000,120,1219,36.870,8.277
1073,2,2.257,1.128,0.000,2.236,962,1213,153.435,1.000
1074,22,6.863,4.081,92.127,7.280,440,1215,105.945,4.000
1075,3,2.365,1.615,45.000,2.828,2747,1217,45.000,2.000
1076,7,3.086,2.888,90.000,3.606,40,1216,123.690,3.000
1077,19,6.785,3.566,138.375,7.810,398,1217,140.194,4.715
1078,7,4.154,2.146,98.350,4.472,1936,1217,116.565,2.000
1079,17,5.079,4.262,80.538,5.831,274,1223,59.036,4.000
1080,2,2.257,1.128,90.000,2.236,117,1219,116.565,1.000
1081,9,3.923,2.921,101.981,4.472,991,1220,116.565,3.000
1082,8,3.538,2.879,135.000,4.243,1183,1220,135.000,3.000
1083,11,5.235,2.675,90.000,5.385,2084,1221,111.801,3.000
1084,6,3.988,1.916,108.435,4.472,996,1223,116.565,2.000
1085,3,2.365,1.615,135.000,2.828,175,1224,135.000,2.000
1086,10,5.642,2.257,90.000,5.385,1266,1225,111.801,2.000
1087,13,4.660,3.552,101.310,5.385,1422,1225,111.801,4.000
1088,61,11.023,7.046,75.804,12.649,273,1239,71.565,8.000
1089,8,4.044,2.519,109.330,4.472,146,1229,116.565,3.000
1090,3,2.365,1.615,135.000,2.828,1824,1229,135.000,2.000
1091,37,11.443,4.117,60.485,12.207,2175,1242,55.008,5.145
1092,57,10.023,7.241,15.936,10.817,489,1238,33.690,7.000
1093,1,1.128,1.128,0.000,1.414,997,1232,135.000,1.000
1094,7,4.154,2.146,81.650,4.472,2788,1236,63.435,2.000
1095,6,3.718,2.055,0.000,4.123,1051,1235,165.964,2.000
1096,1,1.128,1.128,0.000,1.414,1116,1235,135.000,1.000
1097,31,7.487,5.272,107.271,8.544,1084,1236,110.556,5.814
1098,9,3.919,2.924,110.301,4.472,1397,1236,116.565,3.000
1099,3,2.365,1.615,45.000,2.828,3046,1238,45.000,2.000
1100,17,6.541,3.309,85.692,6.708,1839,1243,63.435,3.000
1101,21,7.935,3.370,92.259,9.220,2316,1247,77.471,4.000
1102,1,1.128,1.128,0.000,1.414,1899,1239,135.000,1.000
1103,13,4.380,3.779,135.000,5.000,794,1240,126.870,4.000
1104,1,1.128,1.128,0.000,1.414,1152,1241,135.000,1.000
1105,1,1.128,1.128,0.000,1.414,1899,1241,135.000,1.000
1106,16,5.652,3.604,58.039,6.403,126,1248,51.340,4.000
1107,8,3.538,2.879,45.000,4.243,1721,1246,45.000,3.000
1108,8,3.538,2.879,135.000,4.243,454,1244,135.000,3.000
1109,6,3.140,2.433,135.000,3.606,3004,1244,123.690,2.828
1110,1,1.128,1.128,0.000,1.414,3769,1244,135.000,1.000
1111,1,1.128,1.128,0.000,1.414,734,1247,135.000,1.000
1112,8,3.538,2.879,135.000,4.243,147,1248,135.000,3.000
1113,9,3.923,2.921,168.019,4.472,218,1249,153.435,3.000
1114,5,2.523,2.523,0.000,3.162,1611,1248,108.435,2.828
1115,811,190.709,5.415,90.842,185.024,2317,1248,90.929,8.506
1116,2,2.596,0.981,45.000,2.828,2085,1251,45.000,1.414
1117,18,5.282,4.339,90.000,5.831,1538,1250,120.964,4.000
1118,2,2.257,1.128,90.000,2.236,1769,1250,116.565,1.000
1119,2,2.257,1.128,0.000,2.236,906,1251,153.435,1.000
1120,1,1.128,1.128,0.000,1.414,1771,1253,135.000,1.000
1121,1,1.128,1.128,0.000,1.414,349,1254,135.000,1.000
1122,2,2.257,1.128,90.000,2.236,1721,1255,116.565,1.000
1123,23,6.196,4.726,113.091,6.708,1127,1256,116.565,5.000
1124,14,5.283,3.374,77.612,5.831,1769,1261,59.036,3.881
1125,2,2.257,1.128,90.000,2.236,2393,1256,116.565,1.000
1126,4,4.514,1.128,90.000,4.123,325,1258,104.036,1.000
1127,2,2.257,1.128,0.000,2.236,434,1258,153.435,1.000
1128,21,6.433,4.156,94.448,6.708,863,1258,116.565,4.000
1129,12,4.257,3.589,90.000,5.099,2241,1258,101.310,4.000
1130,5,3.144,2.025,71.565,3.606,3219,1261,56.310,2.000
1131,3,3.385,1.128,90.000,3.162,1357,1259,108.435,1.000
1132,6,3.385,2.257,90.000,3.606,648,1261,123.690,2.000
1133,1,1.128,1.128,0.000,1.414,800,1261,135.000,1.000
1134,1,1.128,1.128,0.000,1.414,1771,1262,135.000,1.000
1135,9,3.923,2.921,101.981,4.472,36,1263,116.565,3.000
1136,36,11.127,4.119,82.962,12.369,1721,1277,75.964,5.000
1137,20,5.642,4.514,0.000,6.403,1429,1266,141.340,4.000
1138,8,4.044,2.519,19.330,4.472,1898,1268,26.565,3.000
1139,8,3.651,2.790,34.722,4.472,2289,1269,26.565,3.000
1140,22,7.486,3.742,97.475,8.246,274,1268,104.036,4.000
1141,1,1.128,1.128,0.000,1.414,2241,1268,135.000,1.000
1142,5,3.145,2.025,130.935,4.243,1532,1269,135.000,2.828
1143,6,3.140,2.433,45.000,3.606,1977,1272,33.690,2.828
1144,4,3.216,1.583,58.283,3.606,33,1273,56.310,2.000
1145,22,6.461,4.335,95.230,7.280,89,1271,105.945,4.000
1146,4,2.734,1.863,90.000,3.162,2077,1272,108.435,2.000
1147,9,4.204,2.726,144.217,5.000,1199,1273,143.130,3.000
1148,2,2.257,1.128,90.000,2.236,117,1274,116.565,1.000
1149,6,3.385,2.257,90.000,3.606,1898,1275,123.690,2.000
1150,10,4.111,3.097,90.000,4.472,3046,1277,116.565,3.000
1151,5,3.144,2.025,161.565,3.606,69,1282,146.310,2.000
1152,26,6.472,5.115,138.927,7.211,1536,1285,146.310,5.657
1153,91,13.682,8.469,5.564,15.524,2356,1292,14.931,9.000
1154,1,1.128,1.128,0.000,1.414,864,1285,135.000,1.000
1155,6,3.385,2.257,90.000,3.606,1436,1285,123.690,2.000
1156,10,4.111,3.097,90.000,4.472,686,1287,116.565,3.000
1157,22,5.554,5.043,134.999,6.403,1488,1289,128.660,5.000
1158,4,2.734,1.863,90.000,3.162,927,1290,108.435,2.000
1159,11,3.994,3.507,71.565,4.472,1721,1290,116.565,4.000
1160,2,2.257,1.128,0.000,2.236,2977,1290,153.435,1.000
1161,2,2.257,1.128,0.000,2.236,661,1292,153.435,1.000
1162,6,3.140,2.433,45.000,3.606,1058,1294,33.690,2.828
1163,9,4.196,2.731,83.953,4.472,2326,1292,116.565,3.000
1164,15,4.659,4.099,45.001,5.657,498,1297,45.000,4.000
1165,12,4.282,3.568,151.845,5.385,1536,1294,158.199,4.000
1166,14,4.974,3.584,0.000,5.385,2411,1294,158.199,4.000
1167,4,4.514,1.128,90.000,4.123,1839,1294,104.036,1.000
1168,17,6.166,3.510,167.913,6.708,95,1297,153.435,4.000
1169,11,3.994,3.507,71.565,4.472,1738,1296,116.565,4.000
1170,39,9.058,5.482,79.154,9.487,864,1308,71.565,6.000
1171,24,9.002,3.395,86.723,9.220,1838,1300,102.529,4.000
1172,5,3.732,1.706,95.152,4.123,1889,1300,104.036,2.000
1173,20,5.714,4.456,96.247,6.325,116,1302,108.435,5.000
1174,14,4.699,3.794,35.515,5.657,468,1306,45.000,4.000
1175,36,7.908,5.796,19.963,8.944,200,1308,26.565,6.000
1176,21,11.909,2.245,89.204,11.180,1721,1314,79.695,2.000
1177,2671,116.137,29.283,25.010,123.004,1182,1360,25.523,33.541
1178,2,2.596,0.981,45.000,2.828,577,1309,45.000,1.414
1179,3,2.365,1.615,135.000,2.828,2956,1307,135.000,2.000
1180,20,6.517,3.907,83.137,7.280,864,1316,74.055,4.000
1181,8,3.824,2.664,17.296,4.472,932,1312,26.565,3.000
1182,5,2.791,2.281,90.000,3.606,1770,1309,123.690,3.000
1183,3,2.365,1.615,135.000,2.828,33,1310,135.000,2.000
1184,22,7.489,3.741,91.315,8.246,455,1310,104.036,4.000
1185,1,1.128,1.128,0.000,1.414,466,1311,135.000,1.000
1186,3,2.365,1.615,45.000,2.828,1435,1313,45.000,2.000
1187,7,3.086,2.888,0.000,3.606,2046,1312,123.690,3.000
1188,3,2.365,1.615,45.000,2.828,200,1316,45.000,2.000
1189,4,2.734,1.863,90.000,3.162,218,1315,108.435,2.000
1190,7,4.154,2.146,81.650,4.472,1721,1320,63.435,2.000
1191,28,6.160,5.787,175.935,7.211,2546,1318,146.310,6.000
1192,3,2.365,1.615,45.000,2.828,2777,1319,45.000,2.000
1193,19,5.301,4.564,135.000,5.831,87,1319,120.964,4.950
1194,3,2.365,1.615,45.000,2.828,1051,1321,45.000,2.000
1195,5,4.183,1.522,100.901,4.472,449,1320,116.565,2.000
1196,14,5.203,3.426,93.563,6.083,455,1320,99.462,4.000
1197,10,4.444,2.865,153.435,5.000,1536,1320,143.130,3.000
1198,4,2.734,1.863,90.000,3.162,1897,1322,108.435,2.000
1199,123,16.651,9.406,6.113,17.088,194,1332,20.556,10.000
1200,11,4.982,2.811,76.717,5.385,88,1330,68.199,3.000
1201,1,1.128,1.128,0.000,1.414,1897,1326,135.000,1.000
1202,18,5.349,4.285,0.000,5.831,2242,1327,149.036,4.000
1203,13,5.612,2.949,95.867,6.325,1897,1328,108.435,3.000
1204,2,2.596,0.981,45.000,2.828,339,1331,45.000,1.414
1205,17,5.083,4.258,138.467,5.831,1638,1331,120.964,4.919
1206,40,13.839,3.680,83.113,14.318,122,1346,77.905,4.528
1207,3,2.365,1.615,45.000,2.828,2776,1334,45.000,2.000
1208,7,3.855,2.312,59.036,4.472,811,1337,63.435,2.828
1209,7,3.855,2.312,59.036,4.472,863,1337,63.435,2.828
1210,5,3.144,2.025,71.565,3.606,1997,1337,56.310,2.000
1211,20,6.657,3.826,93.740,7.280,486,1335,105.945,4.000
1212,9,3.919,2.924,69.699,4.472,468,1340,63.435,3.000
1213,1,1.128,1.128,0.000,1.414,1367,1336,135.000,1.000
1214,63,10.271,7.810,18.802,11.402,537,1343,15.255,8.000
1215,1,1.128,1.128,0.000,1.414,141,1339,135.000,1.000
1216,5,3.144,2.025,108.435,3.606,1824,1340,123.690,2.000
1217,3,2.365,1.615,45.000,2.828,3218,1342,45.000,2.000
1218,1,1.128,1.128,0.000,1.414,88,1341,135.000,1.000
1219,40,11.060,4.605,88.920,11.180,1721,1341,100.305,5.000
1220,8,3.538,2.879,135.000,4.243,2261,1341,135.000,3.000
1221,36,11.595,3.953,81.748,12.649,389,1354,71.565,4.000
1222,6,3.988,1.916,71.565,4.472,1440,1346,63.435,2.000
1223,1,1.128,1.128,0.000,1.414,1967,1342,135.000,1.000
1224,2,2.257,1.128,0.000,2.236,425,1343,153.435,1.000
1225,1,1.128,1.128,0.000,1.414,487,1343,135.000,1.000
1226,9,4.237,2.704,104.036,5.000,28,1345,126.870,3.000
1227,2,2.257,1.128,90.000,2.236,705,1345,116.565,1.000
1228,1,1.128,1.128,0.000,1.414,1825,1345,135.000,1.000
1229,9,3.919,2.924,69.699,4.472,87,1351,63.435,3.000
1230,3,2.365,1.615,135.000,2.828,1508,1349,135.000,2.000
1231,2,2.257,1.128,90.000,2.236,121,1350,116.565,1.000
1232,10,4.875,2.612,96.842,5.385,3044,1350,111.801,3.000
1233,3,3.385,1.128,90.000,3.162,1110,1351,108.435,1.000
1234,11,4.680,2.993,153.435,5.831,1748,1351,149.036,3.000
1235,1,1.128,1.128,0.000,1.414,2211,1352,135.000,1.000
1236,1,1.128,1.128,0.000,1.414,527,1353,135.000,1.000
1237,2,2.596,0.981,45.000,2.828,657,1355,45.000,1.414
1238,4,2.257,2.257,0.000,2.828,794,1356,135.000,2.000
1239,41,8.033,6.499,5.029,8.602,2628,1364,35.538,6.000
1240,23,5.433,5.390,90.000,6.403,516,1359,128.660,5.000
1241,10,4.111,3.097,90.000,4.472,120,1360,116.565,3.000
1242,20,5.908,4.310,84.595,6.403,292,1366,51.340,4.000
1243,8,4.937,2.063,71.421,5.831,488,1366,59.036,3.000
1244,5,3.144,2.025,71.565,3.606,3154,1364,56.310,2.000
1245,1,1.128,1.128,0.000,1.414,409,1362,135.000,1.000
1246,44,20.397,2.747,88.775,21.024,1721,1362,92.726,3.000
1247,2,2.257,1.128,0.000,2.236,131,1364,153.435,1.000
1248,4,2.257,2.257,0.000,2.828,1056,1364,135.000,2.000
1249,27,6.126,5.612,98.001,6.708,1452,1364,116.565,6.000
1250,28,6.387,5.582,68.252,7.211,1677,1370,56.310,6.000
1251,2,2.257,1.128,0.000,2.236,400,1365,153.435,1.000
1252,4,3.216,1.583,121.717,3.606,1127,1365,123.690,2.000
1253,16,5.665,3.596,69.627,6.708,406,1372,63.435,4.000
1254,5,3.144,2.025,108.435,3.606,864,1366,123.690,2.000
1255,7,3.507,2.542,59.527,4.243,142,1372,45.000,3.000
1256,4,3.192,1.596,18.435,3.606,596,1371,33.690,2.000
1257,6,3.385,2.257,90.000,3.606,2262,1369,123.690,2.000
1258,16,4.514,4.514,0.000,5.657,56,1370,135.000,4.000
1259,8,3.342,3.047,0.000,4.243,2551,1370,135.000,3.000
1260,2,2.257,1.128,0.000,2.236,1838,1371,153.435,1.000
1261,11,4.384,3.195,15.071,5.000,2288,1375,36.870,3.000
1262,8,3.824,2.664,17.296,4.472,1052,1380,26.565,3.000
1263,3,2.365,1.615,45.000,2.828,34,1380,45.000,2.000
1264,4,2.734,1.863,90.000,3.162,87,1378,108.435,2.000
1265,2,2.257,1.128,90.000,2.236,121,1380,116.565,1.000
1266,1,1.128,1.128,0.000,1.414,491,1381,135.000,1.000
1267,19,6.668,3.628,104.891,7.616,622,1381,113.199,4.000
1268,7,3.086,2.888,0.000,3.606,1777,1381,123.690,3.000
1269,26,5.999,5.518,7.132,6.708,2226,1382,153.435,6.000
1270,1,1.128,1.128,0.000,1.414,1054,1382,135.000,1.000
1271,11,4.384,3.195,164.929,5.000,1615,1382,143.130,3.000
1272,5,3.144,2.025,71.565,3.606,132,1387,56.310,2.000
1273,4,2.734,1.863,90.000,3.162,866,1384,108.435,2.000
1274,7,4.633,1.924,67.500,5.000,955,1388,53.130,2.530
1275,5,3.144,2.025,161.565,3.606,1054,1384,146.310,2.000
1276,26,7.081,4.675,48.507,7.810,460,1392,39.806,5.547
1277,36,9.510,4.820,81.555,9.849,143,1396,66.038,6.000
1278,9,4.200,2.729,119.518,5.000,2343,1388,126.870,3.000
1279,2,2.257,1.128,90.000,2.236,2677,1390,116.565,1.000
1280,5,3.144,2.025,71.565,3.606,2754,1394,56.310,2.000
1281,3,3.213,1.189,28.155,3.606,217,1395,33.690,1.789
1282,7,3.086,2.888,90.000,3.606,478,1393,123.690,3.000
1283,13,5.359,3.089,14.872,5.831,671,1398,30.964,3.000
1284,16,6.527,3.121,84.645,6.708,214,1402,63.435,3.000
1285,5,3.144,2.025,71.565,3.606,634,1399,56.310,2.000
1286,13,5.067,3.267,90.000,5.385,864,1396,111.801,3.000
1287,18,5.587,4.102,66.891,6.403,131,1402,51.340,4.000
1288,22,5.877,4.766,39.992,6.708,1647,1401,26.565,5.000
1289,11,4.384,3.195,15.071,5.000,1756,1400,36.870,3.000
1290,3,2.365,1.615,135.000,2.828,454,1399,135.000,2.000
1291,15,4.759,4.014,95.884,5.385,155,1400,111.801,4.000
1292,20,7.144,3.564,77.987,8.544,270,1408,69.444,4.000
1293,3,2.365,1.615,45.000,2.828,77,1403,45.000,2.000
1294,32,7.918,5.146,5.806,8.246,403,1402,165.964,5.000
1295,3,2.365,1.615,45.000,2.828,675,1404,45.000,2.000
1296,8,3.651,2.790,124.722,4.472,1228,1403,116.565,3.000
1297,10,4.049,3.144,63.435,5.000,1825,1407,53.130,3.000
1298,11,4.384,3.195,105.071,5.000,365,1406,126.870,3.000
1299,27,6.451,5.329,167.508,7.211,1484,1407,146.310,5.000
1300,17,5.847,3.702,106.845,6.403,382,1410,128.660,4.000
1301,4,2.734,1.863,90.000,3.162,865,1410,108.435,2.000
1302,13,5.453,3.036,78.690,5.831,962,1415,59.036,3.000
1303,16,10.104,2.016,95.944,10.198,2744,1410,101.310,2.687
1304,1,1.128,1.128,0.000,1.414,523,1411,135.000,1.000
1305,1,1.128,1.128,0.000,1.414,271,1412,135.000,1.000
1306,9,3.685,3.109,97.628,4.472,1843,1412,116.565,3.000
1307,5,4.076,1.562,20.994,4.472,85,1415,26.565,2.000
1308,31,8.594,4.593,85.174,9.220,1174,1413,102.529,5.000
1309,1,1.128,1.128,0.000,1.414,116,1415,135.000,1.000
1310,43,10.996,4.979,41.860,12.806,170,1424,38.660,6.715
1311,1,1.128,1.128,0.000,1.414,168,1417,135.000,1.000
1312,2,2.257,1.128,0.000,2.236,1721,1417,153.435,1.000
1313,3,2.365,1.615,135.000,2.828,2716,1417,135.000,2.000
1314,6,3.385,2.257,90.000,3.606,1868,1418,123.690,2.000
1315,7,3.772,2.363,45.000,4.243,162,1423,45.000,2.828
1316,1,1.128,1.128,0.000,1.414,2091,1420,135.000,1.000
1317,14,4.699,3.794,54.485,5.657,1108,1426,45.000,4.000
1318,27,9.466,3.632,88.047,10.198,833,1433,78.690,4.000
1319,17,5.229,4.140,164.828,5.831,2121,1423,149.036,4.000
1320,57,17.099,4.245,83.331,17.117,215,1441,83.290,5.432
1321,40,9.791,5.202,96.101,10.440,454,1424,106.699,5.000
1322,33,7.839,5.360,91.486,8.544,634,1432,69.444,6.000
1323,6,3.385,2.257,0.000,3.606,1646,1424,146.310,2.000
1324,1,1.128,1.128,0.000,1.414,128,1425,135.000,1.000
1325,6,3.385,2.257,0.000,3.606,1519,1426,146.310,2.000
1326,223,22.422,12.663,53.281,23.324,153,1448,59.036,14.849
1327,6,3.718,2.055,126.870,4.243,1176,1429,135.000,2.683
1328,9,3.685,3.109,97.628,4.472,1442,1431,116.565,3.000
1329,2,2.257,1.128,0.000,2.236,460,1433,153.435,1.000
1330,12,4.514,3.385,90.000,5.000,407,1434,126.870,3.000
1331,1,1.128,1.128,0.000,1.414,723,1435,135.000,1.000
1332,9,3.685,3.109,7.628,4.472,455,1440,26.565,3.000
1333,44,8.209,6.825,11.981,8.944,1468,1444,26.565,7.778
1334,36,9.312,4.922,92.916,10.198,1891,1438,101.310,5.000
1335,21,8.352,3.201,91.984,8.246,2264,1438,104.036,3.000
1336,77,21.886,4.479,91.462,23.087,2318,1438,94.970,5.854
1337,4,2.734,1.863,0.000,3.162,2356,1439,161.565,2.000
1338,50,12.574,5.063,85.667,14.318,1721,1453,77.905,6.000
1339,6,3.385,2.257,0.000,3.606,2196,1439,146.310,2.000
1340,7,6.269,1.422,72.781,6.708,343,1446,63.435,2.183
1341,11,4.384,3.195,74.929,5.000,425,1445,53.130,3.000
1342,2,2.257,1.128,90.000,2.236,927,1441,116.565,1.000
1343,7,3.855,2.312,59.036,4.472,1163,1445,63.435,2.828
1344,13,5.502,3.008,95.046,6.083,1345,1442,99.462,3.000
1345,17,4.948,4.375,95.004,5.831,2148,1442,120.964,4.919
1346,1,1.128,1.128,0.000,1.414,1038,1443,135.000,1.000
1347,18,5.349,4.285,0.000,5.831,2046,1445,149.036,4.000
1348,2,2.257,1.128,0.000,2.236,2441,1445,153.435,1.000
1349,17,8.607,2.515,91.515,8.246,456,1446,104.036,3.000
1350,9,4.571,2.507,82.662,5.099,1163,1448,101.310,3.000
1351,11,5.179,2.704,17.412,5.831,1744,1452,30.964,3.000
1352,4,3.192,1.596,108.435,3.606,269,1450,123.690,2.000
1353,1,1.128,1.128,0.000,1.414,1887,1452,135.000,1.000
1354,9,3.685,3.109,7.628,4.472,605,1455,26.565,3.000
1355,6,3.140,2.433,45.000,3.606,2023,1455,33.690,2.828
1356,1,1.128,1.128,0.000,1.414,425,1454,135.000,1.000
1357,36,8.950,5.121,100.279,9.487,1037,1454,108.435,5.000
1358,28,8.909,4.002,78.701,9.487,268,1464,71.565,4.000
1359,11,4.384,3.195,105.071,5.000,426,1456,126.870,3.000
1360,54,9.230,7.449,116.812,10.296,1446,1456,119.055,8.000
1361,25,6.455,4.931,79.055,7.280,326,1464,74.055,5.000
1362,8,3.824,2.664,17.296,4.472,1207,1460,26.565,3.000
1363,6,3.385,2.257,0.000,3.606,2881,1457,146.310,2.000
1364,6,3.416,2.236,90.000,4.123,3043,1457,104.036,3.000
1365,6,3.140,2.433,45.000,3.606,1607,1462,33.690,2.828
1366,17,6.190,3.497,69.699,6.708,1250,1466,63.435,4.000
1367,10,4.111,3.097,90.000,4.472,1368,1460,116.565,3.000
1368,14,4.264,4.181,90.000,5.000,1418,1460,126.870,4.000
1369,15,6.483,2.946,111.561,7.211,455,1461,123.690,3.638
1370,308,90.668,4.325,90.158,88.023,2319,1464,91.302,5.909
1371,24,6.119,4.994,11.535,7.071,2829,1466,171.870,5.000
1372,2,2.257,1.128,90.000,2.236,64,1465,116.565,1.000
1373,10,3.966,3.210,0.000,4.472,1902,1467,153.435,3.000
1374,4,4.514,1.128,90.000,4.123,2709,1466,104.036,1.000
1375,1,1.128,1.128,0.000,1.414,261,1467,135.000,1.000
1376,11,4.384,3.195,74.929,5.000,1720,1471,53.130,3.000
1377,20,6.379,3.992,120.900,7.211,1248,1468,123.690,4.743
1378,4,2.257,2.257,0.000,2.828,376,1469,135.000,2.000
1379,27,6.754,5.090,12.656,7.616,2031,1472,23.199,5.000
1380,2,2.257,1.128,90.000,2.236,57,1470,116.565,1.000
1381,5,3.144,2.025,18.435,3.606,408,1472,33.690,2.000
1382,1,1.128,1.128,0.000,1.414,1430,1471,135.000,1.000
1383,4,2.257,2.257,0.000,2.828,129,1472,135.000,2.000
1384,29,8.538,4.324,118.547,9.434,1039,1472,122.005,5.488
1385,5,5.642,1.128,90.000,5.099,1991,1472,101.310,1.000
1386,14,4.849,3.676,135.000,5.657,380,1473,135.000,4.000
1387,7,4.154,2.146,81.650,4.472,1128,1478,63.435,2.000
1388,6,3.140,2.433,135.000,3.606,1508,1474,123.690,2.828
1389,1,1.128,1.128,0.000,1.414,1531,1474,135.000,1.000
1390,9,3.919,2.924,110.301,4.472,288,1475,116.565,3.000
1391,7,4.154,2.146,98.350,4.472,408,1475,116.565,2.000
1392,1,1.128,1.128,0.000,1.414,812,1475,135.000,1.000
1393,15,6.213,3.074,86.486,6.325,1888,1476,108.435,3.000
1394,7,4.154,2.146,81.650,4.472,2746,1480,63.435,2.000
1395,1,1.128,1.128,0.000,1.414,46,1477,135.000,1.000
1396,2,2.257,1.128,0.000,2.236,456,1479,153.435,1.000
1397,1,1.128,1.128,0.000,1.414,1991,1479,135.000,1.000
1398,9,3.385,3.385,0.000,4.243,1321,1480,135.000,3.000
1399,19,5.550,4.359,167.179,6.403,2246,1480,141.340,4.000
1400,4,2.257,2.257,0.000,2.828,1893,1481,135.000,2.000
1401,1,1.128,1.128,0.000,1.414,3241,1481,135.000,1.000
1402,5,3.144,2.025,108.435,3.606,1159,1483,123.690,2.000
1403,18,5.282,4.339,0.000,5.831,2897,1485,149.036,4.000
1404,16,6.023,3.382,84.008,6.325,96,1485,108.435,4.000
1405,24,6.111,5.001,160.395,6.708,1726,1486,153.435,5.000
1406,3,2.365,1.615,135.000,2.828,3148,1485,135.000,2.000
1407,14,4.699,3.794,35.515,5.657,650,1490,45.000,4.000
1408,14,7.899,2.257,90.000,7.280,1721,1489,105.945,2.000
1409,29,7.187,5.137,1.871,7.616,2553,1490,156.801,5.000
1410,47,9.340,6.407,70.411,10.198,112,1500,78.690,6.957
1411,14,4.264,4.181,90.000,5.000,2685,1490,126.870,4.000
1412,3,2.365,1.615,135.000,2.828,1508,1494,135.000,2.000
1413,47,8.347,7.169,5.299,8.944,2862,1500,153.435,7.906
1414,1,1.128,1.128,0.000,1.414,2157,1499,135.000,1.000
1415,2,2.257,1.128,90.000,2.236,2837,1500,116.565,1.000
1416,17,5.229,4.140,164.828,5.831,2180,1501,149.036,4.000
1417,4,2.257,2.257,0.000,2.828,921,1502,135.000,2.000
1418,2,2.257,1.128,0.000,2.236,1158,1502,153.435,1.000
1419,1,1.128,1.128,0.000,1.414,812,1503,135.000,1.000
1420,26,7.850,4.217,53.231,8.602,1883,1510,54.462,5.367
1421,1,1.128,1.128,0.000,1.414,2837,1503,135.000,1.000
1422,117,31.446,4.737,86.006,31.401,1155,1535,80.838,7.363
1423,1,1.128,1.128,0.000,1.414,2147,1504,135.000,1.000
1424,2,2.257,1.128,90.000,2.236,2471,1504,116.565,1.000
1425,2,2.257,1.128,90.000,2.236,3043,1506,116.565,1.000
1426,319,28.644,14.179,140.096,30.806,708,1509,125.754,17.750
1427,1,1.128,1.128,0.000,1.414,861,1509,135.000,1.000
1428,3,3.385,1.128,0.000,3.162,1069,1511,161.565,1.000
1429,5,3.144,2.025,71.565,3.606,1200,1514,56.310,2.000
1430,10,5.839,2.180,129.893,6.403,2726,1511,128.660,2.828
1431,46,8.693,6.738,19.684,9.487,2816,1518,18.435,7.000
1432,1,1.128,1.128,0.000,1.414,1991,1512,135.000,1.000
1433,8,4.037,2.523,56.310,5.000,2157,1516,53.130,3.000
1434,5,3.144,2.025,108.435,3.606,32,1513,123.690,2.000
1435,78,16.997,5.843,90.980,17.263,46,1532,79.992,6.000
1436,2,2.257,1.128,0.000,2.236,23,1517,153.435,1.000
1437,4,2.257,2.257,0.000,2.828,1098,1518,135.000,2.000
1438,15,4.973,3.841,170.538,5.385,200,1520,158.199,4.000
1439,1,1.128,1.128,0.000,1.414,350,1519,135.000,1.000
1440,5,3.144,2.025,18.435,3.606,408,1521,33.690,2.000
1441,6,3.140,2.433,45.000,3.606,2358,1523,33.690,2.828
1442,18,7.532,3.043,89.272,8.246,2726,1528,75.964,4.000
1443,5,2.523,2.523,0.000,3.162,768,1521,108.435,2.828
1444,12,4.424,3.453,57.933,5.000,1717,1526,36.870,4.000
1445,7,3.742,2.382,75.128,4.472,2148,1526,63.435,3.000
1446,22,5.554,5.043,45.000,6.403,2598,1527,38.660,5.000
1447,17,4.954,4.369,78.690,5.831,1561,1531,59.036,4.000
1448,8,3.978,2.560,65.593,4.472,1569,1530,63.435,3.000
1449,20,6.467,3.937,74.086,7.280,32,1535,74.055,4.000
1450,3,2.365,1.615,45.000,2.828,184,1530,45.000,2.000
1451,1,1.128,1.128,0.000,1.414,137,1529,135.000,1.000
1452,13,4.899,3.378,50.735,5.657,711,1534,45.000,4.000
1453,19,5.353,4.520,62.154,6.403,2268,1536,51.340,4.950
1454,15,4.640,4.116,14.036,5.385,2690,1533,21.801,4.000
1455,2,2.257,1.128,90.000,2.236,2709,1530,116.565,1.000
1456,7,3.086,2.888,90.000,3.606,2924,1530,123.690,3.000
1457,1316,44.453,37.694,92.041,50.160,2709,1535,113.499,39.000
1458,1,1.128,1.128,0.000,1.414,1081,1534,135.000,1.000
1459,1,1.128,1.128,0.000,1.414,711,1536,135.000,1.000
1460,1,1.128,1.128,0.000,1.414,2187,1536,135.000,1.000
1461,2,2.596,0.981,45.000,2.828,1569,1539,45.000,1.414
1462,33,7.138,5.887,4.698,7.616,2574,1541,156.801,6.000
1463,16,4.963,4.105,0.000,5.385,1335,1542,158.199,4.000
1464,34,6.850,6.320,161.565,7.810,2234,1542,129.806,6.000
1465,1,1.128,1.128,0.000,1.414,48,1543,135.000,1.000
1466,9,3.923,2.921,101.981,4.472,323,1544,116.565,3.000
1467,6,4.056,1.884,161.565,4.472,3485,1544,153.435,2.530
1468,40,12.542,4.061,86.712,13.153,768,1559,81.254,4.000
1469,1,1.128,1.128,0.000,1.414,2025,1546,135.000,1.000
1470,23,7.018,4.173,101.440,7.616,3759,1547,113.199,4.000
1471,5,3.144,2.025,161.565,3.606,82,1548,146.310,2.000
1472,11,3.807,3.678,135.000,4.472,445,1548,116.565,4.000
1473,12,4.911,3.111,80.583,5.385,238,1555,68.199,3.000
1474,161,53.298,3.846,90.846,55.036,2320,1553,92.083,5.442
1475,1,1.128,1.128,0.000,1.414,2557,1555,135.000,1.000
1476,7,4.154,2.146,98.350,4.472,348,1556,116.565,2.000
1477,1,1.128,1.128,0.000,1.414,413,1556,135.000,1.000
1478,3,2.365,1.615,45.000,2.828,2238,1558,45.000,2.000
1479,13,4.380,3.779,135.000,5.000,1890,1559,126.870,4.000
1480,14,4.258,4.186,90.000,5.099,215,1562,101.310,4.000
1481,23,10.640,2.752,91.342,11.180,651,1563,100.305,4.000
1482,2,2.257,1.128,90.000,2.236,2359,1563,116.565,1.000
1483,4,2.257,2.257,0.000,2.828,348,1565,135.000,2.000
1484,4,2.257,2.257,0.000,2.828,928,1566,135.000,2.000
1485,13,4.359,3.797,13.776,5.000,2342,1567,143.130,4.000
1486,4,3.216,1.583,31.717,3.606,267,1572,33.690,2.000
1487,2,2.257,1.128,90.000,2.236,956,1570,116.565,1.000
1488,1,1.128,1.128,0.000,1.414,1036,1573,135.000,1.000
1489,17,7.013,3.087,96.372,7.280,1446,1575,105.945,3.000
1490,8,4.044,2.519,19.330,4.472,2671,1579,26.565,3.000
1491,1,1.128,1.128,0.000,1.414,153,1577,135.000,1.000
1492,10,4.444,2.865,63.435,5.000,346,1581,53.130,3.000
1493,25,6.042,5.268,10.870,6.708,2158,1581,26.565,5.000
1494,9,4.200,2.729,119.518,5.000,47,1578,126.870,3.000
1495,13,4.500,3.678,168.690,5.385,1564,1579,158.199,4.000
1496,5,3.144,2.025,71.565,3.606,74,1583,56.310,2.000
1497,21,6.415,4.168,15.128,7.211,256,1584,33.690,4.000
1498,16,5.069,4.019,91.023,5.831,3040,1585,59.036,4.000
1499,1,1.128,1.128,0.000,1.414,1017,1581,135.000,1.000
1500,27,6.518,5.274,165.823,7.280,3603,1583,164.055,6.000
1501,14,5.033,3.542,75.128,5.385,1445,1583,111.801,4.000
1502,10,3.852,3.306,135.000,4.472,82,1585,116.565,4.000
1503,18,5.895,3.888,157.308,6.708,187,1589,153.435,4.000
1504,11,3.994,3.507,18.435,4.472,1882,1590,153.435,4.000
1505,52,10.743,6.163,86.267,11.180,354,1590,100.305,6.000
1506,5,3.144,2.025,108.435,3.606,428,1590,123.690,2.000
1507,19,5.301,4.564,45.001,5.831,548,1594,30.964,4.950
1508,9,5.229,2.191,175.269,5.385,2027,1590,158.199,2.000
1509,5,3.244,1.963,90.000,3.606,456,1591,123.690,2.000
1510,2,2.596,0.981,45.000,2.828,136,1594,45.000,1.414
1511,32,6.718,6.065,131.642,7.810,2261,1592,129.806,6.000
1512,22,5.508,5.085,157.643,6.403,1424,1593,128.660,5.000
1513,55,9.375,7.470,166.975,10.296,1481,1596,150.945,8.000
1514,4,3.417,1.490,96.620,4.123,1891,1597,104.036,2.000
1515,22,8.413,3.329,90.000,8.246,81,1598,104.036,3.000
1516,45,16.345,3.505,92.702,16.125,1605,1598,97.125,4.000
1517,28,6.250,5.704,124.803,7.211,1741,1602,146.310,6.000
1518,6,4.024,1.899,83.736,4.472,47,1606,63.435,2.000
1519,15,5.405,3.533,74.986,5.831,1897,1607,59.036,4.000
1520,17,5.229,4.140,74.828,5.831,251,1608,59.036,4.000
1521,8,3.538,2.879,45.000,4.243,34,1607,45.000,3.000
1522,1,1.128,1.128,0.000,1.414,651,1604,135.000,1.000
1523,10,4.629,2.751,99.308,5.385,3054,1605,111.801,3.000
1524,8,3.538,2.879,135.000,4.243,1080,1606,135.000,3.000
1525,8,5.110,1.993,81.323,5.385,2734,1611,68.199,2.000
1526,3,2.365,1.615,45.000,2.828,3612,1610,45.000,2.000
1527,11,4.384,3.195,15.071,5.000,132,1613,36.870,3.000
1528,22,5.916,4.735,0.143,6.708,1557,1614,26.565,5.000
1529,20,6.000,4.244,19.330,7.211,78,1616,33.690,4.000
1530,9,4.196,2.731,96.047,4.472,1038,1613,116.565,3.000
1531,5,3.732,1.706,95.152,4.123,2321,1613,104.036,2.000
1532,13,5.556,2.979,102.977,6.325,1971,1614,108.435,3.000
1533,4,4.514,1.128,90.000,4.123,2727,1614,104.036,1.000
1534,1,1.128,1.128,0.000,1.414,137,1616,135.000,1.000
1535,4,2.257,2.257,0.000,2.828,342,1616,135.000,2.000
1536,15,4.659,4.099,45.001,5.657,1714,1620,45.000,4.000
1537,6,3.385,2.257,90.000,3.606,348,1617,123.690,2.000
1538,14,4.746,3.756,24.358,5.385,649,1620,21.801,4.000
1539,3,2.365,1.615,135.000,2.828,223,1618,135.000,2.000
1540,29,6.328,5.835,35.727,7.211,1790,1624,33.690,6.000
1541,18,10.095,2.270,91.360,11.180,2320,1618,100.305,3.000
1542,10,5.927,2.148,110.722,6.708,837,1620,116.565,3.000
1543,50,8.513,7.478,115.584,10.000,280,1622,126.870,7.000
1544,27,7.542,4.558,24.419,8.944,59,1627,26.565,5.000
1545,3,3.385,1.128,90.000,3.162,474,1623,108.435,1.000
1546,31,7.734,5.103,87.853,8.544,342,1624,110.556,6.000
1547,16,5.325,3.826,71.565,5.831,2339,1631,59.036,4.000
1548,8,3.797,2.682,97.018,4.472,474,1628,116.565,3.000
1549,9,4.534,2.528,127.372,5.000,3038,1628,126.870,3.536
1550,10,4.198,3.033,180.000,4.472,214,1630,153.435,3.000
1551,6,3.385,2.257,0.000,3.606,506,1630,146.310,2.000
1552,7,3.086,2.888,0.000,3.606,1875,1631,123.690,3.000
1553,7,3.086,2.888,0.000,3.606,493,1634,123.690,3.000
1554,18,5.008,4.577,147.995,5.831,34,1636,149.036,4.950
1555,8,3.538,2.879,135.000,4.243,1313,1637,135.000,3.000
1556,26,6.342,5.220,158.286,7.211,1737,1637,146.310,5.000
1557,1,1.128,1.128,0.000,1.414,2590,1637,135.000,1.000
1558,1,1.128,1.128,0.000,1.414,80,1639,135.000,1.000
1559,2,2.257,1.128,0.000,2.236,92,1639,153.435,1.000
1560,25,6.416,4.962,152.969,7.211,2330,1639,146.310,5.000
1561,8,3.797,2.682,172.982,4.472,274,1640,153.435,3.000
1562,22,5.741,4.879,8.523E-14,6.325,2655,1642,161.565,5.000
1563,1,1.128,1.128,0.000,1.414,473,1642,135.000,1.000
1564,1,1.128,1.128,0.000,1.414,2305,1642,135.000,1.000
1565,28,10.716,3.327,91.401,12.166,2321,1642,99.462,4.000
1566,3,2.365,1.615,45.000,2.828,531,1645,45.000,2.000
1567,12,5.668,2.695,66.278,6.708,650,1649,63.435,3.883
1568,19,6.311,3.833,70.626,7.280,1827,1651,74.055,4.000
1569,28,6.393,5.576,23.929,7.211,1410,1650,33.690,6.000
1570,4,2.734,1.863,90.000,3.162,1691,1646,108.435,2.000
1571,26,6.487,5.103,33.035,7.211,1905,1651,33.690,5.657
1572,1,1.128,1.128,0.000,1.414,152,1647,135.000,1.000
1573,20,5.297,4.807,138.508,6.403,1526,1647,128.660,5.000
1574,19,6.895,3.509,92.568,7.280,3038,1648,105.945,4.000
1575,6,3.385,2.257,90.000,3.606,2152,1649,123.690,2.000
1576,36,8.062,5.686,76.866,9.055,79,1650,96.340,6.000
1577,8,3.489,2.919,0.000,4.123,2290,1651,165.964,3.000
1578,2,2.257,1.128,0.000,2.236,818,1651,153.435,1.000
1579,3,3.385,1.128,0.000,3.162,769,1653,161.565,1.000
1580,6,2.930,2.607,153.435,3.606,33,1654,123.690,3.000
1581,9,4.196,2.731,83.953,4.472,1566,1654,116.565,3.000
1582,16,5.015,4.062,152.010,5.831,968,1657,149.036,4.000
1583,41,12.544,4.161,90.492,13.153,1828,1658,98.746,4.000
1584,15,6.027,3.169,94.229,6.325,1991,1658,108.435,3.000
1585,15,4.659,4.099,135.000,5.657,2002,1659,135.000,4.000
1586,2,2.257,1.128,90.000,2.236,80,1660,116.565,1.000
1587,525,137.951,4.846,90.713,132.034,2321,1660,91.302,6.467
1588,12,4.959,3.081,83.358,5.385,926,1661,111.801,3.000
1589,8,3.675,2.771,66.355,5.000,3661,1667,53.130,3.883
1590,4,2.257,2.257,0.000,2.828,219,1664,135.000,2.000
1591,19,5.119,4.726,96.264,5.831,1690,1666,120.964,5.000
1592,13,4.762,3.476,45.000,5.657,2301,1670,45.000,4.000
1593,10,4.444,2.865,116.565,5.000,1563,1667,126.870,3.000
1594,65,10.424,7.939,157.609,11.314,284,1668,135.000,8.000
1595,60,9.722,7.858,171.280,10.440,1457,1671,163.301,8.000
1596,1,1.128,1.128,0.000,1.414,1725,1669,135.000,1.000
1597,11,4.384,3.195,15.071,5.000,2473,1674,36.870,3.000
1598,19,5.550,4.359,12.821,6.403,1638,1676,38.660,4.000
1599,2,2.257,1.128,90.000,2.236,2471,1672,116.565,1.000
1600,2,2.596,0.981,135.000,2.828,350,1673,135.000,1.414
1601,8,4.044,2.519,70.670,4.472,1423,1677,63.435,3.000
1602,7,3.086,2.888,90.000,3.606,2146,1673,123.690,3.000
1603,26,7.714,4.292,86.320,8.246,1829,1674,104.036,5.000
1604,4,2.734,1.863,90.000,3.162,2859,1675,108.435,2.000
1605,3,2.365,1.615,45.000,2.828,1286,1678,45.000,2.000
1606,6,3.385,2.257,90.000,3.606,246,1677,123.690,2.000
1607,41,11.429,4.567,88.479,11.402,931,1688,74.745,5.000
1608,6,3.140,2.433,45.000,3.606,924,1680,33.690,2.828
1609,1,1.128,1.128,0.000,1.414,1423,1678,135.000,1.000
1610,7,3.507,2.542,30.473,4.243,1689,1681,45.000,3.000
1611,3,3.385,1.128,90.000,3.162,3659,1683,108.435,1.000
1612,49,10.862,5.744,65.281,13.892,1719,1696,59.744,7.519
1613,7,3.878,2.298,105.233,4.472,2027,1684,116.565,3.000
1614,1,1.128,1.128,0.000,1.414,127,1685,135.000,1.000
1615,1,1.128,1.128,0.000,1.414,1444,1685,135.000,1.000
1616,7,3.086,2.888,0.000,3.606,1941,1685,123.690,3.000
1617,10,3.966,3.210,90.000,4.472,2727,1688,116.565,3.000
1618,25,10.016,3.178,82.968,10.440,3657,1698,73.301,4.000
1619,17,5.229,4.140,105.172,5.831,28,1689,120.964,4.000
1620,7,4.318,2.064,41.740,5.657,435,1693,45.000,2.828
1621,8,4.044,2.519,19.330,4.472,662,1694,26.565,3.000
1622,26,10.292,3.217,83.319,10.198,930,1692,101.310,4.341
1623,17,10.046,2.155,93.100,11.180,8,1695,100.305,3.000
1624,4,2.734,1.863,90.000,3.162,2485,1696,108.435,2.000
1625,16,9.072,2.246,93.016,10.198,1829,1698,101.310,3.000
1626,6,3.718,2.055,90.000,4.123,663,1702,104.036,2.000
1627,8,4.769,2.136,90.000,5.099,993,1702,101.310,2.000
1628,1,1.128,1.128,0.000,1.414,1531,1702,135.000,1.000
1629,9,4.196,2.731,6.047,4.472,14,1704,153.435,3.000
1630,7,4.154,2.146,171.650,4.472,81,1704,153.435,2.000
1631,19,6.144,3.938,107.104,6.708,921,1704,116.565,4.472
1632,11,4.384,3.195,74.929,5.000,1194,1708,53.130,3.000
1633,1,1.128,1.128,0.000,1.414,929,1708,135.000,1.000
1634,3,2.365,1.615,135.000,2.828,78,1709,135.000,2.000
1635,7,3.086,2.888,90.000,3.606,293,1709,123.690,3.000
1636,1,1.128,1.128,0.000,1.414,472,1709,135.000,1.000
1637,10,4.945,2.575,105.255,5.385,1538,1711,111.801,3.000
1638,2,2.257,1.128,90.000,2.236,2465,1711,116.565,1.000
1639,13,4.359,3.797,13.776,5.000,2986,1711,143.130,4.000
1640,26,6.615,5.004,81.660,7.211,678,1712,123.690,5.000
1641,14,4.974,3.584,90.000,5.385,1878,1712,111.801,4.000
1642,12,4.514,3.385,90.000,5.000,3707,1712,126.870,3.000
1643,12,4.164,3.669,19.805,5.000,64,1717,36.870,4.000
1644,12,4.424,3.453,57.933,5.000,472,1718,36.870,4.000
1645,1,1.128,1.128,0.000,1.414,929,1716,135.000,1.000
1646,27,6.346,5.417,113.199,7.211,1732,1716,123.690,6.000
1647,17,5.229,4.140,74.828,5.831,666,1722,59.036,4.000
1648,2,2.257,1.128,0.000,2.236,320,1719,153.435,1.000
1649,3,2.365,1.615,45.000,2.828,3709,1721,45.000,2.000
1650,4,2.734,1.863,90.000,3.162,2339,1722,108.435,2.000
1651,4,2.734,1.863,90.000,3.162,128,1723,108.435,2.000
1652,18,4.965,4.616,45.000,5.831,298,1726,30.964,5.000
1653,1,1.128,1.128,0.000,1.414,7,1724,135.000,1.000
1654,7,3.742,2.382,14.872,4.472,662,1727,26.565,3.000
1655,3,2.365,1.615,45.000,2.828,3656,1726,45.000,2.000
1656,3,2.365,1.615,135.000,2.828,666,1727,135.000,2.000
1657,3,3.385,1.128,0.000,3.162,1496,1727,161.565,1.000
1658,16,4.841,4.208,104.872,5.657,126,1728,135.000,4.000
1659,2,2.257,1.128,90.000,2.236,2839,1728,116.565,1.000
1660,6,3.385,2.257,90.000,3.606,1565,1729,123.690,2.000
1661,48,8.595,7.111,23.745,9.220,315,1737,167.471,7.766
1662,7,4.110,2.168,67.500,4.472,666,1738,63.435,2.683
1663,6,4.134,1.848,77.067,4.472,1889,1738,63.435,2.000
1664,9,3.990,2.872,55.427,4.472,1157,1739,26.565,3.536
1665,29,6.259,5.900,149.036,7.211,92,1737,123.690,6.000
1666,36,7.049,6.502,19.968,7.810,2400,1744,39.806,7.000
1667,7,3.086,2.888,90.000,3.606,56,1738,123.690,3.000
1668,1,1.128,1.128,0.000,1.414,156,1739,135.000,1.000
1669,10,3.966,3.210,0.000,4.472,2116,1739,153.435,3.000
1670,1,1.128,1.128,0.000,1.414,661,1740,135.000,1.000
1671,21,6.009,4.450,158.611,6.708,2759,1741,153.435,5.000
1672,4,3.589,1.419,45.000,4.243,333,1746,45.000,2.121
1673,7,3.507,2.542,30.473,4.243,647,1747,45.000,3.000
1674,3,3.385,1.128,90.000,3.162,123,1745,108.435,1.000
1675,14,4.258,4.186,90.000,5.099,919,1746,101.310,4.000
1676,20,6.510,3.911,163.831,7.211,492,1748,146.310,4.000
1677,26,6.167,5.368,71.466,6.708,1434,1750,116.565,5.814
1678,7,4.154,2.146,98.350,4.472,1880,1750,116.565,2.000
1679,34,6.850,6.320,18.435,7.810,1469,1756,39.806,6.000
1680,1,1.128,1.128,0.000,1.414,2462,1751,135.000,1.000
1681,1,1.128,1.128,0.000,1.414,3646,1751,135.000,1.000
1682,8,3.978,2.560,114.407,4.472,3662,1754,116.565,3.000
1683,27,6.126,5.612,171.999,6.708,1667,1755,116.565,6.000
1684,1,1.128,1.128,0.000,1.414,2183,1755,135.000,1.000
1685,27,6.033,5.699,146.477,6.708,111,1756,116.565,6.000
1686,16,6.272,3.248,90.000,6.325,1890,1756,108.435,3.000
1687,3,3.385,1.128,90.000,3.162,930,1760,108.435,1.000
1688,7,3.855,2.312,120.964,4.472,1241,1760,116.565,2.828
1689,56,9.863,7.229,165.429,10.770,1595,1761,158.199,7.000
1690,1,1.128,1.128,0.000,1.414,1953,1760,135.000,1.000
1691,30,6.487,5.888,146.800,7.280,1720,1764,164.055,6.000
1692,6,3.140,2.433,135.000,3.606,523,1765,123.690,2.828
1693,8,3.538,2.879,45.000,4.243,3557,1768,45.000,3.000
1694,4,2.257,2.257,0.000,2.828,1878,1766,135.000,2.000
1695,2,2.596,0.981,135.000,2.828,924,1769,135.000,1.414
1696,2,2.257,1.128,90.000,2.236,29,1771,116.565,1.000
1697,10,4.262,2.987,17.496,5.385,2123,1775,21.801,3.000
1698,27,6.072,5.662,58.728,7.071,72,1787,45.000,6.000
1699,65,10.515,7.871,26.388,12.042,289,1790,41.634,8.000
1700,30,7.411,5.154,75.396,8.062,456,1789,60.255,5.000
1701,8,3.797,2.682,97.018,4.472,1566,1782,116.565,3.000
1702,14,4.833,3.688,3.563,5.385,132,1784,158.199,4.000
1703,5,3.144,2.025,161.565,3.606,6,1787,146.310,2.000
1704,4,2.734,1.863,90.000,3.162,1559,1788,108.435,2.000
1705,51,9.475,6.853,170.428,10.440,1497,1792,163.301,7.906
1706,29,6.865,5.379,0.000,7.280,1668,1790,164.055,5.000
1707,4,2.257,2.257,0.000,2.828,2341,1792,135.000,2.000
1708,14,4.593,3.881,86.437,5.385,458,1795,111.801,4.000
1709,20,5.446,4.675,159.090,6.403,1617,1797,141.340,5.000
1710,54,9.382,7.328,18.718,10.000,1872,1803,36.870,8.000
1711,18,5.008,4.577,57.995,5.831,48,1802,59.036,4.950
1712,11,4.384,3.195,164.929,5.000,592,1797,143.130,3.000
1713,32,7.393,5.511,33.989,8.602,93,1803,35.538,6.000
1714,202,47.527,5.412,90.579,49.041,2324,1800,92.337,8.000
1715,9,3.642,3.146,153.435,4.472,882,1803,153.435,3.536
1716,6,3.385,2.257,90.000,3.606,1558,1803,123.690,2.000
1717,18,5.698,4.022,12.236,6.325,69,1809,18.435,4.000
1718,63,11.165,7.184,13.019,11.705,316,1812,19.983,7.000
1719,5,3.144,2.025,71.565,3.606,330,1809,56.310,2.000
1720,11,4.384,3.195,105.071,5.000,762,1806,126.870,3.000
1721,14,4.258,4.186,0.000,5.099,1410,1807,168.690,4.000
1722,5,3.144,2.025,161.565,3.606,1566,1812,146.310,2.000
1723,18,5.349,4.285,0.000,5.831,2133,1812,149.036,4.000
1724,9,4.200,2.729,119.518,5.000,2147,1812,126.870,3.000
1725,5,3.144,2.025,108.435,3.606,223,1816,123.690,2.000
1726,13,4.380,3.779,135.000,5.000,2471,1816,126.870,4.000
1727,7,3.507,2.542,59.527,4.243,1454,1820,45.000,3.000
1728,44,11.287,4.964,95.740,11.402,2147,1819,105.255,5.590
1729,16,5.595,3.641,100.867,6.325,224,1820,108.435,4.000
1730,1,1.128,1.128,0.000,1.414,2730,1821,135.000,1.000
1731,4,2.257,2.257,0.000,2.828,340,1822,135.000,2.000
1732,2,2.257,1.128,90.000,2.236,2635,1822,116.565,1.000
1733,10,3.966,3.210,90.000,4.472,1161,1824,116.565,3.000
1734,50,8.909,7.146,3.193,9.487,2065,1829,18.435,7.000
1735,7,3.086,2.888,90.000,3.606,1014,1825,123.690,3.000
1736,5,3.144,2.025,161.565,3.606,848,1826,146.310,2.000
1737,3,2.365,1.615,45.000,2.828,1530,1828,45.000,2.000
1738,29,6.382,5.786,3.922,7.211,2001,1826,146.310,6.000
1739,1,1.128,1.128,0.000,1.414,224,1827,135.000,1.000
1740,6,3.385,2.257,90.000,3.606,641,1827,123.690,2.000
1741,15,5.429,3.518,85.692,6.325,318,1834,71.565,4.000
1742,45,8.230,6.962,10.710,9.220,277,1833,12.529,7.000
1743,5,3.144,2.025,71.565,3.606,796,1832,56.310,2.000
1744,51,8.645,7.511,177.148,9.849,98,1836,156.038,8.000
1745,8,4.242,2.401,66.801,5.000,640,1838,53.130,3.000
1746,6,4.134,1.848,77.067,4.472,2658,1838,63.435,2.000
1747,9,3.385,3.385,0.000,4.243,1457,1835,135.000,3.000
1748,5,3.244,1.963,90.000,3.606,2146,1837,123.690,2.000
1749,1,1.128,1.128,0.000,1.414,459,1839,135.000,1.000
1750,21,6.433,4.156,94.448,6.708,1457,1840,116.565,4.000
1751,15,5.243,3.643,99.899,5.831,1494,1840,120.964,4.000
1752,9,4.196,2.731,96.047,4.472,2436,1841,116.565,3.000
1753,1,1.128,1.128,0.000,1.414,2742,1841,135.000,1.000
1754,5,3.144,2.025,161.565,3.606,2584,1842,146.310,2.000
1755,9,4.196,2.731,6.047,4.472,246,1846,153.435,3.000
1756,3,2.365,1.615,45.000,2.828,412,1848,45.000,2.000
1757,42,8.530,6.269,35.434,9.434,40,1853,32.005,7.000
1758,10,3.966,3.210,0.000,4.472,1401,1848,153.435,3.000
1759,26,6.076,5.448,160.614,6.708,1663,1849,116.565,6.000
1760,1,1.128,1.128,0.000,1.414,36,1851,135.000,1.000
1761,2,2.257,1.128,0.000,2.236,592,1851,153.435,1.000
1762,9,3.385,3.385,0.000,4.243,795,1851,135.000,3.000
1763,16,4.963,4.105,0.000,5.385,309,1853,158.199,4.000
1764,1,1.128,1.128,0.000,1.414,385,1852,135.000,1.000
1765,30,6.529,5.850,135.000,7.211,2025,1852,123.690,6.000
1766,165,38.335,5.480,91.365,38.118,2324,1852,94.514,6.000
1767,3,3.385,1.128,90.000,3.162,1699,1854,108.435,1.000
1768,38,8.282,5.842,12.148,8.602,322,1862,35.538,6.000
1769,6,3.140,2.433,45.000,3.606,640,1859,33.690,2.828
1770,30,6.547,5.834,59.036,7.211,1508,1856,123.690,6.000
1771,1,1.128,1.128,0.000,1.414,316,1857,135.000,1.000
1772,16,4.841,4.208,165.128,5.657,2217,1857,135.000,4.000
1773,4,2.257,2.257,0.000,2.828,8,1860,135.000,2.000
1774,3,2.365,1.615,45.000,2.828,654,1862,45.000,2.000
1775,3,2.365,1.615,45.000,2.828,1370,1862,45.000,2.000
1776,6,3.718,2.055,90.000,4.123,2101,1861,104.036,2.000
1777,9,5.231,2.191,98.886,6.325,1626,1863,108.435,3.000
1778,1,1.128,1.128,0.000,1.414,1459,1864,135.000,1.000
1779,6,3.385,2.257,0.000,3.606,307,1868,146.310,2.000
1780,3,2.365,1.615,45.000,2.828,1160,1872,45.000,2.000
1781,10,4.707,2.705,87.021,5.385,638,1871,111.801,3.000
1782,1,1.128,1.128,0.000,1.414,1369,1873,135.000,1.000
1783,1,1.128,1.128,0.000,1.414,2347,1873,135.000,1.000
1784,2,2.257,1.128,0.000,2.236,2485,1873,153.435,1.000
1785,27,6.941,4.953,36.894,7.810,142,1880,39.806,5.657
1786,20,5.309,4.797,135.205,6.403,291,1874,128.660,5.000
1787,4,3.969,1.283,162.391,4.472,456,1875,153.435,1.897
1788,2,2.257,1.128,0.000,2.236,1871,1875,153.435,1.000
1789,3,2.365,1.615,45.000,2.828,1447,1880,45.000,2.000
1790,21,5.856,4.566,107.580,6.708,2173,1878,116.565,5.000
1791,74,13.157,7.161,91.461,13.601,315,1879,107.103,8.000
1792,1,1.128,1.128,0.000,1.414,2504,1879,135.000,1.000
1793,50,9.210,6.912,26.031,10.000,81,1886,36.870,7.000
1794,2,2.257,1.128,90.000,2.236,1514,1880,116.565,1.000
1795,23,7.046,4.156,62.376,8.602,640,1888,54.462,5.270
1796,1,1.128,1.128,0.000,1.414,2505,1881,135.000,1.000
1797,48,8.382,7.291,160.789,9.220,1611,1882,130.601,7.761
1798,3,3.385,1.128,90.000,3.162,8,1883,108.435,1.000
1799,29,6.548,5.639,54.550,7.211,113,1892,33.690,6.000
1800,1,1.128,1.128,0.000,1.414,1032,1891,135.000,1.000
1801,6,3.718,2.055,126.870,4.243,2199,1891,135.000,2.683
1802,45,12.707,4.509,177.678,13.342,23,1895,167.005,6.000
1803,3,2.365,1.615,45.000,2.828,244,1894,45.000,2.000
1804,9,3.685,3.109,97.628,4.472,327,1892,116.565,3.000
1805,9,4.563,2.511,116.565,5.000,639,1892,126.870,3.000
1806,6,3.140,2.433,135.000,3.606,2534,1892,123.690,2.828
1807,10,3.726,3.417,30.128,4.472,1117,1894,153.435,4.000
1808,16,5.419,3.760,90.000,5.831,1234,1893,120.964,4.000
1809,7,4.439,2.008,119.872,5.000,2573,1893,126.870,2.683
1810,2,2.596,0.981,45.000,2.828,764,1898,45.000,1.414
1811,2,2.257,1.128,90.000,2.236,1159,1896,116.565,1.000
1812,25,5.979,5.324,156.419,7.071,2116,1896,135.000,5.000
1813,16,5.771,3.530,175.424,6.325,90,1899,161.565,4.000
1814,1,1.128,1.128,0.000,1.414,796,1899,135.000,1.000
1815,14,5.614,3.175,90.000,6.083,2325,1899,99.462,3.000
1816,1,1.128,1.128,0.000,1.414,905,1900,135.000,1.000
1817,1,1.128,1.128,0.000,1.414,1989,1900,135.000,1.000
1818,7,4.154,2.146,81.650,4.472,2100,1904,63.435,2.000
1819,1,1.128,1.128,0.000,1.414,0,1905,135.000,1.000
1820,2,2.257,1.128,90.000,2.236,638,1905,116.565,1.000
1821,3,2.365,1.615,45.000,2.828,2339,1907,45.000,2.000
1822,622,164.524,4.814,90.730,160.028,2325,1906,91.074,8.000
1823,1,1.128,1.128,0.000,1.414,2747,1906,135.000,1.000
1824,1,1.128,1.128,0.000,1.414,54,1909,135.000,1.000
1825,1,1.128,1.128,0.000,1.414,653,1909,135.000,1.000
1826,49,18.455,3.381,91.614,19.105,661,1910,96.009,4.000
1827,11,5.746,2.437,35.390,6.403,637,1915,38.660,3.130
1828,4,2.734,1.863,90.000,3.162,2577,1912,108.435,2.000
1829,2,2.257,1.128,90.000,2.236,459,1913,116.565,1.000
1830,15,4.640,4.116,75.964,5.385,2099,1918,68.199,4.000
1831,2,2.596,0.981,45.000,2.828,32,1916,45.000,1.414
1832,16,5.015,4.062,27.990,5.831,2684,1918,30.964,4.000
1833,2,2.257,1.128,90.000,2.236,75,1916,116.565,1.000
1834,2,2.257,1.128,90.000,2.236,2579,1916,116.565,1.000
1835,17,5.083,4.258,48.467,5.831,140,1922,30.964,4.919
1836,2,2.257,1.128,90.000,2.236,1885,1917,116.565,1.000
1837,34,6.769,6.396,40.858,7.810,2196,1924,39.806,7.000
1838,29,7.442,4.962,4.186,8.246,798,1923,14.036,5.000
1839,8,4.514,2.257,90.000,4.472,2654,1920,116.565,2.000
1840,7,3.086,2.888,0.000,3.606,412,1921,123.690,3.000
1841,13,4.359,3.797,166.224,5.000,112,1922,126.870,4.000
1842,30,7.596,5.028,90.029,8.544,637,1922,110.556,5.000
1843,12,4.514,3.385,90.000,5.000,1281,1922,126.870,3.000
1844,8,3.538,2.879,45.000,4.243,341,1928,45.000,3.000
1845,35,6.985,6.380,34.545,8.062,517,1933,29.745,6.957
1846,5,3.144,2.025,18.435,3.606,1411,1930,33.690,2.000
1847,1,1.128,1.128,0.000,1.414,2253,1928,135.000,1.000
1848,8,3.538,2.879,45.000,4.243,1833,1932,45.000,3.000
1849,18,5.235,4.378,91.272,5.831,1112,1931,120.964,5.000
1850,7,4.154,2.146,98.350,4.472,662,1932,116.565,2.000
1851,9,3.919,2.924,110.301,4.472,2099,1932,116.565,3.000
1852,18,5.706,4.016,40.670,6.403,61,1937,38.660,4.919
1853,6,3.385,2.257,90.000,3.606,88,1933,123.690,2.000
1854,32,6.605,6.169,0.000,7.280,309,1936,164.055,6.000
1855,21,5.478,4.881,118.862,6.403,2041,1934,128.660,5.000
1856,1,1.128,1.128,0.000,1.414,978,1935,135.000,1.000
1857,10,4.474,2.846,166.036,5.385,1709,1935,158.199,3.000
1858,4,2.257,2.257,0.000,2.828,996,1936,135.000,2.000
1859,38,7.371,6.564,134.998,8.485,2284,1936,135.000,7.000
1860,1,1.128,1.128,0.000,1.414,1156,1937,135.000,1.000
1861,10,4.049,3.144,26.565,5.000,18,1942,36.870,3.000
1862,1,1.128,1.128,0.000,1.414,31,1941,135.000,1.000
1863,16,5.836,3.491,80.435,6.325,636,1941,108.435,4.000
1864,9,3.919,2.924,20.301,4.472,673,1945,26.565,3.000
1865,28,10.137,3.517,90.084,10.198,1884,1954,78.690,4.000
1866,1,1.128,1.128,0.000,1.414,791,1945,135.000,1.000
1867,15,5.949,3.210,107.088,6.325,2098,1945,108.435,3.795
1868,19,7.655,3.160,175.665,8.246,139,1948,165.964,4.000
1869,5,3.144,2.025,108.435,3.606,1112,1948,123.690,2.000
1870,3,2.365,1.615,135.000,2.828,155,1950,135.000,2.000
1871,4,2.734,1.863,0.000,3.162,1981,1951,161.565,2.000
1872,3,2.365,1.615,45.000,2.828,48,1954,45.000,2.000
1873,3,3.385,1.128,90.000,3.162,2577,1957,108.435,1.000
1874,5,3.144,2.025,108.435,3.606,636,1959,123.690,2.000
1875,48,9.499,6.434,5.448,9.849,102,1967,23.962,6.000
1876,1,1.128,1.128,0.000,1.414,2529,1962,135.000,1.000
1877,21,5.171,5.171,0.000,5.831,293,1968,120.964,5.000
1878,11,4.982,2.811,76.717,5.385,636,1973,68.199,3.000
1879,50,8.684,7.331,15.145,10.000,340,1980,36.870,7.000
1880,5,3.144,2.025,161.565,3.606,74,1975,146.310,2.000
1881,47,8.942,6.693,4.791,10.000,30,1984,36.870,6.000
1882,5,2.523,2.523,0.000,3.162,1265,1978,108.435,2.828
1883,19,5.550,4.359,102.821,6.403,1646,1978,128.660,4.000
1884,43,11.964,4.576,90.028,13.153,634,1992,81.254,5.000
1885,2,2.596,0.981,45.000,2.828,1079,1981,45.000,1.414
1886,7,3.507,2.542,120.473,4.243,2144,1979,135.000,3.000
1887,1,1.128,1.128,0.000,1.414,288,1983,135.000,1.000
1888,40,8.038,6.336,10.667,8.602,138,1990,35.538,6.000
1889,24,6.562,4.657,23.286,7.211,90,1990,33.690,5.000
1890,3,2.365,1.615,135.000,2.828,2776,1987,135.000,2.000
1891,15,7.501,2.546,81.366,8.246,1884,1998,75.964,3.000
1892,21,6.170,4.334,6.995,7.211,20,1998,33.690,4.000
1893,47,8.113,7.376,66.998,8.944,1407,2002,63.435,7.778
1894,47,8.065,7.420,0.000,9.055,324,1999,173.660,7.000
1895,3,3.385,1.128,0.000,3.162,2292,1997,161.565,1.000
1896,5,3.144,2.025,71.565,3.606,57,2003,56.310,2.000
1897,7,3.507,2.542,59.527,4.243,1716,2004,45.000,3.000
1898,7,4.647,1.918,85.692,5.099,2411,2004,101.310,2.000
1899,27,6.033,5.699,56.477,6.708,1498,2005,116.565,6.000
1900,16,4.683,4.350,60.767,5.385,1602,2005,111.801,4.919
1901,16,9.027,2.257,90.000,8.246,634,2006,104.036,2.000
1902,10,4.198,3.033,180.000,4.472,51,2008,153.435,3.000
1903,24,6.222,4.911,17.104,7.211,122,2012,33.690,5.000
1904,1,1.128,1.128,0.000,1.414,1844,2009,135.000,1.000
1905,7,4.154,2.146,8.350,4.472,1690,2012,26.565,2.000
1906,9,3.685,3.109,172.372,4.472,95,2012,153.435,3.000
1907,5,4.076,1.562,69.006,4.472,318,2016,63.435,2.000
1908,2,2.257,1.128,90.000,2.236,420,2016,116.565,1.000
1909,9,3.385,3.385,0.000,4.243,2452,2017,135.000,3.000
1910,16,4.963,4.105,0.000,5.385,2074,2021,158.199,4.000
1911,42,8.035,6.655,175.498,8.602,330,2021,144.462,7.000
1912,8,3.824,2.664,17.296,4.472,112,2024,26.565,3.000
1913,5,3.732,1.706,95.152,4.123,1833,2022,104.036,2.000
1914,37,7.697,6.120,13.336,8.544,7,2027,20.556,6.000
1915,5,3.144,2.025,108.435,3.606,1253,2029,123.690,2.000
1916,9,3.919,2.924,69.699,4.472,2854,2034,63.435,3.000
1917,16,5.015,4.062,27.990,5.831,60,2034,30.964,4.000
1918,21,8.004,3.341,98.474,8.544,1491,2034,110.556,4.000
1919,26,8.658,3.823,95.769,9.055,1529,2036,96.340,4.000
1920,1,1.128,1.128,0.000,1.414,2599,2036,135.000,1.000
1921,56,9.072,7.860,169.172,10.000,296,2038,143.130,8.000
1922,18,6.118,3.746,70.384,6.708,632,2045,63.435,4.000
1923,39,7.793,6.372,2.235,8.544,510,2044,20.556,6.000
1924,2,2.257,1.128,0.000,2.236,2776,2041,153.435,1.000
1925,14,5.278,3.377,120.525,5.831,1365,2042,120.964,4.000
1926,4,2.734,1.863,90.000,3.162,319,2044,108.435,2.000
1927,21,6.279,4.258,82.798,6.708,1883,2050,63.435,4.000
1928,70,10.715,8.318,86.409,11.402,29,2048,105.255,8.000
1929,257,26.942,12.145,57.850,28.792,1594,2075,69.677,13.780
1930,26,6.259,5.289,0.000,6.708,117,2054,153.435,5.000
1931,2,2.257,1.128,0.000,2.236,1428,2053,153.435,1.000
1932,50,11.218,5.675,104.535,12.369,1519,2053,104.036,6.905
1933,2,2.257,1.128,90.000,2.236,337,2054,116.565,1.000
1934,62,15.966,4.944,92.105,17.117,1490,2054,96.710,6.000
1935,3,2.365,1.615,135.000,2.828,2299,2058,135.000,2.000
1936,32,7.466,5.457,36.910,8.485,42,2066,45.000,6.000
1937,42,7.504,7.126,92.928,8.544,529,2060,110.556,7.000
1938,7,4.154,2.146,81.650,4.472,1038,2064,63.435,2.000
1939,33,6.880,6.107,169.206,7.616,1667,2062,156.801,6.000
1940,43,8.485,6.453,16.129,9.487,84,2066,18.435,7.000
1941,9,4.196,2.731,96.047,4.472,2656,2062,116.565,3.000
1942,2,2.257,1.128,0.000,2.236,35,2063,153.435,1.000
1943,6,3.385,2.257,90.000,3.606,1354,2063,123.690,2.000
1944,8,3.961,2.571,82.204,4.472,120,2064,116.565,3.000
1945,22,5.725,4.892,17.354,6.708,366,2070,26.565,5.000
1946,9,3.385,3.385,0.000,4.243,59,2067,135.000,3.000
1947,187,29.127,8.174,176.753,32.140,1519,2070,174.644,11.651
1948,24,7.272,4.202,86.371,8.246,2327,2075,75.964,4.000
1949,11,4.384,3.195,74.929,5.000,1037,2074,53.130,3.000
1950,4,2.257,2.257,0.000,2.828,2597,2070,135.000,2.000
1951,15,6.213,3.074,93.514,6.325,1490,2072,108.435,3.000
1952,20,5.251,4.849,116.565,5.831,308,2073,120.964,5.000
1953,2,2.257,1.128,0.000,2.236,1020,2075,153.435,1.000
1954,3,3.385,1.128,0.000,3.162,1587,2075,161.565,1.000
1955,18,5.282,4.339,90.000,5.831,460,2076,120.964,4.000
1956,16,6.975,2.921,95.655,8.062,2327,2076,97.125,4.000
1957,40,7.833,6.502,24.954,8.944,0,2082,26.565,7.000
1958,7,3.086,2.888,0.000,3.606,315,2077,123.690,3.000
1959,5,3.144,2.025,71.565,3.606,1037,2080,56.310,2.000
1960,43,7.701,7.110,15.227,8.602,117,2084,35.538,7.000
1961,36,11.404,4.019,91.013,11.402,1579,2090,74.745,4.000
1962,26,10.508,3.150,91.032,10.440,632,2080,106.699,4.000
1963,23,6.487,4.514,93.937,7.280,1544,2087,74.055,5.000
1964,1,1.128,1.128,0.000,1.414,1019,2081,135.000,1.000
1965,6,3.140,2.433,45.000,3.606,2306,2085,33.690,2.828
1966,25,8.231,3.867,88.960,8.544,2656,2082,110.556,4.000
1967,13,6.375,2.596,77.969,7.280,1504,2090,74.055,3.000
1968,9,4.196,2.731,83.953,4.472,246,2084,116.565,3.000
1969,1,1.128,1.128,0.000,1.414,2597,2084,135.000,1.000
1970,49,12.598,4.952,179.604,14.142,1412,2090,8.130,5.000
1971,45,19.427,2.949,177.350,20.025,1594,2089,177.138,4.000
1972,36,11.165,4.105,179.217,12.166,1666,2088,170.538,4.000
1973,8,3.824,2.664,17.296,4.472,93,2089,26.565,3.000
1974,3,3.213,1.189,28.155,3.606,1063,2089,33.690,1.789
1975,8,3.739,2.724,178.212,4.472,2326,2090,26.565,3.000
1976,9,5.643,2.031,176.830,6.083,62,2089,170.538,2.000
1977,1,1.128,1.128,0.000,1.414,35,2089,135.000,1.000
1978,1,1.128,1.128,0.000,1.414,1834,2089,135.000,1.000
