,Area,Major,Minor,Feret,MinFeret,CentroidX,CentroidY,Area_um2,Major_um,Minor_um,Feret_um,MinFeret_um,Diameter_um
1,48.0,9.638414662733828,7.006712377766988,10.198039027185569,7.006712377766988,43.333333333333336,2.1875,3532.2952710495956,82.68247872443234,60.10660127986387,87.48317792928796,60.10660127986387,67.06311819193051
2,105.0,28.316559436542416,6.047996913476618,24.515301344262525,6.047996913476618,2761.190476190476,9.895238095238096,7726.895905420991,242.91166183308445,51.88232646364746,210.3028301591148,51.88232646364746,99.18768943172505
3,398.0,72.74502738776651,11.699303382172754,67.42403132415029,11.699303382172754,2804.1507537688444,23.042713567839197,29288.614955786234,624.0382251401539,100.3616711705996,578.3924255748186,100.3616711705996,193.1099538371149
4,311133.0,1234.8234687123152,376.51847682476,1286.8166147513016,376.51847682476,3117.542976797704,561.9224093876252,22896117.17848904,10592.848383561526,3229.937913937892,11038.86801869989,3229.937913937892,5399.28388181325
5,25.0,6.861723091843651,5.015970116623465,7.280109889280518,5.015970116623465,2952.88,1.48,1839.7371203383311,58.862820640815634,43.0291554122111,62.451923069808366,43.0291554122111,48.39863667600846
6,8.0,3.4641016151377544,3.3166247903554,4.123105625617661,3.3166247903554,2776.75,3.5,588.715878508266,29.716557972995442,28.451438152558577,35.36977865113189,28.451438152558577,27.378403355031622
7,31.0,14.845650522387736,2.898562707626379,13.341664064126334,2.898562707626379,2655.483870967742,4.419354838709677,2281.274029219531,127.35239418714968,24.86512126640276,114.4505495697112,24.86512126640276,53.8944408988476
8,7.0,3.0237157840738176,2.799416848895061,3.1622776601683795,2.799416848895061,2611.285714285714,6.0,515.1263936947328,25.938738343770492,24.014605321403707,27.127381888699333,24.014605321403707,25.610151287857633
9,10.0,4.09878030638384,2.9933259094191533,4.123105625617661,2.9933259094191533,3131.5,6.2,735.8948481353325,35.161105569469214,25.678040889625088,35.36977865113189,25.678040889625088,30.60998550862951
10,6.0,3.265986323710904,2.0,3.1622776601683795,2.0,2988.0,6.5,441.53690888119945,28.017039541637658,17.15686274509804,27.127381888699333,17.15686274509804,23.710392820514492
11,30.0,9.002093501506925,4.194451537595575,9.219544457292887,4.194451537595575,2748.5333333333333,11.533333333333333,2207.6845444059973,77.22384131194666,35.98181466074635,79.08922941305173,35.98181466074635,53.01805011989337
12,43.0,15.432470335407556,6.2481603969668535,13.416407864998739,6.2481603969668535,2777.6976744186045,14.953488372093023,3164.3478469819297,132.38638768119228,53.59941517005879,115.09173413601859,53.59941517005879,63.47421693259072
13,12.0,4.47213595499958,3.265986323710904,4.47213595499958,3.265986323710904,37.0,10.5,883.0738177623989,38.36391137867286,28.017039541637658,38.36391137867286,28.017039541637658,33.53155909596526
14,25.0,11.864866115116893,6.453723891703995,10.63014581273465,6.453723891703995,52.72,20.8,1839.7371203383311,101.78193971301256,55.362827502362705,91.18997633473352,55.362827502362705,48.39863667600846
15,29.0,18.088341056512604,2.5063113886560884,16.278820596099706,2.5063113886560884,2690.448275862069,23.482758620689655,2134.095059592464,155.1695923965542,21.500220245824288,139.64674530967883,21.500220245824288,52.12692698818601
16,11.0,3.9999999999999996,3.468869823334348,4.123105625617661,3.468869823334348,2715.6363636363635,17.454545454545453,809.4843329488657,34.31372549019607,29.757461719779947,35.36977865113189,29.757461719779947,32.10402364381074
17,12.0,6.831300510639732,2.0,6.082762530298219,2.0,2681.5,19.5,883.0738177623989,58.60184261578201,17.15686274509804,52.1805609216759,17.15686274509804,33.53155909596526
18,47.0,19.494019360814576,3.7076816394294885,17.46424919657298,3.7076816394294885,2845.021276595745,23.53191489361702,3458.7057862360625,167.22810726188973,31.806092495105904,149.81586320589565,31.806092495105904,66.36086723620322
19,6.0,3.265986323710904,2.0,3.1622776601683795,2.0,2751.5,22.0,441.53690888119945,28.017039541637658,17.15686274509804,27.127381888699333,17.15686274509804,23.710392820514492
20,32.0,8.809373002757347,5.3724945135653694,8.54400374531753,5.3724945135653694,2769.28125,31.28125,2354.863514033064,75.57060173933999,46.08757548401665,73.29414977600823,46.08757548401665,54.756806710063245
21,7.0,3.0237157840738176,2.7994168488950604,3.1622776601683795,2.7994168488950604,380.0,28.714285714285715,515.1263936947328,25.938738343770492,24.014605321403703,27.127381888699333,24.014605321403703,25.610151287857633
22,6.0,3.265986323710904,2.0,3.1622776601683795,2.0,2835.5,30.0,441.53690888119945,28.017039541637658,17.15686274509804,27.127381888699333,17.15686274509804,23.710392820514492
23,39.0,13.509846709634052,4.842912204570452,11.704699910719626,4.842912204570452,69.6923076923077,36.51282051282051,2869.9899077277964,115.8932928522529,41.5445899901877,100.40796492038895,41.5445899901877,60.449877833376824
24,18.0,8.289075475041772,3.186757803775685,7.615773105863909,3.186757803775685,2731.3888888888887,35.55555555555556,1324.6107266435984,71.107265104525,27.33738312062475,65.33138693755804,27.33738312062475,41.06760503254743
25,16.0,5.267826876426369,4.0,5.385164807134504,4.0,2760.625,35.5,1177.431757016532,45.18969134189287,34.31372549019608,46.196266727869514,34.31372549019608,38.71890934080677
26,20.0,6.863284148916301,3.869797241617997,7.0710678118654755,3.869797241617997,2828.6,36.4,1471.789696270665,58.87621206178199,33.19679006289948,60.65866995472834,33.19679006289948,43.28905665034775
27,8.0,4.100618600451318,2.4869513653533066,4.123105625617661,2.4869513653533066,3142.0,39.75,588.715878508266,35.17687524896964,21.334141614550425,35.36977865113189,21.334141614550425,27.378403355031622
28,9.0,3.7817431280582214,3.1300454222715657,4.123105625617661,3.1300454222715657,2752.777777777778,40.666666666666664,662.3053633217992,32.44142389265631,26.85087984791784,35.36977865113189,26.85087984791784,29.039182005605074
29,69.0,10.583127914815062,9.054661867970724,12.529964086141668,9.054661867970724,2841.753623188406,43.05797101449275,5077.674452133794,90.78663652414882,77.67479543602336,107.48743701347018,77.67479543602336,80.40585406912676
30,9.0,4.312594463574638,2.660928660904759,4.47213595499958,2.660928660904759,2758.222222222222,41.111111111111114,662.3053633217992,36.99529564340988,22.826593904820236,38.36391137867286,22.826593904820236,29.039182005605074
31,111.0,22.462144784772693,9.418343628517587,20.615528128088304,9.418343628517587,2866.3333333333335,48.189189189189186,8168.43281430219,192.6899675164324,80.79461446032244,176.84889325565948,80.79461446032244,101.98225562570894
32,35.0,11.384948550015704,6.479298871053425,10.770329614269007,6.479298871053425,2795.4,47.02857142857143,2575.6319684736636,97.66499981631118,55.582220707566144,92.39253345573903,55.582220707566144,57.26603919370345
33,6.0,3.265986323710904,2.0,3.1622776601683795,2.0,2902.0,43.5,441.53690888119945,28.017039541637658,17.15686274509804,27.127381888699333,17.15686274509804,23.710392820514492
34,12.0,3.8297084310253524,3.8297084310253524,4.123105625617661,3.8297084310253524,451.5,46.5,883.0738177623989,32.852890952423365,32.852890952423365,35.36977865113189,32.852890952423365,33.53155909596526
35,15.0,7.077106698246239,2.715205067654374,7.0710678118654755,2.715205067654374,2771.266666666667,45.733333333333334,1103.8422722029986,60.71047412711234,23.292200335270365,60.65866995472834,23.292200335270365,37.48942276506485
36,28.0,8.340219420265408,4.496248461318543,8.54400374531753,4.496248461318543,2783.6428571428573,50.107142857142854,2060.505574778931,71.54599992874736,38.57075885935024,73.29414977600823,38.57075885935024,51.220302575715266
37,28.0,16.1245154965971,2.0,14.035668847618199,2.0,2851.5,55.5,2060.505574778931,138.32304960316137,17.15686274509804,120.4040219771169,17.15686274509804,51.220302575715266
38,29.0,10.867429061700257,3.4574097787865585,10.04987562112089,3.4574097787865585,2877.9310344827586,58.06896551724138,2134.095059592464,93.22549440184044,29.659152514100377,86.212168318439,29.659152514100377,52.12692698818601
39,20.0,6.863284148916301,3.869797241617997,7.0710678118654755,3.869797241617997,2611.4,60.6,1471.789696270665,58.87621206178199,33.19679006289948,60.65866995472834,33.19679006289948,43.28905665034775
40,19.0,7.347338259627431,3.178877656956105,7.0710678118654755,3.178877656956105,2838.0,59.68421052631579,1398.2002114571317,63.02863703111767,27.26978382192737,60.65866995472834,27.26978382192737,42.192953255172434
41,55.0,10.91574714647212,7.456774706780014,11.40175425099138,7.456774706780014,2822.418181818182,64.7090909090909,4047.4216647443286,93.63998777610887,63.96743008267169,97.80916636879859,63.96743008267169,71.78677921882132
42,19.0,7.347338259627431,3.178877656956105,7.0710678118654755,3.178877656956105,2846.0,67.3157894736842,1398.2002114571317,63.02863703111767,27.26978382192737,60.65866995472834,27.26978382192737,42.192953255172434
43,19.0,7.3473382596274295,3.178877656956105,7.0710678118654755,3.178877656956105,2859.315789473684,65.0,1398.2002114571317,63.028637031117654,27.26978382192737,60.65866995472834,27.26978382192737,42.192953255172434
44,61.0,17.066117317373006,4.9383723494566825,16.278820596099706,4.9383723494566825,2870.7049180327867,72.29508196721312,4488.958573625528,146.40051620295472,42.363488291907814,139.64674530967883,42.363488291907814,75.6010872826238
45,6.0,3.265986323710904,2.0,3.1622776601683795,2.0,2775.0,65.5,441.53690888119945,28.017039541637658,17.15686274509804,27.127381888699333,17.15686274509804,23.710392820514492
46,60.0,16.548504304222757,6.465661843222132,16.55294535724685,6.465661843222132,2880.3166666666666,73.76666666666667,4415.3690888119945,141.96020849210697,55.46523640018986,141.99830576069598,55.46523640018986,74.9788455301297
47,12.0,6.831300510639732,2.0,6.082762530298219,2.0,2907.5,67.5,883.0738177623989,58.60184261578201,17.15686274509804,52.1805609216759,17.15686274509804,33.53155909596526
48,18.0,7.097764472921567,3.0939225541184827,7.0710678118654755,3.0939225541184827,2811.1666666666665,69.94444444444444,1324.6107266435984,60.88768542947423,26.541002302486984,60.65866995472834,26.541002302486984,41.06760503254743
49,7.0,3.7032803990902057,2.138089935299395,3.605551275463989,2.138089935299395,437.0,71.0,515.1263936947328,31.768336756901274,18.341457778303635,30.929974176774415,18.341457778303635,25.610151287857633
50,15.0,4.618802153517006,4.026578365477733,5.0,4.026578365477733,2491.4,73.4,1103.8422722029986,39.62207729732725,34.54172617444134,42.8921568627451,34.54172617444134,37.48942276506485
51,18.0,9.282362396913014,2.6778875379127913,8.54400374531753,2.6778875379127913,2777.5,75.5,1324.6107266435984,79.62810879704791,22.97207446738914,73.29414977600823,22.97207446738914,41.06760503254743
52,8.0,3.9722133299273006,2.6403638502198645,4.123105625617661,2.6403638502198645,2846.375,77.75,588.715878508266,34.07535944790576,22.650180087670407,35.36977865113189,22.650180087670407,27.378403355031622
53,8.0,5.212736088651405,1.9563697171218042,5.0990195135927845,1.9563697171218042,2822.25,79.0,588.715878508266,44.71709879970568,16.782583357662535,43.74158896464398,16.782583357662535,27.378403355031622
54,5.0,2.5298221281347035,2.5298221281347035,3.0,2.5298221281347035,2830.0,78.0,367.94742406766625,21.701905510959467,21.701905510959467,25.735294117647058,21.701905510959467,21.644528325173876
55,7.0,3.0237157840738176,2.799416848895061,3.1622776601683795,2.799416848895061,2840.714285714286,78.0,515.1263936947328,25.938738343770492,24.014605321403707,27.127381888699333,24.014605321403707,25.610151287857633
56,6.0,6.831300510639732,0.0,6.0,0.0,1449.0,83.5,441.53690888119945,58.60184261578201,0.0,51.470588235294116,0.0,23.710392820514492
57,14.0,7.017298793846583,2.6462077766235526,6.324555320336759,2.6462077766235526,2765.714285714286,83.21428571428571,1030.2527873894655,60.19741612368392,22.70031180927067,54.254763777398665,22.70031180927067,36.218223285715055
58,20.0,6.0,4.09878030638384,6.082762530298219,4.09878030638384,2812.5,85.5,1471.789696270665,51.470588235294116,35.161105569469214,52.1805609216759,35.161105569469214,43.28905665034775
59,45.0,11.876419104803919,5.544304394814296,11.661903789690601,5.544304394814296,2926.177777777778,89.82222222222222,3311.526816608996,101.88104624219048,47.56143475943637,100.04084133313016,47.56143475943637,64.93358497552163
60,9.0,3.885753375057407,2.7954428906961324,4.123105625617661,2.7954428906961324,1304.111111111111,89.33333333333333,662.3053633217992,33.3336686585807,23.98051499371682,35.36977865113189,23.98051499371682,29.039182005605074
61,19.0,9.351136277552772,3.0293149280975933,8.54400374531753,3.0293149280975933,2865.4210526315787,91.6842105263158,1398.2002114571317,80.21808081233995,25.98677021652347,73.29414977600823,25.98677021652347,42.192953255172434
62,5.0,3.098386676965933,1.7888543819998317,3.1622776601683795,1.7888543819998317,246.2,89.4,367.94742406766625,26.579297473972463,15.345564551469144,27.127381888699333,15.345564551469144,21.644528325173876
63,21.0,7.35360036564798,3.87349025320924,7.615773105863909,3.87349025320924,1393.3333333333333,91.0,1545.379181084198,63.08235607786257,33.22847030939299,65.33138693755804,33.22847030939299,44.35808322009493
64,21.0,6.088776041622918,4.377514589279839,6.324555320336759,4.377514589279839,2838.5238095238096,93.14285714285714,1545.379181084198,52.23214741588287,37.552208486469205,54.254763777398665,37.552208486469205,44.35808322009493
65,24.0,9.356432827127628,3.9667294499658383,8.602325267042627,3.9667294499658383,1339.5416666666667,98.95833333333333,1766.1476355247978,80.26351689937917,34.028316360001064,73.79445694766959,34.028316360001064,47.420785641028985
66,133.0,25.91230603369977,10.207888674355125,25.942243542145693,10.207888674355125,2889.5263157894738,106.57894736842105,9787.401480199922,222.28693901458135,87.56767245157583,222.5437558762498,87.56767245157583,111.63206139255946
67,18.0,6.0,3.9752319599996264,6.082762530298219,3.9752319599996264,1189.111111111111,99.5,1324.6107266435984,51.470588235294116,34.10125455882032,52.1805609216759,34.10125455882032,41.06760503254743
68,16.0,6.324555320336759,3.122498999199199,6.082762530298219,3.122498999199199,2794.125,99.5,1177.431757016532,54.254763777398665,26.786143375483324,52.1805609216759,26.786143375483324,38.71890934080677
69,12.0,4.47213595499958,3.265986323710904,4.47213595499958,3.265986323710904,2924.0,99.5,883.0738177623989,38.36391137867286,28.017039541637658,38.36391137867286,28.017039541637658,33.53155909596526
70,5.0,3.098386676965933,1.7888543819998317,3.1622776601683795,1.7888543819998317,274.6,101.8,367.94742406766625,26.579297473972463,15.345564551469144,27.127381888699333,15.345564551469144,21.644528325173876
71,7.0,4.155374705678736,1.9054711331003737,4.123105625617661,1.9054711331003737,1350.5714285714287,102.28571428571429,515.1263936947328,35.646596739891116,16.345953347674776,35.36977865113189,16.345953347674776,25.610151287857633
72,20.0,5.985542185750804,4.187276530466729,6.324555320336759,4.187276530466729,949.55,105.25,1471.789696270665,51.34656286796032,35.920264354493995,54.254763777398665,35.920264354493995,43.28905665034775
73,53.0,9.57086939249117,7.526085443167888,10.295630140987,7.526085443167888,2875.754716981132,107.50943396226415,3900.242695117262,82.10304625911543,64.5620074781559,88.32035660160417,64.5620074781559,70.4694786985408
74,18.0,9.781530688334447,4.485992256900795,8.246211251235321,4.485992256900795,1395.388888888889,105.66666666666667,1324.6107266435984,83.91018972835923,38.48277671360976,70.73955730226378,38.48277671360976,41.06760503254743
75,5.0,2.5298221281347035,2.5298221281347035,3.0,2.5298221281347035,2862.0,105.0,367.94742406766625,21.701905510959467,21.701905510959467,25.735294117647058,21.701905510959467,21.644528325173876
76,5.0,3.098386676965933,1.7888543819998317,3.1622776601683795,1.7888543819998317,1210.8,105.4,367.94742406766625,26.579297473972463,15.345564551469144,27.127381888699333,15.345564551469144,21.644528325173876
77,14.0,8.034135414221675,2.90383539180233,7.211102550927978,2.90383539180233,2855.5,108.78571428571429,1030.2527873894655,68.92027928866632,24.91035262575528,61.85994835354883,24.91035262575528,36.218223285715055
78,6.0,3.126943839882286,2.309401076758503,3.1622776601683795,2.309401076758503,208.83333333333334,109.83333333333333,441.53690888119945,26.8242731362451,19.811038648663626,27.127381888699333,19.811038648663626,23.710392820514492
79,18.0,6.831300510639732,3.265986323710904,6.324555320336759,3.265986323710904,1435.5,110.0,1324.6107266435984,58.60184261578201,28.017039541637658,54.254763777398665,28.017039541637658,41.06760503254743
80,31.0,13.068555728197234,4.882974944760336,12.083045973594572,4.882974944760336,1474.3870967741937,112.48387096774194,2281.274029219531,112.10770845267234,41.888265457502875,103.65358065583578,41.888265457502875,53.8944408988476
81,22.0,8.49696105130758,3.1908961408698624,8.06225774829855,3.1908961408698624,1506.8181818181818,110.0,1618.9686658977314,72.89059725386403,27.372883561383624,69.16152480158068,27.372883561383624,45.401945643823666
82,15.0,6.342284798713821,2.9735652336328955,6.082762530298219,2.9735652336328955,2899.4,109.8,1103.8422722029986,54.406854890927384,25.508525288517486,52.1805609216759,25.508525288517486,37.48942276506485
83,60.0,17.295456669753865,7.714377682555539,17.4928556845359,7.714377682555539,1166.8166666666666,115.36666666666666,4415.3690888119945,148.36788809837873,66.17725953172643,150.06126199969523,66.17725953172643,74.9788455301297
84,7.0,3.7032803990902057,2.138089935299395,3.605551275463989,2.138089935299395,1101.0,112.0,515.1263936947328,31.768336756901274,18.341457778303635,30.929974176774415,18.341457778303635,25.610151287857633
85,45.0,19.976029082399744,3.9194658713150563,17.11724276862369,3.9194658713150563,1421.7555555555555,119.2,3311.526816608996,171.36299457940956,33.622868994124254,146.8390923778993,33.622868994124254,64.93358497552163
86,25.0,11.880159269247347,3.1304018491746994,10.770329614269007,3.1304018491746994,278.08,116.4,1839.7371203383311,101.91313098619047,26.853937431645704,92.39253345573903,26.853937431645704,48.39863667600846
87,21.0,7.573394881621217,3.5487749077277853,7.280109889280518,3.5487749077277853,301.85714285714283,114.80952380952381,1545.379181084198,64.96784824920162,30.442922002566785,62.451923069808366,30.442922002566785,44.35808322009493
88,25.0,10.893832721303717,3.867351631317286,9.433981132056603,3.867351631317286,1342.44,116.12,1839.7371203383311,93.45199638373286,33.175810562770835,80.92875971126988,33.175810562770835,48.39863667600846
89,18.0,6.831300510639732,3.265986323710904,6.324555320336759,3.265986323710904,2843.5,113.0,1324.6107266435984,58.60184261578201,28.017039541637658,54.254763777398665,28.017039541637658,41.06760503254743
90,12.0,6.831300510639732,2.0,6.082762530298219,2.0,1275.5,113.5,883.0738177623989,58.60184261578201,17.15686274509804,52.1805609216759,17.15686274509804,33.53155909596526
91,18.0,8.987211767852997,2.8580231357885895,8.06225774829855,2.8580231357885895,1427.611111111111,115.88888888888889,1324.6107266435984,77.09617938109189,24.517355331519763,69.16152480158068,24.517355331519763,41.06760503254743
92,10.0,5.656854249492381,2.0,5.0990195135927845,2.0,2835.5,115.0,735.8948481353325,48.52693596378268,17.15686274509804,43.74158896464398,17.15686274509804,30.60998550862951
93,14.0,4.20883424647321,4.120630029101703,4.47213595499958,4.120630029101703,206.71428571428572,115.5,1030.2527873894655,36.1051957418045,35.34854191631362,38.36391137867286,35.34854191631362,36.218223285715055
94,77.0,17.172779436582555,10.79038764121188,16.492422502470642,10.79038764121188,1236.2467532467533,118.22077922077922,5666.39033064206,147.31550987264447,92.56459986333721,141.47911460452755,92.56459986333721,84.9392626460609
95,18.0,6.831300510639732,3.265986323710904,6.324555320336759,3.265986323710904,2827.5,116.0,1324.6107266435984,58.60184261578201,28.017039541637658,54.254763777398665,28.017039541637658,41.06760503254743
96,15.0,4.953113498935123,3.9821825394848207,5.385164807134504,3.9821825394848207,1012.0666666666667,117.93333333333334,1103.8422722029986,42.4899442310611,34.16087962793351,46.196266727869514,34.16087962793351,37.48942276506485
97,7.0,3.0237157840738176,2.799416848895061,3.1622776601683795,2.799416848895061,2791.0,117.28571428571429,515.1263936947328,25.938738343770492,24.014605321403707,27.127381888699333,24.014605321403707,25.610151287857633
98,6.0,3.8297084310253524,1.8856180831641272,4.0,1.8856180831641272,323.5,117.66666666666667,441.53690888119945,32.852890952423365,16.175645321260895,34.31372549019608,16.175645321260895,23.710392820514492
99,18.0,5.693388843125944,3.935296437229382,6.082762530298219,3.935296437229382,1350.388888888889,119.72222222222223,1324.6107266435984,48.840345467992165,33.758670417408915,52.1805609216759,33.758670417408915,41.06760503254743
100,41.0,13.33922642184439,3.9385017898918733,13.152946437965905,3.9385017898918733,1507.0487804878048,125.17073170731707,3017.168877354863,114.42963842268472,33.78616731524891,112.8316483649036,33.78616731524891,61.98049671177124
101,242.0,41.680633055278875,22.607604118442765,38.48376280978771,22.607604118442765,1265.314049586777,137.2603305785124,17808.655324875046,357.554450229108,193.93778042781784,330.1303182212181,193.93778042781784,150.58121845267394
102,9.0,4.312594463574638,2.66092866090476,4.47213595499958,2.66092866090476,1369.111111111111,120.77777777777777,662.3053633217992,36.99529564340988,22.826593904820243,38.36391137867286,22.826593904820243,29.039182005605074
103,8.0,6.984716318104124,1.4878635540969356,6.082762530298219,1.4878635540969356,224.75,123.0,588.715878508266,59.917909591579495,12.763535390537438,52.1805609216759,12.763535390537438,27.378403355031622
104,18.0,6.831300510639732,3.265986323710904,6.324555320336759,3.265986323710904,1177.0,123.5,1324.6107266435984,58.60184261578201,28.017039541637658,54.254763777398665,28.017039541637658,41.06760503254743
105,13.0,7.554371880072024,1.9753176197160076,7.0710678118654755,1.9753176197160076,1451.2307692307693,121.46153846153847,956.6633025759322,64.80466073591197,16.94512663972065,60.65866995472834,16.94512663972065,34.900753239580105
106,13.0,7.554371880072024,1.9753176197160076,7.0710678118654755,1.9753176197160076,1461.5384615384614,123.76923076923077,956.6633025759322,64.80466073591197,16.94512663972065,60.65866995472834,16.94512663972065,34.900753239580105
107,18.0,6.831300510639732,3.265986323710904,6.324555320336759,3.265986323710904,1470.0,123.5,1324.6107266435984,58.60184261578201,28.017039541637658,54.254763777398665,28.017039541637658,41.06760503254743
108,6.0,6.831300510639732,0.0,6.0,0.0,1488.0,123.5,441.53690888119945,58.60184261578201,0.0,51.470588235294116,0.0,23.710392820514492
109,12.0,6.831300510639732,2.0,6.082762530298219,2.0,2859.5,123.5,883.0738177623989,58.60184261578201,17.15686274509804,52.1805609216759,17.15686274509804,33.53155909596526
110,18.0,6.831300510639732,3.265986323710904,6.324555320336759,3.265986323710904,2894.0,123.5,1324.6107266435984,58.60184261578201,28.017039541637658,54.254763777398665,28.017039541637658,41.06760503254743
111,33.0,8.72233809655686,4.820922695050039,8.94427190999916,4.820922695050039,1383.030303030303,124.60606060606061,2428.452998846597,74.82397876948288,41.355954491850824,76.72782275734572,41.355954491850824,55.60580007847273
112,73.0,22.062812487183017,11.055999273806762,19.209372712298546,11.055999273806762,1189.4246575342465,132.64383561643837,5372.032391387927,189.26432280671705,94.84313102530311,164.7862855221689,94.84313102530311,82.70362660561574
113,19.0,5.191085476184401,4.745022176667219,5.385164807134504,4.745022176667219,1852.4736842105262,125.0,1398.2002114571317,44.53137050648383,40.70484710376291,46.196266727869514,40.70484710376291,42.192953255172434
114,5.0,3.098386676965933,1.7888543819998317,3.1622776601683795,1.7888543819998317,2833.4,124.2,367.94742406766625,26.579297473972463,15.345564551469144,27.127381888699333,15.345564551469144,21.644528325173876
115,12.0,6.831300510639732,2.0,6.082762530298219,2.0,2851.5,123.5,883.0738177623989,58.60184261578201,17.15686274509804,52.1805609216759,17.15686274509804,33.53155909596526
116,100.0,20.728865345199555,17.799161258345432,21.095023109728988,17.799161258345432,1399.02,129.94,7358.9484813533245,177.82114879460403,152.68888334364954,180.96220804914572,152.68888334364954,96.79727335201692
117,7.0,5.672452304781605,1.5606183863895253,5.0990195135927845,1.5606183863895253,324.42857142857144,125.71428571428571,515.1263936947328,48.660742810626516,13.387657726380732,43.74158896464398,13.387657726380732,25.610151287857633
118,42.0,16.615630027847867,6.572306687527123,14.212670403551895,6.572306687527123,1223.7619047619048,128.52380952380952,3090.758362168396,142.53604190555768,56.3800818782964,121.92241767752851,56.3800818782964,62.731802890732666
119,5.0,3.098386676965933,1.7888543819998317,3.1622776601683795,1.7888543819998317,1355.8,125.4,367.94742406766625,26.579297473972463,15.345564551469144,27.127381888699333,15.345564551469144,21.644528325173876
120,8.0,3.4641016151377544,2.7386127875258306,3.605551275463989,2.7386127875258306,1368.875,126.125,588.715878508266,29.716557972995442,23.493001853775507,30.929974176774415,23.493001853775507,27.378403355031622
121,13.0,4.318667337728677,3.6794648440311994,4.47213595499958,3.6794648440311994,1331.3846153846155,129.3846153846154,956.6633025759322,37.04739137757443,31.564036652228424,38.36391137867286,31.564036652228424,34.900753239580105
122,18.0,7.58512619276108,3.0220071652060123,8.06225774829855,3.0220071652060123,1373.8333333333333,131.5,1324.6107266435984,65.06848449672495,25.924081074071182,69.16152480158068,25.924081074071182,41.06760503254743
123,1633411.0,1928.9338652422734,1094.2999532007698,1915.248547839157,1094.2999532007698,1376.15178237443,713.5917604326162,120201873.97875816,16547.22678516656,9387.377049516406,16429.828229012375,9387.377049516406,12371.172481756776
124,42.0,24.068572769312443,3.3974706938964707,20.248456731316587,3.3974706938964707,1477.5238095238096,131.1904761904762,3090.758362168396,206.47059973674888,29.144969187837372,173.69999646962756,29.144969187837372,62.731802890732666
125,10.0,5.656854249492381,2.0,5.0990195135927845,2.0,1075.5,131.0,735.8948481353325,48.52693596378268,17.15686274509804,43.74158896464398,17.15686274509804,30.60998550862951
126,12.0,6.831300510639732,2.0,6.082762530298219,2.0,1181.5,131.5,883.0738177623989,58.60184261578201,17.15686274509804,52.1805609216759,17.15686274509804,33.53155909596526
127,30.0,7.172953287304063,6.108451979233224,7.615773105863909,6.108451979233224,1246.3666666666666,131.46666666666667,2207.6845444059973,61.53268751363779,52.40093609636344,65.33138693755804,52.40093609636344,53.01805011989337
128,12.0,6.831300510639732,2.0,6.082762530298219,2.0,1315.5,131.5,883.0738177623989,58.60184261578201,17.15686274509804,52.1805609216759,17.15686274509804,33.53155909596526
129,12.0,6.831300510639732,2.0,6.082762530298219,2.0,1387.5,131.5,883.0738177623989,58.60184261578201,17.15686274509804,52.1805609216759,17.15686274509804,33.53155909596526
130,19.0,7.347338259627431,3.178877656956105,7.0710678118654755,3.178877656956105,2841.0,131.68421052631578,1398.2002114571317,63.02863703111767,27.26978382192737,60.65866995472834,27.26978382192737,42.192953255172434
131,18.0,6.831300510639732,3.265986323710904,6.324555320336759,3.265986323710904,2889.0,131.5,1324.6107266435984,58.60184261578201,28.017039541637658,54.254763777398665,28.017039541637658,41.06760503254743
132,29.0,9.500823779663566,5.093021297640455,9.486832980505138,5.093021297640455,314.9310344827586,134.79310344827587,2134.095059592464,81.50216477652569,43.690133680739194,81.382145666098,43.690133680739194,52.12692698818601
133,70.0,19.533228017051226,6.701381457428506,18.681541692269406,6.701381457428506,1093.5285714285715,136.1,5151.263936947327,167.5644560286257,57.48734093382297,160.25832334054635,57.48734093382297,80.98640929112464
134,10.0,5.656854249492381,2.0,5.0990195135927845,2.0,1108.0,131.5,735.8948481353325,48.52693596378268,17.15686274509804,43.74158896464398,17.15686274509804,30.60998550862951
135,22.0,5.752469825293227,4.851514205136848,6.082762530298219,4.851514205136848,1275.5,132.72727272727272,1618.9686658977314,49.34716761893699,41.61838166171315,52.1805609216759,41.61838166171315,45.401945643823666
136,6.0,3.265986323710904,2.0,3.1622776601683795,2.0,2961.0,131.5,441.53690888119945,28.017039541637658,17.15686274509804,27.127381888699333,17.15686274509804,23.710392820514492
137,282.0,35.92582798722947,14.375903699884404,34.88552708502482,14.375903699884404,1142.5248226950355,141.86879432624113,20752.234717416377,308.18724989044887,123.32270330783189,299.26309999408545,123.32270330783189,162.55026361727607
138,24.0,7.846700263404908,4.237578642817043,7.615773105863909,4.237578642817043,1156.2083333333333,134.66666666666666,1766.1476355247978,67.31237971058131,36.351777573185416,65.33138693755804,36.351777573185416,47.420785641028985
139,25.0,7.46712679493152,4.251166596172835,7.615773105863909,4.251166596172835,1412.2,134.16,1839.7371203383311,64.05623476044195,36.46834089854148,65.33138693755804,36.46834089854148,48.39863667600846
140,14.0,5.290525975320703,3.802540531841003,5.385164807134504,3.802540531841003,1494.857142857143,134.42857142857142,1030.2527873894655,45.384414003976616,32.61983299373409,46.196266727869514,32.61983299373409,36.218223285715055
141,8.0,4.47213595499958,2.0,4.123105625617661,2.0,2859.5,133.5,588.715878508266,38.36391137867286,17.15686274509804,35.36977865113189,17.15686274509804,27.378403355031622
142,7.0,3.7032803990902057,2.138089935299395,3.605551275463989,2.138089935299395,1489.0,134.0,515.1263936947328,31.768336756901274,18.341457778303635,30.929974176774415,18.341457778303635,25.610151287857633
143,77.0,14.139570830785262,11.336390864721999,15.0,11.336390864721999,2919.4545454545455,137.07792207792207,5666.39033064206,121.29533800918729,97.2484510454093,128.6764705882353,97.2484510454093,84.9392626460609
144,440.0,37.212160725035424,15.633143536050547,38.41874542459709,15.633143536050547,791.9977272727273,149.23181818181817,32379.37331795463,319.22196700398035,134.1078489612179,329.5725710443378,134.1078489612179,203.04367354068035
145,46.0,17.06041321151211,4.097691096093472,15.132745950421556,4.097691096093472,1337.4130434782608,141.04347826086956,3385.1163014225294,146.35158392228524,35.15176185374302,129.8152226139104,35.15176185374302,65.65110493401569
146,24.0,8.169973899941736,4.26892828429959,7.615773105863909,4.26892828429959,1424.4166666666667,137.625,1766.1476355247978,70.08556041616686,36.62070832119746,65.33138693755804,36.62070832119746,47.420785641028985
147,15.0,4.77795383588526,3.981909289096598,5.0990195135927845,3.981909289096598,229.73333333333332,137.66666666666666,1103.8422722029986,40.98734908234904,34.15853556823062,43.74158896464398,34.15853556823062,37.48942276506485
148,21.0,8.226004473807071,3.123601555590147,8.06225774829855,3.123601555590147,1328.952380952381,139.33333333333334,1545.379181084198,70.56621484883517,26.795601579817436,69.16152480158068,26.795601579817436,44.35808322009493
149,100.0,18.408788828696427,8.0396824477377,17.08800749063506,8.0396824477377,1475.74,143.18,7358.9484813533245,157.91853161871933,68.96786413500477,146.58829955201645,68.96786413500477,96.79727335201692
150,24.0,9.354901896977342,3.3395324769488903,8.54400374531753,3.3395324769488903,1715.5,139.5,1766.1476355247978,80.25038392014876,28.647950169904696,73.29414977600823,28.647950169904696,47.420785641028985
151,14.0,4.20883424647321,4.120630029101703,4.47213595499958,4.120630029101703,2883.5,137.28571428571428,1030.2527873894655,36.1051957418045,35.34854191631362,38.36391137867286,35.34854191631362,36.218223285715055
152,56.0,17.750505632808178,5.16623247085441,17.88854381999832,5.16623247085441,2962.1785714285716,143.51785714285714,4121.011149557862,152.27149439908976,44.318170705858904,153.45564551469144,44.318170705858904,72.43644657143011
153,12.0,6.831300510639732,2.0,6.082762530298219,2.0,307.5,139.5,883.0738177623989,58.60184261578201,17.15686274509804,52.1805609216759,17.15686274509804,33.53155909596526
154,98.0,20.425239845879467,6.732893851876651,20.396078054371138,6.732893851876651,1051.6224489795918,147.79591836734693,7211.769511726258,175.21651828573073,57.75766784698107,174.96635585857592,57.75766784698107,95.82441174261068
155,19.0,7.814584519566541,3.3164364581596937,7.280109889280518,3.3164364581596937,1116.421052631579,137.94736842105263,1398.2002114571317,67.03687700608552,28.44982255774247,62.451923069808366,28.44982255774247,42.192953255172434
156,33.0,16.91173594296192,3.2786956064051114,14.560219778561036,3.2786956064051114,1354.0,142.75757575757575,2428.452998846597,145.0761661773694,28.12606525102424,124.90384613961673,28.12606525102424,55.60580007847273
157,14.0,10.04230073685507,2.168690000604837,9.055385138137417,2.168690000604837,1294.9285714285713,138.42857142857142,1030.2527873894655,86.14718769360967,18.603958338521885,77.68099995951215,18.603958338521885,36.218223285715055
158,6.0,3.265986323710904,2.0,3.1622776601683795,2.0,1409.0,139.5,441.53690888119945,28.017039541637658,17.15686274509804,27.127381888699333,17.15686274509804,23.710392820514492
159,122.0,22.10602296323784,11.833155142536103,21.93171219946131,11.833155142536103,2935.9836065573772,147.0327868852459,8977.917147251055,189.63500091012853,101.50990931097147,188.13968798557494,101.50990931097147,106.91608296523869
160,7.0,3.0237157840738176,2.799416848895061,3.1622776601683795,2.799416848895061,201.71428571428572,142.0,515.1263936947328,25.938738343770492,24.014605321403707,27.127381888699333,24.014605321403707,25.610151287857633
161,16.0,9.001612880467707,2.378752940134357,8.06225774829855,2.378752940134357,339.9375,141.625,1177.431757016532,77.21971833734553,20.405968849191787,69.16152480158068,20.405968849191787,38.71890934080677
162,6.0,3.1269438398822857,2.309401076758503,3.1622776601683795,2.309401076758503,1486.1666666666667,142.16666666666666,441.53690888119945,26.824273136245097,19.811038648663626,27.127381888699333,19.811038648663626,23.710392820514492
163,7.0,3.0237157840738176,2.7994168488950604,3.1622776601683795,2.7994168488950604,1742.0,141.71428571428572,515.1263936947328,25.938738343770492,24.014605321403703,27.127381888699333,24.014605321403703,25.610151287857633
164,5.0,3.098386676965933,1.7888543819998317,3.1622776601683795,1.7888543819998317,1118.2,142.6,367.94742406766625,26.579297473972463,15.345564551469144,27.127381888699333,15.345564551469144,21.644528325173876
165,45.0,13.824628509600696,6.729382203675204,12.806248474865697,6.729382203675204,1206.8444444444444,145.0222222222222,3311.526816608996,118.5936269205942,57.727543413880426,109.85752368144593,57.727543413880426,64.93358497552163
166,5.0,3.098386676965933,1.7888543819998317,3.1622776601683795,1.7888543819998317,1376.4,144.2,367.94742406766625,26.579297473972463,15.345564551469144,27.127381888699333,15.345564551469144,21.644528325173876
167,28.0,7.671840904055744,5.0142653642240695,8.246211251235321,5.0142653642240695,2982.0,148.5,2060.505574778931,65.81236069655662,43.014531310745696,70.73955730226378,43.014531310745696,51.220302575715266
168,6.0,3.265986323710904,2.0,3.1622776601683795,2.0,2987.5,145.0,441.53690888119945,28.017039541637658,17.15686274509804,27.127381888699333,17.15686274509804,23.710392820514492
169,12.0,6.831300510639732,2.0,6.082762530298219,2.0,976.5,147.5,883.0738177623989,58.60184261578201,17.15686274509804,52.1805609216759,17.15686274509804,33.53155909596526
170,12.0,6.831300510639732,2.0,6.082762530298219,2.0,1195.5,147.5,883.0738177623989,58.60184261578201,17.15686274509804,52.1805609216759,17.15686274509804,33.53155909596526
171,10.0,5.656854249492381,2.0,5.0990195135927845,2.0,251.5,148.0,735.8948481353325,48.52693596378268,17.15686274509804,43.74158896464398,17.15686274509804,30.60998550862951
172,18.0,5.258737584977436,4.268749491621899,5.385164807134504,4.268749491621899,281.77777777777777,147.5,1324.6107266435984,45.1117194789731,36.61917456048198,46.196266727869514,36.61917456048198,41.06760503254743
173,6.0,3.265986323710904,2.0,3.1622776601683795,2.0,1318.0,147.5,441.53690888119945,28.017039541637658,17.15686274509804,27.127381888699333,17.15686274509804,23.710392820514492
174,17.0,9.69216795733302,2.654162626664916,8.54400374531753,2.654162626664916,1740.7058823529412,149.11764705882354,1251.0212418300653,83.14359767319992,22.768551944429426,73.29414977600823,22.768551944429426,39.910538230215145
175,16.0,6.199798383818623,3.1622776601683795,6.082762530298219,3.1622776601683795,315.1875,150.0,1177.431757016532,53.184544959228376,27.127381888699333,52.1805609216759,27.127381888699333,38.71890934080677
176,76.0,18.228745241813595,7.1018193865240535,17.26267650163207,7.1018193865240535,1173.5263157894738,152.48684210526315,5592.800845828527,156.3740400645774,60.922470227534774,148.0866856757653,60.922470227534774,84.38590651034487
177,13.0,7.554371880072024,1.9753176197160076,7.0710678118654755,1.9753176197160076,1251.2307692307693,149.53846153846155,956.6633025759322,64.80466073591197,16.94512663972065,60.65866995472834,16.94512663972065,34.900753239580105
178,47.0,9.579873631075346,6.394573895851362,10.0,6.394573895851362,1364.4255319148936,152.31914893617022,3458.7057862360625,82.18028850187184,54.85541332225433,85.7843137254902,54.85541332225433,66.36086723620322
179,8.0,4.47213595499958,2.0,4.123105625617661,2.0,651.5,151.5,588.715878508266,38.36391137867286,17.15686274509804,35.36977865113189,17.15686274509804,27.378403355031622
180,18.0,9.90202177635197,2.3568841745525577,9.055385138137417,2.3568841745525577,1313.388888888889,154.61111111111111,1324.6107266435984,84.94381425792132,20.218369144445962,77.68099995951215,20.218369144445962,41.06760503254743
181,6.0,3.265986323710904,2.0,3.1622776601683795,2.0,1137.0,152.5,441.53690888119945,28.017039541637658,17.15686274509804,27.127381888699333,17.15686274509804,23.710392820514492
182,35.0,12.096730153308807,6.334915975319326,10.770329614269007,6.334915975319326,1482.0,155.34285714285716,2575.6319684736636,103.77096945240397,54.34364194514128,92.39253345573903,54.34364194514128,57.26603919370345
183,5.0,2.5298221281347035,2.5298221281347035,3.0,2.5298221281347035,2958.0,153.0,367.94742406766625,21.701905510959467,21.701905510959467,25.735294117647058,21.701905510959467,21.644528325173876
184,30.0,10.32633733336643,3.986377017037793,9.219544457292887,3.986377017037793,285.93333333333334,157.26666666666668,2207.6845444059973,88.58377614407476,34.19686166576538,79.08922941305173,34.19686166576538,53.01805011989337
185,18.0,6.831300510639732,3.265986323710904,6.324555320336759,3.265986323710904,337.0,155.5,1324.6107266435984,58.60184261578201,28.017039541637658,54.254763777398665,28.017039541637658,41.06760503254743
186,39.0,11.305407509888925,5.181110721349135,10.44030650891055,5.181110721349135,1089.051282051282,158.15384615384616,2869.9899077277964,96.98266246228243,44.445802756671505,89.561452895066,44.445802756671505,60.449877833376824
187,12.0,6.831300510639732,2.0,6.082762530298219,2.0,1731.5,155.5,883.0738177623989,58.60184261578201,17.15686274509804,52.1805609216759,17.15686274509804,33.53155909596526
188,10.0,5.656854249492381,2.0,5.0990195135927845,2.0,1755.5,155.0,735.8948481353325,48.52693596378268,17.15686274509804,43.74158896464398,17.15686274509804,30.60998550862951
189,6.0,6.831300510639732,0.0,6.0,0.0,1793.0,155.5,441.53690888119945,58.60184261578201,0.0,51.470588235294116,0.0,23.710392820514492
190,55.0,12.547561098536935,5.876865955055401,13.152946437965905,5.876865955055401,1859.8181818181818,158.5090909090909,4047.4216647443286,107.63839177666488,50.41429128111251,112.8316483649036,50.41429128111251,71.78677921882132
191,78.0,16.132834449813647,7.404169429162701,16.278820596099706,7.404169429162701,2930.602564102564,161.53846153846155,5739.979815455593,138.394413172421,63.51615931879768,139.64674530967883,63.51615931879768,85.48903707575823
192,6.0,3.126943839882286,2.309401076758503,3.1622776601683795,2.309401076758503,1013.8333333333334,154.83333333333334,441.53690888119945,26.8242731362451,19.811038648663626,27.127381888699333,19.811038648663626,23.710392820514492
193,120.0,13.608396854300027,12.393250024387804,15.231546211727817,12.393250024387804,1156.9666666666667,161.74166666666667,8830.738177623989,116.73869850502474,106.31464481705224,130.66277387511607,106.31464481705224,106.03610023978673
194,7.0,3.0237157840738176,2.799416848895061,3.1622776601683795,2.799416848895061,968.7142857142857,156.0,515.1263936947328,25.938738343770492,24.014605321403707,27.127381888699333,24.014605321403707,25.610151287857633
195,14.0,6.05122561235416,2.8490985356670366,6.082762530298219,2.8490985356670366,1061.857142857143,157.42857142857142,1030.2527873894655,51.91002363539108,24.440796261849577,52.1805609216759,24.440796261849577,36.218223285715055
196,5.0,3.098386676965933,1.7888543819998317,3.1622776601683795,1.7888543819998317,1141.6,156.2,367.94742406766625,26.579297473972463,15.345564551469144,27.127381888699333,15.345564551469144,21.644528325173876
197,12.0,5.702196280712472,2.694946261803124,5.830951894845301,2.694946261803124,1105.0833333333333,158.41666666666666,883.0738177623989,48.9158994668962,23.11841155958562,50.02042066656508,23.11841155958562,33.53155909596526
198,6.0,3.651483716701107,2.1081851067789197,3.605551275463989,2.1081851067789197,1110.3333333333333,157.33333333333334,441.53690888119945,31.324002471700673,18.084921259132887,30.929974176774415,18.084921259132887,23.710392820514492
199,16.0,5.695083944250216,3.683207687321392,6.082762530298219,3.683207687321392,1691.75,157.75,1177.431757016532,48.854886776656265,31.596144376531548,52.1805609216759,31.596144376531548,38.71890934080677
200,21.0,8.226004473807071,3.123601555590147,8.06225774829855,3.123601555590147,1123.6666666666667,158.04761904761904,1545.379181084198,70.56621484883517,26.795601579817436,69.16152480158068,26.795601579817436,44.35808322009493
201,19.0,10.177223152083945,2.5530984583778364,9.055385138137417,2.5530984583778364,300.57894736842104,161.31578947368422,1398.2002114571317,87.30461037326913,21.90157991255497,77.68099995951215,21.90157991255497,42.192953255172434
202,21.0,8.226004473807071,3.123601555590147,8.06225774829855,3.123601555590147,1096.952380952381,163.66666666666666,1545.379181084198,70.56621484883517,26.795601579817436,69.16152480158068,26.795601579817436,44.35808322009493
203,16.0,9.16515138991168,2.0,8.06225774829855,2.0,1195.5,163.5,1177.431757016532,78.6226222173796,17.15686274509804,69.16152480158068,17.15686274509804,38.71890934080677
204,68.0,13.483031320299144,6.448377225161198,13.341664064126334,6.448377225161198,1241.4117647058824,165.5441176470588,5004.084967320261,115.6632588751152,55.316961490353414,114.4505495697112,55.316961490353414,79.82107646043029
205,129.0,25.66384215678677,9.912821336836208,21.95449840010015,9.912821336836208,1712.4728682170542,167.32558139534885,9493.04354094579,220.1555086979257,85.03645754638903,188.33515784399637,85.03645754638903,109.94056869789587
206,17.0,6.469706273289072,4.075115772273621,7.0710678118654755,4.075115772273621,1825.0,161.41176470588235,1251.0212418300653,55.49993126596017,34.95810098764136,60.65866995472834,34.95810098764136,39.910538230215145
207,14.0,6.345556473640769,2.965659712379632,6.324555320336759,2.965659712379632,219.92857142857142,162.0,1030.2527873894655,54.434920729761494,25.44070831698214,54.254763777398665,25.44070831698214,36.218223285715055
208,22.0,8.334948850998792,4.56899716450453,8.602325267042627,4.56899716450453,353.77272727272725,162.72727272727272,1618.9686658977314,71.50078671199944,39.19482861707318,73.79445694766959,39.19482861707318,45.401945643823666
209,17.0,6.585670706008097,3.1796084995103278,6.324555320336759,3.1796084995103278,954.0588235294117,163.35294117647058,1251.0212418300653,56.494724193696904,27.27605330462291,54.254763777398665,27.27605330462291,39.910538230215145
210,13.0,7.554371880072024,1.9753176197160076,7.0710678118654755,1.9753176197160076,1003.4615384615385,163.76923076923077,956.6633025759322,64.80466073591197,16.94512663972065,60.65866995472834,16.94512663972065,34.900753239580105
211,13.0,7.554371880072024,1.9753176197160076,7.0710678118654755,1.9753176197160076,1750.4615384615386,164.23076923076923,956.6633025759322,64.80466073591197,16.94512663972065,60.65866995472834,16.94512663972065,34.900753239580105
212,11.0,6.1592216015262125,2.2740772369956574,5.830951894845301,2.2740772369956574,1816.0,162.8181818181818,809.4843329488657,52.836459817014074,19.50801551344314,50.02042066656508,19.50801551344314,32.10402364381074
213,12.0,6.831300510639732,2.0,6.082762530298219,2.0,2971.5,163.5,883.0738177623989,58.60184261578201,17.15686274509804,52.1805609216759,17.15686274509804,33.53155909596526
214,21.0,6.032039989528758,4.479733061685141,6.324555320336759,4.479733061685141,993.4285714285714,163.61904761904762,1545.379181084198,51.74544108664375,38.42908263700488,54.254763777398665,38.42908263700488,44.35808322009493
215,8.0,3.4641016151377544,2.8284271247461903,4.0,2.8284271247461903,1080.0,163.5,588.715878508266,29.716557972995442,24.26346798189134,34.31372549019608,24.26346798189134,27.378403355031622
216,9.0,4.277662731533559,2.643019518000728,4.123105625617661,2.643019518000728,1717.5555555555557,162.66666666666666,662.3053633217992,36.69563617737122,22.67296155147683,35.36977865113189,22.67296155147683,29.039182005605074
217,122.0,18.59340023506315,10.52438875895158,20.09975124224178,10.52438875895158,796.7786885245902,172.10655737704917,8977.917147251055,159.50220789882604,90.28274670669248,172.424336636878,90.28274670669248,106.91608296523869
218,10.0,5.656854249492381,2.0,5.0990195135927845,2.0,1116.0,163.5,735.8948481353325,48.52693596378268,17.15686274509804,43.74158896464398,17.15686274509804,30.60998550862951
219,6.0,3.265986323710904,2.0,3.1622776601683795,2.0,1377.0,163.5,441.53690888119945,28.017039541637658,17.15686274509804,27.127381888699333,17.15686274509804,23.710392820514492
220,36.0,7.686822350698642,6.029693739589454,8.06225774829855,6.029693739589454,1762.0,165.75,2649.2214532871967,65.94087800844423,51.72531394255659,69.16152480158068,51.72531394255659,58.07836401121015
221,40.0,17.040383664882288,3.338461405140534,14.560219778561036,3.338461405140534,1175.45,165.45,2943.57939254133,146.17976183109806,28.63876205390164,124.90384613961673,28.63876205390164,61.21997101725902
222,135.0,34.177954333824125,8.84750877320463,27.65863337187866,8.84750877320463,1106.4444444444443,180.07407407407408,9934.580449826988,293.1932357068246,75.89774682896129,237.26768823915518,75.89774682896129,112.46826829519456
223,24.0,8.747806709148799,4.3720437633056894,8.54400374531753,4.3720437633056894,1146.75,168.29166666666666,1766.1476355247978,75.04245951475686,37.505277381298804,73.29414977600823,37.505277381298804,47.420785641028985
224,13.0,7.554371880072024,1.9753176197160076,7.0710678118654755,1.9753176197160076,1739.7692307692307,165.53846153846155,956.6633025759322,64.80466073591197,16.94512663972065,60.65866995472834,16.94512663972065,34.900753239580105
225,11.0,5.0559593483889005,2.688989307749465,5.0990195135927845,2.688989307749465,284.90909090909093,167.1818181818182,809.4843329488657,43.37220029255184,23.06731023804688,43.74158896464398,23.06731023804688,32.10402364381074
226,9.0,3.885753375057407,2.7954428906961324,4.123105625617661,2.7954428906961324,348.6666666666667,167.88888888888889,662.3053633217992,33.3336686585807,23.98051499371682,35.36977865113189,23.98051499371682,29.039182005605074
227,16.0,5.671046209682951,3.6522917309054934,6.082762530298219,3.6522917309054934,198.625,170.125,1177.431757016532,48.648680720319426,31.330933966101046,52.1805609216759,31.330933966101046,38.71890934080677
228,18.0,8.892669334025893,2.5976128675194534,9.0,2.5976128675194534,217.27777777777777,171.94444444444446,1324.6107266435984,76.28515360071232,22.2834437164659,77.20588235294117,22.2834437164659,41.06760503254743
229,13.0,7.554371880072024,1.9753176197160076,7.0710678118654755,1.9753176197160076,889.4615384615385,171.23076923076923,956.6633025759322,64.80466073591197,16.94512663972065,60.65866995472834,16.94512663972065,34.900753239580105
230,21.0,8.226004473807071,3.123601555590147,8.06225774829855,3.123601555590147,1072.952380952381,171.66666666666666,1545.379181084198,70.56621484883517,26.795601579817436,69.16152480158068,26.795601579817436,44.35808322009493
231,6.0,3.126943839882286,2.309401076758503,3.1622776601683795,2.309401076758503,1136.8333333333333,168.83333333333334,441.53690888119945,26.8242731362451,19.811038648663626,27.127381888699333,19.811038648663626,23.710392820514492
232,51.0,10.271354017655138,6.296793901771382,10.198039027185569,6.296793901771382,1797.549019607843,172.13725490196077,3753.063725490196,88.11210554361026,54.016614353430974,87.48317792928796,54.016614353430974,69.1270799721527
233,12.0,6.831300510639732,2.0,6.082762530298219,2.0,897.5,171.5,883.0738177623989,58.60184261578201,17.15686274509804,52.1805609216759,17.15686274509804,33.53155909596526
234,25.0,6.906891004642013,4.93806203383425,7.280109889280518,4.93806203383425,973.88,172.8,1839.7371203383311,59.250290480997656,42.36082627063694,62.451923069808366,42.36082627063694,48.39863667600846
235,13.0,7.554371880072024,1.9753176197160076,7.0710678118654755,1.9753176197160076,1115.7692307692307,169.46153846153845,956.6633025759322,64.80466073591197,16.94512663972065,60.65866995472834,16.94512663972065,34.900753239580105
236,12.0,6.831300510639732,2.0,6.082762530298219,2.0,1640.5,171.5,883.0738177623989,58.60184261578201,17.15686274509804,52.1805609216759,17.15686274509804,33.53155909596526
237,12.0,6.831300510639732,2.0,6.082762530298219,2.0,1779.5,171.5,883.0738177623989,58.60184261578201,17.15686274509804,52.1805609216759,17.15686274509804,33.53155909596526
238,10.0,4.09878030638384,2.9933259094191533,4.123105625617661,2.9933259094191533,1177.2,171.5,735.8948481353325,35.161105569469214,25.678040889625088,35.36977865113189,25.678040889625088,30.60998550862951
239,14.0,4.742873420478221,3.686025552052299,5.0990195135927845,3.686025552052299,1662.642857142857,172.21428571428572,1030.2527873894655,40.686414146259246,31.62031723574276,43.74158896464398,31.62031723574276,36.218223285715055
240,12.0,3.8297084310253524,3.8297084310253524,4.123105625617661,3.8297084310253524,1755.5,171.5,883.0738177623989,32.852890952423365,32.852890952423365,35.36977865113189,32.852890952423365,33.53155909596526
241,42.0,11.09239912104056,5.359370679020023,11.40175425099138,5.359370679020023,231.52380952380952,177.61904761904762,3090.758362168396,95.1553846167695,45.9749935700247,97.80916636879859,45.9749935700247,62.731802890732666
242,28.0,8.160528440060695,4.474150251938322,8.246211251235321,4.474150251938322,1082.9285714285713,174.28571428571428,2060.505574778931,70.00453318679517,38.3811908867258,70.73955730226378,38.3811908867258,51.220302575715266
243,5.0,5.656854249492381,0.0,5.0,0.0,283.0,173.0,367.94742406766625,48.52693596378268,0.0,42.8921568627451,0.0,21.644528325173876
244,5.0,4.093338188813543,1.5635160606788383,4.0,1.5635160606788383,278.2,175.6,367.94742406766625,35.11442073737108,13.412515226411603,34.31372549019608,13.412515226411603,21.644528325173876
245,5.0,3.098386676965933,1.7888543819998317,3.1622776601683795,1.7888543819998317,290.2,174.6,367.94742406766625,26.579297473972463,15.345564551469144,27.127381888699333,15.345564551469144,21.644528325173876
246,13.0,7.554371880072024,1.9753176197160076,7.0710678118654755,1.9753176197160076,843.7692307692307,174.53846153846155,956.6633025759322,64.80466073591197,16.94512663972065,60.65866995472834,16.94512663972065,34.900753239580105
247,6.0,6.831300510639732,0.0,6.0,0.0,923.5,174.0,441.53690888119945,58.60184261578201,0.0,51.470588235294116,0.0,23.710392820514492
248,23.0,9.54171523384248,3.6639431586724087,9.486832980505138,3.6639431586724087,1130.9565217391305,176.65217391304347,1692.5581507112647,81.85294930992323,31.430884939591742,81.382145666098,31.430884939591742,46.4223414912321
249,20.0,10.67910990888964,2.792241313686035,9.219544457292887,2.792241313686035,2976.75,178.35,1471.789696270665,91.61001147331798,23.953050485051772,79.08922941305173,23.953050485051772,43.28905665034775
250,15.0,8.701579641278252,1.9816549121722193,8.06225774829855,1.9816549121722193,902.5333333333333,179.73333333333332,1103.8422722029986,74.6459037854752,16.999490668144038,69.16152480158068,16.999490668144038,37.48942276506485
251,15.0,4.77795383588526,3.981909289096598,5.0990195135927845,3.981909289096598,979.6666666666666,177.26666666666668,1103.8422722029986,40.98734908234904,34.15853556823062,43.74158896464398,34.15853556823062,37.48942276506485
252,37.0,10.318312210480508,4.815811320903915,9.486832980505138,4.815811320903915,1060.2972972972973,177.67567567567568,2722.8109381007303,88.51493317814162,41.312106919518875,81.382145666098,41.312106919518875,58.87948273806829
253,5.0,2.5298221281347035,2.5298221281347035,3.0,2.5298221281347035,1153.0,177.0,367.94742406766625,21.701905510959467,21.701905510959467,25.735294117647058,21.701905510959467,21.644528325173876
254,16.0,5.244535484642193,3.9204397139005818,5.385164807134504,3.9204397139005818,1635.8125,177.1875,1177.431757016532,44.98988773590116,33.63122303591185,46.196266727869514,33.63122303591185,38.71890934080677
255,171.0,24.111241356920083,11.981608948210084,23.021728866442675,11.981608948210084,1766.3976608187133,186.3859649122807,12583.801903114185,206.83662928730462,102.78341009493944,197.4903211582092,102.78341009493944,126.57885976551731
256,14.0,4.20883424647321,4.120630029101703,4.47213595499958,4.120630029101703,1819.5,177.28571428571428,1030.2527873894655,36.1051957418045,35.34854191631362,38.36391137867286,35.34854191631362,36.218223285715055
257,37.0,15.386883090765298,6.685724003385186,13.038404810405298,6.685724003385186,2936.5405405405404,181.8108108108108,2722.8109381007303,131.99532063156505,57.353024538843506,111.84906087357486,57.353024538843506,58.87948273806829
258,6.0,3.265986323710904,2.0,3.1622776601683795,2.0,2939.5,177.0,441.53690888119945,28.017039541637658,17.15686274509804,27.127381888699333,17.15686274509804,23.710392820514492
259,12.0,6.831300510639732,2.0,6.082762530298219,2.0,331.5,179.5,883.0738177623989,58.60184261578201,17.15686274509804,52.1805609216759,17.15686274509804,33.53155909596526
260,13.0,7.554371880072024,1.9753176197160076,7.0710678118654755,1.9753176197160076,341.53846153846155,179.76923076923077,956.6633025759322,64.80466073591197,16.94512663972065,60.65866995472834,16.94512663972065,34.900753239580105
261,12.0,6.831300510639732,2.0,6.082762530298219,2.0,1643.5,179.5,883.0738177623989,58.60184261578201,17.15686274509804,52.1805609216759,17.15686274509804,33.53155909596526
262,13.0,5.327693424801688,2.9221156196156555,5.385164807134504,2.9221156196156555,1787.0,178.0,956.6633025759322,45.70325241864193,25.067168305526454,46.196266727869514,25.067168305526454,34.900753239580105
263,35.0,12.247822359450398,4.253093772187534,11.180339887498949,4.253093772187534,1805.9142857142858,180.97142857142856,2575.6319684736636,105.06710357371664,36.484873045726395,95.90977844668215,36.484873045726395,57.26603919370345
264,170.0,39.72946320630914,7.599430573012033,34.92849839314596,7.599430573012033,1872.2882352941176,193.27058823529413,12510.212418300653,340.8164735835343,65.1911936410346,299.6317264117913,65.1911936410346,126.2082034507054
265,47.0,9.76696341474017,6.4252358066256985,9.848857801796104,6.4252358066256985,283.51063829787233,181.48936170212767,3458.7057862360625,83.78522537154558,55.1184444195832,84.48775075070186,55.1184444195832,66.36086723620322
266,14.0,4.592903864145437,4.036457505877987,5.0990195135927845,4.036457505877987,325.7857142857143,181.21428571428572,1030.2527873894655,39.399910599286834,34.62647370238469,43.74158896464398,34.62647370238469,36.218223285715055
267,25.0,6.45921595312105,4.864250124217147,6.708203932499369,4.864250124217147,2964.56,180.8,1839.7371203383311,55.409940774322735,41.72763586950984,57.545867068009294,41.72763586950984,48.39863667600846
268,47.0,9.444435776734954,7.259124726840419,10.198039027185569,7.259124726840419,2873.7021276595747,184.0212765957447,3458.7057862360625,81.0184441631675,62.27190329397418,87.48317792928796,62.27190329397418,66.36086723620322
269,8.0,3.4641016151377544,2.8284271247461903,4.0,2.8284271247461903,886.0,182.5,588.715878508266,29.716557972995442,24.26346798189134,34.31372549019608,24.26346798189134,27.378403355031622
270,56.0,22.880806851927257,5.217641214726739,19.4164878389476,5.217641214726739,915.9285714285714,190.53571428571428,4121.011149557862,196.28143132780735,44.75917708711663,166.5630084223446,44.75917708711663,72.43644657143011
271,5.0,2.5298221281347035,2.5298221281347035,3.0,2.5298221281347035,953.0,182.0,367.94742406766625,21.701905510959467,21.701905510959467,25.735294117647058,21.701905510959467,21.644528325173876
272,56.0,19.72143471424019,6.173818366305035,16.492422502470642,6.173818366305035,1055.1964285714287,183.69642857142858,4121.011149557862,169.17897426431534,52.961677161930446,141.47911460452755,52.961677161930446,72.43644657143011
273,19.0,7.3473382596274295,3.178877656956105,7.0710678118654755,3.178877656956105,1123.3157894736842,182.0,1398.2002114571317,63.028637031117654,27.26978382192737,60.65866995472834,27.26978382192737,42.192953255172434
274,36.0,17.50541197141082,3.635226636516787,15.524174696260024,3.635226636516787,1654.7222222222222,183.66666666666666,2649.2214532871967,150.16897524494576,31.184542225021456,133.17306724732865,31.184542225021456,58.07836401121015
275,8.0,8.493618765183317,1.1655214591442762,7.0710678118654755,1.1655214591442762,1884.375,181.875,588.715878508266,72.86192568171963,9.99834585050237,60.65866995472834,9.99834585050237,27.378403355031622
276,12.0,4.894994431930091,2.9693109114997,5.0990195135927845,2.9693109114997,2983.1666666666665,181.91666666666666,883.0738177623989,41.99137380332186,25.47202987806115,43.74158896464398,25.47202987806115,33.53155909596526
277,6.0,3.1269438398822857,2.309401076758503,3.1622776601683795,2.309401076758503,216.16666666666666,183.83333333333334,441.53690888119945,26.824273136245097,19.811038648663626,27.127381888699333,19.811038648663626,23.710392820514492
278,67.0,13.810645241696468,8.190908577937636,13.892443989449804,8.190908577937636,1071.910447761194,188.23880597014926,4930.495482506728,118.47367241651382,70.26514711466109,119.17537736047626,70.26514711466109,79.23198297416269
279,17.0,5.181899763382574,4.041201040002321,5.385164807134504,4.041201040002321,1844.8823529411766,184.58823529411765,1251.0212418300653,44.45257149960541,34.66716578433363,46.196266727869514,34.66716578433363,39.910538230215145
280,16.0,9.16515138991168,2.0,8.06225774829855,2.0,1933.5,186.5,1177.431757016532,78.6226222173796,17.15686274509804,69.16152480158068,17.15686274509804,38.71890934080677
281,16.0,5.244535484642193,3.9204397139005818,5.385164807134504,3.9204397139005818,251.8125,185.1875,1177.431757016532,44.98988773590116,33.63122303591185,46.196266727869514,33.63122303591185,38.71890934080677
282,9.0,3.885753375057407,2.7954428906961324,4.123105625617661,2.7954428906961324,262.6666666666667,185.11111111111111,662.3053633217992,33.3336686585807,23.98051499371682,35.36977865113189,23.98051499371682,29.039182005605074
283,121.0,20.705681056982222,11.41820388014257,23.345235059857504,11.41820388014257,303.43801652892563,194.21487603305786,8904.327662437523,177.62226396921022,97.95027838357596,200.2654968370129,97.95027838357596,106.47700068721862
284,88.0,24.498710002017788,7.769482680950887,22.847319317591726,7.769482680950887,322.70454545454544,189.3068181818182,6475.874663590926,210.16050246828985,66.64997397874535,195.99416081267412,66.64997397874535,90.80389128764733
285,34.0,10.432609450411483,4.111520970621845,10.198039027185569,4.111520970621845,346.6470588235294,188.3235294117647,2502.0424836601305,89.49542420696125,35.27040048327563,87.48317792928796,35.27040048327563,56.44202444678016
286,6.0,3.265986323710904,2.0,3.1622776601683795,2.0,939.5,185.0,441.53690888119945,28.017039541637658,17.15686274509804,27.127381888699333,17.15686274509804,23.710392820514492
287,12.0,5.294328785763616,2.862220279862641,5.0990195135927845,2.862220279862641,961.25,185.91666666666666,883.0738177623989,45.41703615238396,24.553360243919713,43.74158896464398,24.553360243919713,33.53155909596526
288,12.0,3.8297084310253524,3.8297084310253524,4.123105625617661,3.8297084310253524,1115.5,185.5,883.0738177623989,32.852890952423365,32.852890952423365,35.36977865113189,32.852890952423365,33.53155909596526
289,8.0,3.4641016151377544,2.7386127875258306,3.605551275463989,2.7386127875258306,1136.125,185.125,588.715878508266,29.716557972995442,23.493001853775507,30.929974176774415,23.493001853775507,27.378403355031622
290,19.0,7.455128930368747,3.15086937833595,7.0710678118654755,3.15086937833595,2948.8947368421054,187.0,1398.2002114571317,63.95331190267307,27.029516725921138,60.65866995472834,27.029516725921138,42.192953255172434
291,17.0,6.01767038946723,3.5986487521727915,6.082762530298219,3.5986487521727915,800.1764705882352,186.88235294117646,1251.0212418300653,51.62217245866496,30.870761354423454,52.1805609216759,30.870761354423454,39.910538230215145
292,18.0,6.831300510639732,3.265986323710904,6.324555320336759,3.265986323710904,929.0,187.5,1324.6107266435984,58.60184261578201,28.017039541637658,54.254763777398665,28.017039541637658,41.06760503254743
293,16.0,4.858276321300674,4.281898082146419,5.0990195135927845,4.281898082146419,1837.75,187.0625,1177.431757016532,41.67639001115774,36.731968841942326,43.74158896464398,36.731968841942326,38.71890934080677
294,6.0,6.831300510639732,0.0,6.0,0.0,1755.5,186.0,441.53690888119945,58.60184261578201,0.0,51.470588235294116,0.0,23.710392820514492
295,11.0,6.1592216015262125,2.2740772369956574,5.830951894845301,2.2740772369956574,208.0,188.1818181818182,809.4843329488657,52.836459817014074,19.50801551344314,50.02042066656508,19.50801551344314,32.10402364381074
296,61.0,14.78074000168438,6.568517314305523,16.15549442140351,6.568517314305523,236.34426229508196,196.19672131147541,4488.958573625528,126.79556373993954,56.347575000169925,138.58880018360853,56.347575000169925,75.6010872826238
297,16.0,7.519259403215537,3.2149242646063567,6.708203932499369,3.2149242646063567,1783.5625,191.9375,1177.431757016532,64.50345076287839,27.579007171868255,57.545867068009294,27.579007171868255,38.71890934080677
298,24.0,12.726586706443419,3.716418784415368,11.40175425099138,3.716418784415368,1889.5833333333333,192.08333333333334,1766.1476355247978,109.17415066801952,31.881043493759286,97.80916636879859,31.881043493759286,47.420785641028985
299,80.0,16.02919148664797,8.003281844616753,15.652475842498529,8.003281844616753,210.7875,195.175,5887.15878508266,137.5053191256566,68.65560405921234,134.273689825355,68.65560405921234,86.5781133006955
300,11.0,5.055959348388901,2.6889893077494644,5.0990195135927845,2.6889893077494644,285.8181818181818,191.9090909090909,809.4843329488657,43.372200292551845,23.067310238046876,43.74158896464398,23.067310238046876,32.10402364381074
301,7.0,3.0237157840738176,2.799416848895061,3.1622776601683795,2.799416848895061,337.7142857142857,191.0,515.1263936947328,25.938738343770492,24.014605321403707,27.127381888699333,24.014605321403707,25.610151287857633
302,51.0,10.691857333239195,6.14400336163307,12.0,6.14400336163307,943.4117647058823,195.58823529411765,3753.063725490196,91.7193643782774,52.70591119047976,102.94117647058823,52.70591119047976,69.1270799721527
303,80.0,11.158967441151658,9.856720836430199,12.36931687685298,9.856720836430199,934.1875,196.65,5887.15878508266,95.72643638242843,84.55520325369044,106.10933595339567,84.55520325369044,86.5781133006955
304,22.0,10.544889123008609,3.0497837877544294,9.848857801796104,3.0497837877544294,865.5909090909091,196.27272727272728,1618.9686658977314,90.45860767286797,26.162360924363977,84.48775075070186,26.162360924363977,45.401945643823666
305,7.0,4.155374705678736,1.9054711331003737,4.123105625617661,1.9054711331003737,956.2857142857143,192.57142857142858,515.1263936947328,35.646596739891116,16.345953347674776,35.36977865113189,16.345953347674776,25.610151287857633
306,12.0,4.464216783173839,3.409739589526534,4.47213595499958,3.409739589526534,1939.6666666666667,193.5,883.0738177623989,38.29597730663832,29.250217067016834,38.36391137867286,29.250217067016834,33.53155909596526
307,31.0,9.636385691908037,4.6102640810137965,8.94427190999916,4.6102640810137965,2966.3870967741937,193.48387096774192,2281.274029219531,82.6650733374464,39.548834028304626,76.72782275734572,39.548834028304626,53.8944408988476
308,21.0,5.453041275270223,4.9538858324681865,6.082762530298219,4.9538858324681865,2988.3809523809523,193.71428571428572,1545.379181084198,46.7785403515828,42.49656964127121,52.1805609216759,42.49656964127121,44.35808322009493
309,27.0,7.650189888861872,4.5936348145842265,8.06225774829855,4.5936348145842265,275.962962962963,196.85185185185185,1986.9160899653978,65.62662894856999,39.40618100746273,69.16152480158068,39.40618100746273,50.29733864394788
310,16.0,9.033750393824489,2.7529718164332704,8.06225774829855,2.7529718164332704,703.375,195.6875,1177.431757016532,77.49540779016105,23.616179797834427,69.16152480158068,23.616179797834427,38.71890934080677
311,41.0,17.731312798226327,4.308626060312082,15.524174696260024,4.308626060312082,906.1463414634146,200.4390243902439,3017.168877354863,152.10684998478467,36.961252968363446,133.17306724732865,36.961252968363446,61.98049671177124
312,12.0,6.831300510639732,2.0,6.082762530298219,2.0,923.5,195.5,883.0738177623989,58.60184261578201,17.15686274509804,52.1805609216759,17.15686274509804,33.53155909596526
313,17.0,5.661053382547679,3.8023236200202857,6.082762530298219,3.8023236200202857,1049.2941176470588,195.64705882352942,1251.0212418300653,48.562957938521755,32.617972230566174,52.1805609216759,32.617972230566174,39.910538230215145
314,19.0,7.347338259627431,3.178877656956105,7.0710678118654755,3.178877656956105,1862.0,195.68421052631578,1398.2002114571317,63.02863703111767,27.26978382192737,60.65866995472834,27.26978382192737,42.192953255172434
315,23.0,6.667281608803804,4.352291467154875,6.708203932499369,4.352291467154875,2940.4347826086955,195.3913043478261,1692.5581507112647,57.19481772258165,37.33583366431878,57.545867068009294,37.33583366431878,46.4223414912321
316,9.0,4.277662731533559,2.643019518000728,4.123105625617661,2.643019518000728,254.66666666666666,195.55555555555554,662.3053633217992,36.69563617737122,22.67296155147683,35.36977865113189,22.67296155147683,29.039182005605074
317,22.0,8.49696105130758,3.1908961408698624,8.06225774829855,3.1908961408698624,338.8181818181818,195.0,1618.9686658977314,72.89059725386403,27.372883561383624,69.16152480158068,27.372883561383624,45.401945643823666
318,12.0,4.47213595499958,3.265986323710904,4.47213595499958,3.265986323710904,1065.0,195.5,883.0738177623989,38.36391137867286,28.017039541637658,38.36391137867286,28.017039541637658,33.53155909596526
319,17.0,5.687199475889392,3.879016058442017,6.082762530298219,3.879016058442017,264.8235294117647,197.35294117647058,1251.0212418300653,48.787250405913895,33.27587305036044,52.1805609216759,33.27587305036044,39.910538230215145
320,13.0,5.203549084703927,3.076923076923077,5.0990195135927845,3.076923076923077,845.8461538461538,197.0,956.6633025759322,44.638288716822906,26.395173453996986,43.74158896464398,26.395173453996986,34.900753239580105
321,8.0,3.4641016151377544,2.7386127875258306,3.605551275463989,2.7386127875258306,1926.125,198.125,588.715878508266,29.716557972995442,23.493001853775507,30.929974176774415,23.493001853775507,27.378403355031622
322,23.0,9.527086514447381,3.2399664304774016,9.219544457292887,3.2399664304774016,247.2173913043478,202.56521739130434,1692.5581507112647,81.7274578445241,27.793829673213004,79.08922941305173,27.793829673213004,46.4223414912321
323,8.0,4.47213595499958,2.0,4.123105625617661,2.0,956.5,198.5,588.715878508266,38.36391137867286,17.15686274509804,35.36977865113189,17.15686274509804,27.378403355031622
324,15.0,7.734318207931477,2.6504275698279427,7.0710678118654755,2.6504275698279427,187.53333333333333,201.26666666666668,1103.8422722029986,66.3483179601965,22.73651101568088,60.65866995472834,22.73651101568088,37.48942276506485
325,14.0,4.20883424647321,4.120630029101703,4.47213595499958,4.120630029101703,1075.5,201.28571428571428,1030.2527873894655,36.1051957418045,35.34854191631362,38.36391137867286,35.34854191631362,36.218223285715055
326,16.0,5.477225575051661,3.7080992435478315,5.385164807134504,3.7080992435478315,1854.125,202.0,1177.431757016532,46.98600370755101,31.809674883376005,46.196266727869514,31.809674883376005,38.71890934080677
327,7.0,8.0,0.0,7.0,0.0,1004.0,202.0,515.1263936947328,68.62745098039215,0.0,60.049019607843135,0.0,25.610151287857633
328,143.0,18.350140701237457,13.82556922208343,20.248456731316587,13.82556922208343,2892.8251748251746,210.28671328671328,10523.296328335255,157.41542268218407,118.60169675806864,173.69999646962756,118.60169675806864,115.75270339646791
329,13.0,7.3708452737538455,2.888805317669981,7.280109889280518,2.888805317669981,202.46153846153845,204.84615384615384,956.6633025759322,63.230290338574655,24.781418166286603,62.451923069808366,24.781418166286603,34.900753239580105
330,23.0,7.610212274206421,3.993091855075217,7.615773105863909,3.993091855075217,282.5217391304348,204.2608695652174,1692.5581507112647,65.28368372480998,34.254464443047205,65.33138693755804,34.254464443047205,46.4223414912321
331,6.0,3.265986323710904,2.0,3.1622776601683795,2.0,313.0,203.5,441.53690888119945,28.017039541637658,17.15686274509804,27.127381888699333,17.15686274509804,23.710392820514492
332,525.0,30.660973461909638,25.74275804238629,37.48332962798263,25.74275804238629,334.4304761904762,215.13333333333333,38634.47952710495,263.02305665853856,220.8324832067451,321.5481708282823,220.8324832067451,221.7904161004747
333,6.0,3.265986323710904,2.0,3.1622776601683795,2.0,1593.0,203.5,441.53690888119945,28.017039541637658,17.15686274509804,27.127381888699333,17.15686274509804,23.710392820514492
334,12.0,6.831300510639732,2.0,6.082762530298219,2.0,1891.5,203.5,883.0738177623989,58.60184261578201,17.15686274509804,52.1805609216759,17.15686274509804,33.53155909596526
335,15.0,5.082404752320705,3.926016604401,5.385164807134504,3.926016604401,1937.5333333333333,205.26666666666668,1103.8422722029986,43.59906037530016,33.67906400834191,46.196266727869514,33.67906400834191,37.48942276506485
336,20.0,9.91985855470425,3.0588243255638075,9.219544457292887,3.0588243255638075,240.05,208.25,1471.789696270665,85.09682583692371,26.23991455753266,79.08922941305173,26.23991455753266,43.28905665034775
337,32.0,6.715120135252402,6.131448570209797,7.280109889280518,6.131448570209797,1907.5625,207.125,2354.863514033064,57.605197238684816,52.598210773858554,62.451923069808366,52.598210773858554,54.756806710063245
338,6.0,3.1269438398822857,2.309401076758503,3.1622776601683795,2.309401076758503,230.16666666666666,205.83333333333334,441.53690888119945,26.824273136245097,19.811038648663626,27.127381888699333,19.811038648663626,23.710392820514492
339,21.0,8.4178139104555,3.7948886602901233,8.06225774829855,3.7948886602901233,956.6190476190476,206.38095238095238,1545.379181084198,72.21163893773101,32.55419193876331,69.16152480158068,32.55419193876331,44.35808322009493
340,16.0,7.745966692414834,2.6457513110645907,8.0,2.6457513110645907,2947.5,205.75,1177.431757016532,66.44824368493117,22.696396050799184,68.62745098039215,22.696396050799184,38.71890934080677
341,7.0,4.155374705678736,1.9054711331003737,4.123105625617661,1.9054711331003737,1588.7142857142858,206.42857142857142,515.1263936947328,35.646596739891116,16.345953347674776,35.36977865113189,16.345953347674776,25.610151287857633
342,24.0,8.246211251235321,3.8151743807531986,8.06225774829855,3.8151743807531986,275.5,208.91666666666666,1766.1476355247978,70.73955730226378,32.72821159959852,69.16152480158068,32.72821159959852,47.420785641028985
343,26.0,10.795355941432879,3.6542825865045194,10.295630140987,3.6542825865045194,1003.3076923076923,210.30769230769232,1913.3266051518644,92.60722008582127,31.348012384229946,88.32035660160417,31.348012384229946,49.357118568450915
344,15.0,7.7343182079314765,2.6504275698279427,7.0710678118654755,2.6504275698279427,249.26666666666668,211.53333333333333,1103.8422722029986,66.34831796019648,22.73651101568088,60.65866995472834,22.73651101568088,37.48942276506485
345,34.0,16.103884361532636,3.7222600512416837,15.132745950421556,3.7222600512416837,258.8529411764706,214.85294117647058,2502.0424836601305,138.1460668268731,31.93115240035758,129.8152226139104,31.93115240035758,56.44202444678016
346,7.0,4.155374705678736,1.9054711331003737,4.123105625617661,1.9054711331003737,290.7142857142857,208.42857142857142,515.1263936947328,35.646596739891116,16.345953347674776,35.36977865113189,16.345953347674776,25.610151287857633
347,6.0,3.265986323710904,2.0,3.1622776601683795,2.0,1563.5,209.0,441.53690888119945,28.017039541637658,17.15686274509804,27.127381888699333,17.15686274509804,23.710392820514492
348,7.0,3.0237157840738176,2.799416848895061,3.1622776601683795,2.799416848895061,1888.7142857142858,209.0,515.1263936947328,25.938738343770492,24.014605321403707,27.127381888699333,24.014605321403707,25.610151287857633
349,31.0,10.660955094058794,3.8180003945991148,9.848857801796104,3.8180003945991148,1895.8709677419354,211.96774193548387,2281.274029219531,91.45427164021024,32.75245436543358,84.48775075070186,32.75245436543358,53.8944408988476
350,5.0,2.5298221281347035,2.5298221281347035,3.0,2.5298221281347035,1958.0,209.0,367.94742406766625,21.701905510959467,21.701905510959467,25.735294117647058,21.701905510959467,21.644528325173876
351,11.0,4.51260859854213,2.9541957835039856,5.0,2.9541957835039856,2982.0,210.0,809.4843329488657,38.71110317376827,25.342365789862622,42.8921568627451,25.342365789862622,32.10402364381074
352,61.0,12.23508261619605,7.369988338717425,14.560219778561036,7.369988338717425,3042.7377049180327,211.0,4488.958573625528,104.95781656050534,63.22293918017399,124.90384613961673,63.22293918017399,75.6010872826238
353,12.0,6.831300510639732,2.0,6.082762530298219,2.0,235.5,211.5,883.0738177623989,58.60184261578201,17.15686274509804,52.1805609216759,17.15686274509804,33.53155909596526
354,19.0,11.335273964573634,2.5348947851699535,10.04987562112089,2.5348947851699535,264.7368421052632,214.1578947368421,1398.2002114571317,97.23886979413656,21.745420951212836,86.212168318439,21.745420951212836,42.192953255172434
355,19.0,5.212526051472713,4.66479582459468,5.385164807134504,4.66479582459468,737.7368421052631,210.6315789473684,1398.2002114571317,44.71529701018258,40.01663084823868,46.196266727869514,40.01663084823868,42.192953255172434
356,14.0,7.223425730278744,2.471403448419801,6.708203932499369,2.471403448419801,803.5,211.5,1030.2527873894655,61.96566190190099,21.200764876150252,57.545867068009294,21.200764876150252,36.218223285715055
357,26.0,7.549442551621722,4.332347027793453,7.280109889280518,4.332347027793453,868.5,211.76923076923077,1913.3266051518644,64.76237483008829,37.164741659992856,62.451923069808366,37.164741659992856,49.357118568450915
358,12.0,6.831300510639732,2.0,6.082762530298219,2.0,1931.5,211.5,883.0738177623989,58.60184261578201,17.15686274509804,52.1805609216759,17.15686274509804,33.53155909596526
359,15.0,8.701579641278252,1.9816549121722193,8.06225774829855,1.9816549121722193,2962.733333333333,209.46666666666667,1103.8422722029986,74.6459037854752,16.999490668144038,69.16152480158068,16.999490668144038,37.48942276506485
360,28.0,6.521549834579044,5.606119105813881,6.708203932499369,5.606119105813881,1539.5,212.35714285714286,2060.505574778931,55.94466769859474,48.09170801556025,57.545867068009294,48.09170801556025,51.220302575715266
361,14.0,5.449353665897314,3.1458514520977277,5.385164807134504,3.1458514520977277,229.92857142857142,213.14285714285714,1030.2527873894655,46.74690644764852,26.986470790054035,46.196266727869514,26.986470790054035,36.218223285715055
362,6.0,3.265986323710904,2.0,3.1622776601683795,2.0,611.5,212.0,441.53690888119945,28.017039541637658,17.15686274509804,27.127381888699333,17.15686274509804,23.710392820514492
363,5.0,3.098386676965933,1.7888543819998317,3.1622776601683795,1.7888543819998317,821.6,212.8,367.94742406766625,26.579297473972463,15.345564551469144,27.127381888699333,15.345564551469144,21.644528325173876
364,10.0,4.09878030638384,2.9933259094191533,4.123105625617661,2.9933259094191533,1947.5,212.8,735.8948481353325,35.161105569469214,25.678040889625088,35.36977865113189,25.678040889625088,30.60998550862951
365,11.0,4.346129984141888,3.067356324605907,4.47213595499958,3.067356324605907,188.63636363636363,214.0909090909091,809.4843329488657,37.28297780513875,26.313105725785963,38.36391137867286,26.313105725785963,32.10402364381074
366,61.0,12.355995543065294,6.479052745246158,12.36931687685298,6.479052745246158,1011.8688524590164,218.54098360655738,4488.958573625528,105.99505980570717,55.58010933421949,106.10933595339567,55.58010933421949,75.6010872826238
367,9.0,4.277662731533559,2.643019518000728,4.123105625617661,2.643019518000728,2952.6666666666665,214.55555555555554,662.3053633217992,36.69563617737122,22.67296155147683,35.36977865113189,22.67296155147683,29.039182005605074
368,32.0,9.501212426751707,4.323853885336428,9.486832980505138,4.323853885336428,3034.28125,216.78125,2354.863514033064,81.50549875889944,37.09188382028798,81.382145666098,37.09188382028798,54.756806710063245
369,22.0,9.831055192219795,3.1140747013430436,8.94427190999916,3.1140747013430436,307.72727272727275,219.77272727272728,1618.9686658977314,84.33503228619922,26.713876114462384,76.72782275734572,26.713876114462384,45.401945643823666
370,46.0,8.87467883281605,6.659416347320276,8.94427190999916,6.659416347320276,315.5,219.65217391304347,3385.1163014225294,76.13082332072592,57.12734611671805,76.72782275734572,57.12734611671805,65.65110493401569
371,74.0,15.873990185562471,8.046727137125107,17.0,8.046727137125107,357.68918918918916,225.28378378378378,5445.6218762014605,136.17393541536433,69.02829651945557,145.83333333333331,69.02829651945557,83.26816303368871
372,11.0,4.346129984141888,3.067356324605907,4.47213595499958,3.067356324605907,850.3636363636364,217.0909090909091,809.4843329488657,37.28297780513875,26.313105725785963,38.36391137867286,26.313105725785963,32.10402364381074
373,26.0,10.03079444075773,3.2195358994696512,9.219544457292887,3.2195358994696512,966.0384615384615,219.84615384615384,1913.3266051518644,86.0484817221864,27.61856776505828,79.08922941305173,27.61856776505828,49.357118568450915
374,77.0,11.985124674171468,8.825240441589642,13.038404810405298,8.825240441589642,2981.6623376623374,222.03896103896105,5666.39033064206,102.81356950882386,75.70671947442095,111.84906087357486,75.70671947442095,84.9392626460609
375,13.0,7.554371880072024,1.9753176197160076,7.0710678118654755,1.9753176197160076,763.7692307692307,217.46153846153845,956.6633025759322,64.80466073591197,16.94512663972065,60.65866995472834,16.94512663972065,34.900753239580105
376,7.0,8.0,0.0,7.0,0.0,2001.0,220.0,515.1263936947328,68.62745098039215,0.0,60.049019607843135,0.0,25.610151287857633
377,11.0,7.000091071529562,1.904422265109768,7.0,1.904422265109768,2934.3636363636365,220.1818181818182,809.4843329488657,60.049800858709474,16.3369557055985,60.049019607843135,16.3369557055985,32.10402364381074
378,6.0,3.8297084310253524,1.8856180831641272,4.0,1.8856180831641272,816.3333333333334,219.5,441.53690888119945,32.852890952423365,16.175645321260895,34.31372549019608,16.175645321260895,23.710392820514492
379,14.0,4.20883424647321,4.120630029101703,4.47213595499958,4.120630029101703,823.2857142857143,219.5,1030.2527873894655,36.1051957418045,35.34854191631362,38.36391137867286,35.34854191631362,36.218223285715055
380,15.0,4.618802153517006,4.026578365477733,5.0,4.026578365477733,1958.4,219.6,1103.8422722029986,39.62207729732725,34.54172617444134,42.8921568627451,34.54172617444134,37.48942276506485
381,6.0,3.265986323710904,2.0,3.1622776601683795,2.0,1846.0,219.5,441.53690888119945,28.017039541637658,17.15686274509804,27.127381888699333,17.15686274509804,23.710392820514492
382,21.0,12.527924715179292,2.484206862701955,11.180339887498949,2.484206862701955,191.71428571428572,226.23809523809524,1545.379181084198,107.46994240962628,21.310598086904026,95.90977844668215,21.310598086904026,44.35808322009493
383,21.0,7.334485355160616,4.082079673592342,7.280109889280518,4.082079673592342,3037.095238095238,223.33333333333334,1545.379181084198,62.91837927221117,35.017840337189206,62.451923069808366,35.017840337189206,44.35808322009493
384,22.0,8.942407713446876,3.886865633357433,8.54400374531753,3.886865633357433,219.45454545454547,224.8181818181818,1618.9686658977314,76.71183087515702,33.34321009007602,73.29414977600823,33.34321009007602,45.401945643823666
385,11.0,5.189483704979297,2.6306840451061073,5.0,2.6306840451061073,1983.5454545454545,223.63636363636363,809.4843329488657,44.517629822126324,22.56714254380239,42.8921568627451,22.56714254380239,32.10402364381074
386,18.0,5.542593461893073,3.9932849113038276,5.830951894845301,3.9932849113038276,170.0,224.5,1324.6107266435984,47.54675763878862,34.25612056265538,50.02042066656508,34.25612056265538,41.06760503254743
387,20.0,5.138093031466052,4.9396356140913875,5.385164807134504,4.9396356140913875,60.25,225.75,1471.789696270665,44.076778456203876,42.374325120882,46.196266727869514,42.374325120882,43.28905665034775
388,16.0,6.928203230275509,2.8284271247461903,6.708203932499369,2.8284271247461903,208.5,226.5,1177.431757016532,59.433115945990885,24.26346798189134,57.545867068009294,24.26346798189134,38.71890934080677
389,6.0,3.126943839882286,2.309401076758503,3.1622776601683795,2.309401076758503,1952.8333333333333,224.83333333333334,441.53690888119945,26.8242731362451,19.811038648663626,27.127381888699333,19.811038648663626,23.710392820514492
390,10.0,3.9191835884530852,3.0983866769659336,4.123105625617661,3.0983866769659336,289.0,226.2,735.8948481353325,33.62044744996519,26.57929747397247,35.36977865113189,26.57929747397247,30.60998550862951
391,6.0,3.6514837167011076,2.10818510677892,3.605551275463989,2.10818510677892,366.3333333333333,225.66666666666666,441.53690888119945,31.324002471700677,18.084921259132894,30.929974176774415,18.084921259132894,23.710392820514492
392,36.0,6.831300510639732,6.831300510639732,7.810249675906654,6.831300510639732,835.5,227.5,2649.2214532871967,58.60184261578201,58.60184261578201,66.99969084723845,58.60184261578201,58.07836401121015
393,13.0,7.554371880072024,1.9753176197160076,7.0710678118654755,1.9753176197160076,867.4615384615385,227.76923076923077,956.6633025759322,64.80466073591197,16.94512663972065,60.65866995472834,16.94512663972065,34.900753239580105
394,19.0,7.347338259627431,3.178877656956105,7.0710678118654755,3.178877656956105,1929.0,227.68421052631578,1398.2002114571317,63.02863703111767,27.26978382192737,60.65866995472834,27.26978382192737,42.192953255172434
395,508.0,37.81540081720113,22.235412968296355,40.44749683231337,22.235412968296355,1940.1614173228347,245.22834645669292,37383.458285274886,324.396820735794,190.74496418881677,346.9760757673941,190.74496418881677,218.16997413071357
396,6.0,4.363338213437162,1.65500979239906,4.123105625617661,1.65500979239906,2064.6666666666665,226.16666666666666,441.53690888119945,37.430597419191336,14.197387924991936,35.36977865113189,14.197387924991936,23.710392820514492
397,20.0,7.731010827707836,3.198667157092813,7.280109889280518,3.198667157092813,2956.95,227.85,1471.789696270665,66.31994582592506,27.439546690747168,62.451923069808366,27.439546690747168,43.28905665034775
398,34.0,13.224460991059983,4.520556470600853,13.341664064126334,4.520556470600853,3015.294117647059,228.0,2502.0424836601305,113.44513105075966,38.77928344878183,114.4505495697112,38.77928344878183,56.44202444678016
399,10.0,4.09878030638384,2.9933259094191533,4.123105625617661,2.9933259094191533,960.2,227.5,735.8948481353325,35.161105569469214,25.678040889625088,35.36977865113189,25.678040889625088,30.60998550862951
400,24.0,10.457970867600775,3.174159696180691,9.486832980505138,3.174159696180691,2949.5833333333335,230.16666666666666,1766.1476355247978,89.71298538383017,27.229311119197103,81.382145666098,27.229311119197103,47.420785641028985
401,21.0,6.982511037059589,3.8008359180972215,7.0710678118654755,3.8008359180972215,2968.5714285714284,229.0952380952381,1545.379181084198,59.898991739481765,32.60521008171636,60.65866995472834,32.60521008171636,44.35808322009493
402,8.0,3.4641016151377544,2.7386127875258306,3.605551275463989,2.7386127875258306,198.875,228.875,588.715878508266,29.716557972995442,23.493001853775507,30.929974176774415,23.493001853775507,27.378403355031622
403,44.0,12.75116616963909,6.659572814721838,12.041594578792296,6.659572814721838,239.63636363636363,230.54545454545453,3237.937331795463,109.38500390621768,57.128688361584395,103.29799271022803,57.128688361584395,64.20804728762148
404,10.0,4.079215610874228,3.22490309931942,4.123105625617661,3.22490309931942,267.5,229.6,735.8948481353325,34.99327117171519,27.66460992063228,35.36977865113189,27.66460992063228,30.60998550862951
405,41.0,8.04926477082689,6.548173878757967,8.54400374531753,6.548173878757967,251.41463414634146,231.41463414634146,3017.168877354863,69.05006543601498,56.17306023444334,73.29414977600823,56.17306023444334,61.98049671177124
406,28.0,13.911483255986036,4.729544671751559,11.661903789690601,4.729544671751559,877.5714285714286,232.46428571428572,2060.505574778931,119.338704401841,40.57207439002563,100.04084133313016,40.57207439002563,51.220302575715266
407,5.0,2.5298221281347035,2.5298221281347035,3.0,2.5298221281347035,2990.0,230.0,367.94742406766625,21.701905510959467,21.701905510959467,25.735294117647058,21.701905510959467,21.644528325173876
408,10.0,7.887165627530472,1.610160974530768,7.0710678118654755,1.610160974530768,180.6,230.3,735.8948481353325,67.65950905969767,13.812655418768841,60.65866995472834,13.812655418768841,30.60998550862951
409,18.0,5.96284793999944,3.8297084310253524,6.082762530298219,3.8297084310253524,2939.5,232.66666666666666,1324.6107266435984,51.15188183823049,32.852890952423365,52.1805609216759,32.852890952423365,41.06760503254743
410,9.0,3.885753375057407,2.7954428906961324,4.123105625617661,2.7954428906961324,3039.3333333333335,231.11111111111111,662.3053633217992,33.3336686585807,23.98051499371682,35.36977865113189,23.98051499371682,29.039182005605074
411,96.0,15.35138394739497,9.270994032147174,15.652475842498529,9.270994032147174,854.4791666666666,235.55208333333334,7064.590542099191,131.69079366637843,79.53058606008605,134.273689825355,79.53058606008605,94.84157128205797
412,19.0,9.24813344413931,2.63179053653608,9.055385138137417,2.63179053653608,1961.2631578947369,235.31578947368422,1398.2002114571317,79.33447807472447,22.576634504598726,77.68099995951215,22.576634504598726,42.192953255172434
413,30.0,9.532949055232788,3.9847757610550514,9.219544457292887,3.9847757610550514,3032.7,234.93333333333334,2207.6845444059973,81.77774924832048,34.18312540120755,79.08922941305173,34.18312540120755,53.01805011989337
414,18.0,6.831300510639732,3.265986323710904,6.324555320336759,3.265986323710904,811.5,233.0,1324.6107266435984,58.60184261578201,28.017039541637658,54.254763777398665,28.017039541637658,41.06760503254743
415,35.0,7.303802773649341,6.173261611270268,7.615773105863909,6.173261611270268,1917.3428571428572,234.22857142857143,2575.6319684736636,62.65517085238405,52.956901077073375,65.33138693755804,52.956901077073375,57.26603919370345
416,33.0,11.852624318325633,3.8488616113649043,11.180339887498949,3.8488616113649043,2998.4848484848485,237.42424242424244,2428.452998846597,101.67692429936204,33.01719519553227,95.90977844668215,33.01719519553227,55.60580007847273
417,89.0,17.768482291914342,8.84187634081402,16.15549442140351,8.84187634081402,3023.2134831460676,237.53932584269663,6549.464148404459,152.4257059355397,75.84942939423792,138.58880018360853,75.84942939423792,91.3183650437453
418,12.0,6.831300510639732,2.0,6.082762530298219,2.0,291.5,235.5,883.0738177623989,58.60184261578201,17.15686274509804,52.1805609216759,17.15686274509804,33.53155909596526
419,39.0,9.230524224120837,5.714606341471891,9.433981132056603,5.714606341471891,327.3076923076923,236.64102564102564,2869.9899077277964,79.18341858927188,49.02235832145004,80.92875971126988,49.02235832145004,60.449877833376824
420,12.0,6.831300510639732,2.0,6.082762530298219,2.0,819.5,235.5,883.0738177623989,58.60184261578201,17.15686274509804,52.1805609216759,17.15686274509804,33.53155909596526
421,11.0,5.189483704979297,2.6306840451061078,5.0,2.6306840451061078,865.6363636363636,234.54545454545453,809.4843329488657,44.517629822126324,22.567142543802394,42.8921568627451,22.567142543802394,32.10402364381074
422,12.0,6.831300510639732,2.0,6.082762530298219,2.0,3007.5,235.5,883.0738177623989,58.60184261578201,17.15686274509804,52.1805609216759,17.15686274509804,33.53155909596526
423,9.0,4.618802153517006,2.3517789431685254,4.47213595499958,2.3517789431685254,830.5555555555555,235.88888888888889,662.3053633217992,39.62207729732725,20.174574267377057,38.36391137867286,20.174574267377057,29.039182005605074
424,18.0,6.831300510639732,3.265986323710904,6.324555320336759,3.265986323710904,339.5,238.0,1324.6107266435984,58.60184261578201,28.017039541637658,54.254763777398665,28.017039541637658,41.06760503254743
425,25.0,6.688508998406512,5.351023021650639,7.211102550927978,5.351023021650639,2947.2,240.12,1839.7371203383311,57.37691542750684,45.90338376415989,61.85994835354883,45.90338376415989,48.39863667600846
426,50.0,9.865733507799044,7.251710305375633,9.848857801796104,7.251710305375633,2964.28,239.54,3679.4742406766622,84.63251783651141,62.20829918827136,84.48775075070186,62.20829918827136,68.44600838757906
427,55.0,14.729732264245419,9.247538639806917,15.033296378372908,9.247538639806917,303.8,244.98181818181817,4047.4216647443286,126.3579973648504,79.32937558657895,128.96210128506172,79.32937558657895,71.78677921882132
428,8.0,4.47213595499958,2.0,4.123105625617661,2.0,899.5,238.5,588.715878508266,38.36391137867286,17.15686274509804,35.36977865113189,17.15686274509804,27.378403355031622
429,14.0,4.981598792617912,3.625307868699863,5.0990195135927845,3.625307868699863,315.5,240.85714285714286,1030.2527873894655,42.73430336804581,31.099454756003727,43.74158896464398,31.099454756003727,36.218223285715055
430,16.0,6.324555320336759,3.3726843908080104,6.4031242374328485,3.3726843908080104,826.6875,241.5625,1177.431757016532,54.254763777398665,28.932341587813813,54.92876184072296,28.932341587813813,38.71890934080677
431,16.0,6.790738345114385,2.959877147483174,7.0710678118654755,2.959877147483174,261.0625,242.5625,1177.431757016532,58.25388286250085,25.391102980860563,60.65866995472834,25.391102980860563,38.71890934080677
432,107.0,18.746674689755718,8.032450623409726,18.027756377319946,8.032450623409726,351.30841121495325,243.85981308411215,7874.074875048057,160.8170622895711,68.90582642630892,154.64987088387207,68.90582642630892,100.12787812278877
433,37.0,9.25698670918111,5.091415725097166,10.04987562112089,5.091415725097166,786.4324324324324,242.16216216216216,2722.8109381007303,79.41042520130854,43.67636038686294,86.212168318439,43.67636038686294,58.87948273806829
434,38.0,13.037184603335556,3.7812359879263893,13.038404810405298,3.7812359879263893,800.3421052631579,246.39473684210526,2796.4004229142633,111.83859341096677,32.437073425839124,111.84906087357486,32.437073425839124,59.669846730038884
435,6.0,3.265986323710904,2.0,3.1622776601683795,2.0,1923.5,241.0,441.53690888119945,28.017039541637658,17.15686274509804,27.127381888699333,17.15686274509804,23.710392820514492
436,14.0,8.246211251235321,1.9794866372215747,8.0,1.9794866372215747,227.5,241.42857142857142,1030.2527873894655,70.73955730226378,16.980890270283115,68.62745098039215,16.980890270283115,36.218223285715055
437,72.0,13.22793969895209,11.410684032358418,14.560219778561036,11.410684032358418,247.15277777777777,246.83333333333334,5298.442906574393,113.47497290767724,97.8857698854276,124.90384613961673,97.8857698854276,82.13521006509487
438,67.0,17.95155264178282,6.401275744017657,16.401219466856727,6.401275744017657,365.1044776119403,247.32835820895522,4930.495482506728,153.99616236823496,54.912904666818136,140.69673562254545,54.912904666818136,79.23198297416269
439,13.0,7.554371880072024,1.9753176197160076,7.0710678118654755,1.9753176197160076,2029.5384615384614,243.76923076923077,956.6633025759322,64.80466073591197,16.94512663972065,60.65866995472834,16.94512663972065,34.900753239580105
440,26.0,8.682496653793102,4.89403003294631,8.602325267042627,4.89403003294631,2985.346153846154,243.30769230769232,1913.3266051518644,74.48220168695063,41.98310077282373,73.79445694766959,41.98310077282373,49.357118568450915
441,15.0,5.215498621614658,3.7283771738060287,5.385164807134504,3.7283771738060287,217.73333333333332,243.6,1103.8422722029986,44.740796999145346,31.983627716473286,46.196266727869514,31.983627716473286,37.48942276506485
442,41.0,16.087785094213526,4.530083857617548,13.892443989449804,4.530083857617548,272.780487804878,247.9268292682927,3017.168877354863,138.0079603670278,38.86101348446426,119.17537736047626,38.86101348446426,61.98049671177124
443,33.0,13.27752301838617,4.263297087402434,11.661903789690601,4.263297087402434,287.45454545454544,249.1818181818182,2428.452998846597,113.90032001066567,36.5724014850699,100.04084133313016,36.5724014850699,55.60580007847273
444,10.0,4.5692001405127005,2.757246828983344,5.0,2.757246828983344,681.1,248.1,735.8948481353325,39.19656983282954,23.65285269961202,42.8921568627451,23.65285269961202,30.60998550862951
445,13.0,8.743340706610923,2.354179043444611,7.280109889280518,2.354179043444611,831.2307692307693,247.23076923076923,956.6633025759322,75.00414821847605,20.195163362882692,62.451923069808366,20.195163362882692,34.900753239580105
446,234.0,28.31691082898952,16.376189730961357,27.313000567495326,16.376189730961357,338.70940170940173,261.62393162393164,17219.93944636678,242.91467622907678,140.48201975089398,234.30270094665107,140.48201975089398,148.07135570535274
447,19.0,7.347338259627431,3.178877656956105,7.0710678118654755,3.178877656956105,2041.0,251.31578947368422,1398.2002114571317,63.02863703111767,27.26978382192737,60.65866995472834,27.26978382192737,42.192953255172434
448,7.0,4.0456382356289255,2.415966245432733,4.123105625617661,2.415966245432733,2951.8571428571427,248.85714285714286,515.1263936947328,34.70522996250304,20.72520063483962,35.36977865113189,20.72520063483962,25.610151287857633
449,46.0,11.770772670825252,5.581916823085426,12.529964086141668,5.581916823085426,690.6521739130435,252.47826086956522,3385.1163014225294,100.97476555854996,47.88409039411518,107.48743701347018,47.88409039411518,65.65110493401569
450,13.0,7.554371880072024,1.9753176197160076,7.0710678118654755,1.9753176197160076,2931.5384615384614,251.76923076923077,956.6633025759322,64.80466073591197,16.94512663972065,60.65866995472834,16.94512663972065,34.900753239580105
451,12.0,4.47213595499958,3.265986323710904,4.47213595499958,3.265986323710904,350.0,251.5,883.0738177623989,38.36391137867286,28.017039541637658,38.36391137867286,28.017039541637658,33.53155909596526
452,6.0,3.9999999999999996,1.632993161855452,4.123105625617661,1.632993161855452,207.5,252.5,441.53690888119945,34.31372549019607,14.008519770818829,35.36977865113189,14.008519770818829,23.710392820514492
453,56.0,22.517841120918458,5.518327037598459,19.1049731745428,5.518327037598459,809.6964285714286,260.7857142857143,4121.011149557862,193.16775471376127,47.33858978332011,163.8907012522054,47.33858978332011,72.43644657143011
454,10.0,4.09878030638384,2.9933259094191533,4.123105625617661,2.9933259094191533,2021.8,253.5,735.8948481353325,35.161105569469214,25.678040889625088,35.36977865113189,25.678040889625088,30.60998550862951
455,164.0,33.12288149032657,11.256128142770883,36.124783736376884,11.256128142770883,2970.432926829268,267.7073170731707,12068.675509419452,284.14236572584065,96.55992279337768,309.89397813068405,96.55992279337768,123.96099342354248
456,30.0,10.7367594000144,3.7180935717682853,10.0,3.7180935717682853,367.1,257.43333333333334,2207.6845444059973,92.10455367659411,31.8954105421299,85.7843137254902,31.8954105421299,53.01805011989337
457,43.0,9.672687387636588,5.774841955383312,9.486832980505138,5.774841955383312,244.32558139534885,257.90697674418607,3164.3478469819297,82.97648494296092,49.53908540157253,81.382145666098,49.53908540157253,63.47421693259072
458,113.0,23.604636067420874,14.244278528340809,20.248456731316587,14.244278528340809,303.27433628318585,263.2566371681416,8315.611783929256,202.49075057836532,122.19356580684517,173.69999646962756,122.19356580684517,102.89691300070739
459,10.0,4.477016006518516,2.8768607330520872,4.47213595499958,2.8768607330520872,2071.3,256.2,735.8948481353325,38.40577456572257,24.678952366868394,38.36391137867286,24.678952366868394,30.60998550862951
460,154.0,19.430869719289408,15.056818678326286,19.72308292331602,15.056818678326286,318.74675324675326,264.8376623376623,11332.78066128412,166.68638239586502,129.16388572093626,169.19311331275998,129.16388572093626,120.12225721202974
461,31.0,8.497261952811176,4.679585068410191,8.246211251235321,4.679585068410191,2008.7096774193549,259.258064516129,2281.274029219531,72.89317851676253,40.143499361361926,70.73955730226378,40.143499361361926,53.8944408988476
462,38.0,15.327602980633417,3.7513860261755316,14.142135623730951,3.7513860261755316,2034.6315789473683,262.3421052631579,2796.4004229142633,131.48679027504156,32.18100757748618,121.31733990945668,32.18100757748618,59.669846730038884
463,29.0,8.504440860756826,4.2611318058210035,8.246211251235321,4.2611318058210035,2978.448275862069,259.37931034482756,2134.095059592464,72.95476228590415,36.55382676562135,70.73955730226378,36.55382676562135,52.12692698818601
464,59.0,16.93203308408797,4.837938854970102,16.1245154965971,4.837938854970102,2983.5593220338983,262.1864406779661,4341.779603998461,145.25028380957815,41.5019264519494,138.32304960316137,41.5019264519494,74.351396461312
465,12.0,6.831300510639732,2.0,6.082762530298219,2.0,3011.5,259.5,883.0738177623989,58.60184261578201,17.15686274509804,52.1805609216759,17.15686274509804,33.53155909596526
466,14.0,6.663945022680343,2.9277002188455996,6.082762530298219,2.9277002188455996,651.2857142857143,259.5,1030.2527873894655,57.16619504750294,25.115075406763722,52.1805609216759,25.115075406763722,36.218223285715055
467,12.0,5.04402536508653,3.000375403313416,5.0990195135927845,3.000375403313416,2953.0833333333335,261.4166666666667,883.0738177623989,43.26982543579131,25.738514489208224,43.74158896464398,25.738514489208224,33.53155909596526
468,8.0,4.47213595499958,2.0,4.123105625617661,2.0,203.5,261.5,588.715878508266,38.36391137867286,17.15686274509804,35.36977865113189,17.15686274509804,27.378403355031622
469,20.0,6.788312934921345,3.7254271563915413,7.0710678118654755,3.7254271563915413,361.25,264.2,1471.789696270665,58.23307664760958,31.95832119453528,60.65866995472834,31.95832119453528,43.28905665034775
470,32.0,11.508149286483905,5.291502622129181,10.44030650891055,5.291502622129181,2051.5,264.1875,2354.863514033064,98.72186887915115,45.39279210159837,89.561452895066,45.39279210159837,54.756806710063245
471,14.0,8.246211251235321,1.9794866372215747,8.0,1.9794866372215747,2107.5,261.57142857142856,1030.2527873894655,70.73955730226378,16.980890270283115,68.62745098039215,16.980890270283115,36.218223285715055
472,19.0,6.460538150799645,3.8375540078650547,6.324555320336759,3.8375540078650547,2795.0526315789475,263.6842105263158,1398.2002114571317,55.421283156369505,32.92019369492081,54.254763777398665,32.92019369492081,42.192953255172434
473,15.0,8.701579641278252,1.9816549121722193,8.06225774829855,1.9816549121722193,2940.266666666667,261.46666666666664,1103.8422722029986,74.6459037854752,16.999490668144038,69.16152480158068,16.999490668144038,37.48942276506485
474,22.0,7.781158471688972,3.767940351353178,7.615773105863909,3.767940351353178,2020.5,263.8181818181818,1618.9686658977314,66.75013394831225,32.323017719941475,65.33138693755804,32.323017719941475,45.401945643823666
475,5.0,3.098386676965933,1.7888543819998317,3.1622776601683795,1.7888543819998317,2165.6,263.2,367.94742406766625,26.579297473972463,15.345564551469144,27.127381888699333,15.345564551469144,21.644528325173876
476,7.0,3.0237157840738176,2.799416848895061,3.1622776601683795,2.799416848895061,2087.714285714286,265.0,515.1263936947328,25.938738343770492,24.014605321403707,27.127381888699333,24.014605321403707,25.610151287857633
477,6.0,3.265986323710904,2.0,3.1622776601683795,2.0,2923.5,265.0,441.53690888119945,28.017039541637658,17.15686274509804,27.127381888699333,17.15686274509804,23.710392820514492
478,6.0,3.265986323710904,2.0,3.1622776601683795,2.0,3003.5,265.0,441.53690888119945,28.017039541637658,17.15686274509804,27.127381888699333,17.15686274509804,23.710392820514492
479,74.0,17.696577223442585,8.795869050533561,17.46424919657298,8.795869050533561,3012.527027027027,273.05405405405406,5445.6218762014605,151.80887324031627,75.45475901193005,149.81586320589565,75.45475901193005,83.26816303368871
480,12.0,6.831300510639732,2.0,6.082762530298219,2.0,169.5,267.5,883.0738177623989,58.60184261578201,17.15686274509804,52.1805609216759,17.15686274509804,33.53155909596526
481,8.0,4.47213595499958,2.0,4.123105625617661,2.0,683.5,266.5,588.715878508266,38.36391137867286,17.15686274509804,35.36977865113189,17.15686274509804,27.378403355031622
482,26.0,6.498065255982423,5.349334969450372,7.0710678118654755,5.349334969450372,2044.5,267.7692307692308,1913.3266051518644,55.743206852790394,45.888902924206626,60.65866995472834,45.888902924206626,49.357118568450915
483,28.0,12.33875593239382,3.295017884191656,11.045361017187261,3.295017884191656,2099.5,270.64285714285717,2060.505574778931,105.84717098867247,28.266084790859793,94.75187147096915,28.266084790859793,51.220302575715266
484,7.0,3.0237157840738176,2.7994168488950604,3.1622776601683795,2.7994168488950604,2857.0,265.7142857142857,515.1263936947328,25.938738343770492,24.014605321403703,27.127381888699333,24.014605321403703,25.610151287857633
485,21.0,8.226004473807071,3.123601555590147,8.06225774829855,3.123601555590147,211.33333333333334,266.95238095238096,1545.379181084198,70.56621484883517,26.795601579817436,69.16152480158068,26.795601579817436,44.35808322009493
486,12.0,4.47213595499958,3.265986323710904,4.47213595499958,3.265986323710904,257.0,267.5,883.0738177623989,38.36391137867286,28.017039541637658,38.36391137867286,28.017039541637658,33.53155909596526
487,6.0,3.8297084310253524,1.8856180831641272,4.0,1.8856180831641272,350.6666666666667,267.5,441.53690888119945,32.852890952423365,16.175645321260895,34.31372549019608,16.175645321260895,23.710392820514492
488,7.0,3.0237157840738176,2.799416848895061,3.1622776601683795,2.799416848895061,2753.285714285714,268.0,515.1263936947328,25.938738343770492,24.014605321403707,27.127381888699333,24.014605321403707,25.610151287857633
489,43.0,20.883005009968233,3.6305363267334965,18.24828759089466,3.6305363267334965,2950.6511627906975,269.7674418604651,3164.3478469819297,179.14342533060983,31.1443067244295,156.5416827650277,31.1443067244295,63.47421693259072
490,11.0,3.9999999999999996,3.468869823334348,4.123105625617661,3.468869823334348,267.6363636363636,269.54545454545456,809.4843329488657,34.31372549019607,29.757461719779947,35.36977865113189,29.757461719779947,32.10402364381074
491,20.0,7.848566748139434,3.0983866769659336,8.0,3.0983866769659336,235.5,270.0,1471.789696270665,67.32839122178436,26.57929747397247,68.62745098039215,26.57929747397247,43.28905665034775
492,21.0,8.422866176654306,3.389124425635691,8.246211251235321,3.389124425635691,2084.0476190476193,270.8095238095238,1545.379181084198,72.2549794565933,29.073371298345386,70.73955730226378,29.073371298345386,44.35808322009493
493,15.0,5.982593621313813,3.0484451785557387,6.082762530298219,3.0484451785557387,2993.6666666666665,269.93333333333334,1103.8422722029986,51.321268810290064,26.150877757218346,52.1805609216759,26.150877757218346,37.48942276506485
494,91.0,15.14064409997082,11.413721236014645,16.278820596099706,11.413721236014645,2998.6153846153848,278.74725274725273,6696.643118031526,129.88297634778888,97.911824328557,139.64674530967883,97.911824328557,92.33871364076082
495,117.0,17.752410149446238,9.467748342249234,18.027756377319946,9.467748342249234,2023.820512820513,275.56410256410254,8609.96972318339,152.28783216436725,81.2184294065498,154.64987088387207,81.2184294065498,104.70225971874031
496,27.0,8.640089744175718,4.1021442209954175,8.54400374531753,4.1021442209954175,242.40740740740742,275.9259259259259,1986.9160899653978,74.11841692307601,35.18996268010775,73.29414977600823,35.18996268010775,50.29733864394788
497,20.0,7.858279155774742,3.1949098124855113,8.06225774829855,3.1949098124855113,798.05,275.5,1471.789696270665,67.41170844414607,27.407314567890413,69.16152480158068,27.407314567890413,43.28905665034775
498,38.0,21.378662114643472,2.3097787028310655,19.0,2.3097787028310655,2061.6052631578946,281.39473684210526,2796.4004229142633,183.3953857873827,19.81427808801159,162.99019607843138,19.81427808801159,59.669846730038884
499,11.0,6.410747983365109,1.9649396885733192,6.082762530298219,1.9649396885733192,355.45454545454544,275.27272727272725,809.4843329488657,54.99416162200461,16.85610026962406,52.1805609216759,16.85610026962406,32.10402364381074
500,39.0,8.130707798075925,6.523568229472441,9.055385138137417,6.523568229472441,2802.4102564102564,277.2564102564103,2869.9899077277964,69.74871885604347,55.96198236067045,77.68099995951215,55.96198236067045,60.449877833376824
501,5.0,5.656854249492381,0.0,5.0,0.0,228.0,274.0,367.94742406766625,48.52693596378268,0.0,42.8921568627451,0.0,21.644528325173876
502,19.0,5.823023270641691,4.298861666059325,6.324555320336759,4.298861666059325,345.3157894736842,277.3157894736842,1398.2002114571317,49.95240550795568,36.877489782371654,54.254763777398665,36.877489782371654,42.192953255172434
503,18.0,6.831300510639732,3.265986323710904,6.324555320336759,3.265986323710904,171.5,278.0,1324.6107266435984,58.60184261578201,28.017039541637658,54.254763777398665,28.017039541637658,41.06760503254743
504,9.0,3.265986323710904,3.265986323710904,3.605551275463989,3.265986323710904,205.0,278.0,662.3053633217992,28.017039541637658,28.017039541637658,30.929974176774415,28.017039541637658,29.039182005605074
505,93.0,16.970063182225047,8.07654049025898,18.439088914585774,8.07654049025898,323.7741935483871,283.5698924731183,6843.822087658592,145.5765223965384,69.28404832330007,158.17845882610345,69.28404832330007,93.34790988232211
506,35.0,8.479184022308184,5.364639473737309,8.94427190999916,5.364639473737309,690.8857142857142,279.25714285714287,2575.6319684736636,72.73809823058491,46.02019156392299,76.72782275734572,46.02019156392299,57.26603919370345
507,8.0,3.8888437389046198,2.6223833385648136,4.123105625617661,2.6223833385648136,301.75,278.75,588.715878508266,33.360179132760216,22.495935502394232,35.36977865113189,22.495935502394232,27.378403355031622
508,16.0,5.291502622129181,3.872983346207417,6.0,3.872983346207417,2075.5,281.25,1177.431757016532,45.39279210159837,33.224121842465586,51.470588235294116,33.224121842465586,38.71890934080677
509,6.0,3.8297084310253524,1.8856180831641272,4.0,1.8856180831641272,2123.5,280.3333333333333,441.53690888119945,32.852890952423365,16.175645321260895,34.31372549019608,16.175645321260895,23.710392820514492
510,10.0,4.0,3.149603149604724,4.123105625617661,3.149603149604724,2142.7,281.7,735.8948481353325,34.31372549019608,27.018654469648368,35.36977865113189,27.018654469648368,30.60998550862951
511,18.0,7.097764472921567,3.0939225541184827,7.0710678118654755,3.0939225541184827,2950.0555555555557,283.1666666666667,1324.6107266435984,60.88768542947423,26.541002302486984,60.65866995472834,26.541002302486984,41.06760503254743
512,7.0,4.155374705678736,1.9054711331003737,4.123105625617661,1.9054711331003737,2984.4285714285716,281.2857142857143,515.1263936947328,35.646596739891116,16.345953347674776,35.36977865113189,16.345953347674776,25.610151287857633
513,32.0,10.85920234494115,5.4356668801191885,10.295630140987,5.4356668801191885,2097.90625,285.84375,2354.863514033064,93.15492207670103,46.629495295140096,88.32035660160417,46.629495295140096,54.756806710063245
514,12.0,3.8297084310253524,3.8297084310253524,4.123105625617661,3.8297084310253524,347.5,283.5,883.0738177623989,32.852890952423365,32.852890952423365,35.36977865113189,32.852890952423365,33.53155909596526
515,117.0,21.14161069458984,11.052690323794996,19.72308292331602,11.052690323794996,2806.4529914529912,291.56410256410254,8609.96972318339,181.36185644868735,94.81474542471197,169.19311331275998,94.81474542471197,104.70225971874031
516,20.0,5.848892667774697,4.559655092312508,6.324555320336759,4.559655092312508,276.1,285.55,1471.789696270665,50.17432435591039,39.11468829189651,54.254763777398665,39.11468829189651,43.28905665034775
517,172.0,27.952012996530726,13.227519956761169,27.51363298439521,13.227519956761169,305.5988372093023,296.5406976744186,12657.391387927719,239.7844252153371,113.47137217809826,236.02381236613536,113.47137217809826,126.94843386518144
518,18.0,6.801997626427508,3.326584077309318,7.0710678118654755,3.326584077309318,340.0,284.5,1324.6107266435984,58.3504698345497,28.536873212212285,60.65866995472834,28.536873212212285,41.06760503254743
519,38.0,9.057678628726812,5.5348313556705495,9.433981132056603,5.5348313556705495,266.1842105263158,287.05263157894734,2796.4004229142633,77.70067451113687,47.48017094325226,80.92875971126988,47.48017094325226,59.669846730038884
520,5.0,3.098386676965933,1.7888543819998317,3.1622776601683795,1.7888543819998317,2990.6,285.2,367.94742406766625,26.579297473972463,15.345564551469144,27.127381888699333,15.345564551469144,21.644528325173876
521,23.0,7.7697371828720465,4.1450305942241235,7.615773105863909,4.1450305942241235,2050.521739130435,286.4782608695652,1692.5581507112647,66.6521572060102,35.557860489667725,65.33138693755804,35.557860489667725,46.4223414912321
522,15.0,6.791134621996741,2.8402741439135504,6.324555320336759,2.8402741439135504,2899.2,285.8,1103.8422722029986,58.257282296540666,24.36509682278781,54.254763777398665,24.36509682278781,37.48942276506485
523,6.0,3.8297084310253524,1.8856180831641272,4.0,1.8856180831641272,2123.5,286.6666666666667,441.53690888119945,32.852890952423365,16.175645321260895,34.31372549019608,16.175645321260895,23.710392820514492
524,13.0,4.919459827476725,3.3758773884632336,5.0990195135927845,3.3758773884632336,2085.153846153846,288.53846153846155,956.6633025759322,42.201248520020926,28.959732499071855,43.74158896464398,28.959732499071855,34.900753239580105
525,8.0,3.4641016151377544,2.7386127875258306,3.605551275463989,2.7386127875258306,680.875,288.875,588.715878508266,29.716557972995442,23.493001853775507,30.929974176774415,23.493001853775507,27.378403355031622
526,9.0,3.885753375057407,2.7954428906961324,4.123105625617661,2.7954428906961324,686.3333333333334,288.8888888888889,662.3053633217992,33.3336686585807,23.98051499371682,35.36977865113189,23.98051499371682,29.039182005605074
527,22.0,8.504342120060915,3.27880241402971,8.246211251235321,3.27880241402971,698.0454545454545,291.1818181818182,1618.9686658977314,72.95391524562059,28.126981492901923,70.73955730226378,28.126981492901923,45.401945643823666
528,68.0,33.99573861626666,3.969929995575519,29.427877939124322,3.969929995575519,2131.3676470588234,300.52941176470586,5004.084967320261,291.63011067875806,34.055772020868424,252.44503134052727,34.055772020868424,79.82107646043029
529,7.0,4.155374705678736,1.9054711331003737,4.123105625617661,1.9054711331003737,2966.5714285714284,289.2857142857143,515.1263936947328,35.646596739891116,16.345953347674776,35.36977865113189,16.345953347674776,25.610151287857633
530,54.0,12.004571602893565,7.571877794400364,12.36931687685298,7.571877794400364,2043.5,296.25925925925924,3973.8321799307955,102.98039365227322,64.95483402059135,106.10933595339567,64.95483402059135,71.13117846154347
531,41.0,15.12583230768508,4.566297935223102,14.317821063276353,4.566297935223102,248.4390243902439,292.9024390243902,3017.168877354863,129.75591440416122,39.17167346392367,122.82444539575303,39.17167346392367,61.98049671177124
532,18.0,5.962847939999439,3.8297084310253524,6.082762530298219,3.8297084310253524,2900.3333333333335,291.5,1324.6107266435984,51.15188183823048,32.852890952423365,52.1805609216759,32.852890952423365,41.06760503254743
533,5.0,3.098386676965933,1.7888543819998317,3.1622776601683795,1.7888543819998317,230.8,291.6,367.94742406766625,26.579297473972463,15.345564551469144,27.127381888699333,15.345564551469144,21.644528325173876
534,6.0,3.265986323710904,2.0,3.1622776601683795,2.0,278.5,292.0,441.53690888119945,28.017039541637658,17.15686274509804,27.127381888699333,17.15686274509804,23.710392820514492
535,20.0,6.331370505657219,3.938749486841458,6.324555320336759,3.938749486841458,3024.65,293.45,1471.789696270665,54.313227376961436,33.788292166532116,54.254763777398665,33.788292166532116,43.28905665034775
536,12.0,4.894994431930091,2.9693109114997,5.0990195135927845,2.9693109114997,2055.8333333333335,293.9166666666667,883.0738177623989,41.99137380332186,25.47202987806115,43.74158896464398,25.47202987806115,33.53155909596526
537,23.0,8.95741307213491,4.3694145135535605,8.602325267042627,4.3694145135535605,2962.217391304348,296.30434782608694,1692.5581507112647,76.84055331488281,37.48272254273888,73.79445694766959,37.48272254273888,46.4223414912321
538,35.0,12.245503642929354,5.470541490974483,11.661903789690601,5.470541490974483,2986.4857142857145,295.48571428571427,2575.6319684736636,105.04721262316848,46.92866475100659,100.04084133313016,46.92866475100659,57.26603919370345
539,10.0,6.0,1.959591794226542,6.0,1.959591794226542,2171.5,294.4,735.8948481353325,51.470588235294116,16.81022372498259,51.470588235294116,16.81022372498259,30.60998550862951
540,10.0,3.9191835884530852,3.0983866769659336,4.123105625617661,3.0983866769659336,228.0,296.8,735.8948481353325,33.62044744996519,26.57929747397247,35.36977865113189,26.57929747397247,30.60998550862951
541,6.0,3.265986323710904,2.0,3.1622776601683795,2.0,235.5,296.0,441.53690888119945,28.017039541637658,17.15686274509804,27.127381888699333,17.15686274509804,23.710392820514492
542,31.0,12.145288633067633,4.052308526517685,11.40175425099138,4.052308526517685,686.6774193548387,298.19354838709677,2281.274029219531,104.18752503857037,34.7624505951272,97.80916636879859,34.7624505951272,53.8944408988476
543,38.0,20.58625035549348,3.598427235948059,17.46424919657298,3.598427235948059,281.7368421052632,299.05263157894734,2796.4004229142633,176.59773589271367,30.86886109269168,149.81586320589565,30.86886109269168,59.669846730038884
544,30.0,10.539546363954447,5.235155330163896,10.0,5.235155330163896,318.9,300.3666666666667,2207.6845444059973,90.41277518098177,44.909420724445184,85.7843137254902,44.909420724445184,53.01805011989337
545,14.0,5.449353665897314,3.145851452097728,5.385164807134504,3.145851452097728,452.85714285714283,296.92857142857144,1030.2527873894655,46.74690644764852,26.98647079005404,46.196266727869514,26.98647079005404,36.218223285715055
546,16.0,9.16515138991168,2.0,8.06225774829855,2.0,648.5,299.5,1177.431757016532,78.6226222173796,17.15686274509804,69.16152480158068,17.15686274509804,38.71890934080677
547,10.0,5.656854249492381,2.0,5.0990195135927845,2.0,259.5,299.0,735.8948481353325,48.52693596378268,17.15686274509804,43.74158896464398,17.15686274509804,30.60998550862951
548,33.0,16.91173594296192,3.2786956064051114,14.560219778561036,3.2786956064051114,677.0,304.24242424242425,2428.452998846597,145.0761661773694,28.12606525102424,124.90384613961673,28.12606525102424,55.60580007847273
549,12.0,6.831300510639732,2.0,6.082762530298219,2.0,635.5,299.5,883.0738177623989,58.60184261578201,17.15686274509804,52.1805609216759,17.15686274509804,33.53155909596526
550,62.0,16.579049248963734,8.032378292040878,15.264337522473747,8.032378292040878,2058.7419354838707,303.43548387096774,4562.548058439062,142.22223620434576,68.90520593662518,130.94407188396596,68.90520593662518,76.21824925566548
551,21.0,11.393281518594573,2.365268860461536,10.198039027185569,2.365268860461536,249.42857142857142,301.85714285714283,1545.379181084198,97.73648361539462,20.29029659709651,87.48317792928796,20.29029659709651,44.35808322009493
552,11.0,5.055959348388901,2.688989307749465,5.0990195135927845,2.688989307749465,695.0909090909091,301.8181818181818,809.4843329488657,43.372200292551845,23.06731023804688,43.74158896464398,23.06731023804688,32.10402364381074
553,34.0,13.699523725554117,3.601884052009688,12.36931687685298,3.601884052009688,2087.5,302.05882352941177,2502.0424836601305,117.52042411627306,30.898515152043892,106.10933595339567,30.898515152043892,56.44202444678016
554,20.0,7.731010827707835,3.198667157092813,7.280109889280518,3.198667157092813,3003.85,302.05,1471.789696270665,66.31994582592506,27.439546690747168,62.451923069808366,27.439546690747168,43.28905665034775
555,6.0,3.265986323710904,2.0,3.1622776601683795,2.0,3035.5,302.0,441.53690888119945,28.017039541637658,17.15686274509804,27.127381888699333,17.15686274509804,23.710392820514492
556,184.0,35.012043922853735,10.504179274675382,31.400636936215164,10.504179274675382,3007.929347826087,313.5,13540.465205690118,300.3484160048727,90.1093810327545,269.3682090116497,90.1093810327545,131.30220986803138
557,6.0,3.265986323710904,2.0,3.1622776601683795,2.0,2019.5,305.0,441.53690888119945,28.017039541637658,17.15686274509804,27.127381888699333,17.15686274509804,23.710392820514492
558,28.0,9.141494976509193,6.7328321513409675,9.848857801796104,6.7328321513409675,2095.9285714285716,307.7142857142857,2060.505574778931,78.41968729848573,57.757138553170066,84.48775075070186,57.757138553170066,51.220302575715266
559,71.0,17.20164416253706,6.0996393643268405,15.811388300841896,6.0996393643268405,2112.6901408450703,310.6056338028169,5224.85342176086,147.5631239433326,52.325337684176326,135.63690944349665,52.325337684176326,81.56283228991873
560,38.0,8.21343123374205,5.952437662638169,8.54400374531753,5.952437662638169,2959.657894736842,307.2894736842105,2796.4004229142633,70.4583561718068,51.06257798831763,73.29414977600823,51.06257798831763,59.669846730038884
561,23.0,7.39179666355037,3.8869054472910975,7.280109889280518,3.8869054472910975,2986.1304347826085,305.5652173913044,1692.5581507112647,63.41002039810366,33.34355163117363,62.451923069808366,33.34355163117363,46.4223414912321
562,13.0,4.417038656910848,3.8174087729822177,5.0990195135927845,3.8174087729822177,201.30769230769232,306.9230769230769,956.6633025759322,37.8912629882058,32.74737917999451,43.74158896464398,32.74737917999451,34.900753239580105
563,67.0,15.969366731273297,8.021526442050225,17.72004514666935,8.021526442050225,283.8805970149254,309.4179104477612,4930.495482506728,136.99211656729543,68.81211408621516,152.01019120917334,68.81211408621516,79.23198297416269
564,52.0,11.276183534744234,7.7437735043084315,11.661903789690601,7.7437735043084315,704.5769230769231,310.1730769230769,3826.653210303729,96.73196659707064,66.4294295712733,100.04084133313016,66.4294295712733,69.80150647916021
565,12.0,6.831300510639732,2.0,6.082762530298219,2.0,2123.5,307.5,883.0738177623989,58.60184261578201,17.15686274509804,52.1805609216759,17.15686274509804,33.53155909596526
566,49.0,11.053178008324954,7.225505562598974,12.083045973594572,7.225505562598974,2804.612244897959,309.6938775510204,3605.884755863129,94.81892899298367,61.983503600726486,103.65358065583578,61.983503600726486,67.75809134641185
567,18.0,7.939210184863344,2.8770790075823065,7.615773105863909,2.8770790075823065,2938.4444444444443,308.1111111111111,1324.6107266435984,68.10596972309241,24.680824819946256,65.33138693755804,24.680824819946256,41.06760503254743
568,23.0,7.966604448462667,3.752773385070465,8.246211251235321,3.752773385070465,318.30434782608694,308.8695652173913,1692.5581507112647,68.34096953338072,32.19290894055546,70.73955730226378,32.19290894055546,46.4223414912321
569,20.0,7.848566748139434,3.0983866769659336,8.0,3.0983866769659336,2043.5,308.0,1471.789696270665,67.32839122178436,26.57929747397247,68.62745098039215,26.57929747397247,43.28905665034775
570,8.0,3.9722133299273006,2.6403638502198645,4.123105625617661,2.6403638502198645,654.375,309.75,588.715878508266,34.07535944790576,22.650180087670407,35.36977865113189,22.650180087670407,27.378403355031622
571,8.0,4.1204045563213505,2.4025541184843804,4.123105625617661,2.4025541184843804,623.625,310.25,588.715878508266,35.346607713541,20.610145624253263,35.36977865113189,20.610145624253263,27.378403355031622
572,19.0,6.445157368745343,3.782171577066278,6.324555320336759,3.782171577066278,648.578947368421,311.7368421052632,1398.2002114571317,55.28934017306054,32.44509931306856,54.254763777398665,32.44509931306856,42.192953255172434
573,36.0,9.574214136669083,4.871291963493972,9.486832980505138,4.871291963493972,734.9166666666666,311.44444444444446,2649.2214532871967,82.13173891750438,41.7880438044826,81.382145666098,41.7880438044826,58.07836401121015
574,15.0,5.258554520990449,3.5691337129452037,5.385164807134504,3.5691337129452037,304.93333333333334,313.26666666666665,1103.8422722029986,45.11014907712395,30.6175686159515,46.196266727869514,30.6175686159515,37.48942276506485
575,13.0,7.554371880072024,1.9753176197160076,7.0710678118654755,1.9753176197160076,698.5384615384615,315.2307692307692,956.6633025759322,64.80466073591197,16.94512663972065,60.65866995472834,16.94512663972065,34.900753239580105
576,18.0,5.258737584977436,4.268749491621899,5.385164807134504,4.268749491621899,2148.5,313.77777777777777,1324.6107266435984,45.1117194789731,36.61917456048198,46.196266727869514,36.61917456048198,41.06760503254743
577,51.0,20.276340684446428,7.604074566257269,14.866068747318506,7.604074566257269,2987.392156862745,315.54901960784315,3753.063725490196,173.9391970479473,65.23103181838344,127.52755052846757,65.23103181838344,69.1270799721527
578,21.0,5.425630528451305,4.962004663927373,6.324555320336759,4.962004663927373,626.0952380952381,315.57142857142856,1545.379181084198,46.543399141126386,42.56621647976913,54.254763777398665,42.56621647976913,44.35808322009493
579,35.0,16.97511409656567,2.949747720171884,15.132745950421556,2.949747720171884,2157.6,319.0285714285714,2575.6319684736636,145.61985131857804,25.304208383827433,129.8152226139104,25.304208383827433,57.26603919370345
580,16.0,6.0,3.4641016151377544,6.082762530298219,3.4641016151377544,2937.5,315.5,1177.431757016532,51.470588235294116,29.716557972995442,52.1805609216759,29.716557972995442,38.71890934080677
581,22.0,6.402478858785095,4.306443375391641,6.324555320336759,4.306443375391641,2970.2727272727275,315.5,1618.9686658977314,54.9232255042839,36.94252895556555,54.254763777398665,36.94252895556555,45.401945643823666
582,15.0,8.071560128676527,2.4415216976857885,7.280109889280518,2.4415216976857885,669.7333333333333,317.8666666666667,1103.8422722029986,69.24132463325452,20.94442632818691,62.451923069808366,20.94442632818691,37.48942276506485
583,23.0,6.648858297178542,4.687256884986656,7.0710678118654755,4.687256884986656,688.6521739130435,317.7826086956522,1692.5581507112647,57.03677460814926,40.20931151336592,60.65866995472834,40.20931151336592,46.4223414912321
584,6.0,3.265986323710904,2.0,3.1622776601683795,2.0,2766.5,317.0,441.53690888119945,28.017039541637658,17.15686274509804,27.127381888699333,17.15686274509804,23.710392820514492
585,6.0,3.265986323710904,2.0,3.1622776601683795,2.0,643.5,318.0,441.53690888119945,28.017039541637658,17.15686274509804,27.127381888699333,17.15686274509804,23.710392820514492
586,36.0,8.122897017306498,5.885221151057154,8.54400374531753,5.885221151057154,2956.1944444444443,319.0833333333333,2649.2214532871967,69.68171460924691,50.48596575661774,73.29414977600823,50.48596575661774,58.07836401121015
587,25.0,8.307474260684488,3.827096994859773,8.246211251235321,3.827096994859773,2847.04,320.64,1839.7371203383311,71.26509782449928,32.830488926493146,70.73955730226378,32.830488926493146,48.39863667600846
588,74.0,12.37507471595936,8.5405385214326,12.083045973594572,8.5405385214326,2908.554054054054,323.18918918918916,5445.6218762014605,106.15872918102393,73.26442359072082,103.65358065583578,73.26442359072082,83.26816303368871
589,24.0,9.354901896977342,3.3395324769488903,8.54400374531753,3.3395324769488903,2939.5,323.5,1766.1476355247978,80.25038392014876,28.647950169904696,73.29414977600823,28.647950169904696,47.420785641028985
590,20.0,7.731010827707835,3.198667157092813,7.280109889280518,3.198667157092813,2948.95,323.15,1471.789696270665,66.31994582592506,27.439546690747168,62.451923069808366,27.439546690747168,43.28905665034775
591,10.0,5.656854249492381,2.0,5.0990195135927845,2.0,2147.5,323.0,735.8948481353325,48.52693596378268,17.15686274509804,43.74158896464398,17.15686274509804,30.60998550862951
592,20.0,6.3118935352238,4.09878030638384,6.324555320336759,4.09878030638384,571.5,324.9,1471.789696270665,54.14614552275319,35.161105569469214,54.254763777398665,35.161105569469214,43.28905665034775
593,56.0,18.349575564112794,4.3958717976998045,17.029386365926403,4.3958717976998045,694.2321428571429,325.875,4121.011149557862,157.41057469214405,37.70968453909146,146.08542225672159,37.70968453909146,72.43644657143011
594,49.0,14.66184451246584,7.090824696455658,13.038404810405298,7.090824696455658,601.1020408163265,328.59183673469386,3605.884755863129,125.77562694517265,60.828153033320596,111.84906087357486,60.828153033320596,67.75809134641185
595,23.0,11.52353361520843,2.9389257476758757,10.44030650891055,2.9389257476758757,651.8260869565217,326.0,1692.5581507112647,98.85384228732723,25.211372835454814,89.561452895066,25.211372835454814,46.4223414912321
596,20.0,5.686046858244247,4.926344600801971,6.082762530298219,4.926344600801971,2139.75,326.5,1471.789696270665,48.77736275454624,42.2603090755071,52.1805609216759,42.2603090755071,43.28905665034775
597,9.0,4.0171906061502325,2.8906758369544234,4.123105625617661,2.8906758369544234,2164.8888888888887,325.8888888888889,662.3053633217992,34.461193925308365,24.79746428759922,35.36977865113189,24.79746428759922,29.039182005605074
598,24.0,7.8029951880935675,3.880426592403606,8.06225774829855,3.880426592403606,614.2916666666666,328.7083333333333,1766.1476355247978,66.9374587213909,33.28797321914858,69.16152480158068,33.28797321914858,47.420785641028985
599,10.0,4.843508650621465,2.7240455119830576,5.0990195135927845,2.7240455119830576,2972.6,328.1,735.8948481353325,41.54970656170374,23.368037480246816,43.74158896464398,23.368037480246816,30.60998550862951
600,24.0,9.232297275741665,4.161759551906931,9.219544457292887,4.161759551906931,640.75,331.3333333333333,1766.1476355247978,79.19862859092115,35.701368705083965,79.08922941305173,35.701368705083965,47.420785641028985
601,18.0,7.416721908507127,3.0395969654079673,7.0710678118654755,3.0395969654079673,710.8333333333334,331.1111111111111,1324.6107266435984,63.62383990140918,26.074973967960503,60.65866995472834,26.074973967960503,41.06760503254743
602,118.0,25.666115315839804,10.17453372332844,22.02271554554524,10.17453372332844,2988.093220338983,336.27966101694915,8683.559207996923,220.17500883686105,87.28153929325866,188.92035394462826,87.28153929325866,105.14875325696639
603,12.0,6.831300510639732,2.0,6.082762530298219,2.0,561.5,331.5,883.0738177623989,58.60184261578201,17.15686274509804,52.1805609216759,17.15686274509804,33.53155909596526
604,13.0,4.296689244236598,3.904177704753699,4.47213595499958,3.904177704753699,664.6153846153846,330.2307692307692,956.6633025759322,36.85885381085317,33.491720506465555,38.36391137867286,33.491720506465555,34.900753239580105
605,14.0,8.246211251235321,1.9794866372215747,8.0,1.9794866372215747,2115.5,329.42857142857144,1030.2527873894655,70.73955730226378,16.980890270283115,68.62745098039215,16.980890270283115,36.218223285715055
606,51.0,27.8104576311999,3.4157368661273906,24.186773244895647,3.4157368661273906,2955.3529411764707,340.94117647058823,3753.063725490196,238.5701022284305,29.301664292759476,207.48457440474206,29.301664292759476,69.1270799721527
607,72.0,14.906957792465,7.473319918766687,17.204650534085253,7.473319918766687,627.4305555555555,339.68055555555554,5298.442906574393,127.87831439614584,64.10936204824364,147.58891389533918,64.10936204824364,82.13521006509487
608,6.0,3.1269438398822857,2.309401076758503,3.1622776601683795,2.309401076758503,2094.1666666666665,334.1666666666667,441.53690888119945,26.824273136245097,19.811038648663626,27.127381888699333,19.811038648663626,23.710392820514492
609,31.0,7.03815689055286,5.716529333921642,7.280109889280518,5.716529333921642,2972.6129032258063,336.741935483871,2281.274029219531,60.37634587484071,49.03885458021016,62.451923069808366,49.03885458021016,53.8944408988476
610,14.0,4.20883424647321,4.120630029101703,4.47213595499958,4.120630029101703,715.5,336.7142857142857,1030.2527873894655,36.1051957418045,35.34854191631362,38.36391137867286,35.34854191631362,36.218223285715055
611,103.0,14.202960294671838,10.475675172267417,16.1245154965971,10.475675172267417,2108.3106796116504,342.99029126213594,7579.716935793925,121.83912017488096,89.86486054641166,138.32304960316137,89.86486054641166,98.23850310462105
612,25.0,7.817898105420974,4.180008279089308,8.246211251235321,4.180008279089308,2152.64,338.28,1839.7371203383311,67.06530237493482,35.857914158854356,70.73955730226378,35.857914158854356,48.39863667600846
613,15.0,8.701579641278252,1.9816549121722193,8.06225774829855,1.9816549121722193,558.5333333333333,339.73333333333335,1103.8422722029986,74.6459037854752,16.999490668144038,69.16152480158068,16.999490668144038,37.48942276506485
614,48.0,9.898091847534161,7.118052168020874,9.848857801796104,7.118052168020874,2131.5,339.2916666666667,3532.2952710495956,84.91010163325873,61.06172202959083,84.48775075070186,61.06172202959083,67.06311819193051
615,39.0,7.569379131982814,6.624201232044111,8.06225774829855,6.624201232044111,2141.5384615384614,339.2307692307692,2869.9899077277964,64.93339941651924,56.82525566704507,69.16152480158068,56.82525566704507,60.449877833376824
616,12.0,4.894994431930091,2.9693109114996994,5.0990195135927845,2.9693109114996994,2896.1666666666665,337.0833333333333,883.0738177623989,41.99137380332186,25.472029878061146,43.74158896464398,25.472029878061146,33.53155909596526
617,7.0,3.6486656040768595,2.5058084612197162,4.0,2.5058084612197162,615.8571428571429,339.42857142857144,515.1263936947328,31.29982748595345,21.495905917325995,34.31372549019608,21.495905917325995,25.610151287857633
618,10.0,4.079215610874227,3.224903099319419,4.123105625617661,3.224903099319419,2169.4,339.5,735.8948481353325,34.993271171715186,27.664609920632273,35.36977865113189,27.664609920632273,30.60998550862951
619,9.0,6.545506211474515,1.7272836852629923,5.830951894845301,1.7272836852629923,2855.777777777778,340.44444444444446,662.3053633217992,56.15017583372745,14.817384554952138,50.02042066656508,14.817384554952138,29.039182005605074
620,12.0,4.379650052432559,3.672238021274514,4.47213595499958,3.672238021274514,646.25,345.25,883.0738177623989,37.57052741057342,31.502041849168624,38.36391137867286,31.502041849168624,33.53155909596526
621,88.0,29.253331715592218,4.799365150889849,29.154759474226502,4.799365150889849,2176.090909090909,359.35227272727275,6475.874663590926,250.9476985406195,41.171024578711936,250.10210333282538,41.171024578711936,90.80389128764733
622,8.0,3.4641016151377544,2.7386127875258306,3.605551275463989,2.7386127875258306,2238.125,345.125,588.715878508266,29.716557972995442,23.493001853775507,30.929974176774415,23.493001853775507,27.378403355031622
623,23.0,7.085787030874366,4.1007556404009,7.280109889280518,4.1007556404009,587.7391304347826,346.7826086956522,1692.5581507112647,60.78493776485363,35.17805083677242,62.451923069808366,35.17805083677242,46.4223414912321
624,210.0,34.621436363242225,12.47815138791807,34.92849839314596,12.47815138791807,2152.0809523809526,360.93809523809523,15453.791810841982,296.9976158611465,107.04296533753245,299.6317264117913,107.04296533753245,140.27257561479607
625,26.0,12.401049031226613,4.1525376246254595,11.40175425099138,4.1525376246254595,2900.8076923076924,347.65384615384613,1913.3266051518644,106.381548061993,35.62225903477722,97.80916636879859,35.62225903477722,49.357118568450915
626,12.0,6.831300510639732,2.0,6.082762530298219,2.0,2971.5,347.5,883.0738177623989,58.60184261578201,17.15686274509804,52.1805609216759,17.15686274509804,33.53155909596526
627,10.0,4.079215610874228,3.22490309931942,4.123105625617661,3.22490309931942,3006.5,346.6,735.8948481353325,34.99327117171519,27.66460992063228,35.36977865113189,27.66460992063228,30.60998550862951
628,8.0,3.4641016151377544,2.8284271247461903,4.0,2.8284271247461903,617.0,347.5,588.715878508266,29.716557972995442,24.26346798189134,34.31372549019608,24.26346798189134,27.378403355031622
629,542.0,69.25358014583496,23.88812863181199,66.2117814289874,23.88812863181199,2986.0332103321034,373.5848708487085,39885.50076893502,594.0870845843685,204.92267208662247,567.9932230427839,204.92267208662247,225.35270075117174
630,10.0,5.075562357094394,2.560989410217544,5.0990195135927845,2.560989410217544,509.7,350.3,735.8948481353325,43.540363357427395,21.96927190137599,43.74158896464398,21.96927190137599,30.60998550862951
631,8.0,4.47213595499958,2.0,4.123105625617661,2.0,2207.5,349.5,588.715878508266,38.36391137867286,17.15686274509804,35.36977865113189,17.15686274509804,27.378403355031622
632,7.0,3.0237157840738176,2.799416848895061,3.1622776601683795,2.799416848895061,2233.285714285714,350.0,515.1263936947328,25.938738343770492,24.014605321403707,27.127381888699333,24.014605321403707,25.610151287857633
633,15.0,7.734318207931477,2.650427569827944,7.0710678118654755,2.650427569827944,2979.4666666666667,349.73333333333335,1103.8422722029986,66.3483179601965,22.736511015680893,60.65866995472834,22.736511015680893,37.48942276506485
634,48.0,10.061151013952033,6.035972373750081,10.198039027185569,6.035972373750081,3011.6666666666665,353.3125,3532.2952710495956,86.3088935020395,51.779174774816866,87.48317792928796,51.779174774816866,67.06311819193051
635,17.0,9.261451458356774,2.4304686346783333,8.246211251235321,2.4304686346783333,548.6470588235294,353.29411764705884,1251.0212418300653,79.44872574570762,20.849608385720995,70.73955730226378,20.849608385720995,39.910538230215145
636,12.0,6.831300510639732,2.0,6.082762530298219,2.0,2167.5,355.5,883.0738177623989,58.60184261578201,17.15686274509804,52.1805609216759,17.15686274509804,33.53155909596526
637,50.0,17.67991735617746,5.86376349102988,15.524174696260024,5.86376349102988,2197.72,360.42,3679.4742406766622,151.66595771230664,50.301892692658285,133.17306724732865,50.301892692658285,68.44600838757906
638,57.0,14.826881379433472,5.544956010626062,15.132745950421556,5.544956010626062,2737.9298245614036,359.0175438596491,4194.600634371395,127.19138438239497,47.56702460095886,129.8152226139104,47.56702460095886,73.08033875933731
639,8.0,3.4641016151377544,2.7386127875258306,3.605551275463989,2.7386127875258306,31.125,357.875,588.715878508266,29.716557972995442,23.493001853775507,30.929974176774415,23.493001853775507,27.378403355031622
640,12.0,6.831300510639732,2.0,6.082762530298219,2.0,2963.5,357.5,883.0738177623989,58.60184261578201,17.15686274509804,52.1805609216759,17.15686274509804,33.53155909596526
641,14.0,5.449353665897314,3.145851452097728,5.385164807134504,3.145851452097728,2241.0714285714284,361.85714285714283,1030.2527873894655,46.74690644764852,26.98647079005404,46.196266727869514,26.98647079005404,36.218223285715055
642,6.0,3.265986323710904,2.0,3.1622776601683795,2.0,2726.0,360.5,441.53690888119945,28.017039541637658,17.15686274509804,27.127381888699333,17.15686274509804,23.710392820514492
643,8.0,4.47213595499958,2.0,4.123105625617661,2.0,2968.5,361.5,588.715878508266,38.36391137867286,17.15686274509804,35.36977865113189,17.15686274509804,27.378403355031622
644,25.0,6.658544115095981,5.982624028578152,7.280109889280518,5.982624028578152,541.68,363.64,1839.7371203383311,57.11986373244101,51.32152965692042,62.451923069808366,51.32152965692042,48.39863667600846
645,12.0,6.831300510639732,2.0,6.082762530298219,2.0,2163.5,363.5,883.0738177623989,58.60184261578201,17.15686274509804,52.1805609216759,17.15686274509804,33.53155909596526
646,5.0,3.098386676965933,1.7888543819998317,3.1622776601683795,1.7888543819998317,2913.6,362.2,367.94742406766625,26.579297473972463,15.345564551469144,27.127381888699333,15.345564551469144,21.644528325173876
647,30.0,11.585891874775106,3.3583062065766645,12.165525060596439,3.3583062065766645,2974.366666666667,367.06666666666666,2207.6845444059973,99.38877833753155,28.808999321123345,104.3611218433518,28.808999321123345,53.01805011989337
648,20.0,8.601555790749929,2.9552052346015483,8.06225774829855,2.9552052346015483,2210.7,363.2,1471.789696270665,73.78785604809988,25.351025296827007,69.16152480158068,25.351025296827007,43.28905665034775
649,14.0,4.20883424647321,4.120630029101703,4.47213595499958,4.120630029101703,2936.285714285714,363.5,1030.2527873894655,36.1051957418045,35.34854191631362,38.36391137867286,35.34854191631362,36.218223285715055
650,25.0,8.138267046388808,4.482388814199629,7.615773105863909,4.482388814199629,2949.52,365.12,1839.7371203383311,69.8135653489236,38.451864827692894,65.33138693755804,38.451864827692894,48.39863667600846
651,8.0,4.507893913753563,2.104493398028036,4.47213595499958,2.104493398028036,693.875,365.75,588.715878508266,38.67065857386635,18.053252188965995,38.36391137867286,18.053252188965995,27.378403355031622
652,101.0,19.219472987648754,7.187433921520682,18.788294228055936,7.187433921520682,2739.5247524752476,373.28712871287127,7432.537966166858,164.8729300411045,61.65690864049605,161.1740926426367,61.65690864049605,97.28005576514096
653,23.0,8.879990161010365,3.210955619125892,8.246211251235321,3.210955619125892,2924.3478260869565,365.95652173913044,1692.5581507112647,76.17638618513793,27.544962418972112,70.73955730226378,27.544962418972112,46.4223414912321
654,33.0,10.845518956498696,4.251296838435097,11.40175425099138,4.251296838435097,2728.6969696969695,371.1818181818182,2428.452998846597,93.03754006800351,36.469458172850096,97.80916636879859,36.469458172850096,55.60580007847273
655,24.0,12.861195179073563,4.147381062415897,10.770329614269007,4.147381062415897,2944.5416666666665,369.7916666666667,1766.1476355247978,110.32888021264085,35.57802381974421,92.39253345573903,35.57802381974421,47.420785641028985
656,129.0,20.654995036767072,10.340207204734167,21.95449840010015,10.340207204734167,2137.8527131782944,378.1860465116279,9493.04354094579,177.18745742324694,88.70275788374897,188.33515784399637,88.70275788374897,109.94056869789587
657,53.0,13.522919767290633,5.622007387234202,13.0,5.622007387234202,2190.698113207547,374.77358490566036,3900.242695117262,116.00543918018924,48.22800454735222,111.51960784313725,48.22800454735222,70.4694786985408
658,22.0,10.028769564637555,3.0346177661019476,9.848857801796104,3.0346177661019476,2215.4545454545455,373.5,1618.9686658977314,86.03111146135157,26.03226024842357,84.48775075070186,26.03226024842357,45.401945643823666
659,8.0,3.4641016151377544,2.7386127875258306,3.605551275463989,2.7386127875258306,2873.875,369.875,588.715878508266,29.716557972995442,23.493001853775507,30.929974176774415,23.493001853775507,27.378403355031622
660,9.0,4.277662731533559,2.643019518000728,4.123105625617661,2.643019518000728,2923.3333333333335,373.55555555555554,662.3053633217992,36.69563617737122,22.67296155147683,35.36977865113189,22.67296155147683,29.039182005605074
661,60.0,15.60237706914016,5.778624097398617,14.866068747318506,5.778624097398617,527.05,376.25,4415.3690888119945,133.84392093625138,49.57153024729205,127.52755052846757,49.57153024729205,74.9788455301297
662,6.0,3.265986323710904,2.0,3.1622776601683795,2.0,543.0,373.5,441.53690888119945,28.017039541637658,17.15686274509804,27.127381888699333,17.15686274509804,23.710392820514492
663,5.0,2.5298221281347035,2.5298221281347035,3.0,2.5298221281347035,2225.0,374.0,367.94742406766625,21.701905510959467,21.701905510959467,25.735294117647058,21.701905510959467,21.644528325173876
664,5.0,3.098386676965933,1.7888543819998317,3.1622776601683795,1.7888543819998317,2715.6,376.8,367.94742406766625,26.579297473972463,15.345564551469144,27.127381888699333,15.345564551469144,21.644528325173876
665,24.0,9.16515138991168,3.265986323710904,8.246211251235321,3.265986323710904,2915.0,379.5,1766.1476355247978,78.6226222173796,28.017039541637658,70.73955730226378,28.017039541637658,47.420785641028985
666,9.0,3.885753375057407,2.7954428906961324,4.123105625617661,2.7954428906961324,2968.3333333333335,377.1111111111111,662.3053633217992,33.3336686585807,23.98051499371682,35.36977865113189,23.98051499371682,29.039182005605074
667,23.0,7.221714596396268,4.0848693686452835,7.280109889280518,4.0848693686452835,2849.3478260869565,380.5217391304348,1692.5581507112647,61.950983057320926,35.04177154475121,62.451923069808366,35.04177154475121,46.4223414912321
668,12.0,6.831300510639732,2.0,6.082762530298219,2.0,2891.5,379.5,883.0738177623989,58.60184261578201,17.15686274509804,52.1805609216759,17.15686274509804,33.53155909596526
669,25.0,6.624077294235025,4.8,7.0710678118654755,4.8,2722.0,381.76,1839.7371203383311,56.824192475055355,41.17647058823529,60.65866995472834,41.17647058823529,48.39863667600846
670,9.0,3.885753375057407,2.7954428906961324,4.123105625617661,2.7954428906961324,2992.3333333333335,381.8888888888889,662.3053633217992,33.3336686585807,23.98051499371682,35.36977865113189,23.98051499371682,29.039182005605074
671,6.0,3.265986323710904,2.0,3.1622776601683795,2.0,2222.0,383.5,441.53690888119945,28.017039541637658,17.15686274509804,27.127381888699333,17.15686274509804,23.710392820514492
672,35.0,8.940842992479896,5.725355354103525,8.94427190999916,5.725355354103525,2956.8285714285716,385.2,2575.6319684736636,76.6984080237246,49.114567988633176,76.72782275734572,49.114567988633176,57.26603919370345
673,28.0,10.388977435025831,3.517850238924859,9.219544457292887,3.517850238924859,2945.8928571428573,385.07142857142856,2060.505574778931,89.12112995732943,30.177636853522074,79.08922941305173,30.177636853522074,51.220302575715266
674,11.0,6.410747983365109,1.964939688573319,6.082762530298219,1.964939688573319,507.54545454545456,387.27272727272725,809.4843329488657,54.99416162200461,16.85610026962406,52.1805609216759,16.85610026962406,32.10402364381074
675,37.0,17.825827797556673,5.677115190763422,16.15549442140351,5.677115190763422,2198.189189189189,391.81081081081084,2722.8109381007303,152.91764042021654,48.70074305801955,138.58880018360853,48.70074305801955,58.87948273806829
676,23.0,6.351993867043364,4.750087055216578,6.708203932499369,4.750087055216578,2133.6521739130435,389.6521739130435,1692.5581507112647,54.490143467283765,40.74829581680888,57.545867068009294,40.74829581680888,46.4223414912321
677,13.0,7.554371880072024,1.9753176197160076,7.0710678118654755,1.9753176197160076,2891.769230769231,389.53846153846155,956.6633025759322,64.80466073591197,16.94512663972065,60.65866995472834,16.94512663972065,34.900753239580105
678,5.0,3.098386676965933,1.7888543819998317,3.1622776601683795,1.7888543819998317,2936.6,389.8,367.94742406766625,26.579297473972463,15.345564551469144,27.127381888699333,15.345564551469144,21.644528325173876
679,13.0,7.554371880072024,1.9753176197160076,7.0710678118654755,1.9753176197160076,2869.5384615384614,395.2307692307692,956.6633025759322,64.80466073591197,16.94512663972065,60.65866995472834,16.94512663972065,34.900753239580105
680,7.0,3.648665604076859,2.505808461219716,4.0,2.505808461219716,2967.5714285714284,392.85714285714283,515.1263936947328,31.299827485953447,21.49590591732599,34.31372549019608,21.49590591732599,25.610151287857633
681,10.0,5.656854249492381,2.0,5.0990195135927845,2.0,2227.5,396.0,735.8948481353325,48.52693596378268,17.15686274509804,43.74158896464398,17.15686274509804,30.60998550862951
682,9.0,4.277662731533559,2.643019518000728,4.123105625617661,2.643019518000728,2960.3333333333335,395.55555555555554,662.3053633217992,36.69563617737122,22.67296155147683,35.36977865113189,22.67296155147683,29.039182005605074
683,60.0,14.899052672223807,9.786408177970928,14.560219778561036,9.786408177970928,2190.4333333333334,399.95,4415.3690888119945,127.810500864665,83.9520309384761,124.90384613961673,83.9520309384761,74.9788455301297
684,29.0,13.145001626825076,3.3036412019962262,11.661903789690601,3.3036412019962262,2938.689655172414,400.7931034482759,2134.095059592464,112.76349434776412,28.34005933084998,100.04084133313016,28.34005933084998,52.12692698818601
685,26.0,8.867979744320925,4.2256332867905275,9.055385138137417,4.2256332867905275,506.4230769230769,400.53846153846155,1913.3266051518644,76.07335564981186,36.249305156291285,77.68099995951215,36.249305156291285,49.357118568450915
686,61.0,16.366736574689803,6.024751509431318,15.524174696260024,6.024751509431318,517.7868852459017,405.0983606557377,4488.958573625528,140.40092649856447,51.682917360317674,133.17306724732865,51.682917360317674,75.6010872826238
687,17.0,6.585670706008097,3.1796084995103278,6.324555320336759,3.1796084995103278,491.05882352941177,403.3529411764706,1251.0212418300653,56.494724193696904,27.27605330462291,54.254763777398665,27.27605330462291,39.910538230215145
688,17.0,5.8487650121869175,3.6612026138446656,6.082762530298219,3.6612026138446656,2865.705882352941,403.7647058823529,1251.0212418300653,50.1732292712113,31.40737536386355,52.1805609216759,31.40737536386355,39.910538230215145
689,6.0,3.265986323710904,2.0,3.1622776601683795,2.0,497.0,403.5,441.53690888119945,28.017039541637658,17.15686274509804,27.127381888699333,17.15686274509804,23.710392820514492
690,98.0,23.53434851658038,9.001013182828746,21.470910553583888,9.001013182828746,2239.1326530612246,414.16326530612247,7211.769511726258,201.8877936471356,77.21457387230542,184.18673269005785,77.21457387230542,95.82441174261068
691,18.0,5.031134368678197,4.599654635597568,5.385164807134504,4.599654635597568,2971.8888888888887,409.1666666666667,1324.6107266435984,43.15924090777865,39.4578216289007,46.196266727869514,39.4578216289007,41.06760503254743
692,14.0,8.246211251235321,1.9794866372215747,8.0,1.9794866372215747,2905.4285714285716,411.5,1030.2527873894655,70.73955730226378,16.980890270283115,68.62745098039215,16.980890270283115,36.218223285715055
693,25.0,7.236119379022768,4.395290244401516,7.280109889280518,4.395290244401516,2920.48,411.36,1839.7371203383311,62.074553496518845,37.70469572403261,62.451923069808366,37.70469572403261,48.39863667600846
694,6.0,3.265986323710904,2.0,3.1622776601683795,2.0,2955.5,409.0,441.53690888119945,28.017039541637658,17.15686274509804,27.127381888699333,17.15686274509804,23.710392820514492
695,109.0,17.686448656335074,10.822557674381661,19.4164878389476,10.822557674381661,2207.2844036697247,415.95412844036696,8021.253844675124,151.72198602248224,92.8405682851368,166.5630084223446,92.8405682851368,101.0593203021856
696,12.0,6.831300510639732,2.0,6.082762530298219,2.0,2947.5,411.5,883.0738177623989,58.60184261578201,17.15686274509804,52.1805609216759,17.15686274509804,33.53155909596526
697,18.0,6.831300510639733,3.555555555555555,6.708203932499369,3.555555555555555,2960.8888888888887,411.94444444444446,1324.6107266435984,58.60184261578202,30.50108932461873,57.545867068009294,30.50108932461873,41.06760503254743
698,18.0,5.258737584977436,4.268749491621899,5.385164807134504,4.268749491621899,507.77777777777777,411.5,1324.6107266435984,45.1117194789731,36.61917456048198,46.196266727869514,36.61917456048198,41.06760503254743
699,127.0,16.454784076252047,15.45488027227673,18.439088914585774,15.45488027227673,2193.2047244094488,423.7716535433071,9345.864571318722,141.15623594824058,132.57862978668763,158.17845882610345,132.57862978668763,109.08498706535678
700,5.0,3.098386676965933,1.7888543819998317,3.1622776601683795,1.7888543819998317,2862.8,413.4,367.94742406766625,26.579297473972463,15.345564551469144,27.127381888699333,15.345564551469144,21.644528325173876
701,6.0,6.831300510639732,0.0,6.0,0.0,2875.5,414.0,441.53690888119945,58.60184261578201,0.0,51.470588235294116,0.0,23.710392820514492
702,13.0,7.554371880072024,1.9753176197160076,7.0710678118654755,1.9753176197160076,541.5384615384615,419.2307692307692,956.6633025759322,64.80466073591197,16.94512663972065,60.65866995472834,16.94512663972065,34.900753239580105
703,21.0,8.74611528735609,3.920384287095768,8.06225774829855,3.920384287095768,518.2857142857143,420.2857142857143,1545.379181084198,75.02794976898606,33.63074756087056,69.16152480158068,33.63074756087056,44.35808322009493
704,11.0,6.1592216015262125,2.2740772369956574,5.830951894845301,2.2740772369956574,527.0,420.1818181818182,809.4843329488657,52.836459817014074,19.50801551344314,50.02042066656508,19.50801551344314,32.10402364381074
705,15.0,4.822171018673366,4.0,5.0990195135927845,4.0,2871.2,422.2,1103.8422722029986,41.36666315038426,34.31372549019608,43.74158896464398,34.31372549019608,37.48942276506485
706,26.0,7.792104273996989,4.58376718802836,7.615773105863909,4.58376718802836,2933.423076923077,423.53846153846155,1913.3266051518644,66.84403176222906,39.32153225024328,65.33138693755804,39.32153225024328,49.357118568450915
707,73.0,13.65369164547093,7.614149873206027,13.892443989449804,7.614149873206027,2962.917808219178,425.75342465753425,5372.032391387927,117.12725676261827,65.31746214760072,119.17537736047626,65.31746214760072,82.70362660561574
708,18.0,6.831300510639732,3.265986323710904,6.324555320336759,3.265986323710904,2915.5,425.0,1324.6107266435984,58.60184261578201,28.017039541637658,54.254763777398665,28.017039541637658,41.06760503254743
709,15.0,8.701579641278252,1.9816549121722193,8.06225774829855,1.9816549121722193,2952.5333333333333,427.73333333333335,1103.8422722029986,74.6459037854752,16.999490668144038,69.16152480158068,16.999490668144038,37.48942276506485
710,19.0,8.335562373246454,3.422729294290589,7.615773105863909,3.422729294290589,2211.3684210526317,428.0,1398.2002114571317,71.50604977049653,29.361648357884956,65.33138693755804,29.361648357884956,42.192953255172434
711,32.0,11.508149286483905,5.291502622129181,10.44030650891055,5.291502622129181,2243.5,430.8125,2354.863514033064,98.72186887915115,45.39279210159837,89.561452895066,45.39279210159837,54.756806710063245
712,31.0,7.8355068475253224,5.123170110832491,8.06225774829855,5.123170110832491,2938.7096774193546,430.2258064516129,2281.274029219531,67.2163577606339,43.94876320567087,69.16152480158068,43.94876320567087,53.8944408988476
713,36.0,13.344887164121292,7.136268790893671,12.806248474865697,7.136268790893671,504.02777777777777,435.8611111111111,2649.2214532871967,114.4781987118248,61.21799207874472,109.85752368144593,61.21799207874472,58.07836401121015
714,31.0,14.05011783598526,3.5084282988134836,12.165525060596439,3.5084282988134836,2229.3225806451615,433.5806451612903,2281.274029219531,120.5279716322265,30.096811386880372,104.3611218433518,30.096811386880372,53.8944408988476
715,54.0,18.849629019704878,5.3651434541071215,17.08800749063506,5.3651434541071215,2924.722222222222,434.48148148148147,3973.8321799307955,161.70024894354674,46.02451492493854,146.58829955201645,46.02451492493854,71.13117846154347
716,113.0,21.66672518043299,9.460005262698479,21.633307652783937,9.460005262698479,2975.380530973451,435.6106194690266,8315.611783929256,185.86651502822417,81.15200593001146,185.5798450606465,81.15200593001146,102.89691300070739
717,70.0,16.271157070465183,6.224675930953654,17.08800749063506,6.224675930953654,487.1,437.5,5151.263936947327,139.5810042809513,53.3979552900436,146.58829955201645,53.3979552900436,80.98640929112464
718,24.0,9.914730831329624,3.0190692620323314,10.04987562112089,3.0190692620323314,530.75,432.875,1766.1476355247978,85.05283801385707,25.898878473316568,86.212168318439,25.898878473316568,47.420785641028985
719,16.0,8.287431289320327,2.4507106366918165,7.615773105863909,2.4507106366918165,547.375,435.9375,1177.431757016532,71.09316057014986,21.02325301083666,65.33138693755804,21.02325301083666,38.71890934080677
720,35.0,17.44931220114429,3.2088960580047825,15.524174696260024,3.2088960580047825,572.3714285714286,440.4,2575.6319684736636,149.68772721569857,27.527294615237103,133.17306724732865,27.527294615237103,57.26603919370345
721,218.0,34.36758994486045,12.729475175849174,36.61966684720111,12.729475175849174,2222.7155963302753,449.5275229357798,16042.507689350248,294.8200117818911,109.1989292045885,314.1392989343232,109.1989292045885,142.91946137555755
722,28.0,8.261789578657956,5.448083008562085,8.94427190999916,5.448083008562085,2909.6428571428573,437.0357142857143,2060.505574778931,70.87319491495795,46.736006200900235,76.72782275734572,46.736006200900235,51.220302575715266
723,12.0,5.485458865381723,2.6496890661577943,5.385164807134504,2.6496890661577943,519.9166666666666,435.0833333333333,883.0738177623989,47.05663242361772,22.730175812628136,46.196266727869514,22.730175812628136,33.53155909596526
724,150.0,18.64781405134169,11.967935308608075,21.95449840010015,11.967935308608075,2329.0866666666666,443.32666666666665,11038.422722029987,159.96899308749,102.66611171600064,188.33515784399637,102.66611171600064,118.55196410257246
725,37.0,18.509597663027893,6.641254593660298,16.401219466856727,6.641254593660298,2935.5405405405404,441.43243243243245,2722.8109381007303,158.7833132857785,56.97154675934079,140.69673562254545,56.97154675934079,58.87948273806829
726,69.0,10.128696048081853,9.266466606215163,11.661903789690601,9.266466606215163,2947.985507246377,440.7826086956522,5077.674452133794,86.88832394187864,79.491747847434,100.04084133313016,79.491747847434,80.40585406912676
727,26.0,10.196198095690336,3.3585931494803947,9.486832980505138,3.3585931494803947,556.6538461538462,442.15384615384613,1913.3266051518644,87.46738562479455,28.811460841130835,81.382145666098,28.811460841130835,49.357118568450915
728,72.0,20.191235052745803,5.802496472758442,19.72308292331602,5.802496472758442,2955.902777777778,446.55555555555554,5298.442906574393,173.20912422698606,49.77631778101604,169.19311331275998,49.77631778101604,82.13521006509487
729,12.0,5.294328785763616,2.862220279862641,5.0990195135927845,2.862220279862641,537.9166666666666,441.25,883.0738177623989,45.41703615238396,24.553360243919713,43.74158896464398,24.553360243919713,33.53155909596526
730,18.0,6.831300510639732,3.265986323710904,6.324555320336759,3.265986323710904,2894.0,443.5,1324.6107266435984,58.60184261578201,28.017039541637658,54.254763777398665,28.017039541637658,41.06760503254743
731,5.0,5.656854249492381,0.0,5.0,0.0,2246.0,444.0,367.94742406766625,48.52693596378268,0.0,42.8921568627451,0.0,21.644528325173876
732,6.0,3.265986323710904,2.0,3.1622776601683795,2.0,2233.0,443.5,441.53690888119945,28.017039541637658,17.15686274509804,27.127381888699333,17.15686274509804,23.710392820514492
733,12.0,7.141921394560869,1.9130147570210732,7.0710678118654755,1.9130147570210732,500.0,447.5,883.0738177623989,61.26648255138,16.410665807778813,60.65866995472834,16.410665807778813,33.53155909596526
734,10.0,5.0228248744557495,2.508232501294206,5.0990195135927845,2.508232501294206,2238.7,448.8,735.8948481353325,43.08795848185079,21.516700378749317,43.74158896464398,21.516700378749317,30.60998550862951
735,12.0,5.047568218478904,3.156976326209329,5.0990195135927845,3.156976326209329,2911.8333333333335,448.4166666666667,883.0738177623989,43.300217560480796,27.081904759148657,43.74158896464398,27.081904759148657,33.53155909596526
736,5.0,2.5298221281347035,2.5298221281347035,3.0,2.5298221281347035,545.0,449.0,367.94742406766625,21.701905510959467,21.701905510959467,25.735294117647058,21.701905510959467,21.644528325173876
737,14.0,7.223425730278744,2.471403448419801,6.708203932499369,2.471403448419801,491.5,451.5,1030.2527873894655,61.96566190190099,21.200764876150252,57.545867068009294,21.200764876150252,36.218223285715055
738,66.0,11.954971406847724,10.100625919668296,13.038404810405298,10.100625919668296,2251.8636363636365,454.25757575757575,4856.905997693194,102.554901774429,86.6475262716643,111.84906087357486,86.6475262716643,78.63847661758305
739,12.0,6.831300510639732,2.0,6.082762530298219,2.0,2923.5,451.5,883.0738177623989,58.60184261578201,17.15686274509804,52.1805609216759,17.15686274509804,33.53155909596526
740,27.0,16.79609454362185,2.5933043180671684,14.317821063276353,2.5933043180671684,2930.4444444444443,455.48148148148147,1986.9160899653978,144.0841443693051,22.246483120674238,122.82444539575303,22.246483120674238,50.29733864394788
741,6.0,3.8297084310253524,1.8856180831641272,3.605551275463989,1.8856180831641272,511.0,451.1666666666667,441.53690888119945,32.852890952423365,16.175645321260895,30.929974176774415,16.175645321260895,23.710392820514492
742,8.0,3.4641016151377544,2.8284271247461903,4.0,2.8284271247461903,2905.0,451.5,588.715878508266,29.716557972995442,24.26346798189134,34.31372549019608,24.26346798189134,27.378403355031622
743,16.0,4.69041575982343,4.415880433163924,5.0990195135927845,4.415880433163924,593.125,453.375,1177.431757016532,40.23640970436765,37.881327245278754,43.74158896464398,37.881327245278754,38.71890934080677
744,14.0,5.145572204288673,3.4835802830437244,5.0990195135927845,3.4835802830437244,2912.0714285714284,454.7142857142857,1030.2527873894655,44.14093802698616,29.88365438885548,43.74158896464398,29.88365438885548,36.218223285715055
745,20.0,6.2906103577220325,3.9734394832840088,6.324555320336759,3.9734394832840088,2943.3,454.5,1471.789696270665,53.96356924516449,34.08587792032851,54.254763777398665,34.08587792032851,43.28905665034775
746,11.0,3.9999999999999996,3.468869823334348,4.123105625617661,3.468869823334348,2872.6363636363635,455.54545454545456,809.4843329488657,34.31372549019607,29.757461719779947,35.36977865113189,29.757461719779947,32.10402364381074
747,12.0,6.831300510639732,2.0,6.082762530298219,2.0,2856.5,459.5,883.0738177623989,58.60184261578201,17.15686274509804,52.1805609216759,17.15686274509804,33.53155909596526
748,12.0,6.831300510639732,2.0,6.082762530298219,2.0,2995.5,459.5,883.0738177623989,58.60184261578201,17.15686274509804,52.1805609216759,17.15686274509804,33.53155909596526
749,8.0,3.4641016151377544,3.3166247903554,4.123105625617661,3.3166247903554,2952.75,459.5,588.715878508266,29.716557972995442,28.451438152558577,35.36977865113189,28.451438152558577,27.378403355031622
750,10.0,5.0228248744557495,2.5082325012942057,5.0990195135927845,2.5082325012942057,501.7,463.2,735.8948481353325,43.08795848185079,21.516700378749313,43.74158896464398,21.516700378749313,30.60998550862951
751,17.0,5.6871994758893925,3.8790160584420166,6.082762530298219,3.8790160584420166,510.6470588235294,462.1764705882353,1251.0212418300653,48.7872504059139,33.27587305036044,52.1805609216759,33.27587305036044,39.910538230215145
752,15.0,8.701579641278252,1.9816549121722193,8.06225774829855,1.9816549121722193,2274.733333333333,461.53333333333336,1103.8422722029986,74.6459037854752,16.999490668144038,69.16152480158068,16.999490668144038,37.48942276506485
753,16.0,6.97032909177562,2.879151325016879,7.0710678118654755,2.879151325016879,2323.8125,461.8125,1177.431757016532,59.79448975787909,24.698602052840872,60.65866995472834,24.698602052840872,38.71890934080677
754,98.0,12.768042914659597,9.986203923453486,13.92838827718412,9.986203923453486,2951.561224489796,468.31632653061223,7211.769511726258,109.52977990516811,85.66596502962548,119.48372296604023,85.66596502962548,95.82441174261068
755,5.0,3.098386676965933,1.7888543819998317,3.1622776601683795,1.7888543819998317,2808.4,464.8,367.94742406766625,26.579297473972463,15.345564551469144,27.127381888699333,15.345564551469144,21.644528325173876
756,19.0,7.347338259627431,3.178877656956105,7.0710678118654755,3.178877656956105,2939.684210526316,465.0,1398.2002114571317,63.02863703111767,27.26978382192737,60.65866995472834,27.26978382192737,42.192953255172434
757,20.0,7.221277198380035,4.139221620565464,7.211102550927978,4.139221620565464,494.4,468.1,1471.789696270665,61.94723086845618,35.50802860779197,61.85994835354883,35.50802860779197,43.28905665034775
758,133.0,17.147239791379164,12.280029403120317,19.235384061671343,12.280029403120317,518.2481203007519,474.2481203007519,9787.401480199922,147.09641977898792,105.34338948755173,165.00942209767084,105.34338948755173,111.63206139255946
759,11.0,6.410747983365109,1.964939688573319,6.082762530298219,1.964939688573319,531.5454545454545,467.72727272727275,809.4843329488657,54.99416162200461,16.85610026962406,52.1805609216759,16.85610026962406,32.10402364381074
760,18.0,6.831300510639732,3.265986323710904,6.324555320336759,3.265986323710904,2265.0,467.5,1324.6107266435984,58.60184261578201,28.017039541637658,54.254763777398665,28.017039541637658,41.06760503254743
761,18.0,6.831300510639732,3.265986323710904,6.324555320336759,3.265986323710904,2873.0,467.5,1324.6107266435984,58.60184261578201,28.017039541637658,54.254763777398665,28.017039541637658,41.06760503254743
762,20.0,6.052571743000828,4.191225989591581,6.324555320336759,4.191225989591581,2222.4,469.05,1471.789696270665,51.921571324762006,35.95414451855523,54.254763777398665,35.95414451855523,43.28905665034775
763,49.0,10.721146022054766,6.346050340241923,10.816653826391969,6.346050340241923,2320.795918367347,471.3673469387755,3605.884755863129,91.97061538527373,54.43915733050669,92.78992253032325,54.43915733050669,67.75809134641185
764,7.0,3.5820700954176696,2.4713456540351717,3.605551275463989,2.4713456540351717,537.2857142857143,469.14285714285717,515.1263936947328,30.728542485200595,21.20026909098799,30.929974176774415,21.20026909098799,25.610151287857633
765,19.0,7.7277868459036325,3.279058491656196,7.615773105863909,3.279058491656196,2908.2105263157896,470.1578947368421,1398.2002114571317,66.29228911927136,28.129178237246776,65.33138693755804,28.129178237246776,42.192953255172434
766,7.0,4.375345285424217,2.089630999709932,4.123105625617661,2.089630999709932,2899.1428571428573,471.2857142857143,515.1263936947328,37.53359926221755,17.92575612496265,35.36977865113189,17.92575612496265,25.610151287857633
767,5.0,2.5298221281347035,2.5298221281347035,3.0,2.5298221281347035,2249.0,472.0,367.94742406766625,21.701905510959467,21.701905510959467,25.735294117647058,21.701905510959467,21.644528325173876
768,219.0,23.205127411801698,16.188385815959894,24.186773244895647,16.188385815959894,2934.337899543379,483.12785388127855,16116.09717416378,199.06359299339692,138.8709567545579,207.48457440474206,138.8709567545579,143.24688325113164
769,12.0,4.47213595499958,3.265986323710904,4.47213595499958,3.265986323710904,462.0,475.5,883.0738177623989,38.36391137867286,28.017039541637658,38.36391137867286,28.017039541637658,33.53155909596526
770,99.0,21.009262783622145,8.201281304147319,18.601075237738275,8.201281304147319,503.45454545454544,487.1818181818182,7285.358996539791,180.22651897715073,70.35412883459709,159.56804738255872,70.35412883459709,96.31207093143223
771,55.0,10.725803948991386,7.069789461945138,11.40175425099138,7.069789461945138,530.4545454545455,483.45454545454544,4047.4216647443286,92.01057309183787,60.64770371766662,97.80916636879859,60.64770371766662,71.78677921882132
772,38.0,11.907301115360728,5.013013821240862,10.770329614269007,5.013013821240862,430.2631578947368,483.1578947368421,2796.4004229142633,102.14596545039839,43.003795035154454,92.39253345573903,43.003795035154454,59.669846730038884
773,13.0,7.554371880072024,1.9753176197160076,7.0710678118654755,1.9753176197160076,2885.5384615384614,483.7692307692308,956.6633025759322,64.80466073591197,16.94512663972065,60.65866995472834,16.94512663972065,34.900753239580105
774,12.0,6.831300510639732,2.0,6.082762530298219,2.0,2917.5,483.5,883.0738177623989,58.60184261578201,17.15686274509804,52.1805609216759,17.15686274509804,33.53155909596526
775,9.0,3.885753375057407,2.7954428906961324,4.123105625617661,2.7954428906961324,2954.1111111111113,483.6666666666667,662.3053633217992,33.3336686585807,23.98051499371682,35.36977865113189,23.98051499371682,29.039182005605074
776,35.0,15.01436662670181,4.8168728638752745,13.416407864998739,4.8168728638752745,467.0,487.65714285714284,2575.6319684736636,128.7997137094518,41.3212132930477,115.09173413601859,41.3212132930477,57.26603919370345
777,9.0,4.312594463574638,2.660928660904759,4.47213595499958,2.660928660904759,2851.1111111111113,487.22222222222223,662.3053633217992,36.99529564340988,22.826593904820236,38.36391137867286,22.826593904820236,29.039182005605074
778,696.0,44.50897026114553,34.76723253041157,55.072679252057455,34.76723253041157,502.13649425287355,511.92097701149424,51218.28143021914,381.8171468480621,298.24831827558944,472.43719946617915,298.24831827558944,255.3687459607385
779,23.0,8.879990161010365,3.210955619125894,8.246211251235321,3.210955619125894,2944.0434782608695,491.6521739130435,1692.5581507112647,76.17638618513793,27.54496241897213,70.73955730226378,27.54496241897213,46.4223414912321
780,12.0,6.831300510639732,2.0,6.082762530298219,2.0,2307.5,489.5,883.0738177623989,58.60184261578201,17.15686274509804,52.1805609216759,17.15686274509804,33.53155909596526
781,80.0,25.975766950482406,5.241853807025361,24.698178070456937,5.241853807025361,2876.4625,501.4,5887.15878508266,222.83133413404025,44.96688314850187,211.87162560440999,44.96688314850187,86.5781133006955
782,55.0,21.68815918005638,4.568228328162022,21.37755832643195,4.568228328162022,477.8727272727273,500.09090909090907,4047.4216647443286,186.05038512303267,39.18823320727225,183.38591701596033,39.18823320727225,71.78677921882132
783,66.0,12.557295351677526,6.7114411809463,12.36931687685298,6.7114411809463,2912.2272727272725,493.6666666666667,4856.905997693194,107.72189639919446,57.57363758164718,106.10933595339567,57.57363758164718,78.63847661758305
784,22.0,5.565537405459625,4.972652484064488,6.082762530298219,4.972652484064488,2926.0,493.8636363636364,1618.9686658977314,47.74358068408992,42.657558074082615,52.1805609216759,42.657558074082615,45.401945643823666
785,10.0,4.09878030638384,2.9933259094191533,4.123105625617661,2.9933259094191533,2859.5,492.8,735.8948481353325,35.161105569469214,25.678040889625088,35.36977865113189,25.678040889625088,30.60998550862951
786,13.0,7.554371880072024,1.9753176197160076,7.0710678118654755,1.9753176197160076,2885.5384615384614,499.2307692307692,956.6633025759322,64.80466073591197,16.94512663972065,60.65866995472834,16.94512663972065,34.900753239580105
787,18.0,6.831300510639732,3.265986323710904,6.324555320336759,3.265986323710904,465.0,499.5,1324.6107266435984,58.60184261578201,28.017039541637658,54.254763777398665,28.017039541637658,41.06760503254743
788,11.0,6.410747983365109,1.964939688573319,6.082762530298219,1.964939688573319,2899.5454545454545,499.72727272727275,809.4843329488657,54.99416162200461,16.85610026962406,52.1805609216759,16.85610026962406,32.10402364381074
789,18.0,5.96284793999944,3.8297084310253524,6.082762530298219,3.8297084310253524,501.6666666666667,499.5,1324.6107266435984,51.15188183823049,32.852890952423365,52.1805609216759,32.852890952423365,41.06760503254743
790,14.0,4.20883424647321,4.120630029101703,4.47213595499958,4.120630029101703,2844.714285714286,499.5,1030.2527873894655,36.1051957418045,35.34854191631362,38.36391137867286,35.34854191631362,36.218223285715055
791,6.0,3.265986323710904,2.0,3.1622776601683795,2.0,2918.0,499.5,441.53690888119945,28.017039541637658,17.15686274509804,27.127381888699333,17.15686274509804,23.710392820514492
792,13.0,7.554371880072024,1.9753176197160076,7.0710678118654755,1.9753176197160076,2915.4615384615386,507.2307692307692,956.6633025759322,64.80466073591197,16.94512663972065,60.65866995472834,16.94512663972065,34.900753239580105
793,28.0,16.1245154965971,2.0,14.035668847618199,2.0,483.5,511.5,2060.505574778931,138.32304960316137,17.15686274509804,120.4040219771169,17.15686274509804,51.220302575715266
794,12.0,6.831300510639732,2.0,6.082762530298219,2.0,2923.5,507.5,883.0738177623989,58.60184261578201,17.15686274509804,52.1805609216759,17.15686274509804,33.53155909596526
795,13.0,5.731928671776636,2.9022577780997794,5.830951894845301,2.9022577780997794,2886.769230769231,509.46153846153845,956.6633025759322,49.170956743181925,24.896819174875557,50.02042066656508,24.896819174875557,34.900753239580105
796,14.0,4.9437078791371425,3.6321351113335303,5.0990195135927845,3.6321351113335303,433.14285714285717,511.35714285714283,1030.2527873894655,42.409258767107836,31.158021788400383,43.74158896464398,31.158021788400383,36.218223285715055
797,7.0,3.0237157840738176,2.799416848895061,3.1622776601683795,2.799416848895061,438.2857142857143,510.0,515.1263936947328,25.938738343770492,24.014605321403707,27.127381888699333,24.014605321403707,25.610151287857633
798,12.0,6.831300510639732,2.0,6.082762530298219,2.0,451.5,515.5,883.0738177623989,58.60184261578201,17.15686274509804,52.1805609216759,17.15686274509804,33.53155909596526
799,22.0,10.787500398581354,3.6400095963267645,9.848857801796104,3.6400095963267645,476.3181818181818,517.4545454545455,1618.9686658977314,92.53983185057534,31.225572517509008,84.48775075070186,31.225572517509008,45.401945643823666
800,12.0,6.831300510639732,2.0,6.082762530298219,2.0,2859.5,515.5,883.0738177623989,58.60184261578201,17.15686274509804,52.1805609216759,17.15686274509804,33.53155909596526
801,209.0,36.24968842688344,13.779889890338453,31.76476034853718,13.779889890338453,2891.8899521531102,530.244019138756,15380.202326028448,310.965464446304,118.20983974555045,272.4918167153925,118.20983974555045,139.93819474441145
802,11.0,6.410747983365108,1.9649396885733192,6.082762530298219,1.9649396885733192,2867.7272727272725,517.5454545454545,809.4843329488657,54.994161622004604,16.85610026962406,52.1805609216759,16.85610026962406,32.10402364381074
803,10.0,6.957267505558825,1.8964252835519997,6.324555320336759,1.8964252835519997,436.8,518.9,735.8948481353325,59.68244183690168,16.268354148117645,54.254763777398665,16.268354148117645,30.60998550862951
804,57.0,20.35461295016707,8.821228803374947,19.209372712298546,8.821228803374947,470.4561403508772,526.2631578947369,4194.600634371395,174.61065030780574,75.67230591130469,164.7862855221689,75.67230591130469,73.08033875933731
805,20.0,7.848566748139434,3.0983866769659336,8.0,3.0983866769659336,2878.0,523.5,1471.789696270665,67.32839122178436,26.57929747397247,68.62745098039215,26.57929747397247,43.28905665034775
806,64.0,10.842293737222539,8.84586649321506,11.661903789690601,8.84586649321506,2914.359375,524.265625,4709.727028066128,93.00987274578158,75.88365864277625,100.04084133313016,75.88365864277625,77.43781868161354
807,43.0,8.55694300231233,6.443743542066553,9.219544457292887,6.443743542066553,2927.4651162790697,523.7674418604652,3164.3478469819297,73.40514830414989,55.27721175792386,79.08922941305173,55.27721175792386,63.47421693259072
808,14.0,5.449353665897314,3.145851452097728,5.385164807134504,3.145851452097728,460.85714285714283,529.0714285714286,1030.2527873894655,46.74690644764852,26.98647079005404,46.196266727869514,26.98647079005404,36.218223285715055
809,12.0,6.831300510639732,2.0,6.082762530298219,2.0,2281.5,531.5,883.0738177623989,58.60184261578201,17.15686274509804,52.1805609216759,17.15686274509804,33.53155909596526
810,12.0,6.831300510639732,2.0,6.082762530298219,2.0,2935.5,531.5,883.0738177623989,58.60184261578201,17.15686274509804,52.1805609216759,17.15686274509804,33.53155909596526
811,13.0,5.54896316106684,3.0579436998484173,5.385164807134504,3.0579436998484173,2904.076923076923,533.1538461538462,956.6633025759322,47.60139966601456,26.232360170268286,46.196266727869514,26.232360170268286,34.900753239580105
812,5.0,2.5298221281347035,2.5298221281347035,3.0,2.5298221281347035,550.0,534.0,367.94742406766625,21.701905510959467,21.701905510959467,25.735294117647058,21.701905510959467,21.644528325173876
813,7.0,4.155374705678736,1.9054711331003737,4.123105625617661,1.9054711331003737,2917.714285714286,534.5714285714286,515.1263936947328,35.646596739891116,16.345953347674776,35.36977865113189,16.345953347674776,25.610151287857633
814,113.0,17.190234804976427,11.71211847271472,19.209372712298546,11.71211847271472,475.4867256637168,542.2566371681415,8315.611783929256,147.46524955249384,100.47160454534685,164.7862855221689,100.47160454534685,102.89691300070739
815,16.0,9.16515138991168,2.0,8.06225774829855,2.0,2859.5,539.5,1177.431757016532,78.6226222173796,17.15686274509804,69.16152480158068,17.15686274509804,38.71890934080677
816,12.0,6.831300510639732,2.0,6.082762530298219,2.0,2291.5,539.5,883.0738177623989,58.60184261578201,17.15686274509804,52.1805609216759,17.15686274509804,33.53155909596526
817,8.0,3.4641016151377544,2.7386127875258306,3.605551275463989,2.7386127875258306,2846.125,537.875,588.715878508266,29.716557972995442,23.493001853775507,30.929974176774415,23.493001853775507,27.378403355031622
818,36.0,7.649582782752767,6.036099778314061,8.246211251235321,6.036099778314061,2927.0833333333335,541.5555555555555,2649.2214532871967,65.62142093047717,51.78026770612552,70.73955730226378,51.78026770612552,58.07836401121015
819,5.0,2.5298221281347035,2.5298221281347035,3.0,2.5298221281347035,561.0,542.0,367.94742406766625,21.701905510959467,21.701905510959467,25.735294117647058,21.701905510959467,21.644528325173876
820,6.0,3.126943839882286,2.309401076758503,3.1622776601683795,2.309401076758503,2917.8333333333335,541.8333333333334,441.53690888119945,26.8242731362451,19.811038648663626,27.127381888699333,19.811038648663626,23.710392820514492
821,19.0,5.54469823377709,4.2956952169149805,5.830951894845301,4.2956952169149805,2875.4210526315787,544.8947368421053,1398.2002114571317,47.56481327995052,36.85032661569223,50.02042066656508,36.85032661569223,42.192953255172434
822,6.0,3.8297084310253524,1.8856180831641272,4.0,1.8856180831641272,459.5,544.3333333333334,441.53690888119945,32.852890952423365,16.175645321260895,34.31372549019608,16.175645321260895,23.710392820514492
823,250.0,38.354345929293885,13.582002957445486,34.92849839314596,13.582002957445486,2905.18,550.072,18397.37120338331,329.0201243934524,116.51228027220392,299.6317264117913,116.51228027220392,153.04992754314753
824,9.0,7.304867956990248,1.6545904517541183,6.324555320336759,1.6545904517541183,2297.0,547.7777777777778,662.3053633217992,62.6643084545732,14.193790640047583,54.254763777398665,14.193790640047583,29.039182005605074
825,12.0,6.831300510639732,2.0,6.082762530298219,2.0,555.5,547.5,883.0738177623989,58.60184261578201,17.15686274509804,52.1805609216759,17.15686274509804,33.53155909596526
826,43.0,14.109027291180023,5.457216463105077,12.529964086141668,5.457216463105077,2284.8837209302324,550.4418604651163,3164.3478469819297,121.03332235080902,46.81435691389159,107.48743701347018,46.81435691389159,63.47421693259072
827,10.0,4.09878030638384,2.9933259094191533,4.123105625617661,2.9933259094191533,491.8,549.5,735.8948481353325,35.161105569469214,25.678040889625088,35.36977865113189,25.678040889625088,30.60998550862951
828,6.0,3.8297084310253524,1.8856180831641272,4.0,1.8856180831641272,459.5,550.6666666666666,441.53690888119945,32.852890952423365,16.175645321260895,34.31372549019608,16.175645321260895,23.710392820514492
829,13.0,4.296689244236598,3.9041777047536983,4.47213595499958,3.9041777047536983,2375.3846153846152,552.2307692307693,956.6633025759322,36.85885381085317,33.49172050646555,38.36391137867286,33.49172050646555,34.900753239580105
830,18.0,5.817261686517129,3.9486156100603145,6.324555320336759,3.9486156100603145,2780.6666666666665,553.7222222222222,1324.6107266435984,49.902980153945954,33.87292802747819,54.254763777398665,33.87292802747819,41.06760503254743
831,26.0,8.28275585407243,4.2286123684278065,8.54400374531753,4.2286123684278065,2850.8076923076924,553.5,1913.3266051518644,71.05305266973899,36.274861003669905,73.29414977600823,36.274861003669905,49.357118568450915
832,8.0,3.9722133299273006,2.6403638502198645,4.123105625617661,2.6403638502198645,432.625,557.75,588.715878508266,34.07535944790576,22.650180087670407,35.36977865113189,22.650180087670407,27.378403355031622
833,53.0,10.32420725601007,6.570340744620263,10.44030650891055,6.570340744620263,468.52830188679246,563.5849056603773,3900.242695117262,88.56550342165501,56.36321717198755,89.561452895066,56.36321717198755,70.4694786985408
834,28.0,8.47839985509376,4.129831886088123,8.246211251235321,4.129831886088123,488.60714285714283,563.5357142857143,2060.505574778931,72.73137130595137,35.42747941497164,70.73955730226378,35.42747941497164,51.220302575715266
835,99.0,30.46079989535091,7.110371453989481,24.698178070456937,7.110371453989481,2877.161616161616,570.8787878787879,7285.358996539791,261.30588145521614,60.99583355138035,211.87162560440999,60.99583355138035,96.31207093143223
836,5.0,2.5298221281347035,2.5298221281347035,3.0,2.5298221281347035,2889.0,561.0,367.94742406766625,21.701905510959467,21.701905510959467,25.735294117647058,21.701905510959467,21.644528325173876
837,12.0,6.831300510639732,2.0,6.082762530298219,2.0,2251.5,563.5,883.0738177623989,58.60184261578201,17.15686274509804,52.1805609216759,17.15686274509804,33.53155909596526
838,12.0,5.416025603090641,2.96273147243853,5.385164807134504,2.96273147243853,2207.8333333333335,566.4166666666666,883.0738177623989,46.461003948081476,25.415588611605035,46.196266727869514,25.415588611605035,33.53155909596526
839,13.0,7.554371880072024,1.9753176197160076,7.0710678118654755,1.9753176197160076,2315.230769230769,565.5384615384615,956.6633025759322,64.80466073591197,16.94512663972065,60.65866995472834,16.94512663972065,34.900753239580105
840,246.0,36.42403258690693,15.173446158490556,33.015148038438355,15.173446158490556,2894.451219512195,578.459349593496,18103.01326412918,312.4610638582702,130.16436655567878,283.2181817022898,130.16436655567878,151.82059094809014
841,8.0,4.898979485566356,2.0,4.47213595499958,2.0,412.0,567.5,588.715878508266,42.02555931245648,17.15686274509804,38.36391137867286,17.15686274509804,27.378403355031622
842,48.0,9.16515138991168,6.831300510639732,9.433981132056603,6.831300510639732,475.5,571.5,3532.2952710495956,78.6226222173796,58.60184261578201,80.92875971126988,58.60184261578201,67.06311819193051
843,5.0,2.5298221281347035,2.5298221281347035,3.0,2.5298221281347035,2233.0,569.0,367.94742406766625,21.701905510959467,21.701905510959467,25.735294117647058,21.701905510959467,21.644528325173876
844,6.0,6.831300510639732,0.0,6.0,0.0,483.5,570.0,441.53690888119945,58.60184261578201,0.0,51.470588235294116,0.0,23.710392820514492
845,153.0,16.907916965034637,14.564581798008103,20.223748416156685,14.564581798008103,2239.921568627451,580.8888888888889,11259.191176470587,145.04340533730692,124.94126542408911,173.48803788369705,124.94126542408911,119.73161469064543
846,24.0,8.004593223657121,4.201036722763171,7.615773105863909,4.201036722763171,2284.2916666666665,576.375,1766.1476355247978,68.66685363431354,36.0383052197821,65.33138693755804,36.0383052197821,47.420785641028985
847,103.0,19.954567016142676,7.839720414326026,18.027756377319946,7.839720414326026,462.99029126213594,579.3689320388349,7579.716935793925,171.1788837169102,67.25250355426738,154.64987088387207,67.25250355426738,98.23850310462105
848,18.0,5.333333333333333,4.216370213557839,5.385164807134504,4.216370213557839,485.0,576.3333333333334,1324.6107266435984,45.7516339869281,36.169842518265774,46.196266727869514,36.169842518265774,41.06760503254743
849,13.0,7.554371880072024,1.9753176197160076,7.0710678118654755,1.9753176197160076,2267.4615384615386,579.2307692307693,956.6633025759322,64.80466073591197,16.94512663972065,60.65866995472834,16.94512663972065,34.900753239580105
850,61.0,12.099574595162949,7.695611684647063,13.152946437965905,7.695611684647063,2260.8196721311474,582.4262295081967,4488.958573625528,103.79537030164293,66.01627670653117,112.8316483649036,66.01627670653117,75.6010872826238
851,13.0,7.554371880072024,1.9753176197160076,7.0710678118654755,1.9753176197160076,2325.5384615384614,579.7692307692307,956.6633025759322,64.80466073591197,16.94512663972065,60.65866995472834,16.94512663972065,34.900753239580105
852,36.0,14.022434437552961,4.661475853835005,12.649110640673518,4.661475853835005,2278.25,583.6111111111111,2649.2214532871967,120.29049149861609,39.988150706917935,108.50952755479733,39.988150706917935,58.07836401121015
853,515.0,40.85479657342212,21.042777525810568,45.17742799230607,21.042777525810568,2923.9611650485435,599.0446601941748,37898.58467896962,350.4700686445525,180.5140228929828,387.55146562027267,180.5140228929828,219.66797094975678
854,5.0,2.5298221281347035,2.5298221281347035,3.0,2.5298221281347035,457.0,585.0,367.94742406766625,21.701905510959467,21.701905510959467,25.735294117647058,21.701905510959467,21.644528325173876
855,20.0,7.848566748139434,3.0983866769659336,8.0,3.0983866769659336,2299.5,585.0,1471.789696270665,67.32839122178436,26.57929747397247,68.62745098039215,26.57929747397247,43.28905665034775
856,22.0,9.71500882797364,4.248335619805705,9.219544457292887,4.248335619805705,2332.681818181818,592.0909090909091,1618.9686658977314,83.33953651447976,36.44405556205874,79.08922941305173,36.44405556205874,45.401945643823666
857,8.0,3.4641016151377544,2.8284271247461903,4.0,2.8284271247461903,339.5,590.0,588.715878508266,29.716557972995442,24.26346798189134,34.31372549019608,24.26346798189134,27.378403355031622
858,19.0,7.347338259627431,3.178877656956105,7.0710678118654755,3.178877656956105,2843.684210526316,590.0,1398.2002114571317,63.02863703111767,27.26978382192737,60.65866995472834,27.26978382192737,42.192953255172434
859,11.0,4.854444919780395,2.858303992038103,5.0990195135927845,2.858303992038103,2313.7272727272725,592.1818181818181,809.4843329488657,41.64352259615535,24.519764637581765,43.74158896464398,24.519764637581765,32.10402364381074
860,26.0,6.789278463585179,4.812497876749759,7.211102550927978,4.812497876749759,2852.8846153846152,593.3461538461538,1913.3266051518644,58.2413593689905,41.28368276623567,61.85994835354883,41.28368276623567,49.357118568450915
861,15.0,4.974602161647368,3.7712361663282534,5.0990195135927845,3.7712361663282534,2208.6,593.9333333333333,1103.8422722029986,42.674283249425955,32.35129064252178,43.74158896464398,32.35129064252178,37.48942276506485
862,5.0,3.098386676965933,1.7888543819998317,3.1622776601683795,1.7888543819998317,2230.2,592.6,367.94742406766625,26.579297473972463,15.345564551469144,27.127381888699333,15.345564551469144,21.644528325173876
863,7.0,4.155374705678736,1.9054711331003737,4.123105625617661,1.9054711331003737,2294.714285714286,592.5714285714286,515.1263936947328,35.646596739891116,16.345953347674776,35.36977865113189,16.345953347674776,25.610151287857633
864,230.0,39.38780882487133,12.590745314801392,37.16180835212409,12.590745314801392,2888.2869565217393,609.7826086956521,16925.581507112645,337.88561491923934,108.00884461226684,318.7900226285155,108.00884461226684,146.80033343043092
865,12.0,5.047398899971206,2.9573614197104288,5.385164807134504,2.9573614197104288,2817.0,594.8333333333334,883.0738177623989,43.298765073282404,25.36952198281005,46.196266727869514,25.36952198281005,33.53155909596526
866,12.0,3.8297084310253524,3.8297084310253524,4.123105625617661,3.8297084310253524,459.5,595.5,883.0738177623989,32.852890952423365,32.852890952423365,35.36977865113189,32.852890952423365,33.53155909596526
867,14.0,4.981598792617913,3.625307868699863,5.0990195135927845,3.625307868699863,2303.1428571428573,595.5,1030.2527873894655,42.734303368045815,31.099454756003727,43.74158896464398,31.099454756003727,36.218223285715055
868,16.0,9.16515138991168,2.0,8.06225774829855,2.0,2275.5,595.5,1177.431757016532,78.6226222173796,17.15686274509804,69.16152480158068,17.15686274509804,38.71890934080677
869,24.0,7.730943663344865,4.491876503047729,7.615773105863909,4.491876503047729,434.2083333333333,598.7916666666666,1766.1476355247978,66.31936966104664,38.53325431536042,65.33138693755804,38.53325431536042,47.420785641028985
870,349.0,64.29860907936246,16.96727319843369,58.82176467941097,16.96727319843369,2268.3094555873927,619.458452722063,25682.730199923102,551.5812053376682,145.55258871205373,504.59847151455483,145.55258871205373,180.83222978237023
871,29.0,12.133552023240139,3.9487480167517397,11.40175425099138,3.9487480167517397,2904.1724137931033,601.9655172413793,2134.095059592464,104.08684333661883,33.87406386919385,97.80916636879859,33.87406386919385,52.12692698818601
872,6.0,3.265986323710904,2.0,3.1622776601683795,2.0,401.0,600.5,441.53690888119945,28.017039541637658,17.15686274509804,27.127381888699333,17.15686274509804,23.710392820514492
873,16.0,7.547998191815775,2.7207946075265954,7.0710678118654755,2.7207946075265954,409.3125,603.0625,1177.431757016532,64.74998448861571,23.34014981946834,60.65866995472834,23.34014981946834,38.71890934080677
874,13.0,5.255909692865794,3.1711018074512287,5.385164807134504,3.1711018074512287,464.84615384615387,603.9230769230769,956.6633025759322,45.087460600564405,27.20307923058652,46.196266727869514,27.20307923058652,34.900753239580105
875,16.0,4.898979485566356,4.0,5.0990195135927845,4.0,2849.0,603.5,1177.431757016532,42.02555931245648,34.31372549019608,43.74158896464398,34.31372549019608,38.71890934080677
876,6.0,3.1269438398822857,2.309401076758503,3.1622776601683795,2.309401076758503,438.1666666666667,606.1666666666666,441.53690888119945,26.824273136245097,19.811038648663626,27.127381888699333,19.811038648663626,23.710392820514492
877,6.0,3.265986323710904,2.0,3.1622776601683795,2.0,401.0,606.5,441.53690888119945,28.017039541637658,17.15686274509804,27.127381888699333,17.15686274509804,23.710392820514492
878,22.0,8.49696105130758,3.1908961408698624,8.06225774829855,3.1908961408698624,425.0,611.1818181818181,1618.9686658977314,72.89059725386403,27.372883561383624,69.16152480158068,27.372883561383624,45.401945643823666
879,26.0,9.819278400634257,4.480938864898279,10.198039027185569,4.480938864898279,2308.423076923077,614.9615384615385,1913.3266051518644,84.23400588779387,38.43942653711759,87.48317792928796,38.43942653711759,49.357118568450915
880,26.0,10.956485834069575,4.288739673880652,10.295630140987,4.288739673880652,2284.269230769231,618.9230769230769,1913.3266051518644,93.98946181187135,36.79065896711344,88.32035660160417,36.79065896711344,49.357118568450915
881,21.0,6.763967256496578,3.8802065910038612,7.0710678118654755,3.8802065910038612,2905.1428571428573,616.4761904761905,1545.379181084198,58.02422891602456,33.286085952239006,60.65866995472834,33.286085952239006,44.35808322009493
882,16.0,6.324555320336759,3.122498999199199,6.082762530298219,3.122498999199199,421.875,619.5,1177.431757016532,54.254763777398665,26.786143375483324,52.1805609216759,26.786143375483324,38.71890934080677
883,18.0,6.800171096554536,3.359841849717805,6.708203932499369,3.359841849717805,2561.5555555555557,620.6111111111111,1324.6107266435984,58.3348010733845,28.822172730422345,57.545867068009294,28.822172730422345,41.06760503254743
884,16.0,6.0,3.4641016151377544,6.082762530298219,3.4641016151377544,2895.5,619.5,1177.431757016532,51.470588235294116,29.716557972995442,52.1805609216759,29.716557972995442,38.71890934080677
885,10.0,4.09878030638384,2.9933259094191533,4.123105625617661,2.9933259094191533,2307.5,620.8,735.8948481353325,35.161105569469214,25.678040889625088,35.36977865113189,25.678040889625088,30.60998550862951
886,5.0,2.5298221281347035,2.5298221281347035,3.0,2.5298221281347035,2289.0,625.0,367.94742406766625,21.701905510959467,21.701905510959467,25.735294117647058,21.701905510959467,21.644528325173876
887,26.0,10.030794440757731,3.2195358994696512,9.219544457292887,3.2195358994696512,2916.153846153846,624.9615384615385,1913.3266051518644,86.04848172218641,27.61856776505828,79.08922941305173,27.61856776505828,49.357118568450915
888,28.0,10.63302518053051,3.625307868699863,10.04987562112089,3.625307868699863,420.92857142857144,627.5,2060.505574778931,91.21467679376663,31.099454756003727,86.212168318439,31.099454756003727,51.220302575715266
889,10.0,5.656854249492381,2.0,5.0990195135927845,2.0,2316.0,627.5,735.8948481353325,48.52693596378268,17.15686274509804,43.74158896464398,17.15686274509804,30.60998550862951
890,16.0,5.385164807134504,3.8078865529319543,5.385164807134504,3.8078865529319543,2897.625,629.375,1177.431757016532,46.196266727869514,32.66569346877902,46.196266727869514,32.66569346877902,38.71890934080677
891,34.0,11.182502447990698,4.498759410383704,11.40175425099138,4.498759410383704,2296.029411764706,634.3529411764706,2502.0424836601305,95.92832982344962,38.59229886358569,97.80916636879859,38.59229886358569,56.44202444678016
892,15.0,5.281633700418865,3.5748987412450273,5.385164807134504,3.5748987412450273,414.2,633.8666666666667,1103.8422722029986,45.30813223398536,30.66702351558234,46.196266727869514,30.66702351558234,37.48942276506485
893,17.0,5.224377249688121,4.280801270273,5.385164807134504,4.280801270273,2305.529411764706,633.5294117647059,1251.0212418300653,44.81696170075594,36.72255991655759,46.196266727869514,36.72255991655759,39.910538230215145
894,20.0,7.848566748139434,3.0983866769659336,8.0,3.0983866769659336,2326.0,635.5,1471.789696270665,67.32839122178436,26.57929747397247,68.62745098039215,26.57929747397247,43.28905665034775
895,20.0,10.354463805295909,2.9231967612216847,9.219544457292887,2.9231967612216847,2869.55,636.75,1471.789696270665,88.82505715327373,25.076442804597786,79.08922941305173,25.076442804597786,43.28905665034775
896,6.0,3.265986323710904,2.0,3.1622776601683795,2.0,2902.5,633.0,441.53690888119945,28.017039541637658,17.15686274509804,27.127381888699333,17.15686274509804,23.710392820514492
897,12.0,6.831300510639732,2.0,6.082762530298219,2.0,2315.5,635.5,883.0738177623989,58.60184261578201,17.15686274509804,52.1805609216759,17.15686274509804,33.53155909596526
898,65.0,12.549953296117726,8.58010482992386,12.206555615733702,8.58010482992386,2899.0307692307692,641.7846153846153,4783.316512879661,107.65891307944128,73.6038404527782,104.7130996447744,73.6038404527782,78.04045670964712
899,17.0,5.955033681292135,3.7013786097158055,6.324555320336759,3.7013786097158055,2280.529411764706,642.0,1251.0212418300653,51.084847756182526,31.75202238726794,54.254763777398665,31.75202238726794,39.910538230215145
900,16.0,5.326818938165629,3.7416573867739418,5.385164807134504,3.7416573867739418,2884.0625,641.3125,1177.431757016532,45.69575069504829,32.09755111203136,46.196266727869514,32.09755111203136,38.71890934080677
901,22.0,6.402478858785094,4.30644337539164,6.324555320336759,4.30644337539164,2316.7272727272725,643.5,1618.9686658977314,54.92322550428389,36.94252895556554,54.254763777398665,36.94252895556554,45.401945643823666
902,26.0,10.740513318468492,3.2530296737299804,9.848857801796104,3.2530296737299804,425.3076923076923,647.2692307692307,1913.3266051518644,92.13675640843068,27.905891808958163,84.48775075070186,27.905891808958163,49.357118568450915
903,15.0,5.148879227269528,3.609268690575713,5.385164807134504,3.609268690575713,2309.3333333333335,645.5333333333333,1103.8422722029986,44.16930709667487,30.961863767193616,46.196266727869514,30.961863767193616,37.48942276506485
904,21.0,6.5723948658118845,4.600699677139643,6.708203932499369,4.600699677139643,2864.3333333333335,649.9047619047619,1545.379181084198,56.380838309660774,39.466786446050854,57.545867068009294,39.466786446050854,44.35808322009493
905,15.0,7.077106698246239,2.7152050676543755,7.0710678118654755,2.7152050676543755,2883.266666666667,649.2666666666667,1103.8422722029986,60.71047412711234,23.292200335270376,60.65866995472834,23.292200335270376,37.48942276506485
906,69.0,16.099914417142365,5.919191003279266,14.866068747318506,5.919191003279266,2295.057971014493,654.7971014492754,5077.674452133794,138.11201093136833,50.77737380264076,127.52755052846757,50.77737380264076,80.40585406912676
907,11.0,4.346129984141888,3.067356324605907,4.47213595499958,3.067356324605907,2846.090909090909,652.6363636363636,809.4843329488657,37.28297780513875,26.313105725785963,38.36391137867286,26.313105725785963,32.10402364381074
908,79.0,13.56508005636607,9.189288189030373,13.892443989449804,9.189288189030373,2891.8227848101264,658.1139240506329,5813.569300269127,116.36710832666971,78.82967809217232,119.17537736047626,78.82967809217232,86.03529846187678
909,16.0,7.418458930101721,2.89895965863515,7.0710678118654755,2.89895965863515,400.8125,659.75,1177.431757016532,63.63874082195104,24.86852648338977,60.65866995472834,24.86852648338977,38.71890934080677
910,32.0,11.765946625750093,4.242640687119285,11.045361017187261,4.242640687119285,2875.5,662.8125,2354.863514033064,100.93336566207188,36.395201972837,94.75187147096915,36.395201972837,54.756806710063245
911,38.0,10.725958983387308,5.74825595689448,10.295630140987,5.74825595689448,2284.4473684210525,663.2105263157895,2796.4004229142633,92.01190304376367,49.31101923806539,88.32035660160417,49.31101923806539,59.669846730038884
912,33.0,14.233364577889013,4.348980165166101,12.165525060596439,4.348980165166101,2270.787878787879,664.6666666666666,2428.452998846597,122.09994123189104,37.3074278874543,104.3611218433518,37.3074278874543,55.60580007847273
913,16.0,9.16515138991168,2.0,8.06225774829855,2.0,2306.5,659.5,1177.431757016532,78.6226222173796,17.15686274509804,69.16152480158068,17.15686274509804,38.71890934080677
914,6.0,3.265986323710904,2.0,3.1622776601683795,2.0,2902.0,659.5,441.53690888119945,28.017039541637658,17.15686274509804,27.127381888699333,17.15686274509804,23.710392820514492
915,19.0,7.347338259627431,3.178877656956105,7.0710678118654755,3.178877656956105,411.6842105263158,662.0,1398.2002114571317,63.02863703111767,27.26978382192737,60.65866995472834,27.26978382192737,42.192953255172434
916,40.0,11.626043964012204,4.7312896494354915,11.40175425099138,4.7312896494354915,2845.275,671.45,2943.57939254133,99.73322027951646,40.58704356133387,97.80916636879859,40.58704356133387,61.21997101725902
917,64.0,12.451865884943807,7.0096098132044835,13.892443989449804,7.0096098132044835,2316.984375,673.1875,4709.727028066128,106.81747695417481,60.13145673092081,119.17537736047626,60.13145673092081,77.43781868161354
918,9.0,4.713432721951591,2.6491734327655063,4.47213595499958,2.6491734327655063,2350.222222222222,669.8888888888889,662.3053633217992,40.43385913438865,22.725752486959,38.36391137867286,22.725752486959,29.039182005605074
919,19.0,7.347338259627431,3.178877656956105,7.0710678118654755,3.178877656956105,2291.684210526316,670.0,1398.2002114571317,63.02863703111767,27.26978382192737,60.65866995472834,27.26978382192737,42.192953255172434
920,59.0,9.047522041519949,8.612262901549231,10.0,8.612262901549231,408.3050847457627,675.0508474576271,4341.779603998461,77.61354692480349,73.87970626328998,85.7843137254902,73.87970626328998,74.351396461312
921,41.0,12.92315537393288,6.729393591403239,13.92838827718412,6.729393591403239,2270.6585365853657,680.0731707317074,3017.168877354863,110.86040149207128,57.727641102723865,119.48372296604023,57.727641102723865,61.98049671177124
922,108.0,16.010600663127835,10.579091746500962,18.027756377319946,10.579091746500962,2301.6296296296296,681.0648148148148,7947.664359861591,137.34583902192995,90.75201253125826,154.64987088387207,90.75201253125826,100.59467728789576
923,37.0,10.920381293827697,5.42080764497208,11.045361017187261,5.42080764497208,2286.5945945945946,684.7567567567568,2722.8109381007303,93.67974149116897,46.50202636618206,94.75187147096915,46.50202636618206,58.87948273806829
924,7.0,4.155374705678736,1.9054711331003737,4.123105625617661,1.9054711331003737,2815.714285714286,685.5714285714286,515.1263936947328,35.646596739891116,16.345953347674776,35.36977865113189,16.345953347674776,25.610151287857633
925,59.0,12.456795139049142,6.713729307360553,13.341664064126334,6.713729307360553,2274.9491525423728,691.7966101694915,4341.779603998461,106.85976222223528,57.593266117063564,114.4505495697112,57.593266117063564,74.351396461312
926,20.0,9.650656844676973,2.9639201180682124,8.246211251235321,2.9639201180682124,2293.8,690.7,1471.789696270665,82.78749744208187,25.425785326565546,70.73955730226378,25.425785326565546,43.28905665034775
927,6.0,3.126943839882286,2.309401076758503,3.1622776601683795,2.309401076758503,2280.8333333333335,689.1666666666666,441.53690888119945,26.8242731362451,19.811038648663626,27.127381888699333,19.811038648663626,23.710392820514492
928,38.0,12.26848263169534,4.269275838741029,11.40175425099138,4.269275838741029,2298.5526315789475,696.7368421052631,2796.4004229142633,105.24433630130807,36.62368979312157,97.80916636879859,36.62368979312157,59.669846730038884
929,7.0,3.7032803990902057,2.138089935299395,3.605551275463989,2.138089935299395,2310.0,694.0,515.1263936947328,31.768336756901274,18.341457778303635,30.929974176774415,18.341457778303635,25.610151287857633
930,23.0,10.46268105431971,3.153175081578554,9.486832980505138,3.153175081578554,382.0,698.5652173913044,1692.5581507112647,89.75339139735044,27.049296042953284,81.382145666098,27.049296042953284,46.4223414912321
931,58.0,14.502789372295759,8.443961844050248,15.297058540778355,8.443961844050248,2287.0862068965516,702.448275862069,4268.190119184928,124.41118334077244,72.43594719160753,131.22476689393196,72.43594719160753,73.71860711152476
932,8.0,3.4641016151377544,2.8284271247461903,4.0,2.8284271247461903,2798.0,701.5,588.715878508266,29.716557972995442,24.26346798189134,34.31372549019608,24.26346798189134,27.378403355031622
933,24.0,8.387255992967484,3.6875983177232663,8.246211251235321,3.6875983177232663,2836.7916666666665,704.7916666666666,1766.1476355247978,71.94949993967204,31.633809098116252,70.73955730226378,31.633809098116252,47.420785641028985
934,20.0,11.489125293076057,2.0,10.04987562112089,2.0,403.5,709.5,1471.789696270665,98.5586728572701,17.15686274509804,86.212168318439,17.15686274509804,43.28905665034775
935,7.0,3.648665604076859,2.5058084612197167,4.0,2.5058084612197167,2302.1428571428573,706.5714285714286,515.1263936947328,31.299827485953447,21.495905917326,34.31372549019608,21.495905917326,25.610151287857633
936,14.0,7.017298793846583,2.6462077766235526,6.324555320336759,2.6462077766235526,2885.714285714286,707.2142857142857,1030.2527873894655,60.19741612368392,22.70031180927067,54.254763777398665,22.70031180927067,36.218223285715055
937,34.0,13.630177648549564,6.631443488118399,13.0,6.631443488118399,395.52941176470586,712.6470588235294,2502.0424836601305,116.925543553734,56.88738286376078,111.51960784313725,56.88738286376078,56.44202444678016
938,10.0,4.079215610874227,3.224903099319419,4.123105625617661,3.224903099319419,2296.5,708.4,735.8948481353325,34.993271171715186,27.664609920632273,35.36977865113189,27.664609920632273,30.60998550862951
939,16.0,7.8829076380478735,2.595142996061391,7.280109889280518,2.595142996061391,2332.1875,710.8125,1177.431757016532,67.62298218913617,22.262256093663893,62.451923069808366,22.262256093663893,38.71890934080677
940,27.0,8.980111789442587,4.012956510891307,8.54400374531753,4.012956510891307,2306.8518518518517,715.925925925926,1986.9160899653978,77.0352727035516,34.42487202970484,73.29414977600823,34.42487202970484,50.29733864394788
941,20.0,10.195642720516995,2.6624931015063327,9.219544457292887,2.6624931015063327,2324.1,713.5,1471.789696270665,87.46262137698402,22.840014351157265,79.08922941305173,22.840014351157265,43.28905665034775
942,48.0,12.360220082586409,5.568010173105415,12.529964086141668,5.568010173105415,2801.9166666666665,715.9166666666666,3532.2952710495956,106.03129972806968,47.76479315163959,107.48743701347018,47.76479315163959,67.06311819193051
943,19.0,5.22246939772687,4.682145799746454,6.082762530298219,4.682145799746454,2299.4210526315787,714.8947368421053,1398.2002114571317,44.80059532363737,40.1654664193936,52.1805609216759,40.1654664193936,42.192953255172434
944,7.0,3.0237157840738176,2.799416848895061,3.1622776601683795,2.799416848895061,232.28571428571428,718.0,515.1263936947328,25.938738343770492,24.014605321403707,27.127381888699333,24.014605321403707,25.610151287857633
945,49.0,8.0,8.0,9.219544457292887,8.0,2868.0,723.0,3605.884755863129,68.62745098039215,68.62745098039215,79.08922941305173,68.62745098039215,67.75809134641185
946,5.0,3.098386676965933,1.7888543819998317,3.1622776601683795,1.7888543819998317,377.4,722.8,367.94742406766625,26.579297473972463,15.345564551469144,27.127381888699333,15.345564551469144,21.644528325173876
947,15.0,4.77795383588526,3.981909289096598,5.0990195135927845,3.981909289096598,2854.266666666667,723.6666666666666,1103.8422722029986,40.98734908234904,34.15853556823062,43.74158896464398,34.15853556823062,37.48942276506485
948,17.0,5.661053382547679,3.8023236200202857,6.082762530298219,3.8023236200202857,390.29411764705884,725.3529411764706,1251.0212418300653,48.562957938521755,32.617972230566174,52.1805609216759,32.617972230566174,39.910538230215145
949,5.0,3.098386676965933,1.7888543819998317,3.1622776601683795,1.7888543819998317,381.8,726.6,367.94742406766625,26.579297473972463,15.345564551469144,27.127381888699333,15.345564551469144,21.644528325173876
950,6.0,3.8297084310253524,1.8856180831641272,3.605551275463989,1.8856180831641272,2305.1666666666665,727.0,441.53690888119945,32.852890952423365,16.175645321260895,30.929974176774415,16.175645321260895,23.710392820514492
951,18.0,9.935400328114293,2.4653486116361965,9.055385138137417,2.4653486116361965,2323.6111111111113,729.2777777777778,1324.6107266435984,85.23014987352947,21.148823874330116,77.68099995951215,21.148823874330116,41.06760503254743
952,43.0,9.95826879335638,5.5237331495082875,9.486832980505138,5.5237331495082875,2844.186046511628,730.0,3164.3478469819297,85.42632543320424,47.384965743330895,81.382145666098,47.384965743330895,63.47421693259072
953,20.0,8.868310057494135,3.198918055241235,8.06225774829855,3.198918055241235,395.15,732.15,1471.789696270665,76.07618921869968,27.441699003294907,69.16152480158068,27.441699003294907,43.28905665034775
954,21.0,8.0,3.265986323710904,7.280109889280518,3.265986323710904,2357.0,732.0,1545.379181084198,68.62745098039215,28.017039541637658,62.451923069808366,28.017039541637658,44.35808322009493
955,79.0,18.9885616991851,6.4171955443858115,18.601075237738275,6.4171955443858115,2866.9620253164558,735.126582278481,5813.569300269127,162.8920733998722,55.04947158174103,159.56804738255872,55.04947158174103,86.03529846187678
956,18.0,6.0,3.9752319599996264,6.082762530298219,3.9752319599996264,2811.5,733.8888888888889,1324.6107266435984,51.470588235294116,34.10125455882032,52.1805609216759,34.10125455882032,41.06760503254743
957,12.0,6.831300510639732,2.0,6.082762530298219,2.0,2883.5,739.5,883.0738177623989,58.60184261578201,17.15686274509804,52.1805609216759,17.15686274509804,33.53155909596526
958,10.0,4.09878030638384,2.9933259094191533,4.123105625617661,2.9933259094191533,2889.8,739.5,735.8948481353325,35.161105569469214,25.678040889625088,35.36977865113189,25.678040889625088,30.60998550862951
959,16.0,5.244535484642193,3.9204397139005818,5.385164807134504,3.9204397139005818,395.8125,745.1875,1177.431757016532,44.98988773590116,33.63122303591185,46.196266727869514,33.63122303591185,38.71890934080677
960,47.0,8.211839845718623,7.417376523252512,8.94427190999916,7.417376523252512,2303.68085106383,747.5744680851063,3458.7057862360625,70.44470455886074,63.629455469077925,76.72782275734572,63.629455469077925,66.36086723620322
961,12.0,6.831300510639732,2.0,6.082762530298219,2.0,2867.5,745.5,883.0738177623989,58.60184261578201,17.15686274509804,52.1805609216759,17.15686274509804,33.53155909596526
962,18.0,5.258737584977436,4.268749491621899,5.385164807134504,4.268749491621899,2283.222222222222,747.5,1324.6107266435984,45.1117194789731,36.61917456048198,46.196266727869514,36.61917456048198,41.06760503254743
963,21.0,5.425630528451305,4.962004663927373,6.324555320336759,4.962004663927373,2768.095238095238,748.4285714285714,1545.379181084198,46.543399141126386,42.56621647976913,54.254763777398665,42.56621647976913,44.35808322009493
964,28.0,8.0026605691368,5.430288763968358,8.54400374531753,5.430288763968358,2294.785714285714,750.0357142857143,2060.505574778931,68.65027449014411,46.583359494826595,73.29414977600823,46.583359494826595,51.220302575715266
965,41.0,11.927047369279284,5.322566780852205,11.704699910719626,5.322566780852205,2878.3658536585367,756.9024390243902,3017.168877354863,102.31535733450366,45.659273855349795,100.40796492038895,45.659273855349795,61.98049671177124
966,20.0,7.731010827707836,3.198667157092813,7.280109889280518,3.198667157092813,2891.15,752.95,1471.789696270665,66.31994582592506,27.439546690747168,62.451923069808366,27.439546690747168,43.28905665034775
967,10.0,5.656854249492381,2.0,5.0990195135927845,2.0,387.5,755.0,735.8948481353325,48.52693596378268,17.15686274509804,43.74158896464398,17.15686274509804,30.60998550862951
968,28.0,9.701672483628368,3.927922024247863,9.055385138137417,3.927922024247863,2284.785714285714,755.5,2060.505574778931,83.22513159975315,33.69540952173412,77.68099995951215,33.69540952173412,51.220302575715266
969,6.0,3.265986323710904,2.0,3.1622776601683795,2.0,2326.0,755.5,441.53690888119945,28.017039541637658,17.15686274509804,27.127381888699333,17.15686274509804,23.710392820514492
970,50.0,17.000443667496064,4.844059775466547,16.278820596099706,4.844059775466547,2909.48,761.86,3679.4742406766622,145.83713930450054,41.554434348364985,139.64674530967883,41.554434348364985,68.44600838757906
971,23.0,10.296938358233183,3.180680390031748,9.433981132056603,3.180680390031748,2923.608695652174,763.3913043478261,1692.5581507112647,88.33157905347093,27.285248443899796,80.92875971126988,27.285248443899796,46.4223414912321
972,11.0,5.529681747206153,2.539175685738357,5.0990195135927845,2.539175685738357,2321.3636363636365,765.0909090909091,809.4843329488657,47.435995380444936,21.78214436295159,43.74158896464398,21.78214436295159,32.10402364381074
973,16.0,4.69041575982343,4.415880433163924,5.0990195135927845,4.415880433163924,2901.375,765.875,1177.431757016532,40.23640970436765,37.881327245278754,43.74158896464398,37.881327245278754,38.71890934080677
974,13.0,5.233983625385598,3.6748909770521223,5.385164807134504,3.6748909770521223,367.53846153846155,769.0,956.6633025759322,44.89936933541566,31.524800048241243,46.196266727869514,31.524800048241243,34.900753239580105
975,12.0,4.894994431930091,2.9693109114997,5.0990195135927845,2.9693109114997,2294.9166666666665,769.1666666666666,883.0738177623989,41.99137380332186,25.47202987806115,43.74158896464398,25.47202987806115,33.53155909596526
976,67.0,13.969348568135564,7.553660746208286,13.892443989449804,7.553660746208286,401.74626865671644,772.3582089552239,4930.495482506728,119.83509801096685,64.7985603228652,119.17537736047626,64.7985603228652,79.23198297416269
977,28.0,7.725979059420502,4.800410550249523,7.615773105863909,4.800410550249523,2286.6785714285716,771.3928571428571,2060.505574778931,66.27678114698959,41.179992465375804,65.33138693755804,41.179992465375804,51.220302575715266
978,115.0,22.811069704831315,9.966805713145789,20.223748416156685,9.966805713145789,2919.191304347826,773.7391304347826,8462.790753556323,195.68319599732746,85.49955881375064,173.48803788369705,85.49955881375064,103.80351124910393
979,8.0,4.47213595499958,2.0,4.123105625617661,2.0,2307.5,770.5,588.715878508266,38.36391137867286,17.15686274509804,35.36977865113189,17.15686274509804,27.378403355031622
980,34.0,10.346458456009362,4.479395524988106,10.44030650891055,4.479395524988106,2327.5882352941176,774.0588235294117,2502.0424836601305,88.7563838138058,38.42618710161365,89.561452895066,38.42618710161365,56.44202444678016
981,12.0,5.5377492419453835,2.98142396999972,6.0,2.98142396999972,2895.3333333333335,771.5,883.0738177623989,47.505201830413824,25.575940919115244,51.470588235294116,25.575940919115244,33.53155909596526
982,11.0,6.410747983365108,1.9649396885733192,6.082762530298219,1.9649396885733192,379.72727272727275,771.4545454545455,809.4843329488657,54.994161622004604,16.85610026962406,52.1805609216759,16.85610026962406,32.10402364381074
983,12.0,7.802728855440187,2.4733423556962455,7.280109889280518,2.4733423556962455,2872.75,775.0,883.0738177623989,66.9351740050016,21.21739765915897,62.451923069808366,21.21739765915897,33.53155909596526
984,7.0,4.155374705678736,1.9054711331003737,4.123105625617661,1.9054711331003737,2903.4285714285716,774.2857142857143,515.1263936947328,35.646596739891116,16.345953347674776,35.36977865113189,16.345953347674776,25.610151287857633
985,26.0,6.0451946782733845,6.0,6.708203932499369,6.0,2307.5,778.1538461538462,1913.3266051518644,51.85828768126678,51.470588235294116,57.545867068009294,51.470588235294116,49.357118568450915
986,9.0,3.885753375057407,2.7954428906961324,4.123105625617661,2.7954428906961324,384.6666666666667,776.8888888888889,662.3053633217992,33.3336686585807,23.98051499371682,35.36977865113189,23.98051499371682,29.039182005605074
987,6.0,3.126943839882286,2.309401076758503,3.1622776601683795,2.309401076758503,408.8333333333333,776.8333333333334,441.53690888119945,26.8242731362451,19.811038648663626,27.127381888699333,19.811038648663626,23.710392820514492
988,8.0,9.16515138991168,0.0,8.0,0.0,2297.0,779.5,588.715878508266,78.6226222173796,0.0,68.62745098039215,0.0,27.378403355031622
989,6.0,3.265986323710904,2.0,3.1622776601683795,2.0,2319.0,777.5,441.53690888119945,28.017039541637658,17.15686274509804,27.127381888699333,17.15686274509804,23.710392820514492
990,7.0,3.5820700954176696,2.4713456540351717,3.605551275463989,2.4713456540351717,2345.285714285714,778.1428571428571,515.1263936947328,30.728542485200595,21.20026909098799,30.929974176774415,21.20026909098799,25.610151287857633
991,13.0,7.554371880072024,1.9753176197160076,7.0710678118654755,1.9753176197160076,2885.5384615384614,779.7692307692307,956.6633025759322,64.80466073591197,16.94512663972065,60.65866995472834,16.94512663972065,34.900753239580105
992,6.0,3.265986323710904,2.0,3.1622776601683795,2.0,2795.5,779.0,441.53690888119945,28.017039541637658,17.15686274509804,27.127381888699333,17.15686274509804,23.710392820514492
993,126.0,20.325998986283476,9.867892741599725,21.213203435596427,9.867892741599725,2334.6428571428573,786.8571428571429,9272.27508650519,174.36518738233374,84.65104067548783,181.97600986418502,84.65104067548783,108.65466985714515
994,33.0,8.9190044821619,5.00610554701144,8.54400374531753,5.00610554701144,391.6060606060606,783.939393939394,2428.452998846597,76.51106786168297,42.94453287877461,73.29414977600823,42.94453287877461,55.60580007847273
995,8.0,3.8888437389046198,2.6223833385648136,4.123105625617661,2.6223833385648136,2286.25,782.25,588.715878508266,33.360179132760216,22.495935502394232,35.36977865113189,22.495935502394232,27.378403355031622
996,7.0,3.5820700954176696,2.4713456540351717,3.605551275463989,2.4713456540351717,2313.285714285714,783.1428571428571,515.1263936947328,30.728542485200595,21.20026909098799,30.929974176774415,21.20026909098799,25.610151287857633
997,17.0,5.415619343554923,3.9808965967416245,5.385164807134504,3.9808965967416245,2294.235294117647,785.9411764705883,1251.0212418300653,46.45751887853488,34.14984825636198,46.196266727869514,34.14984825636198,39.910538230215145
998,13.0,4.417038656910848,3.8174087729822177,5.0990195135927845,3.8174087729822177,2305.3076923076924,785.9230769230769,956.6633025759322,37.8912629882058,32.74737917999451,43.74158896464398,32.74737917999451,34.900753239580105
999,39.0,12.489481739588381,5.465301374835337,11.661903789690601,5.465301374835337,368.6666666666667,789.1282051282051,2869.9899077277964,107.14016198176307,46.883712774322746,100.04084133313016,46.883712774322746,60.449877833376824
1000,11.0,6.410747983365109,1.9649396885733192,6.082762530298219,1.9649396885733192,407.45454545454544,787.2727272727273,809.4843329488657,54.99416162200461,16.85610026962406,52.1805609216759,16.85610026962406,32.10402364381074
1001,12.0,7.433273882013823,2.2783511229429942,6.708203932499369,2.2783511229429942,2346.3333333333335,786.6666666666666,883.0738177623989,63.76582987021661,19.54467875073647,57.545867068009294,19.54467875073647,33.53155909596526
1002,12.0,4.47213595499958,3.265986323710904,4.47213595499958,3.265986323710904,2934.0,787.5,883.0738177623989,38.36391137867286,28.017039541637658,38.36391137867286,28.017039541637658,33.53155909596526
1003,6.0,3.265986323710904,2.0,3.1622776601683795,2.0,2318.0,787.5,441.53690888119945,28.017039541637658,17.15686274509804,27.127381888699333,17.15686274509804,23.710392820514492
1004,6.0,3.265986323710904,2.0,3.1622776601683795,2.0,2283.5,790.0,441.53690888119945,28.017039541637658,17.15686274509804,27.127381888699333,17.15686274509804,23.710392820514492
1005,28.0,11.564129778498236,4.145994429927415,11.180339887498949,4.145994429927415,2891.0,792.3214285714286,2060.505574778931,99.2020936880976,35.56612868810283,95.90977844668215,35.56612868810283,51.220302575715266
1006,44.0,8.79826396831823,6.418887862529383,9.219544457292887,6.418887862529383,258.09090909090907,797.1818181818181,3237.937331795463,75.47530364978873,55.06398901679617,79.08922941305173,55.06398901679617,64.20804728762148
1007,19.0,7.347338259627431,3.178877656956105,7.0710678118654755,3.178877656956105,318.0,795.6842105263158,1398.2002114571317,63.02863703111767,27.26978382192737,60.65866995472834,27.26978382192737,42.192953255172434
1008,28.0,10.28396011741913,3.6805280534608484,9.219544457292887,3.6805280534608484,2306.6071428571427,794.1785714285714,2060.505574778931,88.22024610531116,31.573157321355318,79.08922941305173,31.573157321355318,51.220302575715266
1009,25.0,10.867011073308706,3.5598975171465215,9.848857801796104,3.5598975171465215,2924.64,795.76,1839.7371203383311,93.221908717109,30.53833654414908,84.48775075070186,30.53833654414908,48.39863667600846
1010,15.0,5.9825936213138124,3.0484451785557387,6.082762530298219,3.0484451785557387,389.3333333333333,801.0666666666667,1103.8422722029986,51.32126881029006,26.150877757218346,52.1805609216759,26.150877757218346,37.48942276506485
1011,17.0,5.133511583357983,4.261357712064667,5.385164807134504,4.261357712064667,2886.705882352941,801.8823529411765,1251.0212418300653,44.03747681802191,36.55576468682925,46.196266727869514,36.55576468682925,39.910538230215145
1012,6.0,3.265986323710904,2.0,3.1622776601683795,2.0,2923.5,801.0,441.53690888119945,28.017039541637658,17.15686274509804,27.127381888699333,17.15686274509804,23.710392820514492
1013,33.0,9.3808435441565,5.722039802872643,9.848857801796104,5.722039802872643,2898.242424242424,806.030303030303,2428.452998846597,80.47292256016605,49.086125759936884,84.48775075070186,49.086125759936884,55.60580007847273
1014,15.0,5.258554520990449,3.5691337129452037,5.385164807134504,3.5691337129452037,363.93333333333334,805.7333333333333,1103.8422722029986,45.11014907712395,30.6175686159515,46.196266727869514,30.6175686159515,37.48942276506485
1015,12.0,4.364045181411538,3.5213000580812746,4.47213595499958,3.5213000580812746,2928.3333333333335,805.9166666666666,883.0738177623989,37.43666209544212,30.20723089040309,38.36391137867286,30.20723089040309,33.53155909596526
1016,9.0,4.312594463574638,2.660928660904759,4.47213595499958,2.660928660904759,2934.222222222222,805.8888888888889,662.3053633217992,36.99529564340988,22.826593904820236,38.36391137867286,22.826593904820236,29.039182005605074
1017,50.0,15.13805574244979,8.006251828320352,13.92838827718412,8.006251828320352,2919.66,812.34,3679.4742406766622,129.86077230042713,68.68108186059125,119.48372296604023,68.68108186059125,68.44600838757906
1018,25.0,9.652691776023222,3.280478848749626,9.219544457292887,3.280478848749626,2318.04,811.32,1839.7371203383311,82.80495396098351,28.141362673097284,79.08922941305173,28.141362673097284,48.39863667600846
1019,8.0,3.4641016151377544,2.7386127875258306,3.605551275463989,2.7386127875258306,396.125,808.875,588.715878508266,29.716557972995442,23.493001853775507,30.929974176774415,23.493001853775507,27.378403355031622
1020,19.0,7.3473382596274295,3.178877656956105,7.0710678118654755,3.178877656956105,2299.315789473684,809.0,1398.2002114571317,63.028637031117654,27.26978382192737,60.65866995472834,27.26978382192737,42.192953255172434
1021,94.0,19.256809683357716,9.355321697313574,19.72308292331602,9.355321697313574,2279.627659574468,819.5851063829788,6917.411572472125,165.19322032292158,80.2539851485233,169.19311331275998,80.2539851485233,93.84843845627897
1022,24.0,7.686737867085648,4.054853726152075,7.615773105863909,4.054853726152075,2326.5416666666665,812.3333333333334,1766.1476355247978,65.94015327156805,34.78428441552025,65.33138693755804,34.78428441552025,47.420785641028985
1023,22.0,11.206537955048994,3.180563849522484,9.848857801796104,3.180563849522484,363.5,813.3636363636364,1618.9686658977314,96.13451677125362,27.284248709138957,84.48775075070186,27.284248709138957,45.401945643823666
1024,6.0,3.265986323710904,2.0,3.1622776601683795,2.0,417.0,811.5,441.53690888119945,28.017039541637658,17.15686274509804,27.127381888699333,17.15686274509804,23.710392820514492
1025,11.0,5.055959348388901,2.688989307749465,5.0990195135927845,2.688989307749465,2950.181818181818,814.9090909090909,809.4843329488657,43.372200292551845,23.06731023804688,43.74158896464398,23.06731023804688,32.10402364381074
1026,11.0,7.049811475828224,1.7868184403435534,7.0710678118654755,1.7868184403435534,398.45454545454544,818.8181818181819,809.4843329488657,60.47632393480094,15.328099365692246,60.65866995472834,15.328099365692246,32.10402364381074
1027,15.0,4.77795383588526,3.981909289096598,5.0990195135927845,3.981909289096598,427.6666666666667,817.2666666666667,1103.8422722029986,40.98734908234904,34.15853556823062,43.74158896464398,34.15853556823062,37.48942276506485
1028,5.0,3.098386676965933,1.7888543819998317,3.1622776601683795,1.7888543819998317,2272.4,816.8,367.94742406766625,26.579297473972463,15.345564551469144,27.127381888699333,15.345564551469144,21.644528325173876
1029,19.0,7.347338259627431,3.178877656956105,7.0710678118654755,3.178877656956105,2931.684210526316,817.0,1398.2002114571317,63.02863703111767,27.26978382192737,60.65866995472834,27.26978382192737,42.192953255172434
1030,12.0,6.831300510639732,2.0,6.082762530298219,2.0,2315.5,819.5,883.0738177623989,58.60184261578201,17.15686274509804,52.1805609216759,17.15686274509804,33.53155909596526
1031,16.0,7.437997551719226,2.945537713324818,6.708203932499369,2.945537713324818,419.5,819.5,1177.431757016532,63.806351546611005,25.26809312901192,57.545867068009294,25.26809312901192,38.71890934080677
1032,12.0,6.831300510639732,2.0,6.082762530298219,2.0,2859.5,821.5,883.0738177623989,58.60184261578201,17.15686274509804,52.1805609216759,17.15686274509804,33.53155909596526
1033,6.0,3.265986323710904,2.0,3.1622776601683795,2.0,427.5,825.0,441.53690888119945,28.017039541637658,17.15686274509804,27.127381888699333,17.15686274509804,23.710392820514492
1034,20.0,7.731010827707836,3.198667157092813,7.280109889280518,3.198667157092813,2291.15,824.95,1471.789696270665,66.31994582592506,27.439546690747168,62.451923069808366,27.439546690747168,43.28905665034775
1035,69.0,16.939441725130315,6.190702322220191,16.492422502470642,6.190702322220191,2306.4347826086955,832.9420289855072,5077.674452133794,145.31383832832378,53.10651501904575,141.47911460452755,53.10651501904575,80.40585406912676
1036,14.0,4.20883424647321,4.120630029101703,4.47213595499958,4.120630029101703,2363.5,825.2857142857143,1030.2527873894655,36.1051957418045,35.34854191631362,38.36391137867286,35.34854191631362,36.218223285715055
1037,10.0,5.656854249492381,2.0,5.0990195135927845,2.0,2375.0,824.5,735.8948481353325,48.52693596378268,17.15686274509804,43.74158896464398,17.15686274509804,30.60998550862951
1038,14.0,8.246211251235321,1.9794866372215747,8.0,1.9794866372215747,2905.4285714285716,827.5,1030.2527873894655,70.73955730226378,16.980890270283115,68.62745098039215,16.980890270283115,36.218223285715055
1039,43.0,11.036014239241606,5.176997767254662,11.40175425099138,5.176997767254662,2930.4651162790697,825.7209302325581,3164.3478469819297,94.6716907778079,44.410520062233616,97.80916636879859,44.410520062233616,63.47421693259072
1040,7.0,4.155374705678736,1.9054711331003737,4.123105625617661,1.9054711331003737,2350.5714285714284,829.7142857142857,515.1263936947328,35.646596739891116,16.345953347674776,35.36977865113189,16.345953347674776,25.610151287857633
1041,229.0,23.40129603269379,17.375822508221585,25.0,17.375822508221585,429.646288209607,839.1004366812227,16851.992022299113,200.7464120451673,149.05730092837143,214.46078431372547,149.05730092837143,146.48085463295826
1042,7.0,3.0237157840738176,2.7994168488950604,3.1622776601683795,2.7994168488950604,2926.0,830.7142857142857,515.1263936947328,25.938738343770492,24.014605321403703,27.127381888699333,24.014605321403703,25.610151287857633
1043,45.0,11.22799288100267,7.913877672466928,11.704699910719626,7.913877672466928,398.84444444444443,837.2666666666667,3311.526816608996,96.31856638115036,67.88865650400551,100.40796492038895,67.88865650400551,64.93358497552163
1044,11.0,4.854444919780395,2.858303992038103,5.0990195135927845,2.858303992038103,71.18181818181819,835.2727272727273,809.4843329488657,41.64352259615535,24.519764637581765,43.74158896464398,24.519764637581765,32.10402364381074
1045,12.0,7.118052168020874,1.9720265943665378,7.0,1.9720265943665378,373.5833333333333,836.0,883.0738177623989,61.06172202959083,16.916894804614905,60.049019607843135,16.916894804614905,33.53155909596526
1046,12.0,6.831300510639732,2.0,6.082762530298219,2.0,2337.5,835.5,883.0738177623989,58.60184261578201,17.15686274509804,52.1805609216759,17.15686274509804,33.53155909596526
1047,11.0,6.410747983365109,1.964939688573319,6.082762530298219,1.964939688573319,2363.5454545454545,835.2727272727273,809.4843329488657,54.99416162200461,16.85610026962406,52.1805609216759,16.85610026962406,32.10402364381074
1048,12.0,6.831300510639732,2.0,6.082762530298219,2.0,2885.5,835.5,883.0738177623989,58.60184261578201,17.15686274509804,52.1805609216759,17.15686274509804,33.53155909596526
1049,16.0,4.921442838104066,4.412131048742115,5.385164807134504,4.412131048742115,2321.4375,837.375,1177.431757016532,42.2182596405986,37.849163408326966,46.196266727869514,37.849163408326966,38.71890934080677
1050,10.0,4.079215610874227,3.224903099319419,4.123105625617661,3.224903099319419,2795.5,837.4,735.8948481353325,34.993271171715186,27.664609920632273,35.36977865113189,27.664609920632273,30.60998550862951
1051,36.0,8.329724733062157,5.588646510742101,8.94427190999916,5.588646510742101,2935.5833333333335,842.6944444444445,2649.2214532871967,71.45597197479792,47.94182055783665,76.72782275734572,47.94182055783665,58.07836401121015
1052,58.0,18.292552114366806,7.543351817578779,17.0,7.543351817578779,2894.6206896551726,849.1551724137931,4268.190119184928,156.92140294187212,64.71012588609247,145.83333333333331,64.71012588609247,73.71860711152476
1053,5.0,3.098386676965933,1.7888543819998317,3.1622776601683795,1.7888543819998317,2904.2,840.6,367.94742406766625,26.579297473972463,15.345564551469144,27.127381888699333,15.345564551469144,21.644528325173876
1054,15.0,7.734318207931477,2.6504275698279427,7.0710678118654755,2.6504275698279427,2925.733333333333,843.5333333333333,1103.8422722029986,66.3483179601965,22.73651101568088,60.65866995472834,22.73651101568088,37.48942276506485
1055,12.0,6.831300510639732,2.0,6.082762530298219,2.0,411.5,843.5,883.0738177623989,58.60184261578201,17.15686274509804,52.1805609216759,17.15686274509804,33.53155909596526
1056,7.0,4.155374705678736,1.9054711331003737,4.123105625617661,1.9054711331003737,2910.4285714285716,844.2857142857143,515.1263936947328,35.646596739891116,16.345953347674776,35.36977865113189,16.345953347674776,25.610151287857633
1057,67.0,10.44093688481983,8.510550776870147,11.661903789690601,8.510550776870147,396.7164179104478,850.2388059701492,4930.495482506728,89.56686053154266,73.0071757819743,100.04084133313016,73.0071757819743,79.23198297416269
1058,18.0,6.831300510639732,3.265986323710904,6.324555320336759,3.265986323710904,2339.5,846.0,1324.6107266435984,58.60184261578201,28.017039541637658,54.254763777398665,28.017039541637658,41.06760503254743
1059,457.0,64.66981960166623,18.272680993455946,56.824290580701486,18.272680993455946,2294.625820568928,872.4573304157549,33630.39455978469,554.7656093280192,156.75093989484267,487.4632770403314,156.75093989484267,206.92893569223187
1060,18.0,6.831300510639732,3.265986323710904,6.324555320336759,3.265986323710904,2334.0,851.5,1324.6107266435984,58.60184261578201,28.017039541637658,54.254763777398665,28.017039541637658,41.06760503254743
1061,5.0,3.098386676965933,1.7888543819998317,3.1622776601683795,1.7888543819998317,2786.8,849.4,367.94742406766625,26.579297473972463,15.345564551469144,27.127381888699333,15.345564551469144,21.644528325173876
1062,51.0,15.035844451996308,4.917102714876276,14.866068747318506,4.917102714876276,2919.8627450980393,855.6470588235294,3753.063725490196,128.98395975977223,42.1810281913406,127.52755052846757,42.1810281913406,69.1270799721527
1063,32.0,11.992205802011284,5.525463781639228,11.180339887498949,5.525463781639228,2940.71875,854.84375,2354.863514033064,102.87431447803797,47.3998118522973,95.90977844668215,47.3998118522973,54.756806710063245
1064,14.0,4.981598792617913,3.625307868699863,5.0990195135927845,3.625307868699863,431.14285714285717,851.5,1030.2527873894655,42.734303368045815,31.099454756003727,43.74158896464398,31.099454756003727,36.218223285715055
1065,6.0,3.265986323710904,2.0,3.1622776601683795,2.0,417.0,851.5,441.53690888119945,28.017039541637658,17.15686274509804,27.127381888699333,17.15686274509804,23.710392820514492
1066,26.0,8.710279153537467,3.926955295881654,9.219544457292887,3.926955295881654,421.96153846153845,855.8461538461538,1913.3266051518644,74.72053195436553,33.6871165087887,79.08922941305173,33.6871165087887,49.357118568450915
1067,6.0,3.265986323710904,2.0,3.1622776601683795,2.0,2886.5,855.0,441.53690888119945,28.017039541637658,17.15686274509804,27.127381888699333,17.15686274509804,23.710392820514492
1068,51.0,10.034247546595102,6.488608061384609,10.44030650891055,6.488608061384609,2283.4313725490197,857.5490196078431,3753.063725490196,86.07810395363445,55.6620789579562,89.561452895066,55.6620789579562,69.1270799721527
1069,24.0,9.616541025038353,3.1126845937905356,9.055385138137417,3.1126845937905356,2928.125,859.125,1766.1476355247978,82.49483722459371,26.70195117222273,77.68099995951215,26.70195117222273,47.420785641028985
1070,6.0,3.265986323710904,2.0,3.1622776601683795,2.0,2961.0,859.5,441.53690888119945,28.017039541637658,17.15686274509804,27.127381888699333,17.15686274509804,23.710392820514492
1071,10.0,3.919183588453085,3.0983866769659336,4.123105625617661,3.0983866769659336,2361.8,862.0,735.8948481353325,33.620447449965184,26.57929747397247,35.36977865113189,26.57929747397247,30.60998550862951
1072,132.0,28.706482724447007,11.16206344842452,28.635642126552707,11.16206344842452,2278.939393939394,871.8030303030303,9713.811995386388,246.25659199893263,95.7529952683476,245.64889079150606,95.7529952683476,111.21160015694547
1073,16.0,5.149449337222181,3.918950308868696,5.385164807134504,3.918950308868696,2950.3125,865.8125,1177.431757016532,44.17419774577851,33.618446277059896,46.196266727869514,33.618446277059896,38.71890934080677
1074,55.0,19.823517474757516,3.9819497137739774,17.26267650163207,3.9819497137739774,369.74545454545455,872.2727272727273,4047.4216647443286,170.0546842197336,34.15888234855127,148.0866856757653,34.15888234855127,71.78677921882132
1075,12.0,6.831300510639732,2.0,6.082762530298219,2.0,387.5,867.5,883.0738177623989,58.60184261578201,17.15686274509804,52.1805609216759,17.15686274509804,33.53155909596526
1076,47.0,14.576489518755379,4.937125313914554,13.416407864998739,4.937125313914554,2934.8297872340427,870.6170212765958,3458.7057862360625,125.0434149893231,42.35279068309053,115.09173413601859,42.35279068309053,66.36086723620322
1077,16.0,5.385164807134504,3.8078865529319543,5.385164807134504,3.8078865529319543,2309.375,869.375,1177.431757016532,46.196266727869514,32.66569346877902,46.196266727869514,32.66569346877902,38.71890934080677
1078,11.0,4.51260859854213,2.9541957835039856,5.0,2.9541957835039856,2326.0,869.0,809.4843329488657,38.71110317376827,25.342365789862622,42.8921568627451,25.342365789862622,32.10402364381074
1079,7.0,4.155374705678736,1.9054711331003737,4.123105625617661,1.9054711331003737,2979.714285714286,870.5714285714286,515.1263936947328,35.646596739891116,16.345953347674776,35.36977865113189,16.345953347674776,25.610151287857633
1080,20.0,8.169990420649421,3.0085306258199673,8.06225774829855,3.0085306258199673,427.45,872.1,1471.789696270665,70.08570213792396,25.808473505808543,69.16152480158068,25.808473505808543,43.28905665034775
1081,48.0,8.082903768654761,7.69469514232587,9.219544457292887,7.69469514232587,443.9375,875.0625,3532.2952710495956,69.3386352703227,66.00841421112878,79.08922941305173,66.00841421112878,67.06311819193051
1082,368.0,56.078886173886154,17.82071021710071,51.92301994298868,17.82071021710071,464.01630434782606,898.8695652173913,27080.930411380235,481.06887649167044,152.87373960748158,445.4180632364225,152.87373960748158,185.6893659649284
1083,20.0,5.6080087285383815,4.577143006356403,5.830951894845301,4.577143006356403,2362.15,873.55,1471.789696270665,48.10791801442239,39.2647071623711,50.02042066656508,39.2647071623711,43.28905665034775
1084,8.0,3.4641016151377544,2.7386127875258306,3.605551275463989,2.7386127875258306,2400.875,873.125,588.715878508266,29.716557972995442,23.493001853775507,30.929974176774415,23.493001853775507,27.378403355031622
1085,21.0,6.081276256245482,4.510248566739277,6.324555320336759,4.510248566739277,2952.0,873.5238095238095,1545.379181084198,52.16781102171369,38.69085780291046,54.254763777398665,38.69085780291046,44.35808322009493
1086,12.0,6.831300510639732,2.0,6.082762530298219,2.0,435.5,875.5,883.0738177623989,58.60184261578201,17.15686274509804,52.1805609216759,17.15686274509804,33.53155909596526
1087,16.0,4.47213595499958,4.47213595499958,5.0,4.47213595499958,2315.5,875.5,1177.431757016532,38.36391137867286,38.36391137867286,42.8921568627451,38.36391137867286,38.71890934080677
1088,20.0,6.0,4.09878030638384,6.082762530298219,4.09878030638384,2332.5,875.5,1471.789696270665,51.470588235294116,35.161105569469214,52.1805609216759,35.161105569469214,43.28905665034775
1089,7.0,3.0237157840738176,2.799416848895061,3.1622776601683795,2.799416848895061,350.2857142857143,878.0,515.1263936947328,25.938738343770492,24.014605321403707,27.127381888699333,24.014605321403707,25.610151287857633
1090,8.0,3.4641016151377544,2.7386127875258306,3.605551275463989,2.7386127875258306,414.875,878.125,588.715878508266,29.716557972995442,23.493001853775507,30.929974176774415,23.493001853775507,27.378403355031622
1091,29.0,11.52998925974715,3.897148472853117,10.44030650891055,3.897148472853117,2897.137931034483,880.5862068965517,2134.095059592464,98.9092215909682,33.43142072300468,89.561452895066,33.43142072300468,52.12692698818601
1092,21.0,6.6862567814197105,3.9580111595455043,7.0710678118654755,3.9580111595455043,2962.1428571428573,878.3333333333334,1545.379181084198,57.35759493864948,33.953527103944275,60.65866995472834,33.953527103944275,44.35808322009493
1093,5.0,2.5298221281347035,2.5298221281347035,3.0,2.5298221281347035,358.0,879.0,367.94742406766625,21.701905510959467,21.701905510959467,25.735294117647058,21.701905510959467,21.644528325173876
1094,5.0,3.098386676965933,1.7888543819998317,3.1622776601683795,1.7888543819998317,2283.2,878.6,367.94742406766625,26.579297473972463,15.345564551469144,27.127381888699333,15.345564551469144,21.644528325173876
1095,16.0,9.16515138991168,2.0,8.06225774829855,2.0,2339.5,882.5,1177.431757016532,78.6226222173796,17.15686274509804,69.16152480158068,17.15686274509804,38.71890934080677
1096,61.0,22.48054925134132,4.893360870261506,21.213203435596427,4.893360870261506,2948.27868852459,891.655737704918,4488.958573625528,192.84784896983973,41.97736040665507,181.97600986418502,41.97736040665507,75.6010872826238
1097,5.0,5.656854249492381,0.0,5.0,0.0,388.0,883.0,367.94742406766625,48.52693596378268,0.0,42.8921568627451,0.0,21.644528325173876
1098,91.0,21.825615374830203,8.951206503019122,20.615528128088304,8.951206503019122,401.0,886.7032967032967,6696.643118031526,187.22954365663165,76.78731068766403,176.84889325565948,76.78731068766403,92.33871364076082
1099,151.0,28.34283926612323,8.855202678490938,28.635642126552707,8.855202678490938,442.2913907284768,894.3973509933775,11112.01220684352,243.13710154762575,75.96374846744678,245.64889079150606,75.96374846744678,118.9464808805266
1100,9.0,4.277662731533559,2.643019518000728,4.123105625617661,2.643019518000728,350.6666666666667,886.5555555555555,662.3053633217992,36.69563617737122,22.67296155147683,35.36977865113189,22.67296155147683,29.039182005605074
1101,14.0,7.017298793846583,2.6462077766235526,6.324555320336759,2.6462077766235526,2307.785714285714,885.7142857142857,1030.2527873894655,60.19741612368392,22.70031180927067,54.254763777398665,22.70031180927067,36.218223285715055
1102,22.0,6.501113306574174,4.281421153939221,6.708203932499369,4.281421153939221,2332.5,886.9090909090909,1618.9686658977314,55.76935434561179,36.72787754604724,57.545867068009294,36.72787754604724,45.401945643823666
1103,6.0,3.126943839882286,2.309401076758503,3.1622776601683795,2.309401076758503,2924.8333333333335,885.8333333333334,441.53690888119945,26.8242731362451,19.811038648663626,27.127381888699333,19.811038648663626,23.710392820514492
1104,125.0,16.508496815871087,13.231640747857918,17.204650534085253,13.231640747857918,2958.824,890.84,9198.685601691655,141.6170069988941,113.50672210172233,147.58891389533918,113.50672210172233,108.22264162586939
1105,12.0,4.464216783173839,3.409739589526534,4.47213595499958,3.409739589526534,2320.5,887.3333333333334,883.0738177623989,38.29597730663832,29.250217067016834,38.36391137867286,29.250217067016834,33.53155909596526
1106,40.0,12.633481917806476,5.885162243511796,11.661903789690601,5.885162243511796,424.6,890.0,2943.57939254133,108.37545762824182,50.485460422282564,100.04084133313016,50.485460422282564,61.21997101725902
1107,6.0,3.265986323710904,2.0,3.1622776601683795,2.0,2940.5,889.0,441.53690888119945,28.017039541637658,17.15686274509804,27.127381888699333,17.15686274509804,23.710392820514492
1108,9.0,3.885753375057407,2.7954428906961324,4.123105625617661,2.7954428906961324,335.1111111111111,892.6666666666666,662.3053633217992,33.3336686585807,23.98051499371682,35.36977865113189,23.98051499371682,29.039182005605074
1109,17.0,5.224377249688121,4.280801270273,5.385164807134504,4.280801270273,2309.470588235294,893.4705882352941,1251.0212418300653,44.81696170075594,36.72255991655759,46.196266727869514,36.72255991655759,39.910538230215145
1110,14.0,7.664041867217211,2.3293191201860197,7.0710678118654755,2.3293191201860197,379.92857142857144,893.6428571428571,1030.2527873894655,65.74545719426528,19.981904217282032,60.65866995472834,19.981904217282032,36.218223285715055
1111,48.0,14.205129830383266,7.200432691609574,13.601470508735444,7.200432691609574,2296.3541666666665,895.7083333333334,3532.2952710495956,121.85773138809174,61.76841769763115,116.6792813249364,61.76841769763115,67.06311819193051
1112,10.0,4.09878030638384,2.9933259094191533,4.123105625617661,2.9933259094191533,404.5,894.8,735.8948481353325,35.161105569469214,25.678040889625088,35.36977865113189,25.678040889625088,30.60998550862951
1113,113.0,23.90322154036514,13.389883782050575,20.808652046684813,13.389883782050575,2321.8849557522126,903.4513274336283,8315.611783929256,205.05214556685783,114.86419911072797,178.50559353773735,114.86419911072797,102.89691300070739
1114,12.0,5.033222956847167,2.9059326290271157,5.0,2.9059326290271157,2332.6666666666665,895.3333333333334,883.0738177623989,43.177157718051674,24.92834363136006,42.8921568627451,24.92834363136006,33.53155909596526
1115,31.0,16.689016380942242,3.0512684248405932,15.297058540778355,3.0512684248405932,388.96774193548384,903.0967741935484,2281.274029219531,143.16558169925943,26.175096781720775,131.22476689393196,26.175096781720775,53.8944408988476
1116,11.0,4.51260859854213,2.9541957835039856,5.0,2.9541957835039856,454.0,901.0,809.4843329488657,38.71110317376827,25.342365789862622,42.8921568627451,25.342365789862622,32.10402364381074
1117,22.0,7.603826787755086,3.848365543366678,7.211102550927978,3.848365543366678,2281.318181818182,901.3636363636364,1618.9686658977314,65.22890626750686,33.01293971025336,61.85994835354883,33.01293971025336,45.401945643823666
1118,10.0,3.919183588453085,3.0983866769659336,4.123105625617661,3.0983866769659336,166.8,901.0,735.8948481353325,33.620447449965184,26.57929747397247,35.36977865113189,26.57929747397247,30.60998550862951
1119,14.0,8.0,2.0,7.0710678118654755,2.0,395.5,907.0,1030.2527873894655,68.62745098039215,17.15686274509804,60.65866995472834,17.15686274509804,36.218223285715055
1120,6.0,3.8297084310253524,1.8856180831641272,4.0,1.8856180831641272,403.5,904.3333333333334,441.53690888119945,32.852890952423365,16.175645321260895,34.31372549019608,16.175645321260895,23.710392820514492
1121,14.0,5.606119105813881,3.0237157840738176,6.0,3.0237157840738176,431.5,905.0,1030.2527873894655,48.09170801556025,25.938738343770492,51.470588235294116,25.938738343770492,36.218223285715055
1122,19.0,7.347338259627431,3.178877656956105,7.0710678118654755,3.178877656956105,2305.0,907.3157894736842,1398.2002114571317,63.02863703111767,27.26978382192737,60.65866995472834,27.26978382192737,42.192953255172434
1123,90.0,13.552987728031432,9.610512772094673,13.601470508735444,9.610512772094673,2338.733333333333,910.1777777777778,6623.053633217992,116.2633751179167,82.44312427041999,116.6792813249364,82.44312427041999,91.82995652588852
1124,8.0,4.100618600451318,2.4869513653533066,4.123105625617661,2.4869513653533066,2902.75,905.0,588.715878508266,35.17687524896964,21.334141614550425,35.36977865113189,21.334141614550425,27.378403355031622
1125,7.0,3.582070095417669,2.4713456540351713,3.605551275463989,2.4713456540351713,2558.1428571428573,907.7142857142857,515.1263936947328,30.72854248520059,21.200269090987987,30.929974176774415,21.200269090987987,25.610151287857633
1126,37.0,9.667675422534655,6.056940376431227,10.44030650891055,6.056940376431227,2932.2162162162163,911.3783783783783,2722.8109381007303,82.93349014429238,51.9590473468365,89.561452895066,51.9590473468365,58.87948273806829
1127,10.0,4.09878030638384,2.9933259094191533,4.123105625617661,2.9933259094191533,403.5,908.8,735.8948481353325,35.161105569469214,25.678040889625088,35.36977865113189,25.678040889625088,30.60998550862951
1128,22.0,8.591750800516843,3.1701083225750346,8.06225774829855,3.1701083225750346,2291.5,909.0909090909091,1618.9686658977314,73.70374461227684,27.194556688756425,69.16152480158068,27.194556688756425,45.401945643823666
1129,25.0,9.483031186611102,5.097932866737385,9.219544457292887,5.097932866737385,422.44,913.04,1839.7371203383311,81.34953223808543,43.73226723916874,79.08922941305173,43.73226723916874,48.39863667600846
1130,10.0,3.9191835884530852,3.0983866769659336,4.123105625617661,3.0983866769659336,2270.2,910.0,735.8948481353325,33.62044744996519,26.57929747397247,35.36977865113189,26.57929747397247,30.60998550862951
1131,6.0,3.0550504633038935,2.6666666666666665,3.1622776601683795,2.6666666666666665,2943.8333333333335,911.3333333333334,441.53690888119945,26.207540739126536,22.87581699346405,27.127381888699333,22.87581699346405,23.710392820514492
1132,16.0,8.807934488628215,2.8474181364937636,8.06225774829855,2.8474181364937636,331.625,913.5625,1177.431757016532,75.55826154460478,24.42638107286317,69.16152480158068,24.42638107286317,38.71890934080677
1133,8.0,5.321869122843981,1.7826129808008924,5.0990195135927845,1.7826129808008924,433.625,912.375,588.715878508266,45.65328904400474,15.292023119615498,43.74158896464398,15.292023119615498,27.378403355031622
1134,180.0,25.85986397293828,13.000675319302399,24.331050121192877,13.000675319302399,454.77777777777777,923.5888888888888,13246.107266435984,221.83706839530387,111.52540102342743,208.7222436867036,111.52540102342743,129.86716995104325
1135,16.0,5.244535484642193,3.9204397139005818,5.385164807134504,3.9204397139005818,2275.1875,913.1875,1177.431757016532,44.98988773590116,33.63122303591185,46.196266727869514,33.63122303591185,38.71890934080677
1136,55.0,19.437697383085503,6.226420893081819,17.4928556845359,6.226420893081819,2291.9636363636364,917.1272727272727,4047.4216647443286,166.74495304117465,53.41292432790776,150.06126199969523,53.41292432790776,71.78677921882132
1137,48.0,11.384835300128199,5.5343094189347966,11.661903789690601,5.5343094189347966,2323.9375,915.7916666666666,3532.2952710495956,97.66402830992327,47.475693544783795,100.04084133313016,47.475693544783795,67.06311819193051
1138,29.0,6.941096149089779,5.464577962745357,7.280109889280518,5.464577962745357,2894.5172413793102,914.3103448275862,2134.095059592464,59.54371696523094,46.877507033354775,62.451923069808366,46.877507033354775,52.12692698818601
1139,7.0,3.0237157840738176,2.7994168488950604,3.1622776601683795,2.7994168488950604,369.0,914.7142857142857,515.1263936947328,25.938738343770492,24.014605321403703,27.127381888699333,24.014605321403703,25.610151287857633
1140,13.0,6.932327517510464,2.6893820885790056,6.708203932499369,2.6893820885790056,2279.846153846154,919.4615384615385,956.6633025759322,59.468495860996626,23.070679681437547,57.545867068009294,23.070679681437547,34.900753239580105
1141,8.0,4.47213595499958,2.0,4.123105625617661,2.0,2987.5,918.5,588.715878508266,38.36391137867286,17.15686274509804,35.36977865113189,17.15686274509804,27.378403355031622
1142,8.0,4.898979485566356,1.9364916731037085,5.0,1.9364916731037085,409.0,918.625,588.715878508266,42.02555931245648,16.612060921232793,42.8921568627451,16.612060921232793,27.378403355031622
1143,6.0,3.9999999999999996,1.632993161855452,4.123105625617661,1.632993161855452,433.5,918.5,441.53690888119945,34.31372549019607,14.008519770818829,35.36977865113189,14.008519770818829,23.710392820514492
1144,77.0,17.755128240853757,7.248229752335425,17.11724276862369,7.248229752335425,2314.1428571428573,925.4025974025974,5666.39033064206,152.31114912497097,62.17844150287742,146.8390923778993,62.17844150287742,84.9392626460609
1145,6.0,3.1269438398822857,2.309401076758503,3.1622776601683795,2.309401076758503,2898.1666666666665,921.1666666666666,441.53690888119945,26.824273136245097,19.811038648663626,27.127381888699333,19.811038648663626,23.710392820514492
1146,12.0,6.831300510639732,2.0,6.082762530298219,2.0,443.5,923.5,883.0738177623989,58.60184261578201,17.15686274509804,52.1805609216759,17.15686274509804,33.53155909596526
1147,13.0,7.470939259235104,2.470268476933883,6.708203932499369,2.470268476933883,479.61538461538464,924.5384615384615,956.6633025759322,64.08893972383055,21.191028601148506,57.545867068009294,21.191028601148506,34.900753239580105
1148,14.0,7.017298793846583,2.6462077766235543,6.324555320336759,2.6462077766235543,2291.214285714286,925.7142857142857,1030.2527873894655,60.19741612368392,22.700311809270687,54.254763777398665,22.700311809270687,36.218223285715055
1149,6.0,4.363338213437162,1.65500979239906,4.123105625617661,1.65500979239906,2282.1666666666665,926.3333333333334,441.53690888119945,37.430597419191336,14.197387924991936,35.36977865113189,14.197387924991936,23.710392820514492
1150,6.0,6.831300510639732,0.0,6.0,0.0,2883.5,926.0,441.53690888119945,58.60184261578201,0.0,51.470588235294116,0.0,23.710392820514492
1151,109.0,23.472390004904543,10.851649431674721,24.331050121192877,10.851649431674721,2304.440366972477,939.5688073394496,8021.253844675124,201.35628680677917,93.09012992858216,208.7222436867036,93.09012992858216,101.0593203021856
1152,5.0,3.098386676965933,1.7888543819998317,3.1622776601683795,1.7888543819998317,2307.6,929.2,367.94742406766625,26.579297473972463,15.345564551469144,27.127381888699333,15.345564551469144,21.644528325173876
1153,7.0,8.0,0.0,7.0,0.0,2934.0,931.0,515.1263936947328,68.62745098039215,0.0,60.049019607843135,0.0,25.610151287857633
1154,12.0,6.831300510639732,2.0,6.082762530298219,2.0,411.5,931.5,883.0738177623989,58.60184261578201,17.15686274509804,52.1805609216759,17.15686274509804,33.53155909596526
1155,20.0,5.808305664709609,4.523669451374875,6.324555320336759,4.523669451374875,2289.65,933.8,1471.789696270665,49.82615153549909,38.80598794071584,54.254763777398665,38.80598794071584,43.28905665034775
1156,14.0,5.606119105813881,3.0237157840738176,6.0,3.0237157840738176,2977.0,933.5,1030.2527873894655,48.09170801556025,25.938738343770492,51.470588235294116,25.938738343770492,36.218223285715055
1157,41.0,14.934635300280352,4.095830039484469,13.601470508735444,4.095830039484469,2285.8048780487807,940.439024390244,3017.168877354863,128.11574399750302,35.13579690734226,116.6792813249364,35.13579690734226,61.98049671177124
1158,37.0,18.477542493198012,3.2455621947371354,17.26267650163207,3.2455621947371354,431.2432432432432,943.5675675675676,2722.8109381007303,158.50833021125746,27.841832552892093,148.0866856757653,27.841832552892093,58.87948273806829
1159,20.0,7.848566748139434,3.0983866769659336,8.0,3.0983866769659336,470.0,939.5,1471.789696270665,67.32839122178436,26.57929747397247,68.62745098039215,26.57929747397247,43.28905665034775
1160,5.0,3.098386676965933,1.7888543819998317,3.1622776601683795,1.7888543819998317,2296.8,936.6,367.94742406766625,26.579297473972463,15.345564551469144,27.127381888699333,15.345564551469144,21.644528325173876
1161,39.0,12.232198695876583,5.774744499885181,10.770329614269007,5.774744499885181,483.61538461538464,942.0769230769231,2869.9899077277964,104.93307704796088,49.53824938626994,92.39253345573903,49.53824938626994,60.449877833376824
1162,12.0,6.831300510639732,2.0,6.082762530298219,2.0,2275.5,943.5,883.0738177623989,58.60184261578201,17.15686274509804,52.1805609216759,17.15686274509804,33.53155909596526
1163,231.0,35.986825644540296,11.883001368911465,35.34119409414458,11.883001368911465,2983.4848484848485,950.91341991342,16999.17099192618,308.71051410757605,101.93751174311305,303.172008160554,101.93751174311305,147.11911846041474
1164,40.0,16.46418751336518,3.6715840620568896,15.132745950421556,3.6715840620568896,2955.0,951.375,2943.57939254133,141.2369026881817,31.496431904899787,129.8152226139104,31.496431904899787,61.21997101725902
1165,28.0,12.949801835262623,3.352820892566862,12.083045973594572,3.352820892566862,449.85714285714283,949.7142857142857,2060.505574778931,111.08898633190975,28.761943931333374,103.65358065583578,28.761943931333374,51.220302575715266
1166,19.0,7.3473382596274295,3.178877656956105,7.0710678118654755,3.178877656956105,2923.315789473684,947.0,1398.2002114571317,63.028637031117654,27.26978382192737,60.65866995472834,27.26978382192737,42.192953255172434
1167,14.0,4.20883424647321,4.120630029101703,4.47213595499958,4.120630029101703,2944.714285714286,947.5,1030.2527873894655,36.1051957418045,35.34854191631362,38.36391137867286,35.34854191631362,36.218223285715055
1168,51.0,10.370589314717712,7.696090465020411,10.770329614269007,7.696090465020411,476.6862745098039,954.5490196078431,3753.063725490196,88.96338872919605,66.02038389110646,92.39253345573903,66.02038389110646,69.1270799721527
1169,95.0,19.824114115304123,9.540905422165224,18.973665961010276,9.540905422165224,2291.3473684210526,958.3789473684211,6991.001057285658,170.05980245971674,81.8460023960252,162.764291332196,81.8460023960252,94.3463116500366
1170,14.0,9.768754855587861,1.9794866372215747,8.06225774829855,1.9794866372215747,439.42857142857144,955.5,1030.2527873894655,83.80059312391548,16.980890270283115,69.16152480158068,16.980890270283115,36.218223285715055
1171,40.0,7.951774886673052,6.509168622157193,8.54400374531753,6.509168622157193,455.5,955.5,2943.57939254133,68.21375515528354,55.83845631752494,73.29414977600823,55.83845631752494,61.21997101725902
1172,7.0,3.6486656040768595,2.5058084612197162,4.0,2.5058084612197162,2389.8571428571427,953.4285714285714,515.1263936947328,31.29982748595345,21.495905917325995,34.31372549019608,21.495905917325995,25.610151287857633
1173,16.0,8.12670840368157,3.760865661191759,8.06225774829855,3.760865661191759,2943.125,956.1875,1177.431757016532,69.71441032569975,32.2623279759097,69.16152480158068,32.2623279759097,38.71890934080677
1174,12.0,6.831300510639732,2.0,6.082762530298219,2.0,2347.5,955.5,883.0738177623989,58.60184261578201,17.15686274509804,52.1805609216759,17.15686274509804,33.53155909596526
1175,14.0,7.223425730278744,2.471403448419801,6.708203932499369,2.471403448419801,2963.5,955.5,1030.2527873894655,61.96566190190099,21.200764876150252,57.545867068009294,21.200764876150252,36.218223285715055
1176,33.0,14.174808981001119,3.8759988426184337,13.92838827718412,3.8759988426184337,414.3939393939394,963.2121212121212,2428.452998846597,121.59762606250959,33.24999007148166,119.48372296604023,33.24999007148166,55.60580007847273
1177,9.0,3.885753375057407,2.7954428906961324,4.123105625617661,2.7954428906961324,2920.8888888888887,958.6666666666666,662.3053633217992,33.3336686585807,23.98051499371682,35.36977865113189,23.98051499371682,29.039182005605074
1178,24.0,9.616541025038353,3.1126845937905356,9.055385138137417,3.1126845937905356,446.875,963.125,1766.1476355247978,82.49483722459371,26.70195117222273,77.68099995951215,26.70195117222273,47.420785641028985
1179,16.0,9.16515138991168,2.0,8.06225774829855,2.0,2283.5,962.5,1177.431757016532,78.6226222173796,17.15686274509804,69.16152480158068,17.15686274509804,38.71890934080677
1180,29.0,9.640651738389396,3.9418542030997274,9.219544457292887,3.9418542030997274,462.2758620689655,963.3793103448276,2134.095059592464,82.70166932441883,33.814925761884915,79.08922941305173,33.814925761884915,52.12692698818601
1181,45.0,10.352508186791571,5.925454104216736,10.816653826391969,5.925454104216736,475.2,963.9777777777778,3311.526816608996,88.80828101414338,50.8311013842122,92.78992253032325,50.8311013842122,64.93358497552163
1182,46.0,9.66882849441052,6.125001706517596,9.486832980505138,6.125001706517596,2253.3695652173915,964.0434782608696,3385.1163014225294,82.9433816922471,52.54290679610683,81.382145666098,52.54290679610683,65.65110493401569
1183,19.0,7.455128930368747,3.15086937833595,7.0710678118654755,3.15086937833595,2304.1052631578946,963.0,1398.2002114571317,63.95331190267307,27.029516725921138,60.65866995472834,27.029516725921138,42.192953255172434
1184,15.0,7.503608953854994,2.560873852779435,7.0710678118654755,2.560873852779435,2341.733333333333,963.0,1103.8422722029986,64.3691944570894,21.968280599823583,60.65866995472834,21.968280599823583,37.48942276506485
1185,11.0,5.196736578748781,2.5652886368981065,5.385164807134504,2.5652886368981065,2351.090909090909,961.7272727272727,809.4843329488657,44.5798481020116,22.006152522410225,46.196266727869514,22.006152522410225,32.10402364381074
1186,5.0,5.656854249492381,0.0,5.0,0.0,429.0,963.0,367.94742406766625,48.52693596378268,0.0,42.8921568627451,0.0,21.644528325173876
1187,22.0,11.862606679837082,3.308773828337013,10.770329614269007,3.308773828337013,2950.6363636363635,965.4545454545455,1618.9686658977314,101.76255730252399,28.384089213675356,92.39253345573903,28.384089213675356,45.401945643823666
1188,17.0,5.661053382547679,3.802323620020285,6.082762530298219,3.802323620020285,3005.705882352941,963.3529411764706,1251.0212418300653,48.562957938521755,32.61797223056617,52.1805609216759,32.61797223056617,39.910538230215145
1189,18.0,10.485513823250193,2.8073404418161054,9.486832980505138,2.8073404418161054,2979.6111111111113,965.3888888888889,1324.6107266435984,89.94926073866587,24.082577319500903,81.382145666098,24.082577319500903,41.06760503254743
1190,90.0,17.32588624814679,9.446056674821094,17.804493814764857,9.446056674821094,469.1333333333333,973.2777777777778,6623.053633217992,148.62892614831804,81.03234892616133,152.7346283129338,81.03234892616133,91.82995652588852
1191,28.0,11.374873849939647,3.625307868699863,10.198039027185569,3.625307868699863,2299.5,968.6428571428571,2060.505574778931,97.57857469310972,31.099454756003727,87.48317792928796,31.099454756003727,51.220302575715266
1192,22.0,9.477460573771431,3.1954340744017498,8.54400374531753,3.1954340744017498,453.6818181818182,971.6818181818181,1618.9686658977314,81.30174511813728,27.411811912760108,73.29414977600823,27.411811912760108,45.401945643823666
1193,12.0,3.8297084310253524,3.8297084310253524,4.123105625617661,3.8297084310253524,2323.5,969.5,883.0738177623989,32.852890952423365,32.852890952423365,35.36977865113189,32.852890952423365,33.53155909596526
1194,11.0,4.51260859854213,2.9541957835039856,5.0,2.9541957835039856,2997.0,969.0,809.4843329488657,38.71110317376827,25.342365789862622,42.8921568627451,25.342365789862622,32.10402364381074
1195,117.0,27.527401777363902,7.990409961388534,23.08679276123039,7.990409961388534,2273.4017094017095,980.1880341880342,8609.96972318339,236.14192701170015,68.5451834923036,198.0484673144764,68.5451834923036,104.70225971874031
1196,6.0,3.265986323710904,2.0,3.1622776601683795,2.0,2294.0,971.5,441.53690888119945,28.017039541637658,17.15686274509804,27.127381888699333,17.15686274509804,23.710392820514492
1197,28.0,7.413388413789715,5.170643071931075,8.06225774829855,5.170643071931075,3005.4285714285716,974.6785714285714,2060.505574778931,63.5952437457451,44.35600674450677,69.16152480158068,44.35600674450677,51.220302575715266
1198,26.0,6.201736729460423,5.203549084703927,6.324555320336759,5.203549084703927,3018.5,973.0,1913.3266051518644,53.20117292429284,44.638288716822906,54.254763777398665,44.638288716822906,49.357118568450915
1199,15.0,5.258554520990449,3.5691337129452037,5.385164807134504,3.5691337129452037,2315.9333333333334,973.7333333333333,1103.8422722029986,45.11014907712395,30.6175686159515,46.196266727869514,30.6175686159515,37.48942276506485
1200,13.0,4.574174999174925,3.679464844031199,5.0990195135927845,3.679464844031199,2963.3076923076924,973.5384615384615,956.6633025759322,39.23924631645156,31.56403665222842,43.74158896464398,31.56403665222842,34.900753239580105
1201,94.0,18.56232841397036,8.37992384528186,20.223748416156685,8.37992384528186,2339.2127659574467,979.3404255319149,6917.411572472125,159.2356604139614,71.88660161393753,173.48803788369705,71.88660161393753,93.84843845627897
1202,24.0,6.966113435764658,4.346254740201703,7.280109889280518,4.346254740201703,430.25,977.875,1766.1476355247978,59.75832604209878,37.284048016436174,62.451923069808366,37.284048016436174,47.420785641028985
1203,5.0,3.098386676965933,1.7888543819998317,3.1622776601683795,1.7888543819998317,2990.4,976.8,367.94742406766625,26.579297473972463,15.345564551469144,27.127381888699333,15.345564551469144,21.644528325173876
1204,8.0,6.0,1.7320508075688772,6.0,1.7320508075688772,2408.75,979.5,588.715878508266,51.470588235294116,14.858278986497721,51.470588235294116,14.858278986497721,27.378403355031622
1205,21.0,7.172606639928247,3.7904845265181226,7.0710678118654755,3.7904845265181226,2952.809523809524,979.5714285714286,1545.379181084198,61.529713822913884,32.516411379444676,60.65866995472834,32.516411379444676,44.35808322009493
1206,6.0,3.265986323710904,2.0,3.1622776601683795,2.0,2373.0,979.5,441.53690888119945,28.017039541637658,17.15686274509804,27.127381888699333,17.15686274509804,23.710392820514492
1207,7.0,3.0237157840738176,2.799416848895061,3.1622776601683795,2.799416848895061,2969.0,982.2857142857143,515.1263936947328,25.938738343770492,24.014605321403707,27.127381888699333,24.014605321403707,25.610151287857633
1208,5.0,3.098386676965933,1.7888543819998317,3.1622776601683795,1.7888543819998317,484.8,982.4,367.94742406766625,26.579297473972463,15.345564551469144,27.127381888699333,15.345564551469144,21.644528325173876
1209,10.0,4.09878030638384,2.9933259094191533,4.123105625617661,2.9933259094191533,3001.5,982.8,735.8948481353325,35.161105569469214,25.678040889625088,35.36977865113189,25.678040889625088,30.60998550862951
1210,261.0,59.95529784655867,10.78192406576301,53.85164807134504,10.78192406576301,480.90421455938696,993.0536398467433,19206.855536332176,514.3224079974395,92.49199566218267,461.96266727869516,92.49199566218267,156.38078096455803
1211,8.0,4.47213595499958,2.0,4.123105625617661,2.0,491.5,984.5,588.715878508266,38.36391137867286,17.15686274509804,35.36977865113189,17.15686274509804,27.378403355031622
1212,28.0,11.583718001492452,3.5457833129953182,10.770329614269007,3.5457833129953182,525.2142857142857,985.6785714285714,2060.505574778931,99.37012991476368,30.41725881245984,92.39253345573903,30.41725881245984,51.220302575715266
1213,405.0,41.755535823376356,26.807796331517384,45.89117562233506,26.807796331517384,2259.0222222222224,1003.4,29803.741349480966,358.1969984848462,229.96884107919323,393.67430068179584,229.96884107919323,194.8007549265649
1214,17.0,5.6871994758893925,3.8790160584420166,6.082762530298219,3.8790160584420166,2283.6470588235293,985.1764705882352,1251.0212418300653,48.7872504059139,33.27587305036044,52.1805609216759,33.27587305036044,39.910538230215145
1215,14.0,8.0,2.0,7.0710678118654755,2.0,441.5,988.0,1030.2527873894655,68.62745098039215,17.15686274509804,60.65866995472834,17.15686274509804,36.218223285715055
1216,88.0,18.669662249799938,8.871995633436558,21.02379604162864,8.871995633436558,2299.0113636363635,995.2613636363636,6475.874663590926,160.1564163585779,76.10780567899008,180.351191533579,76.10780567899008,90.80389128764733
1217,12.0,6.831300510639732,2.0,6.082762530298219,2.0,2347.5,985.5,883.0738177623989,58.60184261578201,17.15686274509804,52.1805609216759,17.15686274509804,33.53155909596526
1218,12.0,6.831300510639732,2.0,6.082762530298219,2.0,2941.5,987.5,883.0738177623989,58.60184261578201,17.15686274509804,52.1805609216759,17.15686274509804,33.53155909596526
1219,6.0,3.265986323710904,2.0,3.1622776601683795,2.0,2977.0,987.5,441.53690888119945,28.017039541637658,17.15686274509804,27.127381888699333,17.15686274509804,23.710392820514492
1220,90.0,14.11922012238257,9.193863676852443,14.317821063276353,9.193863676852443,3011.8333333333335,992.5444444444445,6623.053633217992,121.12076085377204,78.86892860044988,122.82444539575303,78.86892860044988,91.82995652588852
1221,6.0,3.8297084310253524,1.8856180831641272,4.0,1.8856180831641272,2947.3333333333335,989.5,441.53690888119945,32.852890952423365,16.175645321260895,34.31372549019608,16.175645321260895,23.710392820514492
1222,7.0,3.7032803990902057,2.138089935299395,3.605551275463989,2.138089935299395,422.0,991.0,515.1263936947328,31.768336756901274,18.341457778303635,30.929974176774415,18.341457778303635,25.610151287857633
1223,19.0,9.952461234723959,3.479426692453653,8.94427190999916,3.479426692453653,2244.0,994.0,1398.2002114571317,85.37650569003395,29.848023097028886,76.72782275734572,29.848023097028886,42.192953255172434
1224,6.0,3.265986323710904,2.0,3.1622776601683795,2.0,2352.5,993.0,441.53690888119945,28.017039541637658,17.15686274509804,27.127381888699333,17.15686274509804,23.710392820514492
1225,92.0,21.956150811810744,9.622517755569143,19.313207915827967,9.622517755569143,514.0760869565217,999.6847826086956,6770.232602845059,188.34933294445491,82.54610819728431,165.67702868970068,82.54610819728431,92.8446829824642
1226,12.0,6.831300510639732,2.0,6.082762530298219,2.0,2336.5,995.5,883.0738177623989,58.60184261578201,17.15686274509804,52.1805609216759,17.15686274509804,33.53155909596526
1227,16.0,7.437997551719226,2.945537713324818,6.708203932499369,2.945537713324818,2963.5,995.5,1177.431757016532,63.806351546611005,25.26809312901192,57.545867068009294,25.26809312901192,38.71890934080677
1228,33.0,14.990150877592214,3.558853880981428,13.0,3.558853880981428,479.4848484848485,1000.6666666666666,2428.452998846597,128.59198056758026,30.529383782928914,111.51960784313725,30.529383782928914,55.60580007847273
1229,13.0,5.055900530816918,3.1378581622109447,5.0990195135927845,3.1378581622109447,2354.6923076923076,999.0,956.6633025759322,43.37169573004709,26.917900901319378,43.74158896464398,26.917900901319378,34.900753239580105
1230,20.0,6.507942061192764,4.210307604933168,6.324555320336759,4.210307604933168,2989.85,1001.15,1471.789696270665,55.82793434846733,36.117834846240406,54.254763777398665,36.117834846240406,43.28905665034775
1231,32.0,13.135624347409037,5.412866431361016,12.083045973594572,5.412866431361016,2306.53125,1006.59375,2354.863514033064,112.68305199983241,46.4339032102048,103.65358065583578,46.4339032102048,54.756806710063245
1232,40.0,9.569360839141147,5.299748402548163,9.486832980505138,5.299748402548163,3060.875,1003.925,2943.57939254133,82.09010523773043,45.46352796303571,81.382145666098,45.46352796303571,61.21997101725902
1233,12.0,6.831300510639732,2.0,6.082762530298219,2.0,2315.5,1001.5,883.0738177623989,58.60184261578201,17.15686274509804,52.1805609216759,17.15686274509804,33.53155909596526
1234,31.0,14.699781766754164,4.274610543921582,13.601470508735444,4.274610543921582,2955.967741935484,1007.3548387096774,2281.274029219531,126.10106907754798,36.66945319540572,116.6792813249364,36.66945319540572,53.8944408988476
1235,6.0,3.265986323710904,2.0,3.1622776601683795,2.0,523.5,1009.0,441.53690888119945,28.017039541637658,17.15686274509804,27.127381888699333,17.15686274509804,23.710392820514492
1236,293.0,28.89821255807157,14.818324154361607,29.68164415931166,14.818324154361607,543.4402730375426,1018.7576791808874,21561.719050365242,247.9013332187512,127.11797681437652,254.6219474450755,127.11797681437652,165.69024273073023
1237,19.0,5.212526051472713,4.66479582459468,5.385164807134504,4.66479582459468,2985.7368421052633,1010.3684210526316,1398.2002114571317,44.71529701018258,40.01663084823868,46.196266727869514,40.01663084823868,42.192953255172434
1238,31.0,8.608138033649995,5.67062103691516,8.54400374531753,5.67062103691516,3063.6774193548385,1012.3548387096774,2281.274029219531,73.84432136709555,48.64503340490946,73.29414977600823,48.64503340490946,53.8944408988476
1239,20.0,7.731010827707836,3.198667157092813,7.280109889280518,3.198667157092813,2995.15,1010.05,1471.789696270665,66.31994582592506,27.439546690747168,62.451923069808366,27.439546690747168,43.28905665034775
1240,32.0,11.11529580756926,4.101853131236328,10.44030650891055,4.101853131236328,209.4375,1012.6875,2354.863514033064,95.35180227081472,35.18746558658614,89.561452895066,35.18746558658614,54.756806710063245
1241,11.0,9.134742787196474,2.0232805772820104,7.211102550927978,2.0232805772820104,3018.6363636363635,1012.8181818181819,809.4843329488657,78.3617641058521,17.35657357962509,61.85994835354883,17.35657357962509,32.10402364381074
1242,13.0,5.203549084703927,3.076923076923076,5.0990195135927845,3.076923076923076,2317.0,1013.8461538461538,956.6633025759322,44.638288716822906,26.395173453996975,43.74158896464398,26.395173453996975,34.900753239580105
1243,6.0,3.8297084310253524,1.8856180831641272,4.0,1.8856180831641272,2351.5,1013.6666666666666,441.53690888119945,32.852890952423365,16.175645321260895,34.31372549019608,16.175645321260895,23.710392820514492
1244,15.0,6.689596662859233,2.8056226956746744,6.4031242374328485,2.8056226956746744,520.9333333333333,1016.2,1103.8422722029986,57.38624588237087,24.067841752111175,54.92876184072296,24.067841752111175,37.48942276506485
1245,18.0,10.327955589886445,2.0,9.055385138137417,2.0,3003.5,1018.0,1324.6107266435984,88.5976582465749,17.15686274509804,77.68099995951215,17.15686274509804,41.06760503254743
1246,120.0,24.478411451900328,10.747073788417802,24.351591323771842,10.747073788417802,477.96666666666664,1024.925,8830.738177623989,209.98637274914498,92.19303494966252,208.89845498333688,92.19303494966252,106.03610023978673
1247,22.0,7.94396994276723,4.271851290627668,8.06225774829855,4.271851290627668,512.3636363636364,1018.6818181818181,1618.9686658977314,68.14680097962083,36.64578313038441,69.16152480158068,36.64578313038441,45.401945643823666
1248,19.0,7.3473382596274295,3.178877656956105,7.0710678118654755,3.178877656956105,2299.315789473684,1017.0,1398.2002114571317,63.028637031117654,27.26978382192737,60.65866995472834,27.26978382192737,42.192953255172434
1249,22.0,7.680343722242551,3.565781772213832,7.615773105863909,3.565781772213832,2924.409090909091,1018.8181818181819,1618.9686658977314,65.88530153884541,30.588814222422577,65.33138693755804,30.588814222422577,45.401945643823666
1250,45.0,13.256227582691338,4.563281865829078,12.649110640673518,4.563281865829078,527.6666666666666,1022.0666666666667,3311.526816608996,113.71763857700903,39.145800319612185,108.50952755479733,39.145800319612185,64.93358497552163
1251,12.0,6.831300510639732,2.0,6.082762530298219,2.0,2275.5,1019.5,883.0738177623989,58.60184261578201,17.15686274509804,52.1805609216759,17.15686274509804,33.53155909596526
1252,5.0,3.098386676965933,1.7888543819998317,3.1622776601683795,1.7888543819998317,2985.4,1017.8,367.94742406766625,26.579297473972463,15.345564551469144,27.127381888699333,15.345564551469144,21.644528325173876
1253,183.0,19.10882150441993,12.471940056254418,20.396078054371138,12.471940056254418,303.9726775956284,1026.9125683060108,13466.875720876584,163.92371388595527,106.98968185512368,174.96635585857592,106.98968185512368,130.94492428095373
1254,18.0,10.71355964262077,2.6359125261919987,9.486832980505138,2.6359125261919987,202.0,1020.0555555555555,1324.6107266435984,91.90553614993308,22.61199470998038,81.382145666098,22.61199470998038,41.06760503254743
1255,12.0,6.831300510639732,2.0,6.082762530298219,2.0,467.5,1019.5,883.0738177623989,58.60184261578201,17.15686274509804,52.1805609216759,17.15686274509804,33.53155909596526
1256,12.0,6.831300510639732,2.0,6.082762530298219,2.0,2307.5,1021.5,883.0738177623989,58.60184261578201,17.15686274509804,52.1805609216759,17.15686274509804,33.53155909596526
1257,6.0,3.265986323710904,2.0,3.1622776601683795,2.0,2265.0,1022.5,441.53690888119945,28.017039541637658,17.15686274509804,27.127381888699333,17.15686274509804,23.710392820514492
1258,15.0,5.9825936213138124,3.0484451785557374,6.082762530298219,3.0484451785557374,2248.9333333333334,1025.6666666666667,1103.8422722029986,51.32126881029006,26.150877757218336,52.1805609216759,26.150877757218336,37.48942276506485
1259,50.0,10.542093332635282,6.627961086639443,12.083045973594572,6.627961086639443,3061.22,1027.4,3679.4742406766622,90.43462417701835,56.85750932166189,103.65358065583578,56.85750932166189,68.44600838757906
1260,23.0,9.863416093822641,3.5618194692832343,8.94427190999916,3.5618194692832343,499.69565217391306,1027.3478260869565,1692.5581507112647,84.61263805975305,30.554823878655196,76.72782275734572,30.554823878655196,46.4223414912321
1261,28.0,11.28933516356278,5.2876341429840865,10.44030650891055,5.2876341429840865,555.0357142857143,1029.5,2060.505574778931,96.84478694232777,45.35960661873604,89.561452895066,45.35960661873604,51.220302575715266
1262,33.0,7.657961318578538,5.6132042425263275,8.06225774829855,5.6132042425263275,3079.3030303030305,1026.969696969697,2428.452998846597,65.69329562506098,48.1524873746131,69.16152480158068,48.1524873746131,55.60580007847273
1263,34.0,16.27127780866822,3.7081948148067765,14.142135623730951,3.7081948148067765,2961.676470588235,1032.4411764705883,2502.0424836601305,139.58204002534012,31.81049473486205,121.31733990945668,31.81049473486205,56.44202444678016
1264,6.0,3.8297084310253524,1.8856180831641272,4.0,1.8856180831641272,512.3333333333334,1027.5,441.53690888119945,32.852890952423365,16.175645321260895,34.31372549019608,16.175645321260895,23.710392820514492
1265,26.0,11.135009948698162,3.4348996624230055,10.04987562112089,3.4348996624230055,234.23076923076923,1033.1923076923076,1913.3266051518644,95.52091867755776,29.466051025687545,86.212168318439,29.466051025687545,49.357118568450915
1266,6.0,3.265986323710904,2.0,3.1622776601683795,2.0,531.5,1030.0,441.53690888119945,28.017039541637658,17.15686274509804,27.127381888699333,17.15686274509804,23.710392820514492
1267,9.0,4.0171906061502325,2.8906758369544234,4.123105625617661,2.8906758369544234,209.11111111111111,1032.888888888889,662.3053633217992,34.461193925308365,24.79746428759922,35.36977865113189,24.79746428759922,29.039182005605074
1268,20.0,5.8451849951455905,4.551242948088449,6.324555320336759,4.551242948088449,504.1,1033.6,1471.789696270665,50.14251834070972,39.042525289974435,54.254763777398665,39.042525289974435,43.28905665034775
1269,54.0,24.954861597913595,3.6602655380007048,22.02271554554524,3.6602655380007048,2266.8333333333335,1033.5185185185185,3973.8321799307955,214.07356762916075,31.39933672304526,188.92035394462826,31.39933672304526,71.13117846154347
1270,50.0,13.586566158344556,5.80816838813463,12.649110640673518,5.80816838813463,3015.38,1033.9,3679.4742406766622,116.55142537795575,49.82497391782158,108.50952755479733,49.82497391782158,68.44600838757906
1271,18.0,7.118052168020874,3.384788047050625,6.708203932499369,3.384788047050625,218.38888888888889,1035.2777777777778,1324.6107266435984,61.06172202959083,29.03617197224801,57.545867068009294,29.03617197224801,41.06760503254743
1272,25.0,14.415644812721037,3.0120399455301223,12.36931687685298,3.0120399455301223,2252.68,1038.68,1839.7371203383311,123.66361971696968,25.83857796410644,106.10933595339567,25.83857796410644,48.39863667600846
1273,12.0,5.294328785763617,2.862220279862641,5.0990195135927845,2.862220279862641,2973.0833333333335,1038.25,883.0738177623989,45.417036152383965,24.553360243919713,43.74158896464398,24.553360243919713,33.53155909596526
1274,18.0,7.232458110232543,3.187583016362182,7.280109889280518,3.187583016362182,3047.3888888888887,1039.6666666666667,1324.6107266435984,62.04314555346544,27.344462150165775,62.451923069808366,27.344462150165775,41.06760503254743
1275,127.0,23.498140988549412,10.156372221975097,25.179356624028344,10.156372221975097,3064.3464566929133,1040.9606299212599,9345.864571318722,201.5771898527523,87.12574210027657,215.9993828041647,87.12574210027657,109.08498706535678
1276,20.0,6.0,4.09878030638384,6.082762530298219,4.09878030638384,506.5,1040.5,1471.789696270665,51.470588235294116,35.161105569469214,52.1805609216759,35.161105569469214,43.28905665034775
1277,137.0,21.514338131364692,12.503728590401698,20.808652046684813,12.503728590401698,520.6715328467153,1046.094890510949,10081.759419454054,184.5592731857265,107.26237761374006,178.50559353773735,107.26237761374006,113.29830367612556
1278,370.0,47.70812644149425,25.580418534910926,43.32435804486894,25.580418534910926,552.6513513513513,1057.3675675675677,27228.1093810073,409.2608885912497,219.4398648828143,371.6550322476502,219.4398648828143,186.19327290486305
1279,21.0,8.21928746516549,3.2435183166805728,8.06225774829855,3.2435183166805728,2290.095238095238,1043.6666666666667,1545.379181084198,70.50859345117455,27.82429928525001,69.16152480158068,27.82429928525001,44.35808322009493
1280,20.0,5.138093031466052,4.9396356140913875,5.385164807134504,4.9396356140913875,2980.25,1041.75,1471.789696270665,44.076778456203876,42.374325120882,46.196266727869514,42.374325120882,43.28905665034775
1281,21.0,8.555282809665952,3.003379425592425,8.246211251235321,3.003379425592425,3008.0476190476193,1043.3809523809523,1545.379181084198,73.39090645546773,25.764284288170312,70.73955730226378,25.764284288170312,44.35808322009493
1282,12.0,6.831300510639732,2.0,6.082762530298219,2.0,251.5,1043.5,883.0738177623989,58.60184261578201,17.15686274509804,52.1805609216759,17.15686274509804,33.53155909596526
1283,16.0,8.197779857957917,3.9665987193639185,8.06225774829855,3.9665987193639185,476.5,1044.9375,1177.431757016532,70.32409191875664,34.0271948965042,69.16152480158068,34.0271948965042,38.71890934080677
1284,5.0,3.098386676965933,1.7888543819998317,3.1622776601683795,1.7888543819998317,386.8,1043.4,367.94742406766625,26.579297473972463,15.345564551469144,27.127381888699333,15.345564551469144,21.644528325173876
1285,18.0,6.0,3.9752319599996264,6.082762530298219,3.9752319599996264,2259.5,1045.888888888889,1324.6107266435984,51.470588235294116,34.10125455882032,52.1805609216759,34.10125455882032,41.06760503254743
1286,16.0,6.324555320336759,3.122498999199199,6.082762530298219,3.122498999199199,2283.125,1049.5,1177.431757016532,54.254763777398665,26.786143375483324,52.1805609216759,26.786143375483324,38.71890934080677
1287,26.0,11.265521199184578,3.324534426373563,10.770329614269007,3.324534426373563,3052.6923076923076,1049.1153846153845,1913.3266051518644,96.64050048320104,28.519290422322232,92.39253345573903,28.519290422322232,49.357118568450915
1288,33.0,12.692432066899908,3.8774217763985397,11.704699910719626,3.8774217763985397,237.0909090909091,1051.2727272727273,2428.452998846597,108.88115743664136,33.262196611261984,100.40796492038895,33.262196611261984,55.60580007847273
1289,7.0,3.0237157840738176,2.7994168488950604,3.1622776601683795,2.7994168488950604,513.0,1049.7142857142858,515.1263936947328,25.938738343770492,24.014605321403703,27.127381888699333,24.014605321403703,25.610151287857633
1290,48.0,9.03879658726019,7.634999136194391,10.04987562112089,7.634999136194391,3081.6875,1054.5833333333333,3532.2952710495956,77.53869621424182,65.49631611931463,86.212168318439,65.49631611931463,67.06311819193051
1291,6.0,3.265986323710904,2.0,3.1622776601683795,2.0,3062.0,1051.5,441.53690888119945,28.017039541637658,17.15686274509804,27.127381888699333,17.15686274509804,23.710392820514492
1292,7.0,5.672452304781605,1.5606183863895253,5.0990195135927845,1.5606183863895253,218.57142857142858,1053.7142857142858,515.1263936947328,48.660742810626516,13.387657726380732,43.74158896464398,13.387657726380732,25.610151287857633
1293,5.0,3.098386676965933,1.7888543819998317,3.1622776601683795,1.7888543819998317,2286.4,1054.2,367.94742406766625,26.579297473972463,15.345564551469144,27.127381888699333,15.345564551469144,21.644528325173876
1294,45.0,13.21900987992218,6.606655829639525,12.529964086141668,6.606655829639525,3020.688888888889,1056.6222222222223,3311.526816608996,113.39836906795986,56.67474363661357,107.48743701347018,56.67474363661357,64.93358497552163
1295,11.0,3.9999999999999996,3.468869823334348,4.123105625617661,3.468869823334348,2258.5454545454545,1056.3636363636363,809.4843329488657,34.31372549019607,29.757461719779947,35.36977865113189,29.757461719779947,32.10402364381074
1296,40.0,8.538626765178009,6.315208069809399,9.219544457292887,6.315208069809399,3055.875,1059.1,2943.57939254133,73.24802372088978,54.17457903022769,79.08922941305173,54.17457903022769,61.21997101725902
1297,43.0,9.650051626266828,8.191549919860275,10.770329614269007,8.191549919860275,228.97674418604652,1060.093023255814,3164.3478469819297,82.78230561748504,70.27064882233078,92.39253345573903,70.27064882233078,63.47421693259072
1298,12.0,4.364045181411537,3.5213000580812737,4.47213595499958,3.5213000580812737,2279.6666666666665,1057.0833333333333,883.0738177623989,37.43666209544211,30.207230890403082,38.36391137867286,30.207230890403082,33.53155909596526
1299,12.0,6.831300510639732,2.0,6.082762530298219,2.0,2267.5,1059.5,883.0738177623989,58.60184261578201,17.15686274509804,52.1805609216759,17.15686274509804,33.53155909596526
1300,6.0,3.8297084310253524,1.8856180831641272,4.0,1.8856180831641272,542.3333333333334,1059.5,441.53690888119945,32.852890952423365,16.175645321260895,34.31372549019608,16.175645321260895,23.710392820514492
1301,11.0,6.410747983365109,1.9649396885733192,6.082762530298219,1.9649396885733192,2251.2727272727275,1059.4545454545455,809.4843329488657,54.99416162200461,16.85610026962406,52.1805609216759,16.85610026962406,32.10402364381074
1302,6.0,3.265986323710904,2.0,3.1622776601683795,2.0,3073.0,1059.5,441.53690888119945,28.017039541637658,17.15686274509804,27.127381888699333,17.15686274509804,23.710392820514492
1303,12.0,5.047398899971205,2.9573614197104288,5.385164807134504,2.9573614197104288,525.1666666666666,1061.0,883.0738177623989,43.2987650732824,25.36952198281005,46.196266727869514,25.36952198281005,33.53155909596526
1304,9.0,4.277662731533559,2.643019518000728,4.123105625617661,2.643019518000728,2260.4444444444443,1062.3333333333333,662.3053633217992,36.69563617737122,22.67296155147683,35.36977865113189,22.67296155147683,29.039182005605074
1305,74.0,29.47657660127454,9.411419723106372,25.298221281347036,9.411419723106372,3081.2162162162163,1071.3918918918919,5445.6218762014605,252.86278947171786,80.7352182129223,217.01905510959466,80.7352182129223,83.26816303368871
1306,14241.0,156.47186569070627,119.58400413544483,188.4489320744482,119.58400413544483,2291.7119584298857,1161.158626500948,1047987.853229527,1342.2831615624311,1025.8431727305315,1616.5962310308057,1025.8431727305315,1155.136660401409
1307,16.0,4.898979485566356,4.0,5.0990195135927845,4.0,2307.5,1066.0,1177.431757016532,42.02555931245648,34.31372549019608,43.74158896464398,34.31372549019608,38.71890934080677
1308,23.0,8.879990161010365,3.210955619125894,8.246211251235321,3.210955619125894,3047.0434782608695,1067.3478260869565,1692.5581507112647,76.17638618513793,27.54496241897213,70.73955730226378,27.54496241897213,46.4223414912321
1309,14.0,7.017298793846583,2.6462077766235543,6.324555320336759,2.6462077766235543,529.2857142857143,1067.7857142857142,1030.2527873894655,60.19741612368392,22.700311809270687,54.254763777398665,22.700311809270687,36.218223285715055
1310,26.0,7.549442551621722,4.332347027793453,7.280109889280518,4.332347027793453,2232.5,1067.7692307692307,1913.3266051518644,64.76237483008829,37.164741659992856,62.451923069808366,37.164741659992856,49.357118568450915
1311,12.0,6.831300510639732,2.0,6.082762530298219,2.0,2299.5,1067.5,883.0738177623989,58.60184261578201,17.15686274509804,52.1805609216759,17.15686274509804,33.53155909596526
1312,10.0,4.079215610874227,3.224903099319419,4.123105625617661,3.224903099319419,2277.6,1067.5,735.8948481353325,34.993271171715186,27.664609920632273,35.36977865113189,27.664609920632273,30.60998550862951
1313,10.0,5.656854249492381,2.0,5.0990195135927845,2.0,2979.5,1068.0,735.8948481353325,48.52693596378268,17.15686274509804,43.74158896464398,17.15686274509804,30.60998550862951
1314,20.0,7.848566748139434,3.0983866769659336,8.0,3.0983866769659336,547.5,1068.0,1471.789696270665,67.32839122178436,26.57929747397247,68.62745098039215,26.57929747397247,43.28905665034775
1315,12.0,6.831300510639732,2.0,6.082762530298219,2.0,3035.5,1067.5,883.0738177623989,58.60184261578201,17.15686274509804,52.1805609216759,17.15686274509804,33.53155909596526
1316,78.0,16.255525569629828,7.477327041434337,16.278820596099706,7.477327041434337,3061.474358974359,1071.7820512820513,5739.979815455593,139.44691052378528,64.14373687504946,139.64674530967883,64.14373687504946,85.48903707575823
1317,12.0,6.831300510639732,2.0,6.082762530298219,2.0,2987.5,1069.5,883.0738177623989,58.60184261578201,17.15686274509804,52.1805609216759,17.15686274509804,33.53155909596526
1318,54.0,9.776046241548803,7.235854427311985,10.295630140987,7.235854427311985,550.8888888888889,1075.037037037037,3973.8321799307955,83.86314177799218,62.07228062645085,88.32035660160417,62.07228062645085,71.13117846154347
1319,18.0,5.900439563226915,3.893600082530547,6.082762530298219,3.893600082530547,2305.777777777778,1072.7777777777778,1324.6107266435984,50.6165158610152,33.4009811001395,52.1805609216759,33.4009811001395,41.06760503254743
1320,23.0,8.822790137228184,3.409588378233486,8.246211251235321,3.409588378233486,3016.0,1075.1304347826087,1692.5581507112647,75.68569970661432,29.24891991131667,70.73955730226378,29.24891991131667,46.4223414912321
1321,19.0,7.3473382596274295,3.178877656956105,7.0710678118654755,3.178877656956105,3115.315789473684,1073.0,1398.2002114571317,63.028637031117654,27.26978382192737,60.65866995472834,27.26978382192737,42.192953255172434
1322,6.0,3.0550504633038935,2.666666666666667,3.1622776601683795,2.666666666666667,2950.1666666666665,1073.6666666666667,441.53690888119945,26.207540739126536,22.875816993464053,27.127381888699333,22.875816993464053,23.710392820514492
1323,513.0,45.483746107640954,28.659968706439326,43.174066289845804,28.659968706439326,3090.0428849902532,1095.82261208577,37751.40570934256,390.1791945508415,245.85757468759226,370.3657647413243,245.85757468759226,219.24101627801193
1324,91.0,14.55137754965718,9.313079022126539,15.652475842498529,9.313079022126539,3027.3736263736264,1080.5714285714287,6696.643118031526,124.82799368578463,79.89160925843845,134.273689825355,79.89160925843845,92.33871364076082
1325,6.0,5.39192040212807,1.4276923647012265,5.0,1.4276923647012265,227.83333333333334,1077.8333333333333,441.53690888119945,46.25421913590256,12.247360971701697,42.8921568627451,12.247360971701697,23.710392820514492
1326,27.0,8.169012571720279,4.492306072607882,8.06225774829855,4.492306072607882,398.1111111111111,1079.0,1986.9160899653978,70.07731372799259,38.53693934835192,69.16152480158068,38.53693934835192,50.29733864394788
1327,30.0,9.639029572594966,4.128518433311794,9.433981132056603,4.128518433311794,3075.4,1078.0333333333333,2207.6845444059973,82.68775368647643,35.41621205046882,80.92875971126988,35.41621205046882,53.01805011989337
1328,12.0,6.831300510639732,2.0,6.082762530298219,2.0,491.5,1077.5,883.0738177623989,58.60184261578201,17.15686274509804,52.1805609216759,17.15686274509804,33.53155909596526
1329,20.0,7.731010827707836,3.198667157092813,7.280109889280518,3.198667157092813,2243.15,1078.05,1471.789696270665,66.31994582592506,27.439546690747168,62.451923069808366,27.439546690747168,43.28905665034775
1330,12.0,6.831300510639732,2.0,6.082762530298219,2.0,2987.5,1077.5,883.0738177623989,58.60184261578201,17.15686274509804,52.1805609216759,17.15686274509804,33.53155909596526
1331,33.0,9.138393253725317,4.67898395708539,9.219544457292887,4.67898395708539,567.6666666666666,1083.5757575757575,2428.452998846597,78.39307938244757,40.138342769114864,79.08922941305173,40.138342769114864,55.60580007847273
1332,16.0,6.199798383818623,3.1622776601683795,6.082762530298219,3.1622776601683795,577.0,1081.8125,1177.431757016532,53.184544959228376,27.127381888699333,52.1805609216759,27.127381888699333,38.71890934080677
1333,21.0,8.226004473807071,3.123601555590147,8.06225774829855,3.123601555590147,2296.9523809523807,1083.3333333333333,1545.379181084198,70.56621484883517,26.795601579817436,69.16152480158068,26.795601579817436,44.35808322009493
1334,19.0,7.347338259627431,3.178877656956105,7.0710678118654755,3.178877656956105,2309.0,1083.3157894736842,1398.2002114571317,63.02863703111767,27.26978382192737,60.65866995472834,27.26978382192737,42.192953255172434
1335,14.0,8.0,2.0,7.0710678118654755,2.0,475.5,1084.0,1030.2527873894655,68.62745098039215,17.15686274509804,60.65866995472834,17.15686274509804,36.218223285715055
1336,21.0,6.756143226746822,4.146508286167621,6.708203932499369,4.146508286167621,509.5238095238095,1083.5238095238096,1545.379181084198,57.9571110137595,35.570536768594785,57.545867068009294,35.570536768594785,44.35808322009493
1337,22.0,10.142782313440984,3.1333978072025612,9.055385138137417,3.1333978072025612,2267.5,1085.4545454545455,1618.9686658977314,87.00916200255746,26.879638051982756,77.68099995951215,26.879638051982756,45.401945643823666
1338,21.0,7.457861174043899,3.578632499092894,7.280109889280518,3.578632499092894,3089.809523809524,1084.142857142857,1545.379181084198,63.97675026753344,30.69905330104198,62.451923069808366,30.69905330104198,44.35808322009493
1339,14.0,4.20883424647321,4.120630029101703,4.47213595499958,4.120630029101703,2232.714285714286,1083.5,1030.2527873894655,36.1051957418045,35.34854191631362,38.36391137867286,35.34854191631362,36.218223285715055
1340,22.0,10.15360850030638,3.2996523296987204,8.94427190999916,3.2996523296987204,523.8181818181819,1085.4545454545455,1618.9686658977314,87.10203370360864,28.305841063591963,76.72782275734572,28.305841063591963,45.401945643823666
1341,14.0,5.449353665897314,3.1458514520977277,5.385164807134504,3.1458514520977277,397.14285714285717,1086.0714285714287,1030.2527873894655,46.74690644764852,26.986470790054035,46.196266727869514,26.986470790054035,36.218223285715055
1342,6.0,3.1269438398822857,2.309401076758503,3.1622776601683795,2.309401076758503,486.1666666666667,1087.1666666666667,441.53690888119945,26.824273136245097,19.811038648663626,27.127381888699333,19.811038648663626,23.710392820514492
1343,25.0,8.296814275098617,4.797465256207678,8.246211251235321,4.797465256207678,576.36,1092.36,1839.7371203383311,71.17365186971853,41.15472646256586,70.73955730226378,41.15472646256586,48.39863667600846
1344,43.0,17.19116397526123,8.551618986314352,14.560219778561036,8.551618986314352,3041.2093023255816,1091.7674418604652,3164.3478469819297,147.47322037601543,73.35947659828489,124.90384613961673,73.35947659828489,63.47421693259072
1345,10.0,6.0,1.959591794226542,6.0,1.959591794226542,466.6,1091.5,735.8948481353325,51.470588235294116,16.81022372498259,51.470588235294116,16.81022372498259,30.60998550862951
1346,9.0,3.885753375057407,2.7954428906961324,4.123105625617661,2.7954428906961324,3021.3333333333335,1090.111111111111,662.3053633217992,33.3336686585807,23.98051499371682,35.36977865113189,23.98051499371682,29.039182005605074
1347,6.0,3.265986323710904,2.0,3.1622776601683795,2.0,553.0,1091.5,441.53690888119945,28.017039541637658,17.15686274509804,27.127381888699333,17.15686274509804,23.710392820514492
1348,6.0,3.265986323710904,2.0,3.1622776601683795,2.0,558.0,1091.5,441.53690888119945,28.017039541637658,17.15686274509804,27.127381888699333,17.15686274509804,23.710392820514492
1349,5.0,3.098386676965933,1.7888543819998317,3.1622776601683795,1.7888543819998317,568.8,1093.4,367.94742406766625,26.579297473972463,15.345564551469144,27.127381888699333,15.345564551469144,21.644528325173876
1350,6.0,3.265986323710904,2.0,3.1622776601683795,2.0,2270.5,1095.0,441.53690888119945,28.017039541637658,17.15686274509804,27.127381888699333,17.15686274509804,23.710392820514492
1351,47.0,11.484112484136043,6.981654464843452,12.165525060596439,6.981654464843452,3026.1702127659573,1096.8510638297873,3458.7057862360625,98.51567081979448,59.891643693510005,104.3611218433518,59.891643693510005,66.36086723620322
1352,17.0,5.679011000338238,4.003205049336573,6.324555320336759,4.003205049336573,3009.8823529411766,1097.2941176470588,1251.0212418300653,48.71700613035253,34.341219785975504,54.254763777398665,34.341219785975504,39.910538230215145
1353,5.0,3.098386676965933,1.7888543819998317,3.1622776601683795,1.7888543819998317,3055.2,1095.4,367.94742406766625,26.579297473972463,15.345564551469144,27.127381888699333,15.345564551469144,21.644528325173876
1354,24.0,12.784429945013857,3.158325133310325,11.045361017187261,3.158325133310325,528.25,1101.625,1766.1476355247978,109.670354920462,27.093475408299355,94.75187147096915,27.093475408299355,47.420785641028985
1355,131.0,25.524486814250224,7.475377023282313,26.30589287593181,7.475377023282313,596.0229007633587,1109.496183206107,9640.222510572856,218.9600584555779,64.12700877815709,225.6632967298072,64.12700877815709,110.78954322581379
1356,33.0,12.631437206099502,4.6826329372465185,12.083045973594572,4.6826329372465185,518.4848484848485,1098.5757575757575,2428.452998846597,108.3579172091869,40.169645295006895,103.65358065583578,40.169645295006895,55.60580007847273
1357,72.0,10.447181711241123,9.038407716262608,11.40175425099138,9.038407716262608,406.44444444444446,1104.763888888889,5298.442906574393,89.6204313464312,77.53536031107629,97.80916636879859,77.53536031107629,82.13521006509487
1358,119.0,25.427981769270296,10.57720066807912,21.840329667841555,10.57720066807912,2208.470588235294,1108.5546218487395,8757.148692810457,218.13219655011284,90.73579004479637,187.3557692094251,90.73579004479637,105.59335884788518
1359,5.0,2.5298221281347035,2.5298221281347035,3.0,2.5298221281347035,2198.0,1102.0,367.94742406766625,21.701905510959467,21.701905510959467,25.735294117647058,21.701905510959467,21.644528325173876
1360,45.0,12.181792857905327,5.6698441463262474,11.40175425099138,5.6698441463262474,3033.5333333333333,1104.8222222222223,3311.526816608996,104.50067402614863,48.63836890230849,97.80916636879859,48.63836890230849,64.93358497552163
1361,18.0,7.571877794400365,3.3847880470506264,6.708203932499369,3.3847880470506264,551.6111111111111,1104.2222222222222,1324.6107266435984,64.95483402059136,29.03617197224802,57.545867068009294,29.03617197224802,41.06760503254743
1362,22.0,6.243966050509481,4.719013276861218,6.708203932499369,4.719013276861218,537.4545454545455,1105.3181818181818,1618.9686658977314,53.56343425682153,40.48173154170162,57.545867068009294,40.48173154170162,45.401945643823666
1363,61.0,17.700885098947488,6.048165511799519,15.811388300841896,6.048165511799519,574.983606557377,1112.1803278688524,4488.958573625528,151.8458280546966,51.88377277278999,135.63690944349665,51.88377277278999,75.6010872826238
1364,51.0,10.696643100550697,6.7805251354328195,10.816653826391969,6.7805251354328195,3051.7843137254904,1108.549019607843,3753.063725490196,91.76041875472411,58.16626954415409,92.78992253032325,58.16626954415409,69.1270799721527
1365,14.0,4.74024689744533,3.7660484032669737,5.0,3.7660484032669737,2342.6428571428573,1106.7142857142858,1030.2527873894655,40.66388269867317,32.306787773123546,42.8921568627451,32.306787773123546,36.218223285715055
1366,6.0,3.265986323710904,2.0,3.1622776601683795,2.0,582.0,1107.5,441.53690888119945,28.017039541637658,17.15686274509804,27.127381888699333,17.15686274509804,23.710392820514492
1367,5.0,3.098386676965933,1.7888543819998317,3.1622776601683795,1.7888543819998317,3022.6,1107.8,367.94742406766625,26.579297473972463,15.345564551469144,27.127381888699333,15.345564551469144,21.644528325173876
1368,8.0,3.4641016151377544,2.7386127875258306,3.605551275463989,2.7386127875258306,532.125,1110.125,588.715878508266,29.716557972995442,23.493001853775507,30.929974176774415,23.493001853775507,27.378403355031622
1369,27.0,7.894435871090724,4.591274628705359,8.246211251235321,4.591274628705359,2950.777777777778,1110.8148148148148,1986.9160899653978,67.72187634514101,39.385934314874405,70.73955730226378,39.385934314874405,50.29733864394788
1370,28.0,8.408233446048015,4.1864185305196,8.246211251235321,4.1864185305196,3064.6071428571427,1112.2857142857142,2060.505574778931,72.12945358129424,35.912904060829895,70.73955730226378,35.912904060829895,51.220302575715266
1371,293.0,26.79919469398081,21.71571267052097,28.844410203711913,21.71571267052097,3132.0,1124.3890784982934,21561.719050365242,229.89505252189417,186.28675085005733,247.43979341419532,186.28675085005733,165.69024273073023
1372,12.0,6.831300510639732,2.0,6.082762530298219,2.0,2335.5,1110.5,883.0738177623989,58.60184261578201,17.15686274509804,52.1805609216759,17.15686274509804,33.53155909596526
1373,6.0,3.8297084310253524,1.8856180831641272,4.0,1.8856180831641272,563.5,1111.6666666666667,441.53690888119945,32.852890952423365,16.175645321260895,34.31372549019608,16.175645321260895,23.710392820514492
1374,288.0,47.36729026897842,12.356347306027864,41.14608122288197,12.356347306027864,3097.5694444444443,1124.5416666666667,21193.771626297574,406.3370488760404,105.99807738014098,352.9688340198208,105.99807738014098,164.27042013018973
1375,58.0,15.585362786555425,6.160567382454326,14.866068747318506,6.160567382454326,3104.9827586206898,1115.7413793103449,4268.190119184928,133.69796508074506,52.84800450634839,127.52755052846757,52.84800450634839,73.71860711152476
1376,80.0,17.971451455389293,6.672850409426699,18.027756377319946,6.672850409426699,610.625,1118.125,5887.15878508266,154.16686297515324,57.242589296552566,154.64987088387207,57.242589296552566,86.5781133006955
1377,5.0,3.098386676965933,1.7888543819998317,3.1622776601683795,1.7888543819998317,2995.6,1113.2,367.94742406766625,26.579297473972463,15.345564551469144,27.127381888699333,15.345564551469144,21.644528325173876
1378,5.0,3.098386676965933,1.7888543819998317,3.1622776601683795,1.7888543819998317,2342.6,1113.8,367.94742406766625,26.579297473972463,15.345564551469144,27.127381888699333,15.345564551469144,21.644528325173876
1379,10.0,4.09878030638384,2.9933259094191533,4.123105625617661,2.9933259094191533,2216.8,1115.5,735.8948481353325,35.161105569469214,25.678040889625088,35.36977865113189,25.678040889625088,30.60998550862951
1380,38.0,10.063708837545093,5.284838754948328,10.198039027185569,5.284838754948328,3054.9736842105262,1119.0526315789473,2796.4004229142633,86.33083561619564,45.33562657431164,87.48317792928796,45.33562657431164,59.669846730038884
1381,15.0,4.9746021616473675,3.771236166328254,5.0990195135927845,3.771236166328254,512.9333333333333,1120.6,1103.8422722029986,42.67428324942595,32.35129064252178,43.74158896464398,32.35129064252178,37.48942276506485
1382,19.0,7.347338259627431,3.178877656956105,7.0710678118654755,3.178877656956105,627.6842105263158,1121.0,1398.2002114571317,63.02863703111767,27.26978382192737,60.65866995472834,27.26978382192737,42.192953255172434
1383,8.0,3.4641016151377544,2.7386127875258306,3.605551275463989,2.7386127875258306,3062.125,1120.875,588.715878508266,29.716557972995442,23.493001853775507,30.929974176774415,23.493001853775507,27.378403355031622
1384,30.0,8.69840342949338,4.351245032554859,8.246211251235321,4.351245032554859,3071.5,1123.2666666666667,2207.6845444059973,74.618656870654,37.32685689691668,70.73955730226378,37.32685689691668,53.01805011989337
1385,10.0,3.9191835884530852,3.0983866769659336,4.123105625617661,3.0983866769659336,553.0,1124.2,735.8948481353325,33.62044744996519,26.57929747397247,35.36977865113189,26.57929747397247,30.60998550862951
1386,8.0,3.4641016151377544,2.7386127875258306,3.605551275463989,2.7386127875258306,3150.125,1124.125,588.715878508266,29.716557972995442,23.493001853775507,30.929974176774415,23.493001853775507,27.378403355031622
1387,17.0,5.133511583357983,4.261357712064667,5.385164807134504,4.261357712064667,3048.294117647059,1126.1176470588234,1251.0212418300653,44.03747681802191,36.55576468682925,46.196266727869514,36.55576468682925,39.910538230215145
1388,16.0,5.149449337222181,3.918950308868696,5.385164807134504,3.918950308868696,523.8125,1129.3125,1177.431757016532,44.17419774577851,33.618446277059896,46.196266727869514,33.618446277059896,38.71890934080677
1389,5.0,2.5298221281347035,2.5298221281347035,3.0,2.5298221281347035,633.0,1129.0,367.94742406766625,21.701905510959467,21.701905510959467,25.735294117647058,21.701905510959467,21.644528325173876
1390,6.0,3.6514837167011076,2.10818510677892,3.605551275463989,2.10818510677892,2205.3333333333335,1128.6666666666667,441.53690888119945,31.324002471700677,18.084921259132894,30.929974176774415,18.084921259132894,23.710392820514492
1391,21.0,6.484286382199249,4.38139937681021,6.708203932499369,4.38139937681021,653.5714285714286,1131.1904761904761,1545.379181084198,55.62500572965042,37.585533869695425,57.545867068009294,37.585533869695425,44.35808322009493
1392,110.0,17.046427085607302,10.581153586371366,18.24828759089466,10.581153586371366,679.3,1135.8454545454545,8094.843329488657,146.23160490104303,90.7696998830877,156.5416827650277,90.7696998830877,101.52183677034017
1393,5.0,3.335641688875783,2.0575457524521585,3.1622776601683795,2.0575457524521585,566.2,1131.0,367.94742406766625,28.614573311434413,17.650515033290574,27.127381888699333,17.650515033290574,21.644528325173876
1394,16.0,4.69041575982343,4.415880433163924,5.0990195135927845,4.415880433163924,3077.375,1133.875,1177.431757016532,40.23640970436765,37.881327245278754,43.74158896464398,37.881327245278754,38.71890934080677
1395,37.0,9.522795501620237,6.345201440464861,9.486832980505138,6.345201440464861,3092.7027027027025,1137.5675675675675,2722.8109381007303,81.69064768546772,54.43187510202699,81.382145666098,54.43187510202699,58.87948273806829
1396,10.0,4.09878030638384,2.9933259094191533,4.123105625617661,2.9933259094191533,3014.5,1134.8,735.8948481353325,35.161105569469214,25.678040889625088,35.36977865113189,25.678040889625088,30.60998550862951
1397,95.0,20.43827854856175,8.39068107927901,20.223748416156685,8.39068107927901,3116.305263157895,1144.6315789473683,6991.001057285658,175.32836990187775,71.97888180754053,173.48803788369705,71.97888180754053,94.3463116500366
1398,7.0,3.0237157840738176,2.7994168488950604,3.1622776601683795,2.7994168488950604,593.0,1137.7142857142858,515.1263936947328,25.938738343770492,24.014605321403703,27.127381888699333,24.014605321403703,25.610151287857633
1399,10.0,6.0,1.959591794226542,6.0,1.959591794226542,605.4,1139.5,735.8948481353325,51.470588235294116,16.81022372498259,51.470588235294116,16.81022372498259,30.60998550862951
1400,10.0,5.366563145999495,2.1908902300206647,5.0,2.1908902300206647,2215.5,1138.5,735.8948481353325,46.036693654407436,18.79440148302041,42.8921568627451,18.79440148302041,30.60998550862951
1401,15.0,4.77795383588526,3.981909289096598,5.0990195135927845,3.981909289096598,3056.733333333333,1139.3333333333333,1103.8422722029986,40.98734908234904,34.15853556823062,43.74158896464398,34.15853556823062,37.48942276506485
1402,21.0,7.714067090431346,3.770480729747118,7.615773105863909,3.770480729747118,3143.3809523809523,1141.7619047619048,1545.379181084198,66.17459513850419,32.344810181654196,65.33138693755804,32.344810181654196,44.35808322009493
1403,6.0,3.8297084310253524,1.8856180831641272,4.0,1.8856180831641272,572.5,1141.3333333333333,441.53690888119945,32.852890952423365,16.175645321260895,34.31372549019608,16.175645321260895,23.710392820514492
1404,12.0,5.416025603090641,2.96273147243853,5.385164807134504,2.96273147243853,702.1666666666666,1143.5833333333333,883.0738177623989,46.461003948081476,25.415588611605035,46.196266727869514,25.415588611605035,33.53155909596526
1405,16.0,6.6332495807108,4.175823272122517,6.708203932499369,4.175823272122517,2357.3125,1144.5,1177.431757016532,56.902876305117154,35.822013363796096,57.545867068009294,35.822013363796096,38.71890934080677
1406,8.0,4.802940558043421,2.163737968401339,4.47213595499958,2.163737968401339,710.5,1144.375,588.715878508266,41.201695963607776,18.561477670109525,38.36391137867286,18.561477670109525,27.378403355031622
1407,42.0,10.16219648412929,5.691586923778012,10.295630140987,5.691586923778012,2183.809523809524,1146.642857142857,3090.758362168396,87.17570513346203,48.82488782652707,88.32035660160417,48.82488782652707,62.731802890732666
1408,3440.0,120.05082483971799,41.338947730140795,134.39121995130486,41.338947730140795,3067.6363372093024,1214.428488372093,253147.82775855437,1029.847762105424,354.62332611640386,1152.8658574254093,354.62332611640386,567.7306555193642
1409,6.0,3.1269438398822857,2.309401076758503,3.1622776601683795,2.309401076758503,3103.1666666666665,1144.1666666666667,441.53690888119945,26.824273136245097,19.811038648663626,27.127381888699333,19.811038648663626,23.710392820514492
1410,22.0,8.591750800516843,3.1701083225750346,8.06225774829855,3.1701083225750346,3053.090909090909,1147.5,1618.9686658977314,73.70374461227684,27.194556688756425,69.16152480158068,27.194556688756425,45.401945643823666
1411,44.0,8.250355581690254,7.1128608731273415,9.219544457292887,7.1128608731273415,3067.340909090909,1147.1136363636363,3237.937331795463,70.77510915665658,61.017188862611995,79.08922941305173,61.017188862611995,64.20804728762148
1412,19.0,7.347338259627431,3.178877656956105,7.0710678118654755,3.178877656956105,649.0,1147.6842105263158,1398.2002114571317,63.02863703111767,27.26978382192737,60.65866995472834,27.26978382192737,42.192953255172434
1413,8.0,6.264845376455404,1.6588286255986004,6.0,1.6588286255986004,665.25,1148.75,588.715878508266,53.74254612155371,14.230147523517406,51.470588235294116,14.230147523517406,27.378403355031622
1414,22.0,6.692826229366638,4.267826323353831,7.0710678118654755,4.267826323353831,678.6818181818181,1147.7727272727273,1618.9686658977314,57.41395049701772,36.61125522484904,60.65866995472834,36.61125522484904,45.401945643823666
1415,6.0,3.265986323710904,2.0,3.1622776601683795,2.0,3097.0,1147.5,441.53690888119945,28.017039541637658,17.15686274509804,27.127381888699333,17.15686274509804,23.710392820514492
1416,72.0,19.042892919813223,9.863467054284063,17.88854381999832,9.863467054284063,737.9305555555555,1152.236111111111,5298.442906574393,163.35815004741735,84.61307522057407,153.45564551469144,84.61307522057407,82.13521006509487
1417,6.0,6.831300510639732,0.0,6.0,0.0,547.5,1150.0,441.53690888119945,58.60184261578201,0.0,51.470588235294116,0.0,23.710392820514492
1418,53.0,16.48958251659253,8.383626641399115,13.92838827718412,8.383626641399115,581.8490566037735,1155.7924528301887,3900.242695117262,141.45475198057318,71.91836579631594,119.48372296604023,71.91836579631594,70.4694786985408
1419,7.0,4.993927366567251,1.772659614960501,5.0,1.772659614960501,597.8571428571429,1150.7142857142858,515.1263936947328,42.84006319359161,15.206638853827826,42.8921568627451,15.206638853827826,25.610151287857633
1420,49.0,10.266042556044138,6.075284213582781,10.198039027185569,6.075284213582781,2173.6530612244896,1154.8367346938776,3605.884755863129,88.06654153469235,52.11640869495032,87.48317792928796,52.11640869495032,67.75809134641185
1421,17.0,5.5093100474046794,4.797681212429472,6.082762530298219,4.797681212429472,3104.0588235294117,1152.1176470588234,1251.0212418300653,47.261238151755826,41.156579028194,52.1805609216759,41.156579028194,39.910538230215145
1422,312.0,38.674833415571285,16.333897725678302,38.48376280978771,16.333897725678302,1810.8846153846155,1162.4134615384614,22959.91926182237,331.7694043002439,140.11922068596581,330.1303182212181,140.11922068596581,170.97807415151647
1423,5.0,3.098386676965933,1.7888543819998317,3.1622776601683795,1.7888543819998317,1846.6,1151.8,367.94742406766625,26.579297473972463,15.345564551469144,27.127381888699333,15.345564551469144,21.644528325173876
1424,10.0,4.09878030638384,2.9933259094191533,4.123105625617661,2.9933259094191533,552.8,1153.5,735.8948481353325,35.161105569469214,25.678040889625088,35.36977865113189,25.678040889625088,30.60998550862951
1425,123.0,42.613891914422965,11.319393073709511,38.118237105091836,11.319393073709511,749.6178861788618,1172.5772357723577,9051.50663206459,365.56034730509896,97.10263666172375,326.9946810485819,97.10263666172375,107.35336938314352
1426,11.0,4.346129984141888,3.067356324605907,4.47213595499958,3.067356324605907,452.3636363636364,1157.090909090909,809.4843329488657,37.28297780513875,26.313105725785963,38.36391137867286,26.313105725785963,32.10402364381074
1427,12.0,7.118052168020874,1.9720265943665378,7.0,1.9720265943665378,603.0,1157.5833333333333,883.0738177623989,61.06172202959083,16.916894804614905,60.049019607843135,16.916894804614905,33.53155909596526
1428,23.0,14.099137463276708,3.1287364827950612,12.36931687685298,3.1287364827950612,620.1304347826087,1162.6521739130435,1692.5581507112647,120.94848314085411,26.83965120044783,106.10933595339567,26.83965120044783,46.4223414912321
1429,83.0,18.366311533342525,6.742865349222856,19.924858845171276,6.742865349222856,1844.421686746988,1165.301204819277,6107.927239523259,157.5541430556344,57.843207652647045,170.9240342110281,57.843207652647045,88.18651295158246
1430,26.0,6.593437007762377,5.130828879695446,7.211102550927978,5.130828879695446,2995.846153846154,1159.1923076923076,1913.3266051518644,56.56134688031451,44.01446342875995,61.85994835354883,44.01446342875995,49.357118568450915
1431,11.0,6.1592216015262125,2.2740772369956574,5.830951894845301,2.2740772369956574,1788.1818181818182,1160.0,809.4843329488657,52.836459817014074,19.50801551344314,50.02042066656508,19.50801551344314,32.10402364381074
1432,7.0,4.796702691401646,1.7646790841090736,4.47213595499958,1.7646790841090736,539.7142857142857,1160.0,515.1263936947328,41.148184852710195,15.138178417602347,38.36391137867286,15.138178417602347,25.610151287857633
1433,35.0,8.23035309146542,5.473504103723601,8.54400374531753,5.473504103723601,2183.0857142857144,1162.9714285714285,2575.6319684736636,70.60351916698276,46.954079321158346,73.29414977600823,46.954079321158346,57.26603919370345
1434,12.0,6.831300510639732,2.0,6.082762530298219,2.0,1835.5,1163.5,883.0738177623989,58.60184261578201,17.15686274509804,52.1805609216759,17.15686274509804,33.53155909596526
1435,11.0,6.410747983365109,1.9649396885733192,6.082762530298219,1.9649396885733192,2195.4545454545455,1163.2727272727273,809.4843329488657,54.99416162200461,16.85610026962406,52.1805609216759,16.85610026962406,32.10402364381074
1436,16.0,9.597568933577463,1.9395026592476672,9.055385138137417,1.9395026592476672,3033.4375,1164.5625,1177.431757016532,82.33208644000274,16.637890459232437,77.68099995951215,16.637890459232437,38.71890934080677
1437,52.0,15.503055110576323,5.75677768712889,15.524174696260024,5.75677768712889,3128.9423076923076,1169.0,3826.653210303729,132.99189433092434,49.384122316056654,133.17306724732865,49.384122316056654,69.80150647916021
1438,10.0,3.9191835884530852,3.0983866769659336,4.123105625617661,3.0983866769659336,3160.2,1166.0,735.8948481353325,33.62044744996519,26.57929747397247,35.36977865113189,26.57929747397247,30.60998550862951
1439,49.0,19.276012560126553,4.876195303699306,18.027756377319946,4.876195303699306,1789.8163265306123,1174.6326530612246,3605.884755863129,165.35795088343855,41.83010677193032,154.64987088387207,41.83010677193032,67.75809134641185
1440,12.0,4.47213595499958,3.265986323710904,4.47213595499958,3.265986323710904,755.5,1168.0,883.0738177623989,38.36391137867286,28.017039541637658,38.36391137867286,28.017039541637658,33.53155909596526
1441,12.0,3.8297084310253524,3.8297084310253524,4.123105625617661,3.8297084310253524,579.5,1169.5,883.0738177623989,32.852890952423365,32.852890952423365,35.36977865113189,32.852890952423365,33.53155909596526
1442,15.0,5.433874815756726,3.464374889583068,5.830951894845301,3.464374889583068,604.4,1169.6666666666667,1103.8422722029986,46.61412219399152,29.718902239070434,50.02042066656508,29.718902239070434,37.48942276506485
1443,72.0,17.178262138441678,6.14459724758913,17.4928556845359,6.14459724758913,769.9722222222222,1172.5416666666667,5298.442906574393,147.3625428542791,52.71100580039695,150.06126199969523,52.71100580039695,82.13521006509487
1444,21.0,8.226004473807071,3.1236015555901466,8.06225774829855,3.1236015555901466,640.047619047619,1172.3333333333333,1545.379181084198,70.56621484883517,26.795601579817433,69.16152480158068,26.795601579817433,44.35808322009493
1445,19.0,7.829320047560576,3.688467796291406,7.615773105863909,3.688467796291406,696.8421052631579,1172.3684210526317,1398.2002114571317,67.16328472172063,31.641267860342943,65.33138693755804,31.641267860342943,42.192953255172434
1446,18.0,6.831300510639732,3.265986323710904,6.324555320336759,3.265986323710904,1862.0,1171.5,1324.6107266435984,58.60184261578201,28.017039541637658,54.254763777398665,28.017039541637658,41.06760503254743
1447,19.0,7.347338259627431,3.178877656956105,7.0710678118654755,3.178877656956105,2161.0,1171.6842105263158,1398.2002114571317,63.02863703111767,27.26978382192737,60.65866995472834,27.26978382192737,42.192953255172434
1448,19.0,7.347338259627431,3.178877656956105,7.0710678118654755,3.178877656956105,2169.0,1171.6842105263158,1398.2002114571317,63.02863703111767,27.26978382192737,60.65866995472834,27.26978382192737,42.192953255172434
1449,19.0,7.347338259627431,3.178877656956105,7.0710678118654755,3.178877656956105,2174.0,1171.6842105263158,1398.2002114571317,63.02863703111767,27.26978382192737,60.65866995472834,27.26978382192737,42.192953255172434
1450,97.0,29.26299897120238,15.648845692134698,26.419689627245813,15.648845692134698,1695.1752577319587,1180.7525773195875,7138.180026912725,251.03062842943217,134.24254882958687,226.63949435137337,134.24254882958687,95.3342580845602
1451,11.0,6.410747983365109,1.9649396885733192,6.082762530298219,1.9649396885733192,651.2727272727273,1171.4545454545455,809.4843329488657,54.99416162200461,16.85610026962406,52.1805609216759,16.85610026962406,32.10402364381074
1452,6.0,3.265986323710904,2.0,3.1622776601683795,2.0,2209.0,1171.5,441.53690888119945,28.017039541637658,17.15686274509804,27.127381888699333,17.15686274509804,23.710392820514492
1453,13.0,5.055900530816918,3.1378581622109447,5.0990195135927845,3.1378581622109447,3139.0,1173.6923076923076,956.6633025759322,43.37169573004709,26.917900901319378,43.74158896464398,26.917900901319378,34.900753239580105
1454,43.0,17.54415574469516,6.5896737290156615,16.1245154965971,6.5896737290156615,727.6744186046511,1176.4186046511627,3164.3478469819297,150.50133604517907,56.52906385185003,138.32304960316137,56.52906385185003,63.47421693259072
1455,24.0,11.929413963781823,3.495262545003601,10.770329614269007,3.495262545003601,1802.5416666666667,1177.0833333333333,1766.1476355247978,102.33565900303034,29.98386987135442,92.39253345573903,29.98386987135442,47.420785641028985
1456,26.0,11.622944740467668,3.844083511741403,10.770329614269007,3.844083511741403,3118.6923076923076,1178.0,1913.3266051518644,99.70663380303147,32.976206595820855,92.39253345573903,32.976206595820855,49.357118568450915
1457,7.0,3.7032803990902057,2.138089935299395,3.605551275463989,2.138089935299395,3006.0,1175.0,515.1263936947328,31.768336756901274,18.341457778303635,30.929974176774415,18.341457778303635,25.610151287857633
1458,5.0,3.098386676965933,1.7888543819998317,3.1622776601683795,1.7888543819998317,3190.8,1174.4,367.94742406766625,26.579297473972463,15.345564551469144,27.127381888699333,15.345564551469144,21.644528325173876
1459,39.0,13.905008998565773,3.6460557836404908,13.152946437965905,3.6460557836404908,790.2307692307693,1181.076923076923,2869.9899077277964,119.28316542887305,31.277439320445385,112.8316483649036,31.277439320445385,60.449877833376824
1460,5.0,2.5298221281347035,2.5298221281347035,3.0,2.5298221281347035,825.0,1177.0,367.94742406766625,21.701905510959467,21.701905510959467,25.735294117647058,21.701905510959467,21.644528325173876
1461,10.0,3.9191835884530852,3.0983866769659336,4.123105625617661,3.0983866769659336,3105.0,1177.2,735.8948481353325,33.62044744996519,26.57929747397247,35.36977865113189,26.57929747397247,30.60998550862951
1462,34.0,12.437253010832785,4.37670743760167,12.206555615733702,4.37670743760167,3157.0588235294117,1181.1176470588234,2502.0424836601305,106.69212141645771,37.5452843911908,104.7130996447744,37.5452843911908,56.44202444678016
1463,78.0,12.891959641936797,8.495263397538986,13.601470508735444,8.495263397538986,778.1923076923077,1182.025641025641,5739.979815455593,110.59279104602643,72.87603404751582,116.6792813249364,72.87603404751582,85.48903707575823
1464,33.0,11.287705916919094,5.57048499058233,10.44030650891055,5.57048499058233,1843.090909090909,1182.2424242424242,2428.452998846597,96.83081056180595,47.78602320352489,89.561452895066,47.78602320352489,55.60580007847273
1465,108.0,27.10798424300151,14.06284111745913,28.231188426986208,14.06284111745913,2157.064814814815,1192.5648148148148,7947.664359861591,232.54398247672864,120.6371174291837,242.17931248640127,120.6371174291837,100.59467728789576
1466,12.0,6.831300510639732,2.0,6.082762530298219,2.0,3203.5,1179.5,883.0738177623989,58.60184261578201,17.15686274509804,52.1805609216759,17.15686274509804,33.53155909596526
1467,8.0,4.47213595499958,2.0,4.123105625617661,2.0,648.5,1179.5,588.715878508266,38.36391137867286,17.15686274509804,35.36977865113189,17.15686274509804,27.378403355031622
1468,555.0,53.97487270527534,25.542195392266294,55.362442142665635,25.542195392266294,3191.7207207207207,1200.7801801801802,40842.16407151095,463.0197413442737,219.11197027679418,474.9229105375728,219.11197027679418,228.03925607784558
1469,5.0,3.098386676965933,1.7888543819998317,3.1622776601683795,1.7888543819998317,3249.2,1179.4,367.94742406766625,26.579297473972463,15.345564551469144,27.127381888699333,15.345564551469144,21.644528325173876
1470,16.0,4.69041575982343,4.415880433163924,5.0990195135927845,4.415880433163924,1669.375,1181.875,1177.431757016532,40.23640970436765,37.881327245278754,43.74158896464398,37.881327245278754,38.71890934080677
1471,13.0,5.571304993630558,2.8888018368456154,6.0,2.8888018368456154,679.3846153846154,1181.923076923077,956.6633025759322,47.79305754339939,24.781388306273662,51.470588235294116,24.781388306273662,34.900753239580105
1472,13.0,7.554371880072024,1.9753176197160076,7.0710678118654755,1.9753176197160076,691.7692307692307,1181.5384615384614,956.6633025759322,64.80466073591197,16.94512663972065,60.65866995472834,16.94512663972065,34.900753239580105
1473,9.0,3.885753375057407,2.7954428906961324,4.123105625617661,2.7954428906961324,1614.3333333333333,1182.111111111111,662.3053633217992,33.3336686585807,23.98051499371682,35.36977865113189,23.98051499371682,29.039182005605074
1474,34.0,11.489671255234816,6.039195601433583,10.770329614269007,6.039195601433583,1651.7058823529412,1184.0294117647059,2502.0424836601305,98.56335635618102,51.80682501229789,92.39253345573903,51.80682501229789,56.44202444678016
1475,32.0,12.461248631367722,4.951177389998876,11.40175425099138,4.951177389998876,1862.40625,1182.5625,2354.863514033064,106.8979662004584,42.47333545342173,97.80916636879859,42.47333545342173,54.756806710063245
1476,6.0,3.9999999999999996,1.632993161855452,4.123105625617661,1.632993161855452,633.5,1182.5,441.53690888119945,34.31372549019607,14.008519770818829,35.36977865113189,14.008519770818829,23.710392820514492
1477,28.0,8.223262113993297,4.752056590279158,8.06225774829855,4.752056590279158,1798.5,1186.5714285714287,2060.505574778931,70.54268970337387,40.765191338179044,69.16152480158068,40.765191338179044,51.220302575715266
1478,88.0,19.008482546870624,7.100656786699732,17.88854381999832,7.100656786699732,1854.375,1188.4772727272727,6475.874663590926,163.06296302462545,60.91249694472809,153.45564551469144,60.91249694472809,90.80389128764733
1479,21.0,10.708799269697119,3.381567223365775,9.486832980505138,3.381567223365775,2165.3809523809523,1186.857142857143,1545.379181084198,91.8646996174998,29.008542357304442,81.382145666098,29.008542357304442,44.35808322009493
1480,11.0,6.093817050591153,2.2758390410355025,6.082762530298219,2.2758390410355025,3167.3636363636365,1185.3636363636363,809.4843329488657,52.27539136536528,19.52312902849083,52.1805609216759,19.52312902849083,32.10402364381074
1481,13.0,7.11244549846606,2.41643426029107,6.324555320336759,2.41643426029107,729.3846153846154,1187.3076923076924,956.6633025759322,61.01362559958629,20.729215468183195,54.254763777398665,20.729215468183195,34.900753239580105
1482,12.0,6.831300510639732,2.0,6.082762530298219,2.0,1659.5,1187.5,883.0738177623989,58.60184261578201,17.15686274509804,52.1805609216759,17.15686274509804,33.53155909596526
1483,14.0,4.742873420478221,3.686025552052299,5.0990195135927845,3.686025552052299,760.6428571428571,1189.2142857142858,1030.2527873894655,40.686414146259246,31.62031723574276,43.74158896464398,31.62031723574276,36.218223285715055
1484,15.0,5.7971874436928506,3.2375155029094183,5.830951894845301,3.2375155029094183,810.7333333333333,1190.2,1103.8422722029986,49.730774639522004,27.772804559271968,50.02042066656508,27.772804559271968,37.48942276506485
1485,18.0,6.0,3.9752319599996264,6.082762530298219,3.9752319599996264,1987.5,1189.888888888889,1324.6107266435984,51.470588235294116,34.10125455882032,52.1805609216759,34.10125455882032,41.06760503254743
1486,11.0,3.9999999999999996,3.468869823334348,4.123105625617661,3.468869823334348,2195.6363636363635,1189.5454545454545,809.4843329488657,34.31372549019607,29.757461719779947,35.36977865113189,29.757461719779947,32.10402364381074
1487,5.0,2.5298221281347035,2.5298221281347035,3.0,2.5298221281347035,1614.0,1190.0,367.94742406766625,21.701905510959467,21.701905510959467,25.735294117647058,21.701905510959467,21.644528325173876
1488,6.0,3.265986323710904,2.0,3.1622776601683795,2.0,2211.5,1190.0,441.53690888119945,28.017039541637658,17.15686274509804,27.127381888699333,17.15686274509804,23.710392820514492
1489,8.0,4.47213595499958,2.0,4.123105625617661,2.0,3159.5,1189.5,588.715878508266,38.36391137867286,17.15686274509804,35.36977865113189,17.15686274509804,27.378403355031622
1490,18.0,5.900439563226915,3.893600082530547,6.082762530298219,3.893600082530547,1832.7777777777778,1193.7777777777778,1324.6107266435984,50.6165158610152,33.4009811001395,52.1805609216759,33.4009811001395,41.06760503254743
1491,10.0,3.9597979746446663,3.3466401061363023,4.123105625617661,3.3466401061363023,793.6,1193.6,735.8948481353325,33.96885517464787,28.708922479110434,35.36977865113189,28.708922479110434,30.60998550862951
1492,19.0,6.89874465216269,3.7788752826128063,6.708203932499369,3.7788752826128063,1602.1052631578948,1194.2631578947369,1398.2002114571317,59.18040755531719,32.41682227731574,57.545867068009294,32.41682227731574,42.192953255172434
1493,45.0,15.808381426718475,4.716481752765775,13.416407864998739,4.716481752765775,1621.4444444444443,1197.2444444444445,3311.526816608996,135.611115180183,40.46001503598091,115.09173413601859,40.46001503598091,64.93358497552163
1494,11.0,4.271760045262083,3.411211461689767,4.47213595499958,3.411211461689767,1672.090909090909,1193.1818181818182,809.4843329488657,36.64500038827767,29.262843421358294,38.36391137867286,29.262843421358294,32.10402364381074
1495,32.0,9.012039949682661,5.949160524420546,9.433981132056603,5.949160524420546,1681.75,1195.65625,2354.863514033064,77.30916623502283,51.03446528301939,80.92875971126988,51.03446528301939,54.756806710063245
1496,30.0,11.417671611458749,3.7406323701273503,10.770329614269007,3.7406323701273503,1706.6,1193.5333333333333,2207.6845444059973,97.94571235320005,32.08875807707285,92.39253345573903,32.08875807707285,53.01805011989337
1497,16.0,4.69041575982343,4.415880433163924,5.0990195135927845,4.415880433163924,3109.875,1193.625,1177.431757016532,40.23640970436765,37.881327245278754,43.74158896464398,37.881327245278754,38.71890934080677
1498,14.0,7.017298793846583,2.6462077766235543,6.324555320336759,2.6462077766235543,905.2857142857143,1195.7857142857142,1030.2527873894655,60.19741612368392,22.700311809270687,54.254763777398665,22.700311809270687,36.218223285715055
1499,16.0,9.16515138991168,2.0,8.06225774829855,2.0,1595.5,1196.5,1177.431757016532,78.6226222173796,17.15686274509804,69.16152480158068,17.15686274509804,38.71890934080677
1500,60.0,16.411893263104666,5.9565821266537355,15.297058540778355,5.9565821266537355,1798.2833333333333,1197.1333333333334,4415.3690888119945,140.78830005114295,51.09813098845116,131.22476689393196,51.09813098845116,74.9788455301297
1501,19.0,7.492235046858282,3.0904084728307817,7.280109889280518,3.0904084728307817,1842.0,1196.0,1398.2002114571317,64.27162417648036,26.510856997322882,62.451923069808366,26.510856997322882,42.192953255172434
1502,13.0,7.554371880072024,1.9753176197160076,7.0710678118654755,1.9753176197160076,2147.4615384615386,1195.7692307692307,956.6633025759322,64.80466073591197,16.94512663972065,60.65866995472834,16.94512663972065,34.900753239580105
1503,15.0,5.215498621614657,3.7283771738060283,5.385164807134504,3.7283771738060283,893.2666666666667,1195.4,1103.8422722029986,44.74079699914534,31.98362771647328,46.196266727869514,31.98362771647328,37.48942276506485
1504,38.0,17.519452910450312,5.234084401746709,14.422205101855956,5.234084401746709,1654.7105263157894,1201.3157894736842,2796.4004229142633,150.28942447690218,44.90023383851344,123.71989670709766,44.90023383851344,59.669846730038884
1505,152.0,19.532899673396212,13.334801775140086,20.223748416156685,13.334801775140086,2003.0,1205.782894736842,11185.601691657053,167.56163935511455,114.39168189458407,173.48803788369705,114.39168189458407,119.33969346007777
1506,5.0,3.098386676965933,1.7888543819998317,3.1622776601683795,1.7888543819998317,648.8,1198.6,367.94742406766625,26.579297473972463,15.345564551469144,27.127381888699333,15.345564551469144,21.644528325173876
1507,24.0,8.387255992967484,3.6875983177232663,8.246211251235321,3.6875983177232663,918.7916666666666,1202.2083333333333,1766.1476355247978,71.94949993967204,31.633809098116252,70.73955730226378,31.633809098116252,47.420785641028985
1508,28.0,6.842072737246033,5.438179452746608,7.280109889280518,5.438179452746608,1662.7857142857142,1201.5357142857142,2060.505574778931,58.69425142245371,46.65104922699296,62.451923069808366,46.65104922699296,51.220302575715266
1509,147.0,21.471400407962463,15.250924574325074,20.591260281974,15.250924574325074,1870.2789115646258,1206.9931972789116,10817.654267589387,184.19093487222702,130.82900982876902,176.64071320320835,130.82900982876902,117.36045683587838
1510,26.0,12.149744970409328,4.6056595098722966,11.180339887498949,4.6056595098722966,826.0384615384615,1204.8461538461538,1913.3266051518644,104.22575342262904,39.50933403076725,95.90977844668215,39.50933403076725,49.357118568450915
1511,40.0,10.172942733819164,5.106000013164505,10.295630140987,5.106000013164505,844.25,1203.7,2943.57939254133,87.2678910989389,43.801470701166096,88.32035660160417,43.801470701166096,61.21997101725902
1512,25.0,6.229132290364385,5.019752076461521,6.324555320336759,5.019752076461521,893.08,1202.56,1839.7371203383311,53.43618386341997,43.061598695135594,54.254763777398665,43.061598695135594,48.39863667600846
1513,40.0,11.562287463893144,8.474285138128138,11.180339887498949,8.474285138128138,905.025,1203.675,2943.57939254133,99.18628951869118,72.69607348884432,95.90977844668215,72.69607348884432,61.21997101725902
1514,98.0,14.816745910127324,8.914844528252965,15.297058540778355,8.914844528252965,1675.408163265306,1207.8877551020407,7211.769511726258,127.1044379545236,76.4753819825622,131.22476689393196,76.4753819825622,95.82441174261068
1515,20.0,7.731010827707835,3.198667157092813,7.280109889280518,3.198667157092813,1778.05,1203.15,1471.789696270665,66.31994582592506,27.439546690747168,62.451923069808366,27.439546690747168,43.28905665034775
1516,21.0,10.421009697415377,2.9922528794435004,8.94427190999916,2.9922528794435004,1825.4285714285713,1203.4285714285713,1545.379181084198,89.39591652194564,25.66883597561826,76.72782275734572,25.66883597561826,44.35808322009493
1517,30.0,8.37456466530251,4.814792022738077,8.246211251235321,4.814792022738077,2366.4666666666667,1203.5,2207.6845444059973,71.84062825627153,41.30336294015507,70.73955730226378,41.30336294015507,53.01805011989337
1518,35.0,8.240705579676296,5.358890773714476,8.246211251235321,5.358890773714476,3161.9714285714285,1203.6,2575.6319684736636,70.6923272766349,45.970876735295754,70.73955730226378,45.970876735295754,57.26603919370345
1519,6.0,3.8297084310253524,1.8856180831641272,4.0,1.8856180831641272,3203.5,1200.3333333333333,441.53690888119945,32.852890952423365,16.175645321260895,34.31372549019608,16.175645321260895,23.710392820514492
1520,223.0,21.76701142246962,14.524910278429644,23.430749027719962,14.524910278429644,3257.0448430493275,1208.206278026906,16410.455113417913,186.72681367314624,124.60094601594056,200.99907254171535,124.60094601594056,144.5491544295529
1521,17.0,5.6871994758893925,3.8790160584420166,6.082762530298219,3.8790160584420166,757.8235294117648,1203.6470588235295,1251.0212418300653,48.7872504059139,33.27587305036044,52.1805609216759,33.27587305036044,39.910538230215145
1522,12.0,6.831300510639732,2.0,6.082762530298219,2.0,1611.5,1203.5,883.0738177623989,58.60184261578201,17.15686274509804,52.1805609216759,17.15686274509804,33.53155909596526
1523,12.0,6.831300510639732,2.0,6.082762530298219,2.0,1705.5,1203.5,883.0738177623989,58.60184261578201,17.15686274509804,52.1805609216759,17.15686274509804,33.53155909596526
1524,12.0,6.831300510639732,2.0,6.082762530298219,2.0,1715.5,1203.5,883.0738177623989,58.60184261578201,17.15686274509804,52.1805609216759,17.15686274509804,33.53155909596526
1525,20.0,6.0,4.09878030638384,6.082762530298219,4.09878030638384,1840.5,1203.5,1471.789696270665,51.470588235294116,35.161105569469214,52.1805609216759,35.161105569469214,43.28905665034775
1526,26.0,17.104739971541772,2.426810451493819,14.317821063276353,2.426810451493819,1852.5,1207.5,1913.3266051518644,146.73183799116717,20.818226912324427,122.82444539575303,20.818226912324427,49.357118568450915
1527,13.0,7.554371880072024,1.9753176197160076,7.0710678118654755,1.9753176197160076,1907.2307692307693,1201.4615384615386,956.6633025759322,64.80466073591197,16.94512663972065,60.65866995472834,16.94512663972065,34.900753239580105
1528,10.0,4.09878030638384,2.9933259094191533,4.123105625617661,2.9933259094191533,694.2,1203.5,735.8948481353325,35.161105569469214,25.678040889625088,35.36977865113189,25.678040889625088,30.60998550862951
1529,9.0,6.545506211474516,1.7272836852629914,5.830951894845301,1.7272836852629914,831.4444444444445,1204.7777777777778,662.3053633217992,56.15017583372746,14.817384554952131,50.02042066656508,14.817384554952131,29.039182005605074
1530,27.0,13.470455878995704,2.8517630150593223,13.152946437965905,2.8517630150593223,1601.5185185185185,1204.2592592592594,1986.9160899653978,115.55538131491413,24.463653315459872,112.8316483649036,24.463653315459872,50.29733864394788
1531,33.0,7.480767886879839,5.99613464218717,8.06225774829855,5.99613464218717,1990.7878787878788,1206.2424242424242,2428.452998846597,64.17325393156725,51.437429528566405,69.16152480158068,51.437429528566405,55.60580007847273
1532,5.0,3.335641688875783,2.0575457524521585,3.1622776601683795,2.0575457524521585,815.8,1205.0,367.94742406766625,28.614573311434413,17.650515033290574,27.127381888699333,17.650515033290574,21.644528325173876
1533,16.0,4.69041575982343,4.415880433163924,5.0990195135927845,4.415880433163924,1685.375,1205.875,1177.431757016532,40.23640970436765,37.881327245278754,43.74158896464398,37.881327245278754,38.71890934080677
1534,11.0,6.410747983365108,1.9649396885733192,6.082762530298219,1.9649396885733192,651.7272727272727,1205.5454545454545,809.4843329488657,54.994161622004604,16.85610026962406,52.1805609216759,16.85610026962406,32.10402364381074
1535,14.0,5.957108448150149,2.8895663395837934,6.082762530298219,2.8895663395837934,2208.214285714286,1206.0,1030.2527873894655,51.102646001288036,24.787946540547246,52.1805609216759,24.787946540547246,36.218223285715055
1536,9.0,3.885753375057407,2.7954428906961324,4.123105625617661,2.7954428906961324,2700.3333333333335,1205.888888888889,662.3053633217992,33.3336686585807,23.98051499371682,35.36977865113189,23.98051499371682,29.039182005605074
1537,8.0,3.4641016151377544,2.7386127875258306,3.605551275463989,2.7386127875258306,1700.125,1207.125,588.715878508266,29.716557972995442,23.493001853775507,30.929974176774415,23.493001853775507,27.378403355031622
1538,22.0,10.142782313440984,3.1333978072025612,9.055385138137417,3.1333978072025612,3203.5,1209.5454545454545,1618.9686658977314,87.00916200255746,26.879638051982756,77.68099995951215,26.879638051982756,45.401945643823666
1539,42.0,9.167363668984414,6.062807048028798,9.433981132056603,6.062807048028798,1895.6904761904761,1210.2619047619048,3090.758362168396,78.64160010158199,52.00937418652155,80.92875971126988,52.00937418652155,62.731802890732666
1540,107.0,18.86558739200321,9.425742028689777,17.46424919657298,9.425742028689777,1602.1028037383178,1214.2990654205607,7874.074875048057,161.83714674512558,80.85808112846622,149.81586320589565,80.85808112846622,100.12787812278877
1541,5.0,2.5298221281347035,2.5298221281347035,3.0,2.5298221281347035,1625.0,1209.0,367.94742406766625,21.701905510959467,21.701905510959467,25.735294117647058,21.701905510959467,21.644528325173876
1542,744.0,88.39260685422109,22.333372202046807,82.60750571225353,22.333372202046807,1686.893817204301,1249.8091397849462,54750.576701268736,758.2699117396417,191.5853007528525,708.642818610018,191.5853007528525,264.0277603495228
1543,46.0,17.841883186194874,5.380415215041013,15.811388300841896,5.380415215041013,3238.1739130434785,1214.7826086956522,3385.1163014225294,153.05537046980896,46.1555226780479,135.63690944349665,46.1555226780479,65.65110493401569
1544,11.0,6.410747983365109,1.9649396885733192,6.082762530298219,1.9649396885733192,691.4545454545455,1211.7272727272727,809.4843329488657,54.99416162200461,16.85610026962406,52.1805609216759,16.85610026962406,32.10402364381074
1545,22.0,5.684918356215259,4.913706666104739,6.324555320336759,4.913706666104739,722.8181818181819,1211.2727272727273,1618.9686658977314,48.76768197733678,42.15189542001614,54.254763777398665,42.15189542001614,45.401945643823666
1546,12.0,6.831300510639732,2.0,6.082762530298219,2.0,1179.5,1211.5,883.0738177623989,58.60184261578201,17.15686274509804,52.1805609216759,17.15686274509804,33.53155909596526
1547,6.0,6.831300510639732,0.0,6.0,0.0,1841.0,1211.5,441.53690888119945,58.60184261578201,0.0,51.470588235294116,0.0,23.710392820514492
1548,18.0,11.394335290245996,3.0137524019680697,9.848857801796104,3.0137524019680697,1908.1666666666667,1213.111111111111,1324.6107266435984,97.74552332318869,25.85326815413785,84.48775075070186,25.85326815413785,41.06760503254743
1549,12.0,4.268749491621899,3.8297084310253524,4.47213595499958,3.8297084310253524,1046.8333333333333,1211.5,883.0738177623989,36.61917456048198,32.852890952423365,38.36391137867286,32.852890952423365,33.53155909596526
1550,16.0,5.244535484642193,3.9204397139005818,5.385164807134504,3.9204397139005818,1825.1875,1212.1875,1177.431757016532,44.98988773590116,33.63122303591185,46.196266727869514,33.63122303591185,38.71890934080677
1551,25.0,6.221217064120305,5.150267783435958,6.708203932499369,5.150267783435958,2379.36,1212.44,1839.7371203383311,53.368283638286925,44.18121873045552,57.545867068009294,44.18121873045552,48.39863667600846
1552,17.0,4.752708206288037,4.538188593408449,5.0990195135927845,4.538188593408449,459.3529411764706,1213.0,1251.0212418300653,40.77078118139247,38.93053940423915,43.74158896464398,38.93053940423915,39.910538230215145
1553,58.0,18.66150499904095,4.902408155679403,17.08800749063506,4.902408155679403,747.6034482758621,1218.3793103448277,4268.190119184928,160.08643994275326,42.054971923720366,146.58829955201645,42.054971923720366,73.71860711152476
1554,6.0,3.265986323710904,2.0,3.1622776601683795,2.0,1705.0,1211.5,441.53690888119945,28.017039541637658,17.15686274509804,27.127381888699333,17.15686274509804,23.710392820514492
1555,6.0,3.265986323710904,2.0,3.1622776601683795,2.0,1886.0,1211.5,441.53690888119945,28.017039541637658,17.15686274509804,27.127381888699333,17.15686274509804,23.710392820514492
1556,31.0,8.430656115571425,5.611049007782942,8.54400374531753,5.611049007782942,1934.3870967741937,1214.3870967741937,2281.274029219531,72.32180491299016,48.133998841275236,73.29414977600823,48.133998841275236,53.8944408988476
1557,5.0,3.098386676965933,1.7888543819998317,3.1622776601683795,1.7888543819998317,2369.2,1211.4,367.94742406766625,26.579297473972463,15.345564551469144,27.127381888699333,15.345564551469144,21.644528325173876
1558,1783.0,64.85212866065388,43.59547613619607,71.84010022264724,43.59547613619607,2455.0992708917556,1248.614133482894,131210.05142252977,556.3295350791386,373.98080018795645,616.2753695570228,373.98080018795645,408.732146092164
1559,7.0,3.0237157840738176,2.799416848895061,3.1622776601683795,2.799416848895061,564.0,1213.2857142857142,515.1263936947328,25.938738343770492,24.014605321403707,27.127381888699333,24.014605321403707,25.610151287857633
1560,127.0,37.030245163816794,9.887422773806865,29.832867780352597,9.887422773806865,1517.3307086614172,1223.1968503937007,9345.864571318722,317.6614168464676,84.81857771648045,255.91920890008353,84.81857771648045,109.08498706535678
1561,66.0,21.956944498814504,5.785024572501478,19.697715603592208,5.785024572501478,2427.757575757576,1219.7424242424242,4856.905997693194,188.35614153394795,49.62643628371366,168.97550150140373,49.62643628371366,78.63847661758305
1562,36.0,19.63952533063965,3.2440118200151655,18.681541692269406,3.2440118200151655,963.3888888888889,1221.4722222222222,2649.2214532871967,168.47632023833032,27.82853276973794,160.25832334054635,27.82853276973794,58.07836401121015
1563,15.0,7.734318207931478,2.6504275698279427,7.0710678118654755,2.6504275698279427,1651.5333333333333,1213.7333333333333,1103.8422722029986,66.3483179601965,22.73651101568088,60.65866995472834,22.73651101568088,37.48942276506485
1564,20.0,10.98427217851017,2.354944735743796,10.04987562112089,2.354944735743796,1991.55,1217.6,1471.789696270665,94.227825060749,20.20173180172374,86.212168318439,20.20173180172374,43.28905665034775
1565,38.0,20.800239819329114,4.51938222572099,19.0,4.51938222572099,2159.8684210526317,1222.1842105263158,2796.4004229142633,178.43342982267623,38.76921026966535,162.99019607843138,38.76921026966535,59.669846730038884
1566,12.0,5.294328785763617,2.862220279862641,5.0990195135927845,2.862220279862641,1592.0833333333333,1214.75,883.0738177623989,45.417036152383965,24.553360243919713,43.74158896464398,24.553360243919713,33.53155909596526
1567,77.0,20.69157194653975,5.447601082065923,19.235384061671343,5.447601082065923,1879.2857142857142,1222.6493506493507,5666.39033064206,177.50122993355177,46.73187202752629,165.00942209767084,46.73187202752629,84.9392626460609
1568,46.0,10.535786867289586,5.807809780315315,10.295630140987,5.807809780315315,2195.891304347826,1218.9130434782608,3385.1163014225294,90.38052459684694,49.821897625253925,88.32035660160417,49.821897625253925,65.65110493401569
1569,18.0,5.28913906753229,4.283222569354137,5.385164807134504,4.283222569354137,882.8333333333334,1217.7222222222222,1324.6107266435984,45.37251651069366,36.74333086455754,46.196266727869514,36.74333086455754,41.06760503254743
1570,7.0,3.7032803990902057,2.138089935299395,3.605551275463989,2.138089935299395,1832.0,1217.0,515.1263936947328,31.768336756901274,18.341457778303635,30.929974176774415,18.341457778303635,25.610151287857633
1571,18.0,8.749943491576735,3.232775057628709,8.246211251235321,3.232775057628709,1888.9444444444443,1218.9444444444443,1324.6107266435984,75.06078975617297,27.732138974756083,70.73955730226378,27.732138974756083,41.06760503254743
1572,55.0,19.989541470934828,4.63522806556413,17.11724276862369,4.63522806556413,984.6545454545454,1225.6181818181817,4047.4216647443286,171.478909677137,39.762985856555034,146.8390923778993,39.762985856555034,71.78677921882132
1573,33.0,6.678776879493775,6.344849613722376,7.211102550927978,6.344849613722376,1044.6969696969697,1219.4242424242425,2428.452998846597,57.29342911330444,54.42885698046156,61.85994835354883,54.42885698046156,55.60580007847273
1574,26.0,11.762197591100373,5.427831861386878,10.0,5.427831861386878,1055.423076923077,1221.423076923077,1913.3266051518644,100.90120482561593,46.562283124642335,85.7843137254902,46.562283124642335,49.357118568450915
1575,38.0,20.573078604354844,3.632031117079769,16.76305461424021,3.632031117079769,1098.3157894736842,1224.8684210526317,2796.4004229142633,176.4847429295146,31.15712968083135,143.80071360255081,31.15712968083135,59.669846730038884
1576,12.0,6.831300510639732,2.0,6.082762530298219,2.0,1643.5,1219.5,883.0738177623989,58.60184261578201,17.15686274509804,52.1805609216759,17.15686274509804,33.53155909596526
1577,12.0,6.831300510639732,2.0,6.082762530298219,2.0,1843.5,1219.5,883.0738177623989,58.60184261578201,17.15686274509804,52.1805609216759,17.15686274509804,33.53155909596526
1578,12.0,6.831300510639732,2.0,6.082762530298219,2.0,1849.5,1219.5,883.0738177623989,58.60184261578201,17.15686274509804,52.1805609216759,17.15686274509804,33.53155909596526
1579,13.0,5.055900530816918,3.1378581622109447,5.0990195135927845,3.1378581622109447,3153.0,1219.3076923076924,956.6633025759322,43.37169573004709,26.917900901319378,43.74158896464398,26.917900901319378,34.900753239580105
1580,7.0,3.0237157840738176,2.799416848895061,3.1622776601683795,2.799416848895061,90.0,1219.2857142857142,515.1263936947328,25.938738343770492,24.014605321403707,27.127381888699333,24.014605321403707,25.610151287857633
1581,14.0,4.20883424647321,4.120630029101703,4.47213595499958,4.120630029101703,866.2857142857143,1219.5,1030.2527873894655,36.1051957418045,35.34854191631362,38.36391137867286,35.34854191631362,36.218223285715055
1582,41.0,9.720881340861943,5.621462190969235,9.848857801796104,5.621462190969235,1387.4878048780488,1221.3170731707316,3017.168877354863,83.38991346327647,48.223327618608636,84.48775075070186,48.223327618608636,61.98049671177124
1583,14.0,4.20883424647321,4.120630029101703,4.47213595499958,4.120630029101703,1408.7142857142858,1219.5,1030.2527873894655,36.1051957418045,35.34854191631362,38.36391137867286,35.34854191631362,36.218223285715055
1584,12.0,5.163977794943222,3.0550504633038935,5.0990195135927845,3.0550504633038935,1504.0,1219.5,883.0738177623989,44.29882912328745,26.207540739126536,43.74158896464398,26.207540739126536,33.53155909596526
1585,6.0,3.265986323710904,2.0,3.1622776601683795,2.0,1425.0,1219.5,441.53690888119945,28.017039541637658,17.15686274509804,27.127381888699333,17.15686274509804,23.710392820514492
1586,8.0,4.487387140792187,2.3158921927958827,4.47213595499958,2.3158921927958827,1824.625,1219.875,588.715878508266,38.49474262934474,19.866722242121543,38.36391137867286,19.866722242121543,27.378403355031622
1587,6.0,3.8297084310253524,1.8856180831641272,4.0,1.8856180831641272,161.5,1220.6666666666667,441.53690888119945,32.852890952423365,16.175645321260895,34.31372549019608,16.175645321260895,23.710392820514492
1588,14.0,5.449353665897314,3.145851452097728,5.385164807134504,3.145851452097728,1011.0714285714286,1221.857142857143,1030.2527873894655,46.74690644764852,26.98647079005404,46.196266727869514,26.98647079005404,36.218223285715055
1589,8.0,3.8888437389046198,2.6223833385648136,4.123105625617661,2.6223833385648136,1534.75,1221.75,588.715878508266,33.360179132760216,22.495935502394232,35.36977865113189,22.495935502394232,27.378403355031622
1590,10.0,3.9191835884530852,3.0983866769659336,4.123105625617661,3.0983866769659336,1585.2,1221.0,735.8948481353325,33.62044744996519,26.57929747397247,35.36977865113189,26.57929747397247,30.60998550862951
1591,13.0,5.055900530816918,3.1378581622109447,5.0990195135927845,3.1378581622109447,724.6923076923077,1222.0,956.6633025759322,43.37169573004709,26.917900901319378,43.74158896464398,26.917900901319378,34.900753239580105
1592,13.0,7.554371880072024,1.9753176197160076,7.0710678118654755,1.9753176197160076,1035.7692307692307,1221.5384615384614,956.6633025759322,64.80466073591197,16.94512663972065,60.65866995472834,16.94512663972065,34.900753239580105
1593,8.0,3.4641016151377544,2.7386127875258306,3.605551275463989,2.7386127875258306,1208.875,1222.125,588.715878508266,29.716557972995442,23.493001853775507,30.929974176774415,23.493001853775507,27.378403355031622
1594,35.0,12.919578264830696,4.325577407456007,12.36931687685298,4.325577407456007,1553.057142857143,1222.6285714285714,2575.6319684736636,110.82971550712607,37.10666893650986,106.10933595339567,37.10666893650986,57.26603919370345
1595,30.0,11.066860255714445,6.791836903587454,11.180339887498949,6.791836903587454,1677.3333333333333,1223.4666666666667,2207.6845444059973,94.93630121323666,58.2633067709708,95.90977844668215,58.2633067709708,53.01805011989337
1596,25.0,9.910166553355277,3.1419418971009603,9.219544457292887,3.1419418971009603,1900.72,1221.92,1839.7371203383311,85.0136836684889,26.95293294081706,79.08922941305173,26.95293294081706,48.39863667600846
1597,96.0,16.30485704511101,10.46375546375012,17.08800749063506,10.46375546375012,1341.78125,1229.5625,7064.590542099191,139.8700972007072,89.76260814491525,146.58829955201645,89.76260814491525,94.84157128205797
1598,94.0,28.913517625187914,8.067808294647815,27.313000567495326,8.067808294647815,1501.287234042553,1232.840425531915,6917.411572472125,248.03262668666102,69.20913978251802,234.30270094665107,69.20913978251802,93.84843845627897
1599,115.0,21.001542225818188,9.855233184080472,19.697715603592208,9.855233184080472,2419.4434782608696,1231.9652173913043,8462.790753556323,180.1602887018717,84.54244153010208,168.97550150140373,84.54244153010208,103.80351124910393
1600,6.0,3.8297084310253524,1.8856180831641272,4.0,1.8856180831641272,3126.5,1222.6666666666667,441.53690888119945,32.852890952423365,16.175645321260895,34.31372549019608,16.175645321260895,23.710392820514492
1601,72.0,13.30712386750979,7.461263591024733,13.0,7.461263591024733,1330.0833333333333,1229.125,5298.442906574393,114.15424886344182,64.00593766810432,111.51960784313725,64.00593766810432,82.13521006509487
1602,444.0,41.97597565675317,24.511666314125005,41.48493702538308,24.511666314125005,1427.5585585585586,1238.6396396396397,32673.73125720876,360.0880264672453,210.27164730254293,355.87568526676665,210.27164730254293,203.9645112514179
1603,21.0,9.800380818661374,3.8032890324747877,8.94427190999916,3.8032890324747877,2096.7619047619046,1226.5238095238096,1545.379181084198,84.07189427773237,32.62625395505332,76.72782275734572,32.62625395505332,44.35808322009493
1604,7.0,4.505936460652527,1.964637859424637,4.47213595499958,1.964637859424637,3172.5714285714284,1223.857142857143,515.1263936947328,38.653866696774124,16.853511048985855,38.36391137867286,16.853511048985855,25.610151287857633
1605,67.0,14.96729586873135,5.893962841188681,15.132745950421556,5.893962841188681,3216.5522388059703,1229.9850746268658,4930.495482506728,128.39592044254834,50.56095574549113,129.8152226139104,50.56095574549113,79.23198297416269
1606,30.0,10.323420823115464,3.993923754068233,10.198039027185569,3.993923754068233,3237.9333333333334,1224.9333333333334,2207.6845444059973,88.55875706103951,34.26160083146768,87.48317792928796,34.26160083146768,53.01805011989337
1607,6.0,3.126943839882286,2.309401076758503,3.1622776601683795,2.309401076758503,888.8333333333334,1225.1666666666667,441.53690888119945,26.8242731362451,19.811038648663626,27.127381888699333,19.811038648663626,23.710392820514492
1608,11.0,3.8138503569823694,3.6725472503134826,4.123105625617661,3.6725472503134826,894.8181818181819,1225.1818181818182,809.4843329488657,32.71685355254483,31.504694549257817,35.36977865113189,31.504694549257817,32.10402364381074
1609,20.0,7.848566748139434,3.0983866769659336,8.0,3.0983866769659336,947.5,1225.0,1471.789696270665,67.32839122178436,26.57929747397247,68.62745098039215,26.57929747397247,43.28905665034775
1610,15.0,7.7343182079314765,2.6504275698279427,7.0710678118654755,2.6504275698279427,969.2666666666667,1227.5333333333333,1103.8422722029986,66.34831796019648,22.73651101568088,60.65866995472834,22.73651101568088,37.48942276506485
1611,50.0,9.280311016369506,7.114199001957339,10.0,7.114199001957339,1019.34,1227.72,3679.4742406766622,79.61051116983644,61.02866790894776,85.7843137254902,61.02866790894776,68.44600838757906
1612,48.0,16.371691227183838,4.289321848183842,15.297058540778355,4.289321848183842,1236.4375,1229.7291666666667,3532.2952710495956,140.4434296449594,36.795653109420215,131.22476689393196,36.795653109420215,67.06311819193051
1613,20.0,7.848566748139434,3.0983866769659336,8.0,3.0983866769659336,1739.5,1225.0,1471.789696270665,67.32839122178436,26.57929747397247,68.62745098039215,26.57929747397247,43.28905665034775
1614,13.0,7.554371880072024,1.9753176197160076,7.0710678118654755,1.9753176197160076,2169.4615384615386,1227.2307692307693,956.6633025759322,64.80466073591197,16.94512663972065,60.65866995472834,16.94512663972065,34.900753239580105
1615,47.0,11.607988839667122,6.077044226694588,11.180339887498949,6.077044226694588,2377.4893617021276,1229.659574468085,3458.7057862360625,99.57833563439932,52.131506846644754,95.90977844668215,52.131506846644754,66.36086723620322
1616,7.0,3.0237157840738176,2.7994168488950604,3.1622776601683795,2.7994168488950604,3246.0,1224.7142857142858,515.1263936947328,25.938738343770492,24.014605321403703,27.127381888699333,24.014605321403703,25.610151287857633
1617,12.0,6.831300510639732,2.0,6.082762530298219,2.0,1027.5,1227.5,883.0738177623989,58.60184261578201,17.15686274509804,52.1805609216759,17.15686274509804,33.53155909596526
1618,13.0,7.554371880072024,1.9753176197160076,7.0710678118654755,1.9753176197160076,1085.5384615384614,1227.7692307692307,956.6633025759322,64.80466073591197,16.94512663972065,60.65866995472834,16.94512663972065,34.900753239580105
1619,28.0,16.1245154965971,2.0,14.035668847618199,2.0,1091.5,1231.5,2060.505574778931,138.32304960316137,17.15686274509804,120.4040219771169,17.15686274509804,51.220302575715266
1620,12.0,6.831300510639732,2.0,6.082762530298219,2.0,1787.5,1227.5,883.0738177623989,58.60184261578201,17.15686274509804,52.1805609216759,17.15686274509804,33.53155909596526
1621,19.0,7.347338259627431,3.178877656956105,7.0710678118654755,3.178877656956105,867.6842105263158,1227.0,1398.2002114571317,63.02863703111767,27.26978382192737,60.65866995472834,27.26978382192737,42.192953255172434
1622,17.0,5.181899763382574,4.041201040002321,5.385164807134504,4.041201040002321,1112.5882352941176,1228.1176470588234,1251.0212418300653,44.45257149960541,34.66716578433363,46.196266727869514,34.66716578433363,39.910538230215145
1623,23.0,6.673943743508311,4.479217548001403,7.0710678118654755,4.479217548001403,1184.695652173913,1229.0,1692.5581507112647,57.251968387938945,38.42466033824733,60.65866995472834,38.42466033824733,46.4223414912321
1624,10.0,5.656854249492381,2.0,5.0990195135927845,2.0,2211.5,1228.0,735.8948481353325,48.52693596378268,17.15686274509804,43.74158896464398,17.15686274509804,30.60998550862951
1625,14.0,6.771094492852682,2.561336103319166,6.708203932499369,2.561336103319166,1199.7857142857142,1228.5,1030.2527873894655,58.08536942398134,21.972245984355588,57.545867068009294,21.972245984355588,36.218223285715055
1626,30.0,16.029309375456357,3.9444922009917556,13.601470508735444,3.9444922009917556,1207.8666666666666,1233.5333333333333,2207.6845444059973,137.50633042670893,33.837555645762606,116.6792813249364,33.837555645762606,53.01805011989337
1627,35.0,11.873623395719244,5.488087852153533,11.40175425099138,5.488087852153533,1482.4,1230.057142857143,2575.6319684736636,101.85706344366999,47.07918500621903,97.80916636879859,47.07918500621903,57.26603919370345
1628,17.0,5.415619343554922,3.980896596741624,5.385164807134504,3.980896596741624,1536.764705882353,1229.0588235294117,1251.0212418300653,46.45751887853487,34.14984825636197,46.196266727869514,34.14984825636197,39.910538230215145
1629,6.0,3.265986323710904,2.0,3.1622776601683795,2.0,1990.0,1227.5,441.53690888119945,28.017039541637658,17.15686274509804,27.127381888699333,17.15686274509804,23.710392820514492
1630,6.0,3.265986323710904,2.0,3.1622776601683795,2.0,2038.0,1227.5,441.53690888119945,28.017039541637658,17.15686274509804,27.127381888699333,17.15686274509804,23.710392820514492
1631,19.0,8.7515619786829,3.093675444065916,8.06225774829855,3.093675444065916,3251.2105263157896,1229.7894736842106,1398.2002114571317,75.07467383674057,26.538882485859574,69.16152480158068,26.538882485859574,42.192953255172434
1632,15.0,7.15733956975279,2.661503596533745,7.0710678118654755,2.661503596533745,1392.2666666666667,1231.1333333333334,1103.8422722029986,61.398746309153836,22.831525950657124,60.65866995472834,22.831525950657124,37.48942276506485
1633,13.0,4.318667337728677,3.6794648440311994,4.47213595499958,3.6794648440311994,1627.6153846153845,1229.6153846153845,956.6633025759322,37.04739137757443,31.564036652228424,38.36391137867286,31.564036652228424,34.900753239580105
1634,27.0,6.2387375039009205,5.524601982021155,6.708203932499369,5.524601982021155,322.4074074074074,1231.5555555555557,1986.9160899653978,53.51858152856182,47.392418963416766,57.545867068009294,47.392418963416766,50.29733864394788
1635,14.0,7.017298793846583,2.6462077766235526,6.324555320336759,2.6462077766235526,1123.7857142857142,1229.7142857142858,1030.2527873894655,60.19741612368392,22.70031180927067,54.254763777398665,22.70031180927067,36.218223285715055
1636,6.0,3.265986323710904,2.0,3.1622776601683795,2.0,2139.5,1230.0,441.53690888119945,28.017039541637658,17.15686274509804,27.127381888699333,17.15686274509804,23.710392820514492
1637,5.0,3.098386676965933,1.7888543819998317,3.1622776601683795,1.7888543819998317,3262.2,1229.6,367.94742406766625,26.579297473972463,15.345564551469144,27.127381888699333,15.345564551469144,21.644528325173876
1638,31.0,7.410732060877671,5.347341171643986,7.615773105863909,5.347341171643986,2435.3548387096776,1232.0967741935483,2281.274029219531,63.57245640458786,45.8717992665538,65.33138693755804,45.8717992665538,53.8944408988476
1639,14.0,4.20883424647321,4.120630029101703,4.47213595499958,4.120630029101703,1379.5,1232.7142857142858,1030.2527873894655,36.1051957418045,35.34854191631362,38.36391137867286,35.34854191631362,36.218223285715055
1640,171.0,29.341862480481556,13.337629296265439,31.622776601683793,13.337629296265439,1461.421052631579,1237.888888888889,12583.801903114185,251.70715363158197,114.41593759051234,271.2738188869933,114.41593759051234,126.57885976551731
1641,23.0,8.33122911917611,3.5859520863617864,8.246211251235321,3.5859520863617864,2034.9130434782608,1232.7391304347825,1692.5581507112647,71.46887724783427,30.76184387810356,70.73955730226378,30.76184387810356,46.4223414912321
1642,30.0,11.918496260978765,5.408892080981268,11.180339887498949,5.408892080981268,823.0,1236.4,2207.6845444059973,102.24200223878842,46.39980951822166,95.90977844668215,46.39980951822166,53.01805011989337
1643,11.0,4.346129984141888,3.067356324605906,4.47213595499958,3.067356324605906,1117.909090909091,1233.3636363636363,809.4843329488657,37.28297780513875,26.313105725785956,38.36391137867286,26.313105725785956,32.10402364381074
1644,6.0,3.265986323710904,2.0,3.1622776601683795,2.0,1166.0,1232.5,441.53690888119945,28.017039541637658,17.15686274509804,27.127381888699333,17.15686274509804,23.710392820514492
1645,20.0,6.0,4.09878030638384,6.082762530298219,4.09878030638384,1179.5,1233.5,1471.789696270665,51.470588235294116,35.161105569469214,52.1805609216759,35.161105569469214,43.28905665034775
1646,27.0,7.973190480658249,4.333203901931148,8.246211251235321,4.333203901931148,1194.5555555555557,1235.3703703703704,1986.9160899653978,68.39746735858792,37.17209229597798,70.73955730226378,37.17209229597798,50.29733864394788
1647,22.0,8.343947877998735,3.654277003842299,8.06225774829855,3.654277003842299,1244.8636363636363,1234.5,1618.9686658977314,71.57798424753817,31.34796449374521,69.16152480158068,31.34796449374521,45.401945643823666
1648,32.0,9.39063805454615,4.328717122717734,9.219544457292887,4.328717122717734,1416.4375,1235.53125,2354.863514033064,80.55694409537138,37.13360276841193,79.08922941305173,37.13360276841193,54.756806710063245
1649,62.0,17.416212415738283,6.406064929318574,16.15549442140351,6.406064929318574,1488.6451612903227,1240.1129032258063,4562.548058439062,149.40378297814704,54.95398836425247,138.58880018360853,54.95398836425247,76.21824925566548
1650,19.0,7.347338259627431,3.178877656956105,7.0710678118654755,3.178877656956105,1894.0,1235.3157894736842,1398.2002114571317,63.02863703111767,27.26978382192737,60.65866995472834,27.26978382192737,42.192953255172434
1651,39.0,8.207198234852026,6.715223832802398,8.94427190999916,6.715223832802398,1938.7948717948718,1235.4871794871794,2869.9899077277964,70.40488681858355,57.606086801000956,76.72782275734572,57.606086801000956,60.449877833376824
1652,22.0,10.453693236576932,4.078927933593158,10.198039027185569,4.078927933593158,2087.2272727272725,1233.8181818181818,1618.9686658977314,89.67629001965504,34.99080335190209,87.48317792928796,34.99080335190209,45.401945643823666
1653,6.0,3.1269438398822857,2.309401076758503,3.1622776601683795,2.309401076758503,2110.1666666666665,1232.8333333333333,441.53690888119945,26.824273136245097,19.811038648663626,27.127381888699333,19.811038648663626,23.710392820514492
1654,17.0,5.6871994758893925,3.879016058442018,6.082762530298219,3.879016058442018,2131.3529411764707,1233.1764705882354,1251.0212418300653,48.7872504059139,33.275873050360445,52.1805609216759,33.275873050360445,39.910538230215145
1655,25.0,8.641129887834628,3.929742264013137,8.246211251235321,3.929742264013137,2154.88,1233.56,1839.7371203383311,74.12733972407156,33.71102432364211,70.73955730226378,33.71102432364211,48.39863667600846
1656,6.0,3.8297084310253524,1.8856180831641272,4.0,1.8856180831641272,2362.3333333333335,1233.5,441.53690888119945,32.852890952423365,16.175645321260895,34.31372549019608,16.175645321260895,23.710392820514492
1657,6.0,6.831300510639732,0.0,6.0,0.0,843.5,1233.0,441.53690888119945,58.60184261578201,0.0,51.470588235294116,0.0,23.710392820514492
1658,17.0,9.850849153622065,1.985817190609744,9.055385138137417,1.985817190609744,865.4705882352941,1236.764705882353,1251.0212418300653,84.50483342567948,17.035196488073783,77.68099995951215,17.035196488073783,39.910538230215145
1659,18.0,6.831300510639732,3.265986323710904,6.324555320336759,3.265986323710904,1566.0,1235.5,1324.6107266435984,58.60184261578201,28.017039541637658,54.254763777398665,28.017039541637658,41.06760503254743
1660,5.0,5.656854249492381,0.0,5.0,0.0,1619.0,1235.0,367.94742406766625,48.52693596378268,0.0,42.8921568627451,0.0,21.644528325173876
1661,35.0,11.71899893072221,4.141645485436658,11.661903789690601,4.141645485436658,1957.6,1238.1142857142856,2575.6319684736636,100.53062808217581,35.52882156624584,100.04084133313016,35.52882156624584,57.26603919370345
1662,15.0,6.791134621996741,2.8402741439135504,6.324555320336759,2.8402741439135504,2125.8,1235.2,1103.8422722029986,58.257282296540666,24.36509682278781,54.254763777398665,24.36509682278781,37.48942276506485
1663,18.0,7.299235808993211,3.1356447049725413,7.280109889280518,3.1356447049725413,2234.8333333333335,1236.1666666666667,1324.6107266435984,62.61599345950058,26.89891291030366,62.451923069808366,26.89891291030366,41.06760503254743
1664,13.0,7.554371880072024,1.9753176197160076,7.0710678118654755,1.9753176197160076,3133.5384615384614,1235.7692307692307,956.6633025759322,64.80466073591197,16.94512663972065,60.65866995472834,16.94512663972065,34.900753239580105
1665,12.0,6.831300510639732,2.0,6.082762530298219,2.0,3187.5,1235.5,883.0738177623989,58.60184261578201,17.15686274509804,52.1805609216759,17.15686274509804,33.53155909596526
1666,18.0,6.831300510639732,3.265986323710904,6.324555320336759,3.265986323710904,3198.0,1235.5,1324.6107266435984,58.60184261578201,28.017039541637658,54.254763777398665,28.017039541637658,41.06760503254743
1667,9.0,3.885753375057407,2.7954428906961324,4.123105625617661,2.7954428906961324,2441.8888888888887,1235.3333333333333,662.3053633217992,33.3336686585807,23.98051499371682,35.36977865113189,23.98051499371682,29.039182005605074
1668,17.0,5.79093571445421,3.692507782533316,6.082762530298219,3.692507782533316,341.6470588235294,1236.4705882352941,1251.0212418300653,49.67714460928856,31.67592460506521,52.1805609216759,31.67592460506521,39.910538230215145
1669,20.0,5.808305664709609,4.523669451374876,6.324555320336759,4.523669451374876,1221.8,1237.35,1471.789696270665,49.82615153549909,38.805987940715845,54.254763777398665,38.805987940715845,43.28905665034775
1670,42.0,9.5840872634053,7.054704394506705,10.295630140987,7.054704394506705,1265.9285714285713,1238.6904761904761,3090.758362168396,82.21643485764349,60.51829750189575,88.32035660160417,60.51829750189575,62.731802890732666
1671,40.0,15.507066470075973,4.280290818699764,14.7648230602334,4.280290818699764,3147.375,1240.9,2943.57939254133,133.0263055031027,36.71818104276758,126.65902135004141,36.71818104276758,61.21997101725902
1672,54.0,10.346357704424108,7.1452355572386566,10.770329614269007,7.1452355572386566,1169.2037037037037,1240.2777777777778,3973.8321799307955,88.75551952324602,61.29491286846886,92.39253345573903,61.29491286846886,71.13117846154347
1673,16.0,6.38837916069811,3.0312722905008225,6.324555320336759,3.0312722905008225,1253.5,1238.0,1177.431757016532,54.80227221187104,26.00356131557078,54.254763777398665,26.00356131557078,38.71890934080677
1674,19.0,7.3473382596274295,3.178877656956105,7.0710678118654755,3.178877656956105,1515.3157894736842,1238.0,1398.2002114571317,63.028637031117654,27.26978382192737,60.65866995472834,27.26978382192737,42.192953255172434
1675,53.0,17.385703276115695,4.71441954445506,15.524174696260024,4.71441954445506,1910.6037735849056,1239.3584905660377,3900.242695117262,149.14206241765913,40.442324523511544,133.17306724732865,40.442324523511544,70.4694786985408
1676,40.0,9.023390703462779,6.366193541878968,10.295630140987,6.366193541878968,2107.15,1241.425,2943.57939254133,77.40653789735227,54.6119544033735,88.32035660160417,54.6119544033735,61.21997101725902
1677,186.0,25.84133951354718,16.426234955313546,28.600699292150182,16.426234955313546,3251.7688172043013,1245.505376344086,13687.644175317184,221.67815759170375,140.91132927352308,245.34913608462165,140.91132927352308,132.0138801747614
1678,24.0,7.241505181365678,4.266086215390277,7.615773105863909,4.266086215390277,1670.8333333333333,1239.875,1766.1476355247978,62.12075523230361,36.596327828102865,65.33138693755804,36.596327828102865,47.420785641028985
1679,26.0,8.510427070147172,3.910064886298844,8.54400374531753,3.910064886298844,1215.6538461538462,1242.1153846153845,1913.3266051518644,73.00611457234093,33.54222328932832,73.29414977600823,33.54222328932832,49.357118568450915
1680,57.0,12.212985921627393,6.498640276822304,11.661903789690601,6.498640276822304,1372.3508771929824,1243.9473684210527,4194.600634371395,104.76826158258793,55.748139629603095,100.04084133313016,55.748139629603095,73.08033875933731
1681,19.0,6.275364142840501,3.8214113068520565,6.324555320336759,3.8214113068520565,2086.2631578947367,1241.3684210526317,1398.2002114571317,53.83278063711214,32.78171464211323,54.254763777398665,32.78171464211323,42.192953255172434
1682,15.0,7.734318207931477,2.650427569827944,7.0710678118654755,2.650427569827944,1067.4666666666667,1241.2666666666667,1103.8422722029986,66.3483179601965,22.736511015680893,60.65866995472834,22.736511015680893,37.48942276506485
1683,22.0,9.107811520362453,4.140886724274403,8.246211251235321,4.140886724274403,1111.8181818181818,1242.7272727272727,1618.9686658977314,78.13073608154065,35.52231258568728,70.73955730226378,35.52231258568728,45.401945643823666
1684,6.0,3.265986323710904,2.0,3.1622776601683795,2.0,1145.0,1240.5,441.53690888119945,28.017039541637658,17.15686274509804,27.127381888699333,17.15686274509804,23.710392820514492
1685,8.0,3.4641016151377544,2.7386127875258306,3.605551275463989,2.7386127875258306,1187.125,1241.125,588.715878508266,29.716557972995442,23.493001853775507,30.929974176774415,23.493001853775507,27.378403355031622
1686,17.0,5.224377249688121,4.280801270273,5.385164807134504,4.280801270273,1525.4705882352941,1241.5294117647059,1251.0212418300653,44.81696170075594,36.72255991655759,46.196266727869514,36.72255991655759,39.910538230215145
1687,39.0,10.601219692954329,5.442974861345951,11.661903789690601,5.442974861345951,1544.1538461538462,1242.8461538461538,2869.9899077277964,90.9418356013239,46.69218631056576,100.04084133313016,46.69218631056576,60.449877833376824
1688,16.0,6.960729697365796,2.9976227381393192,7.0710678118654755,2.9976227381393192,1562.25,1242.8125,1177.431757016532,59.71214201171639,25.71490093992063,60.65866995472834,25.71490093992063,38.71890934080677
1689,27.0,17.36940618799903,2.557277521046179,14.317821063276353,2.557277521046179,1607.7037037037037,1242.4074074074074,1986.9160899653978,149.00225896567795,21.93742971485693,122.82444539575303,21.93742971485693,50.29733864394788
1690,17.0,6.96434421707008,3.030922457114571,7.0710678118654755,3.030922457114571,1659.7058823529412,1241.1176470588234,1251.0212418300653,59.74314892094431,26.000560293874994,60.65866995472834,26.000560293874994,39.910538230215145
1691,59.0,22.56260321555264,5.044007047393498,19.235384061671343,5.044007047393498,1966.3389830508474,1248.6271186440679,4341.779603998461,193.55174327067218,43.26966829871873,165.00942209767084,43.26966829871873,74.351396461312
1692,21.0,8.0,3.265986323710904,7.280109889280518,3.265986323710904,1974.0,1243.0,1545.379181084198,68.62745098039215,28.017039541637658,62.451923069808366,28.017039541637658,44.35808322009493
1693,25.0,9.402696541002362,3.528923030872481,8.54400374531753,3.528923030872481,2026.36,1241.08,1839.7371203383311,80.6603869938928,30.27262403934726,73.29414977600823,30.27262403934726,48.39863667600846
1694,34.0,12.357582217919841,5.172075921697989,11.180339887498949,5.172075921697989,3168.735294117647,1242.0882352941176,2502.0424836601305,106.00867098705746,44.36829834789941,95.90977844668215,44.36829834789941,56.44202444678016
1695,25.0,10.300786084413327,3.2760045853381836,9.433981132056603,3.2760045853381836,3181.76,1243.4,1839.7371203383311,88.36458650844766,28.102980511479515,80.92875971126988,28.102980511479515,48.39863667600846
1696,11.0,6.410747983365109,1.964939688573319,6.082762530298219,1.964939688573319,1595.5454545454545,1243.2727272727273,809.4843329488657,54.99416162200461,16.85610026962406,52.1805609216759,16.85610026962406,32.10402364381074
1697,11.0,6.410747983365109,1.964939688573319,6.082762530298219,1.964939688573319,1795.5454545454545,1243.2727272727273,809.4843329488657,54.99416162200461,16.85610026962406,52.1805609216759,16.85610026962406,32.10402364381074
1698,41.0,13.977190411176123,5.838024199671385,12.806248474865697,5.838024199671385,1945.0,1246.5853658536585,3017.168877354863,119.90236872332459,50.08108994816139,109.85752368144593,50.08108994816139,61.98049671177124
1699,26.0,8.384978347655974,4.077627907490342,8.246211251235321,4.077627907490342,2008.2307692307693,1244.1153846153845,1913.3266051518644,71.92996131567624,34.97965116719656,70.73955730226378,34.97965116719656,49.357118568450915
1700,51.0,9.572698966878868,6.918576621196911,10.198039027185569,6.918576621196911,1275.4313725490197,1245.3921568627452,3753.063725490196,82.11874113744126,59.35053474065977,87.48317792928796,59.35053474065977,69.1270799721527
1701,10.0,4.09878030638384,2.9933259094191533,4.123105625617661,2.9933259094191533,2128.8,1243.5,735.8948481353325,35.161105569469214,25.678040889625088,35.36977865113189,25.678040889625088,30.60998550862951
1702,13.0,4.907725735659753,3.279400065550629,5.0,3.279400065550629,1207.3846153846155,1244.5384615384614,956.6633025759322,42.10058841864984,28.132108405458826,42.8921568627451,28.132108405458826,34.900753239580105
1703,18.0,9.282362396913014,2.6778875379127913,8.54400374531753,2.6778875379127913,2171.5,1245.5,1324.6107266435984,79.62810879704791,22.97207446738914,73.29414977600823,22.97207446738914,41.06760503254743
1704,6.0,3.265986323710904,2.0,3.1622776601683795,2.0,2209.0,1243.5,441.53690888119945,28.017039541637658,17.15686274509804,27.127381888699333,17.15686274509804,23.710392820514492
1705,49.0,18.568779639580093,7.510431864747066,16.55294535724685,7.510431864747066,3129.183673469388,1248.8163265306123,3605.884755863129,159.29100181012333,64.42772432993806,141.99830576069598,64.42772432993806,67.75809134641185
1706,56.0,11.090125304515436,7.528106404419967,11.40175425099138,7.528106404419967,2420.7321428571427,1249.5535714285713,4121.011149557862,95.13587883775496,64.57934415556345,97.80916636879859,64.57934415556345,72.43644657143011
1707,18.0,7.18624321145043,3.3128828015038376,6.708203932499369,3.3128828015038376,1161.6666666666667,1247.4444444444443,1324.6107266435984,61.64669421587378,28.419337757998605,57.545867068009294,28.419337757998605,41.06760503254743
1708,11.0,4.346129984141888,3.067356324605906,4.47213595499958,3.067356324605906,1196.6363636363637,1245.909090909091,809.4843329488657,37.28297780513875,26.313105725785956,38.36391137867286,26.313105725785956,32.10402364381074
1709,59.0,18.205620444479123,7.611382873145866,17.804493814764857,7.611382873145866,1285.7457627118645,1252.457627118644,4341.779603998461,156.17566557763953,65.29372562747679,152.7346283129338,65.29372562747679,74.351396461312
1710,29.0,7.407411110262906,4.965343531591401,7.280109889280518,4.965343531591401,2141.862068965517,1247.896551724138,2134.095059592464,63.54396785764747,42.59485872688702,62.451923069808366,42.59485872688702,52.12692698818601
1711,6.0,3.1269438398822857,2.309401076758503,3.1622776601683795,2.309401076758503,2204.1666666666665,1245.8333333333333,441.53690888119945,26.824273136245097,19.811038648663626,27.127381888699333,19.811038648663626,23.710392820514492
1712,5.0,3.098386676965933,1.7888543819998317,3.1622776601683795,1.7888543819998317,1144.8,1246.4,367.94742406766625,26.579297473972463,15.345564551469144,27.127381888699333,15.345564551469144,21.644528325173876
1713,25.0,9.652691776023222,3.280478848749626,9.219544457292887,3.280478848749626,1334.04,1250.32,1839.7371203383311,82.80495396098351,28.141362673097284,79.08922941305173,28.141362673097284,48.39863667600846
1714,5.0,3.098386676965933,1.7888543819998317,3.1622776601683795,1.7888543819998317,1566.2,1246.6,367.94742406766625,26.579297473972463,15.345564551469144,27.127381888699333,15.345564551469144,21.644528325173876
1715,6.0,3.265986323710904,2.0,3.1622776601683795,2.0,1931.0,1246.5,441.53690888119945,28.017039541637658,17.15686274509804,27.127381888699333,17.15686274509804,23.710392820514492
1716,7.0,4.155374705678736,1.9054711331003737,4.123105625617661,1.9054711331003737,1077.5714285714287,1248.2857142857142,515.1263936947328,35.646596739891116,16.345953347674776,35.36977865113189,16.345953347674776,25.610151287857633
1717,21.0,7.4254100806606615,3.704721735644685,7.280109889280518,3.704721735644685,1294.2380952380952,1251.142857142857,1545.379181084198,63.69837078998116,31.78070116361862,62.451923069808366,31.78070116361862,44.35808322009493
1718,30.0,7.2898947622343595,5.346202278252525,7.615773105863909,5.346202278252525,1482.2333333333333,1251.2666666666667,2207.6845444059973,62.535861930932,45.8620293477545,65.33138693755804,45.8620293477545,53.01805011989337
1719,15.0,5.257918562251533,3.7260141279415007,6.0,3.7260141279415007,1531.6,1249.3333333333333,1103.8422722029986,45.10469354872639,31.963356489694245,51.470588235294116,31.963356489694245,37.48942276506485
1720,52.0,19.33457216112794,4.797965526375762,18.439088914585774,4.797965526375762,2042.0961538461538,1255.7692307692307,3826.653210303729,165.86030040183283,41.15901799587051,158.17845882610345,41.15901799587051,69.80150647916021
1721,62.0,24.38365134769877,6.089300985828472,20.615528128088304,6.089300985828472,2063.935483870968,1258.258064516129,4562.548058439062,209.1734796983963,52.236650613724635,176.84889325565948,52.236650613724635,76.21824925566548
1722,238.0,33.37370377154194,13.85187023873869,35.77708763999664,13.85187023873869,2082.0084033613443,1268.579831932773,17514.297385620914,286.2940274519529,118.82731822447404,306.9112910293829,118.82731822447404,149.33156017920828
1723,11.0,4.51260859854213,2.9541957835039856,5.0,2.9541957835039856,3169.0,1250.0,809.4843329488657,38.71110317376827,25.342365789862622,42.8921568627451,25.342365789862622,32.10402364381074
1724,25.0,7.374269390775276,4.220444402225297,7.280109889280518,4.220444402225297,1354.56,1251.88,1839.7371203383311,63.25966389145457,36.20479266614838,62.451923069808366,36.20479266614838,48.39863667600846
1725,8.0,3.4641016151377544,2.8284271247461903,4.0,2.8284271247461903,1416.0,1250.5,588.715878508266,29.716557972995442,24.26346798189134,34.31372549019608,24.26346798189134,27.378403355031622
1726,13.0,7.554371880072024,1.9753176197160076,7.0710678118654755,1.9753176197160076,1645.5384615384614,1251.7692307692307,956.6633025759322,64.80466073591197,16.94512663972065,60.65866995472834,16.94512663972065,34.900753239580105
1727,14.0,8.0,2.0,7.0710678118654755,2.0,1717.5,1252.0,1030.2527873894655,68.62745098039215,17.15686274509804,60.65866995472834,17.15686274509804,36.218223285715055
1728,13.0,7.554371880072024,1.9753176197160076,7.0710678118654755,1.9753176197160076,1739.2307692307693,1249.4615384615386,956.6633025759322,64.80466073591197,16.94512663972065,60.65866995472834,16.94512663972065,34.900753239580105
1729,29.0,11.347102268760242,3.9886268391350046,10.198039027185569,3.9886268391350046,2019.4137931034484,1254.448275862069,2134.095059592464,97.34033808985501,34.216161610226756,87.48317792928796,34.216161610226756,52.12692698818601
1730,21.0,12.152864211305683,1.990783830492757,11.045361017187261,1.990783830492757,2096.4761904761904,1253.7619047619048,1545.379181084198,104.25251161659287,17.077802467462377,94.75187147096915,17.077802467462377,44.35808322009493
1731,6.0,6.831300510639732,0.0,6.0,0.0,2158.0,1251.5,441.53690888119945,58.60184261578201,0.0,51.470588235294116,0.0,23.710392820514492
1732,8.0,6.264845376455404,1.6588286255986004,6.0,1.6588286255986004,3110.25,1251.75,588.715878508266,53.74254612155371,14.230147523517406,51.470588235294116,14.230147523517406,27.378403355031622
1733,5.0,3.098386676965933,1.7888543819998317,3.1622776601683795,1.7888543819998317,153.4,1250.8,367.94742406766625,26.579297473972463,15.345564551469144,27.127381888699333,15.345564551469144,21.644528325173876
1734,17.0,7.478063678398477,3.067129495962117,7.211102550927978,3.067129495962117,1391.7058823529412,1252.6470588235295,1251.0212418300653,64.1500560646928,26.311159891831885,61.85994835354883,26.311159891831885,39.910538230215145
1735,11.0,6.410747983365108,1.9649396885733192,6.082762530298219,1.9649396885733192,1915.7272727272727,1251.5454545454545,809.4843329488657,54.994161622004604,16.85610026962406,52.1805609216759,16.85610026962406,32.10402364381074
1736,12.0,4.594384266697253,3.4804964347269425,5.0990195135927845,3.4804964347269425,2408.4166666666665,1253.0,883.0738177623989,39.41261013098134,29.857199807706614,43.74158896464398,29.857199807706614,33.53155909596526
1737,23.0,6.351993867043365,4.7500870552165795,6.708203932499369,4.7500870552165795,3193.3478260869565,1253.6521739130435,1692.5581507112647,54.49014346728377,40.74829581680889,57.545867068009294,40.74829581680889,46.4223414912321
1738,9.0,4.312594463574638,2.660928660904759,4.47213595499958,2.660928660904759,1398.2222222222222,1253.888888888889,662.3053633217992,36.99529564340988,22.826593904820236,38.36391137867286,22.826593904820236,29.039182005605074
1739,8.0,3.4641016151377544,2.7386127875258306,3.605551275463989,2.7386127875258306,3137.875,1253.125,588.715878508266,29.716557972995442,23.493001853775507,30.929974176774415,23.493001853775507,27.378403355031622
1740,38.0,7.675057617269858,6.537077310867895,8.06225774829855,6.537077310867895,3202.7894736842104,1255.3947368421052,2796.4004229142633,65.83995505010907,56.07786908832753,69.16152480158068,56.07786908832753,59.669846730038884
1741,49.0,13.832313119211232,5.7931058196994725,14.035668847618199,5.7931058196994725,3255.612244897959,1259.3469387755101,3605.884755863129,118.65954881676302,49.69576070820626,120.4040219771169,49.69576070820626,67.75809134641185
1742,6.0,3.265986323710904,2.0,3.1622776601683795,2.0,1139.5,1254.0,441.53690888119945,28.017039541637658,17.15686274509804,27.127381888699333,17.15686274509804,23.710392820514492
1743,14.0,7.017298793846583,2.6462077766235543,6.324555320336759,2.6462077766235543,1467.2142857142858,1253.7142857142858,1030.2527873894655,60.19741612368392,22.700311809270687,54.254763777398665,22.700311809270687,36.218223285715055
1744,15.0,7.057648354567073,3.860143885192339,6.708203932499369,3.860143885192339,1316.2666666666667,1256.8666666666666,1103.8422722029986,60.54355206123714,33.11397940728722,57.545867068009294,33.11397940728722,37.48942276506485
1745,8.0,3.4641016151377544,2.7386127875258306,3.605551275463989,2.7386127875258306,155.125,1256.875,588.715878508266,29.716557972995442,23.493001853775507,30.929974176774415,23.493001853775507,27.378403355031622
1746,10.0,5.084731745767612,3.0830995886579893,5.385164807134504,3.0830995886579893,1207.0,1258.3,735.8948481353325,43.619022328888825,26.448158236036672,46.196266727869514,26.448158236036672,30.60998550862951
1747,28.0,15.850731232208384,2.5393300209531917,14.035668847618199,2.5393300209531917,1248.0357142857142,1257.0,2060.505574778931,135.97441008021897,21.78346831700042,120.4040219771169,21.78346831700042,51.220302575715266
1748,13.0,7.554371880072024,1.9753176197160076,7.0710678118654755,1.9753176197160076,1369.4615384615386,1259.2307692307693,956.6633025759322,64.80466073591197,16.94512663972065,60.65866995472834,16.94512663972065,34.900753239580105
1749,6.0,3.265986323710904,2.0,3.1622776601683795,2.0,1803.5,1257.0,441.53690888119945,28.017039541637658,17.15686274509804,27.127381888699333,17.15686274509804,23.710392820514492
1750,48.0,9.009977851275552,7.2077904772522645,9.848857801796104,7.2077904772522645,2115.3958333333335,1259.5416666666667,3532.2952710495956,77.291476665354,61.83153595682089,84.48775075070186,61.83153595682089,67.06311819193051
1751,32.0,12.526458259401899,4.93017174908359,11.180339887498949,4.93017174908359,1326.53125,1260.71875,2354.863514033064,107.45736251937903,42.29314000439354,95.90977844668215,42.29314000439354,54.756806710063245
1752,13.0,5.9514999799658765,4.103657273463753,6.082762530298219,4.103657273463753,1690.8461538461538,1259.3076923076924,956.6633025759322,51.05453414186414,35.20294229687043,52.1805609216759,35.20294229687043,34.900753239580105
1753,12.0,6.831300510639732,2.0,6.082762530298219,2.0,2147.5,1259.5,883.0738177623989,58.60184261578201,17.15686274509804,52.1805609216759,17.15686274509804,33.53155909596526
1754,21.0,7.53010909835586,3.4556400125828377,7.615773105863909,3.4556400125828377,2250.5714285714284,1260.047619047619,1545.379181084198,64.59652412805272,29.643970696176304,65.33138693755804,29.643970696176304,44.35808322009493
1755,18.0,10.044108877421731,3.6588907877619903,8.54400374531753,3.6588907877619903,3035.3888888888887,1259.388888888889,1324.6107266435984,86.1626987033727,31.387543522468054,73.29414977600823,31.387543522468054,41.06760503254743
1756,5.0,2.5298221281347035,2.5298221281347035,3.0,2.5298221281347035,1046.0,1260.0,367.94742406766625,21.701905510959467,21.701905510959467,25.735294117647058,21.701905510959467,21.644528325173876
1757,5.0,3.098386676965933,1.7888543819998317,3.1622776601683795,1.7888543819998317,1881.4,1260.2,367.94742406766625,26.579297473972463,15.345564551469144,27.127381888699333,15.345564551469144,21.644528325173876
1758,18.0,9.607978270961981,2.85152555471047,8.54400374531753,2.85152555471047,1946.1666666666667,1259.8333333333333,1324.6107266435984,82.42138222638954,24.461616278153542,73.29414977600823,24.461616278153542,41.06760503254743
1759,8.0,4.683926736946213,2.358141285614668,5.0,2.358141285614668,1935.875,1262.125,588.715878508266,40.18074406694055,20.229153185419946,42.8921568627451,20.229153185419946,27.378403355031622
1760,19.0,7.721650028059587,3.3994376367024928,7.615773105863909,3.3994376367024928,2055.5263157894738,1262.8947368421052,1398.2002114571317,66.23964484855037,29.16184247171256,65.33138693755804,29.16184247171256,42.192953255172434
1761,14.0,5.3909797661462155,3.2448688564710864,5.385164807134504,3.2448688564710864,1469.0714285714287,1262.142857142857,1030.2527873894655,46.24614995468567,27.83588479815883,46.196266727869514,27.83588479815883,36.218223285715055
1762,78.0,16.428287614772906,9.112467987222765,16.64331697709324,9.112467987222765,1965.051282051282,1267.128205128205,5739.979815455593,140.92893787182638,78.17068126294038,142.77355249957435,78.17068126294038,85.48903707575823
1763,6.0,3.265986323710904,2.0,3.1622776601683795,2.0,2102.5,1262.0,441.53690888119945,28.017039541637658,17.15686274509804,27.127381888699333,17.15686274509804,23.710392820514492
1764,10.0,6.040895836088439,1.8728527698485424,6.082762530298219,1.8728527698485424,2265.5,1265.5,735.8948481353325,51.8214103586018,16.066138957034063,52.1805609216759,16.066138957034063,30.60998550862951
1765,26.0,8.262218427902447,4.658352035972524,8.246211251235321,4.658352035972524,3168.6923076923076,1266.8846153846155,1913.3266051518644,70.87687376877099,39.9613532497643,70.73955730226378,39.9613532497643,49.357118568450915
1766,19.0,7.3473382596274295,3.178877656956105,7.0710678118654755,3.178877656956105,1387.3157894736842,1265.0,1398.2002114571317,63.028637031117654,27.26978382192737,60.65866995472834,27.26978382192737,42.192953255172434
1767,24.0,9.563406873269713,3.533510070842028,9.486832980505138,3.533510070842028,1411.4583333333333,1265.2083333333333,1766.1476355247978,82.03902955010783,30.31197364692916,81.382145666098,30.31197364692916,47.420785641028985
1768,35.0,10.622025863603325,4.375291852875648,10.44030650891055,4.375291852875648,2094.1428571428573,1268.4,2575.6319684736636,91.12031990836185,37.53314089476659,89.561452895066,37.53314089476659,57.26603919370345
1769,7.0,4.155374705678736,1.9054711331003737,4.123105625617661,1.9054711331003737,3197.714285714286,1264.4285714285713,515.1263936947328,35.646596739891116,16.345953347674776,35.36977865113189,16.345953347674776,25.610151287857633
1770,6.0,3.265986323710904,2.0,3.1622776601683795,2.0,3214.5,1265.0,441.53690888119945,28.017039541637658,17.15686274509804,27.127381888699333,17.15686274509804,23.710392820514492
1771,6.0,6.831300510639732,0.0,6.0,0.0,1267.5,1265.0,441.53690888119945,58.60184261578201,0.0,51.470588235294116,0.0,23.710392820514492
1772,11.0,6.410747983365109,1.9649396885733192,6.082762530298219,1.9649396885733192,3227.4545454545455,1267.2727272727273,809.4843329488657,54.99416162200461,16.85610026962406,52.1805609216759,16.85610026962406,32.10402364381074
1773,8.0,4.976979969245306,1.7971283720789095,5.0990195135927845,1.7971283720789095,1840.5,1268.0,588.715878508266,42.69468110872199,15.416542407539664,43.74158896464398,15.416542407539664,27.378403355031622
1774,10.0,8.308159483966595,2.0234836270590213,6.708203932499369,2.0234836270590213,2250.2,1268.7,735.8948481353325,71.2709759653997,17.35831542820239,57.545867068009294,17.35831542820239,30.60998550862951
1775,10.0,5.656854249492381,2.0,5.0990195135927845,2.0,1107.0,1267.5,735.8948481353325,48.52693596378268,17.15686274509804,43.74158896464398,17.15686274509804,30.60998550862951
1776,7.0,4.155374705678736,1.9054711331003737,4.123105625617661,1.9054711331003737,3254.285714285714,1267.5714285714287,515.1263936947328,35.646596739891116,16.345953347674776,35.36977865113189,16.345953347674776,25.610151287857633
1777,5.0,3.098386676965933,1.7888543819998317,3.1622776601683795,1.7888543819998317,3208.4,1269.2,367.94742406766625,26.579297473972463,15.345564551469144,27.127381888699333,15.345564551469144,21.644528325173876
1778,29.0,9.254816326931332,5.6094644805304235,9.219544457292887,5.6094644805304235,3260.9655172413795,1271.7586206896551,2134.095059592464,79.39180672612662,48.120406082981575,79.08922941305173,48.120406082981575,52.12692698818601
1779,45.0,21.045999041552033,9.29947554062299,17.46424919657298,9.29947554062299,1944.8666666666666,1276.7777777777778,3311.526816608996,180.54165844468656,79.77491272593251,149.81586320589565,79.77491272593251,64.93358497552163
1780,13.0,7.554371880072024,1.9753176197160076,7.0710678118654755,1.9753176197160076,1900.2307692307693,1270.4615384615386,956.6633025759322,64.80466073591197,16.94512663972065,60.65866995472834,16.94512663972065,34.900753239580105
1781,24.0,6.5845193471767205,4.601291421376529,6.708203932499369,4.601291421376529,2028.5833333333333,1271.7083333333333,1766.1476355247978,56.48484734097677,39.47186268337708,57.545867068009294,39.47186268337708,47.420785641028985
1782,27.0,12.406958014332131,5.711770314733237,11.661903789690601,5.711770314733237,3194.4074074074074,1273.6296296296296,1986.9160899653978,106.43223786804523,48.99802966070179,100.04084133313016,48.99802966070179,50.29733864394788
1783,7.0,4.155374705678736,1.9054711331003737,4.123105625617661,1.9054711331003737,1305.4285714285713,1272.2857142857142,515.1263936947328,35.646596739891116,16.345953347674776,35.36977865113189,16.345953347674776,25.610151287857633
1784,14.0,4.742873420478221,3.6860255520522984,5.0990195135927845,3.6860255520522984,136.21428571428572,1273.642857142857,1030.2527873894655,40.686414146259246,31.620317235742753,43.74158896464398,31.620317235742753,36.218223285715055
1785,8.0,3.4641016151377544,2.8284271247461903,4.0,2.8284271247461903,1589.5,1273.0,588.715878508266,29.716557972995442,24.26346798189134,34.31372549019608,24.26346798189134,27.378403355031622
1786,25.0,6.520656228315952,6.006083778313817,7.0710678118654755,6.006083778313817,2101.72,1275.36,1839.7371203383311,55.937001958592724,51.522777510044996,60.65866995472834,51.522777510044996,48.39863667600846
1787,18.0,6.0,3.9752319599996264,6.082762530298219,3.9752319599996264,3187.5,1273.111111111111,1324.6107266435984,51.470588235294116,34.10125455882032,52.1805609216759,34.10125455882032,41.06760503254743
1788,125.0,25.178730711280227,7.836156185837164,23.769728648009426,7.836156185837164,3243.144,1282.68,9198.685601691655,215.99401345460979,67.22192806477959,203.90698595106124,67.22192806477959,108.22264162586939
1789,13.0,7.554371880072024,1.9753176197160076,7.0710678118654755,1.9753176197160076,3251.4615384615386,1275.2307692307693,956.6633025759322,64.80466073591197,16.94512663972065,60.65866995472834,16.94512663972065,34.900753239580105
1790,12.0,6.831300510639732,2.0,6.082762530298219,2.0,1475.5,1273.5,883.0738177623989,58.60184261578201,17.15686274509804,52.1805609216759,17.15686274509804,33.53155909596526
1791,25.0,6.013280646736604,5.212950782770064,6.324555320336759,5.212950782770064,1666.6,1275.04,1839.7371203383311,51.584515351907136,44.718940538468686,54.254763777398665,44.718940538468686,48.39863667600846
1792,14.0,5.606119105813881,3.0237157840738176,6.0,3.0237157840738176,1700.0,1275.5,1030.2527873894655,48.09170801556025,25.938738343770492,51.470588235294116,25.938738343770492,36.218223285715055
1793,56.0,9.539177846580644,8.256352179832659,11.180339887498949,8.256352179832659,3214.4285714285716,1278.392857142857,4121.011149557862,81.83118250743199,70.82655056228997,95.90977844668215,70.82655056228997,72.43644657143011
1794,12.0,6.831300510639732,2.0,6.082762530298219,2.0,2139.5,1275.5,883.0738177623989,58.60184261578201,17.15686274509804,52.1805609216759,17.15686274509804,33.53155909596526
1795,17.0,5.487954724560282,3.880570000581328,5.830951894845301,3.880570000581328,351.47058823529414,1278.8823529411766,1251.0212418300653,47.07804298029654,33.28920343635943,50.02042066656508,33.28920343635943,39.910538230215145
1796,19.0,7.347338259627431,3.178877656956105,7.0710678118654755,3.178877656956105,3171.684210526316,1278.0,1398.2002114571317,63.02863703111767,27.26978382192737,60.65866995472834,27.26978382192737,42.192953255172434
1797,26.0,6.887945464064673,4.7976812884568885,7.0710678118654755,4.7976812884568885,2092.3076923076924,1280.9615384615386,1913.3266051518644,59.087767461339105,41.156579680389974,60.65866995472834,41.156579680389974,49.357118568450915
1798,24.0,6.235516440639984,4.84842485838415,6.708203932499369,4.84842485838415,3044.9583333333335,1281.125,1766.1476355247978,53.49094985843123,41.59187991260913,57.545867068009294,41.59187991260913,47.420785641028985
1799,9.0,4.713432721951591,2.6491734327655068,4.47213595499958,2.6491734327655068,3232.5555555555557,1280.5555555555557,662.3053633217992,40.43385913438865,22.725752486959003,38.36391137867286,22.725752486959003,29.039182005605074
1800,19.0,8.527177008313954,2.9278952898692676,8.246211251235321,2.9278952898692676,2204.5263157894738,1283.1052631578948,1398.2002114571317,73.14980276739911,25.11674881015303,70.73955730226378,25.11674881015303,42.192953255172434
1801,18.0,7.097764472921567,3.0939225541184827,7.0710678118654755,3.0939225541184827,1918.0555555555557,1283.8333333333333,1324.6107266435984,60.88768542947423,26.541002302486984,60.65866995472834,26.541002302486984,41.06760503254743
1802,28.0,6.233549779791836,6.0,6.708203932499369,6.0,3183.0,1283.5,2060.505574778931,53.47407899331232,51.470588235294116,57.545867068009294,51.470588235294116,51.220302575715266
1803,25.0,7.374269390775276,4.220444402225297,7.280109889280518,4.220444402225297,3258.56,1283.88,1839.7371203383311,63.25966389145457,36.20479266614838,62.451923069808366,36.20479266614838,48.39863667600846
1804,116.0,15.898850140573595,10.38684229513207,16.401219466856727,10.38684229513207,3195.655172413793,1288.4396551724137,8536.380238369857,136.3871948333519,89.10281380628001,140.69673562254545,89.10281380628001,104.25385397637201
1805,6.0,3.265986323710904,2.0,3.1622776601683795,2.0,2015.0,1285.5,441.53690888119945,28.017039541637658,17.15686274509804,27.127381888699333,17.15686274509804,23.710392820514492
1806,7.0,3.0237157840738176,2.799416848895061,3.1622776601683795,2.799416848895061,2078.0,1288.2857142857142,515.1263936947328,25.938738343770492,24.014605321403707,27.127381888699333,24.014605321403707,25.610151287857633
1807,279.0,30.124804817571096,12.245095542258325,30.59411708155671,12.245095542258325,1703.3082437275987,1295.4910394265232,20531.466262975777,258.4235707389677,105.04371175956895,262.4495337878639,105.04371175956895,161.68332269654277
1808,18.0,10.21492825744194,2.981578205673757,8.94427190999916,2.981578205673757,2134.9444444444443,1291.4444444444443,1324.6107266435984,87.62806103197742,25.57726401926017,76.72782275734572,25.57726401926017,41.06760503254743
1809,17.0,9.850849153622065,1.985817190609744,9.055385138137417,1.985817190609744,3251.470588235294,1291.764705882353,1251.0212418300653,84.50483342567948,17.035196488073783,77.68099995951215,17.035196488073783,39.910538230215145
1810,10.0,5.656854249492381,2.0,5.0990195135927845,2.0,2107.5,1291.0,735.8948481353325,48.52693596378268,17.15686274509804,43.74158896464398,17.15686274509804,30.60998550862951
1811,14.0,8.0,2.0,7.0710678118654755,2.0,1987.0,1291.5,1030.2527873894655,68.62745098039215,17.15686274509804,60.65866995472834,17.15686274509804,36.218223285715055
1812,12.0,6.831300510639732,2.0,6.082762530298219,2.0,2099.5,1291.5,883.0738177623989,58.60184261578201,17.15686274509804,52.1805609216759,17.15686274509804,33.53155909596526
1813,45.0,8.257863431146117,7.557861589064282,9.219544457292887,7.557861589064282,1931.2888888888888,1294.8,3311.526816608996,70.83951472796913,64.83459696501222,79.08922941305173,64.83459696501222,64.93358497552163
1814,19.0,9.515294447670605,2.7543774971567765,8.54400374531753,2.7543774971567765,100.10526315789474,1294.5263157894738,1398.2002114571317,81.62630040893902,23.62823833345274,73.29414977600823,23.62823833345274,42.192953255172434
1815,6.0,3.265986323710904,2.0,3.1622776601683795,2.0,3211.5,1294.0,441.53690888119945,28.017039541637658,17.15686274509804,27.127381888699333,17.15686274509804,23.710392820514492
1816,6.0,3.265986323710904,2.0,3.1622776601683795,2.0,2113.0,1294.5,441.53690888119945,28.017039541637658,17.15686274509804,27.127381888699333,17.15686274509804,23.710392820514492
1817,10.0,3.919183588453085,3.0983866769659336,4.123105625617661,3.0983866769659336,3044.8,1295.0,735.8948481353325,33.620447449965184,26.57929747397247,35.36977865113189,26.57929747397247,30.60998550862951
1818,33.0,9.651686362914871,4.485887567307459,9.848857801796104,4.485887567307459,3183.909090909091,1297.8181818181818,2428.452998846597,82.79632909363247,38.4818786411179,84.48775075070186,38.4818786411179,55.60580007847273
1819,6.0,3.265986323710904,2.0,3.1622776601683795,2.0,92.5,1296.0,441.53690888119945,28.017039541637658,17.15686274509804,27.127381888699333,17.15686274509804,23.710392820514492
1820,12.0,7.406234318634389,1.8952935556073236,7.0710678118654755,1.8952935556073236,2051.4166666666665,1298.4166666666667,883.0738177623989,63.53387283142245,16.258645697611843,60.65866995472834,16.258645697611843,33.53155909596526
1821,19.0,6.007929625764467,3.9363446638591837,6.082762530298219,3.9363446638591837,1659.421052631579,1298.578947368421,1398.2002114571317,51.53861198572459,33.767662557615544,52.1805609216759,33.767662557615544,42.192953255172434
1822,19.0,6.007929625764467,3.9363446638591837,6.082762530298219,3.9363446638591837,1667.578947368421,1298.578947368421,1398.2002114571317,51.53861198572459,33.767662557615544,52.1805609216759,33.767662557615544,42.192953255172434
1823,10.0,4.09878030638384,2.9933259094191533,4.123105625617661,2.9933259094191533,1233.8,1299.5,735.8948481353325,35.161105569469214,25.678040889625088,35.36977865113189,25.678040889625088,30.60998550862951
1824,10.0,5.656854249492381,2.0,5.0990195135927845,2.0,2019.5,1300.0,735.8948481353325,48.52693596378268,17.15686274509804,43.74158896464398,17.15686274509804,30.60998550862951
1825,8.0,3.4641016151377544,2.7386127875258306,3.605551275463989,2.7386127875258306,3256.875,1298.875,588.715878508266,29.716557972995442,23.493001853775507,30.929974176774415,23.493001853775507,27.378403355031622
1826,26.0,7.609447729500605,4.570470945130504,8.06225774829855,4.570470945130504,3157.6153846153848,1302.3461538461538,1913.3266051518644,65.27712513051989,39.20747134303128,69.16152480158068,39.20747134303128,49.357118568450915
1827,58.0,11.092982159710063,6.825092984558807,12.083045973594572,6.825092984558807,2058.7758620689656,1305.051724137931,4268.190119184928,95.16038617398338,58.548591779303486,103.65358065583578,58.548591779303486,73.71860711152476
1828,506.0,72.35536625878218,10.318725644694707,69.35416353759881,10.318725644694707,1721.3300395256917,1333.1422924901185,37236.27931564782,620.6955438866119,88.51847979517518,594.9499323078329,88.51847979517518,217.74008213838013
1829,20.0,11.393030232297281,3.2060664568845354,9.848857801796104,3.2060664568845354,3260.35,1305.65,1471.789696270665,97.73432797313843,27.503021076215376,84.48775075070186,27.503021076215376,43.28905665034775
1830,17.0,7.457272386123811,3.0816156468874314,7.280109889280518,3.0816156468874314,3224.9411764705883,1307.5294117647059,1251.0212418300653,63.97169939076798,26.43542834339708,62.451923069808366,26.43542834339708,39.910538230215145
1831,13.0,7.554371880072024,1.9753176197160076,7.0710678118654755,1.9753176197160076,2033.4615384615386,1307.7692307692307,956.6633025759322,64.80466073591197,16.94512663972065,60.65866995472834,16.94512663972065,34.900753239580105
1832,12.0,6.831300510639732,2.0,6.082762530298219,2.0,2165.5,1307.5,883.0738177623989,58.60184261578201,17.15686274509804,52.1805609216759,17.15686274509804,33.53155909596526
1833,8.0,4.47213595499958,2.0,4.123105625617661,2.0,2001.5,1307.5,588.715878508266,38.36391137867286,17.15686274509804,35.36977865113189,17.15686274509804,27.378403355031622
1834,27.0,8.414526449901082,4.931311151400414,8.246211251235321,4.931311151400414,3213.0,1312.5925925925926,1986.9160899653978,72.18343768297497,42.30291428897414,70.73955730226378,42.30291428897414,50.29733864394788
1835,6.0,6.831300510639732,0.0,6.0,0.0,1953.0,1315.5,441.53690888119945,58.60184261578201,0.0,51.470588235294116,0.0,23.710392820514492
1836,7.0,3.0237157840738176,2.7994168488950604,3.1622776601683795,2.7994168488950604,2100.0,1313.7142857142858,515.1263936947328,25.938738343770492,24.014605321403703,27.127381888699333,24.014605321403703,25.610151287857633
1837,18.0,10.327955589886445,2.0,9.055385138137417,2.0,2035.5,1321.0,1324.6107266435984,88.5976582465749,17.15686274509804,77.68099995951215,17.15686274509804,41.06760503254743
1838,34.0,14.155761696495656,3.9357138257218347,13.416407864998739,3.9357138257218347,3234.764705882353,1323.264705882353,2502.0424836601305,121.43423023954607,33.76225095594711,115.09173413601859,33.76225095594711,56.44202444678016
1839,20.0,7.731010827707836,3.198667157092813,7.280109889280518,3.198667157092813,3242.95,1323.85,1471.789696270665,66.31994582592506,27.439546690747168,62.451923069808366,27.439546690747168,43.28905665034775
1840,12.0,6.831300510639732,2.0,6.082762530298219,2.0,3227.5,1325.5,883.0738177623989,58.60184261578201,17.15686274509804,52.1805609216759,17.15686274509804,33.53155909596526
1841,12.0,5.983324141660063,3.0513838380215255,6.324555320336759,3.0513838380215255,2023.0833333333333,1330.0833333333333,883.0738177623989,51.32753552894662,26.17608684577289,54.254763777398665,26.17608684577289,33.53155909596526
1842,26.0,7.878831038307234,4.1546720178993,8.06225774829855,4.1546720178993,2068.4615384615386,1331.5384615384614,1913.3266051518644,67.58801135802774,35.6405687809989,69.16152480158068,35.6405687809989,49.357118568450915
1843,19.0,5.127073205848132,4.711757099842152,5.385164807134504,4.711757099842152,3194.3684210526317,1329.7894736842106,1398.2002114571317,43.982245638403086,40.4194849251165,46.196266727869514,40.4194849251165,42.192953255172434
1844,12.0,5.5377492419453835,2.98142396999972,6.0,2.98142396999972,2031.6666666666667,1331.5,883.0738177623989,47.505201830413824,25.575940919115244,51.470588235294116,25.575940919115244,33.53155909596526
1845,12.0,4.894994431930092,2.9693109114997,5.0990195135927845,2.9693109114997,922.8333333333334,1331.0833333333333,883.0738177623989,41.99137380332187,25.47202987806115,43.74158896464398,25.47202987806115,33.53155909596526
1846,18.0,5.9773909134582395,3.9156769865207983,6.324555320336759,3.9156769865207983,2672.0555555555557,1334.1666666666667,1324.6107266435984,51.2766377379996,33.59036630593822,54.254763777398665,33.59036630593822,41.06760503254743
1847,29.0,7.2505147519902104,5.235552584102162,7.615773105863909,5.235552584102162,3238.310344827586,1337.2068965517242,2134.095059592464,62.19804321560229,44.91282854009208,65.33138693755804,44.91282854009208,52.12692698818601
1848,11.0,6.410747983365109,1.964939688573319,6.082762530298219,1.964939688573319,3224.5454545454545,1339.2727272727273,809.4843329488657,54.99416162200461,16.85610026962406,52.1805609216759,16.85610026962406,32.10402364381074
1849,10.0,4.09878030638384,2.9933259094191533,4.123105625617661,2.9933259094191533,3094.8,1344.5,735.8948481353325,35.161105569469214,25.678040889625088,35.36977865113189,25.678040889625088,30.60998550862951
1850,16.0,8.21059149218198,2.566356824081348,8.0,2.566356824081348,3237.75,1347.75,1177.431757016532,70.43399564371796,22.015315892854698,68.62745098039215,22.015315892854698,38.71890934080677
1851,12.0,6.831300510639732,2.0,6.082762530298219,2.0,3259.5,1347.5,883.0738177623989,58.60184261578201,17.15686274509804,52.1805609216759,17.15686274509804,33.53155909596526
1852,15.0,6.152745168664296,3.240259626177155,6.324555320336759,3.240259626177155,1817.6666666666667,1349.0,1103.8422722029986,52.78090218216921,27.796344832402063,54.254763777398665,27.796344832402063,37.48942276506485
1853,20.0,6.211554638518171,4.051739005995252,6.324555320336759,4.051739005995252,3220.35,1355.7,1471.789696270665,53.28539518336666,34.757565002410246,54.254763777398665,34.757565002410246,43.28905665034775
1854,10.0,4.09878030638384,2.9933259094191533,4.123105625617661,2.9933259094191533,223.5,1356.8,735.8948481353325,35.161105569469214,25.678040889625088,35.36977865113189,25.678040889625088,30.60998550862951
1855,20.0,5.656854249492381,4.47213595499958,5.830951894845301,4.47213595499958,2101.0,1363.5,1471.789696270665,48.52693596378268,38.36391137867286,50.02042066656508,38.36391137867286,43.28905665034775
1856,25.0,6.229132290364385,5.019752076461521,6.324555320336759,5.019752076461521,1905.08,1368.56,1839.7371203383311,53.43618386341997,43.061598695135594,54.254763777398665,43.061598695135594,48.39863667600846
1857,208.0,27.546291264008808,13.469184214242844,26.92582403567252,13.469184214242844,1889.5336538461538,1378.5673076923076,15306.612841214916,236.30396917654613,115.54447242610283,230.98133363934758,115.54447242610283,139.60301295832042
1858,37.0,7.380096766501142,6.386405912765149,7.615773105863909,6.386405912765149,2045.5135135135135,1371.837837837838,2722.8109381007303,63.30965363420097,54.78534483989711,65.33138693755804,54.78534483989711,58.87948273806829
1859,18.0,5.258737584977436,4.268749491621899,5.385164807134504,4.268749491621899,3203.777777777778,1371.5,1324.6107266435984,45.1117194789731,36.61917456048198,46.196266727869514,36.61917456048198,41.06760503254743
1860,6.0,3.126943839882286,2.309401076758503,3.1622776601683795,2.309401076758503,1715.8333333333333,1374.1666666666667,441.53690888119945,26.8242731362451,19.811038648663626,27.127381888699333,19.811038648663626,23.710392820514492
1861,12.0,7.118052168020874,1.9720265943665378,7.0,1.9720265943665378,2163.0,1374.4166666666667,883.0738177623989,61.06172202959083,16.916894804614905,60.049019607843135,16.916894804614905,33.53155909596526
1862,8.0,3.4641016151377544,2.7386127875258306,3.605551275463989,2.7386127875258306,2725.875,1376.125,588.715878508266,29.716557972995442,23.493001853775507,30.929974176774415,23.493001853775507,27.378403355031622
1863,19.0,6.200221537891111,4.096538735612432,6.708203932499369,4.096538735612432,2114.1052631578946,1384.1052631578948,1398.2002114571317,53.188174957399234,35.14187640843998,57.545867068009294,35.14187640843998,42.192953255172434
1864,5.0,2.5298221281347035,2.5298221281347035,3.0,2.5298221281347035,2855.0,1385.0,367.94742406766625,21.701905510959467,21.701905510959467,25.735294117647058,21.701905510959467,21.644528325173876
1865,6.0,3.8297084310253524,1.8856180831641272,4.0,1.8856180831641272,2667.5,1385.3333333333333,441.53690888119945,32.852890952423365,16.175645321260895,34.31372549019608,16.175645321260895,23.710392820514492
1866,16.0,4.898979485566356,4.0,5.0990195135927845,4.0,3068.0,1387.5,1177.431757016532,42.02555931245648,34.31372549019608,43.74158896464398,34.31372549019608,38.71890934080677
1867,14.0,5.515640344574322,3.236614090832815,5.830951894845301,3.236614090832815,2085.214285714286,1388.5714285714287,1030.2527873894655,47.31554217159345,27.765071857634442,50.02042066656508,27.765071857634442,36.218223285715055
1868,10.0,3.9191835884530852,3.0983866769659336,4.123105625617661,3.0983866769659336,1108.2,1391.0,735.8948481353325,33.62044744996519,26.57929747397247,35.36977865113189,26.57929747397247,30.60998550862951
1869,42.0,15.530230308319709,6.6714385026967395,15.297058540778355,6.6714385026967395,1103.595238095238,1410.1666666666667,3090.758362168396,133.2250148998014,57.23047735156516,131.22476689393196,57.23047735156516,62.731802890732666
1870,6.0,3.265986323710904,2.0,3.1622776601683795,2.0,1160.5,1410.0,441.53690888119945,28.017039541637658,17.15686274509804,27.127381888699333,17.15686274509804,23.710392820514492
1871,49.0,8.744239673314338,7.1427228080097045,9.219544457292887,7.1427228080097045,3255.183673469388,1414.2448979591836,3605.884755863129,75.0118599426475,61.27335742165187,79.08922941305173,61.27335742165187,67.75809134641185
1872,7.0,3.7032803990902057,2.138089935299395,3.605551275463989,2.138089935299395,2200.0,1413.0,515.1263936947328,31.768336756901274,18.341457778303635,30.929974176774415,18.341457778303635,25.610151287857633
1873,200.0,33.37742686148049,10.50377913450777,31.78049716414141,10.50377913450777,1076.895,1432.49,14717.896962706649,286.32596572348456,90.10594845778724,272.6268139080758,90.10594845778724,136.8920167751581
1874,52.0,10.348087803783729,6.628781746613452,10.295630140987,6.628781746613452,1126.8461538461538,1418.8653846153845,3826.653210303729,88.77036106187022,56.86454929692912,88.32035660160417,56.86454929692912,69.80150647916021
1875,22.0,10.088791472729653,3.3379494385757518,9.219544457292887,3.3379494385757518,1157.909090909091,1417.5454545454545,1618.9686658977314,86.54600528076908,28.634370183860614,79.08922941305173,28.634370183860614,45.401945643823666
1876,7.0,3.0237157840738176,2.799416848895061,3.1622776601683795,2.799416848895061,3212.0,1417.2857142857142,515.1263936947328,25.938738343770492,24.014605321403707,27.127381888699333,24.014605321403707,25.610151287857633
1877,26.0,8.924081594576663,4.154536794561062,9.433981132056603,4.154536794561062,1148.576923076923,1421.2692307692307,1913.3266051518644,76.55462152210372,35.63940877687185,80.92875971126988,35.63940877687185,49.357118568450915
1878,12.0,7.790860108282814,2.326716545752531,6.708203932499369,2.326716545752531,1164.0833333333333,1419.3333333333333,883.0738177623989,66.83335877203395,19.959578211112397,57.545867068009294,19.959578211112397,33.53155909596526
1879,5.0,3.098386676965933,1.7888543819998317,3.1622776601683795,1.7888543819998317,1024.2,1418.6,367.94742406766625,26.579297473972463,15.345564551469144,27.127381888699333,15.345564551469144,21.644528325173876
1880,25.0,7.77842679894517,4.265029487993207,8.06225774829855,4.265029487993207,1119.2,1424.04,1839.7371203383311,66.72670048114729,36.587262764647605,69.16152480158068,36.587262764647605,48.39863667600846
1881,6.0,3.265986323710904,2.0,3.1622776601683795,2.0,1141.5,1423.0,441.53690888119945,28.017039541637658,17.15686274509804,27.127381888699333,17.15686274509804,23.710392820514492
1882,71.0,15.539717446582527,7.882859813775706,14.317821063276353,7.882859813775706,1063.2112676056338,1430.0845070422536,5224.85342176086,133.3063996643109,67.62257193189944,122.82444539575303,67.62257193189944,81.56283228991873
1883,8.0,3.4641016151377544,2.8284271247461903,4.0,2.8284271247461903,1179.5,1427.0,588.715878508266,29.716557972995442,24.26346798189134,34.31372549019608,24.26346798189134,27.378403355031622
1884,21.0,5.602338368222782,4.7002407233912535,5.830951894845301,4.7002407233912535,614.047619047619,1428.8095238095239,1545.379181084198,48.05927521759739,40.320692480072026,50.02042066656508,40.320692480072026,44.35808322009493
1885,23.0,8.78975790811837,3.3615029719561753,8.602325267042627,3.3615029719561753,1123.391304347826,1430.0869565217392,1692.5581507112647,75.40233499611347,28.83642255354562,73.79445694766959,28.83642255354562,46.4223414912321
1886,27.0,9.791422263712965,4.241888650901006,9.848857801796104,4.241888650901006,1150.0740740740741,1430.3703703703704,1986.9160899653978,83.99504392891023,36.388750681748824,84.48775075070186,36.388750681748824,50.29733864394788
1887,22.0,6.443791657671941,4.6884625735866186,6.708203932499369,4.6884625735866186,1136.0454545454545,1435.2727272727273,1618.9686658977314,55.27762451434263,40.219654430277366,57.545867068009294,40.219654430277366,45.401945643823666
1888,8.0,3.4641016151377544,2.7386127875258306,3.605551275463989,2.7386127875258306,1626.125,1434.125,588.715878508266,29.716557972995442,23.493001853775507,30.929974176774415,23.493001853775507,27.378403355031622
1889,19.0,5.271572221283753,4.842105263157895,6.082762530298219,4.842105263157895,1745.6315789473683,1435.6315789473683,1398.2002114571317,45.22182052571847,41.53766769865841,52.1805609216759,41.53766769865841,42.192953255172434
1890,10.0,5.656854249492381,2.0,5.0990195135927845,2.0,1110.0,1434.5,735.8948481353325,48.52693596378268,17.15686274509804,43.74158896464398,17.15686274509804,30.60998550862951
1891,15.0,4.77795383588526,3.981909289096598,5.0990195135927845,3.981909289096598,1183.3333333333333,1436.2666666666667,1103.8422722029986,40.98734908234904,34.15853556823062,43.74158896464398,34.15853556823062,37.48942276506485
1892,8.0,4.100618600451318,2.4869513653533066,4.123105625617661,2.4869513653533066,1932.0,1437.75,588.715878508266,35.17687524896964,21.334141614550425,35.36977865113189,21.334141614550425,27.378403355031622
1893,5.0,2.5298221281347035,2.5298221281347035,3.0,2.5298221281347035,1158.0,1438.0,367.94742406766625,21.701905510959467,21.701905510959467,25.735294117647058,21.701905510959467,21.644528325173876
1894,8.0,4.47213595499958,2.0,4.123105625617661,2.0,1104.5,1438.5,588.715878508266,38.36391137867286,17.15686274509804,35.36977865113189,17.15686274509804,27.378403355031622
1895,295419.0,1626.074357141756,325.2274737205004,1642.2058336274415,325.2274737205004,1225.7264258561568,1730.2918024906996,21739732.014129177,13949.16727940232,2789.9415637788024,14087.55004337266,2789.9415637788024,5261.1700098508445
1896,31.0,7.907696432958814,5.2193380892438075,8.246211251235321,5.2193380892438075,1164.967741935484,1440.967741935484,2281.274029219531,67.83563116508786,44.77373360870913,70.73955730226378,44.77373360870913,53.8944408988476
1897,16.0,9.16515138991168,2.0,8.06225774829855,2.0,1099.5,1444.5,1177.431757016532,78.6226222173796,17.15686274509804,69.16152480158068,17.15686274509804,38.71890934080677
1898,8.0,4.47213595499958,2.0,4.123105625617661,2.0,1189.5,1443.5,588.715878508266,38.36391137867286,17.15686274509804,35.36977865113189,17.15686274509804,27.378403355031622
1899,19.0,7.347338259627431,3.178877656956105,7.0710678118654755,3.178877656956105,1107.6842105263158,1446.0,1398.2002114571317,63.02863703111767,27.26978382192737,60.65866995472834,27.26978382192737,42.192953255172434
1900,16.0,5.149449337222181,3.918950308868696,5.385164807134504,3.918950308868696,1187.8125,1448.3125,1177.431757016532,44.17419774577851,33.618446277059896,46.196266727869514,33.618446277059896,38.71890934080677
1901,20.0,6.8713750275544,3.845023436950907,7.211102550927978,3.845023436950907,2085.95,1449.85,1471.789696270665,58.94561910892255,32.98426967972591,61.85994835354883,32.98426967972591,43.28905665034775
1902,8.0,4.47213595499958,2.0,4.123105625617661,2.0,1095.5,1451.5,588.715878508266,38.36391137867286,17.15686274509804,35.36977865113189,17.15686274509804,27.378403355031622
1903,8.0,4.47213595499958,2.0,4.123105625617661,2.0,1103.5,1451.5,588.715878508266,38.36391137867286,17.15686274509804,35.36977865113189,17.15686274509804,27.378403355031622
1904,20.0,6.0,4.09878030638384,6.082762530298219,4.09878030638384,1179.5,1451.5,1471.789696270665,51.470588235294116,35.161105569469214,52.1805609216759,35.161105569469214,43.28905665034775
1905,10.0,4.0,3.149603149604724,4.123105625617661,3.149603149604724,942.7,1459.3,735.8948481353325,34.31372549019608,27.018654469648368,35.36977865113189,27.018654469648368,30.60998550862951
1906,7.0,3.5820700954176696,2.4713456540351717,3.605551275463989,2.4713456540351717,1995.142857142857,1464.2857142857142,515.1263936947328,30.728542485200595,21.20026909098799,30.929974176774415,21.20026909098799,25.610151287857633
1907,7.0,3.0237157840738176,2.799416848895061,3.1622776601683795,2.799416848895061,1269.2857142857142,1465.0,515.1263936947328,25.938738343770492,24.014605321403707,27.127381888699333,24.014605321403707,25.610151287857633
1908,5.0,3.098386676965933,1.7888543819998317,3.1622776601683795,1.7888543819998317,1404.4,1464.8,367.94742406766625,26.579297473972463,15.345564551469144,27.127381888699333,15.345564551469144,21.644528325173876
1909,19.0,6.007929625764467,3.9363446638591837,6.082762530298219,3.9363446638591837,2202.4210526315787,1489.421052631579,1398.2002114571317,51.53861198572459,33.767662557615544,52.1805609216759,33.767662557615544,42.192953255172434
1910,6.0,3.265986323710904,2.0,3.1622776601683795,2.0,504.5,1498.0,441.53690888119945,28.017039541637658,17.15686274509804,27.127381888699333,17.15686274509804,23.710392820514492
1911,7.0,3.7032803990902057,2.138089935299395,3.605551275463989,2.138089935299395,929.0,1500.0,515.1263936947328,31.768336756901274,18.341457778303635,30.929974176774415,18.341457778303635,25.610151287857633
1912,98.0,12.34950279415724,10.18821140457111,12.649110640673518,10.18821140457111,2439.112244897959,1505.561224489796,7211.769511726258,105.93936220478025,87.39887234313451,108.50952755479733,87.39887234313451,95.82441174261068
1913,12.0,3.8297084310253524,3.8297084310253524,4.123105625617661,3.8297084310253524,1314.5,1505.5,883.0738177623989,32.852890952423365,32.852890952423365,35.36977865113189,32.852890952423365,33.53155909596526
1914,17.0,5.661582612012688,3.9304214063077016,5.830951894845301,3.9304214063077016,1566.0588235294117,1507.7058823529412,1251.0212418300653,48.56749789716766,33.716850299208225,50.02042066656508,33.716850299208225,39.910538230215145
1915,5.0,3.098386676965933,1.7888543819998317,3.1622776601683795,1.7888543819998317,1573.6,1509.2,367.94742406766625,26.579297473972463,15.345564551469144,27.127381888699333,15.345564551469144,21.644528325173876
1916,68.0,11.884315784845132,8.65776010018633,13.152946437965905,8.65776010018633,2235.6176470588234,1514.4411764705883,5004.084967320261,101.948787369995,74.27000085944155,112.8316483649036,74.27000085944155,79.82107646043029
1917,30.0,6.491019437140313,5.793482928640115,6.708203932499369,5.793482928640115,826.3666666666667,1513.6333333333334,2207.6845444059973,55.682764779389935,49.698995711373534,57.545867068009294,49.698995711373534,53.01805011989337
1918,23.0,6.013934515175301,4.820294404911254,6.324555320336759,4.820294404911254,923.6086956521739,1513.7826086956522,1692.5581507112647,51.59012451743518,41.35056474801321,54.254763777398665,41.35056474801321,46.4223414912321
1919,20.0,6.0,4.09878030638384,6.082762530298219,4.09878030638384,1473.5,1515.5,1471.789696270665,51.470588235294116,35.161105569469214,52.1805609216759,35.161105569469214,43.28905665034775
1920,5.0,3.098386676965933,1.7888543819998317,3.1622776601683795,1.7888543819998317,2373.6,1514.8,367.94742406766625,26.579297473972463,15.345564551469144,27.127381888699333,15.345564551469144,21.644528325173876
1921,12.0,3.8297084310253524,3.8297084310253524,4.123105625617661,3.8297084310253524,1211.5,1517.5,883.0738177623989,32.852890952423365,32.852890952423365,35.36977865113189,32.852890952423365,33.53155909596526
1922,22.0,8.029881141384461,3.6613257675191018,7.615773105863909,3.6613257675191018,1479.0,1521.3636363636363,1618.9686658977314,68.88378430109219,31.40843182920798,65.33138693755804,31.40843182920798,45.401945643823666
1923,16.0,5.569482439427539,3.829930202615744,5.830951894845301,3.829930202615744,1437.5625,1521.875,1177.431757016532,47.77742288724604,32.85479340479192,50.02042066656508,32.85479340479192,38.71890934080677
1924,34.0,13.623797763032147,3.4012652205077436,13.038404810405298,3.4012652205077436,1457.0294117647059,1527.6176470588234,2502.0424836601305,116.87081414365812,29.177520273963484,111.84906087357486,29.177520273963484,56.44202444678016
1925,10.0,4.09878030638384,2.9933259094191533,4.123105625617661,2.9933259094191533,653.5,1524.2,735.8948481353325,35.161105569469214,25.678040889625088,35.36977865113189,25.678040889625088,30.60998550862951
1926,30.0,6.641132748731742,5.73195916015831,7.211102550927978,5.73195916015831,2233.5,1525.2,2207.6845444059973,56.97050152098308,49.17121828567178,61.85994835354883,49.17121828567178,53.01805011989337
1927,9.0,3.265986323710904,3.265986323710904,3.605551275463989,3.265986323710904,1796.0,1525.0,662.3053633217992,28.017039541637658,28.017039541637658,30.929974176774415,28.017039541637658,29.039182005605074
1928,5.0,3.098386676965933,1.7888543819998317,3.1622776601683795,1.7888543819998317,752.4,1526.2,367.94742406766625,26.579297473972463,15.345564551469144,27.127381888699333,15.345564551469144,21.644528325173876
1929,11.0,4.0,3.4688698233343476,4.123105625617661,3.4688698233343476,926.3636363636364,1526.4545454545455,809.4843329488657,34.31372549019608,29.75746171977994,35.36977865113189,29.75746171977994,32.10402364381074
1930,55.0,10.503301682641021,6.658716468141567,10.295630140987,6.658716468141567,2125.9454545454546,1528.8,4047.4216647443286,90.10185266971465,57.12134225121442,88.32035660160417,57.12134225121442,71.78677921882132
1931,37.0,16.109418129237064,6.11493402850011,13.601470508735444,6.11493402850011,1475.4054054054054,1530.1891891891892,2722.8109381007303,138.19353787335714,52.4565419111529,116.6792813249364,52.4565419111529,58.87948273806829
1932,13.0,4.919459827476725,3.3758773884632336,5.0990195135927845,3.3758773884632336,2278.153846153846,1527.5384615384614,956.6633025759322,42.201248520020926,28.959732499071855,43.74158896464398,28.959732499071855,34.900753239580105
1933,25.0,6.229132290364385,5.019752076461521,6.324555320336759,5.019752076461521,1341.08,1532.44,1839.7371203383311,53.43618386341997,43.061598695135594,54.254763777398665,43.061598695135594,48.39863667600846
1934,86.0,12.049278330656595,9.113215395632881,12.36931687685298,9.113215395632881,929.8953488372093,1536.0581395348838,6328.695693963859,103.3639072482796,78.17709285469384,106.10933595339567,78.17709285469384,89.76609844708176
1935,14.0,6.369570517030843,2.79941684889506,6.082762530298219,2.79941684889506,1003.5,1534.7142857142858,1030.2527873894655,54.640923552960665,24.0146053214037,52.1805609216759,24.0146053214037,36.218223285715055
1936,30.0,10.432839074777235,3.777165597496676,10.198039027185569,3.777165597496676,1424.6666666666667,1539.1666666666667,2207.6845444059973,89.49739402382431,32.402155860878345,87.48317792928796,32.402155860878345,53.01805011989337
1937,30.0,8.698403429493382,4.351245032554859,8.246211251235321,4.351245032554859,1430.5,1539.7333333333333,2207.6845444059973,74.61865687065401,37.32685689691668,70.73955730226378,37.32685689691668,53.01805011989337
1938,25.0,7.236119379022768,4.395290244401516,7.280109889280518,4.395290244401516,1440.48,1539.36,1839.7371203383311,62.074553496518845,37.70469572403261,62.451923069808366,37.70469572403261,48.39863667600846
1939,6.0,3.265986323710904,2.0,3.1622776601683795,2.0,1609.5,1537.0,441.53690888119945,28.017039541637658,17.15686274509804,27.127381888699333,17.15686274509804,23.710392820514492
1940,8.0,3.9722133299273006,2.6403638502198645,4.123105625617661,2.6403638502198645,871.25,1537.625,588.715878508266,34.07535944790576,22.650180087670407,35.36977865113189,22.650180087670407,27.378403355031622
1941,12.0,6.831300510639732,2.0,6.082762530298219,2.0,1243.5,1537.5,883.0738177623989,58.60184261578201,17.15686274509804,52.1805609216759,17.15686274509804,33.53155909596526
1942,9.0,3.885753375057407,2.7954428906961324,4.123105625617661,2.7954428906961324,1939.888888888889,1539.6666666666667,662.3053633217992,33.3336686585807,23.98051499371682,35.36977865113189,23.98051499371682,29.039182005605074
1943,23.0,6.312677077575076,4.70036140516992,6.324555320336759,4.70036140516992,955.0869565217391,1541.6521739130435,1692.5581507112647,54.152867087041095,40.32172774042823,54.254763777398665,40.32172774042823,46.4223414912321
1944,18.0,5.3903892081831195,4.289579735563818,5.830951894845301,4.289579735563818,1348.9444444444443,1541.4444444444443,1324.6107266435984,46.24108389372774,36.79786537861118,50.02042066656508,36.79786537861118,41.06760503254743
1945,28.0,8.05371720224447,4.4897714184061535,8.06225774829855,4.4897714184061535,1535.392857142857,1541.6785714285713,2060.505574778931,69.08826031337168,38.515195991229255,69.16152480158068,38.515195991229255,51.220302575715266
1946,6.0,3.265986323710904,2.0,3.1622776601683795,2.0,802.0,1540.5,441.53690888119945,28.017039541637658,17.15686274509804,27.127381888699333,17.15686274509804,23.710392820514492
1947,88.0,14.64052427699294,8.225645703644656,15.132745950421556,8.225645703644656,681.3068181818181,1548.2045454545455,6475.874663590926,125.59273276832178,70.56313716361836,129.8152226139104,70.56313716361836,90.80389128764733
1948,7.0,3.0237157840738176,2.799416848895061,3.1622776601683795,2.799416848895061,752.7142857142857,1542.0,515.1263936947328,25.938738343770492,24.014605321403707,27.127381888699333,24.014605321403707,25.610151287857633
1949,6.0,3.126943839882286,2.309401076758503,3.1622776601683795,2.309401076758503,1325.8333333333333,1541.8333333333333,441.53690888119945,26.8242731362451,19.811038648663626,27.127381888699333,19.811038648663626,23.710392820514492
1950,9.0,4.618802153517007,2.3517789431685254,4.47213595499958,2.3517789431685254,603.8888888888889,1543.4444444444443,662.3053633217992,39.622077297327266,20.174574267377057,38.36391137867286,20.174574267377057,29.039182005605074
1951,6.0,6.831300510639732,0.0,6.0,0.0,899.5,1542.0,441.53690888119945,58.60184261578201,0.0,51.470588235294116,0.0,23.710392820514492
1952,7.0,3.0237157840738176,2.799416848895061,3.1622776601683795,2.799416848895061,1398.0,1544.2857142857142,515.1263936947328,25.938738343770492,24.014605321403707,27.127381888699333,24.014605321403707,25.610151287857633
1953,60.0,10.474674516782098,7.605632006080767,11.180339887498949,7.605632006080767,1418.2833333333333,1547.7833333333333,4415.3690888119945,89.85627649200329,65.24439220902619,95.90977844668215,65.24439220902619,74.9788455301297
1954,15.0,4.77795383588526,3.981909289096598,5.0990195135927845,3.981909289096598,2315.266666666667,1545.6666666666667,1103.8422722029986,40.98734908234904,34.15853556823062,43.74158896464398,34.15853556823062,37.48942276506485
1955,14.0,5.606119105813881,3.0237157840738176,6.0,3.0237157840738176,931.5,1546.0,1030.2527873894655,48.09170801556025,25.938738343770492,51.470588235294116,25.938738343770492,36.218223285715055
1956,13.0,6.094800346590387,2.7801345974920215,6.082762530298219,2.7801345974920215,1253.6923076923076,1547.1538461538462,956.6633025759322,52.283826502613614,23.849193851034496,52.1805609216759,23.849193851034496,34.900753239580105
1957,6.0,3.265986323710904,2.0,3.1622776601683795,2.0,1445.0,1545.5,441.53690888119945,28.017039541637658,17.15686274509804,27.127381888699333,17.15686274509804,23.710392820514492
1958,21.0,6.844455372120418,3.8511602400055165,7.0710678118654755,3.8511602400055165,1042.3333333333333,1549.2857142857142,1545.379181084198,58.714690692209466,33.03691382357673,60.65866995472834,33.03691382357673,44.35808322009493
1959,21.0,5.0896720822428145,5.0896720822428145,5.385164807134504,5.0896720822428145,11.0,1550.0,1545.379181084198,43.661402666298656,43.661402666298656,46.196266727869514,43.661402666298656,44.35808322009493
1960,39.0,8.415274245119742,6.158950095818071,8.54400374531753,6.158950095818071,1543.8461538461538,1552.0,2869.9899077277964,72.18985259293896,52.834130723929526,73.29414977600823,52.834130723929526,60.449877833376824
1961,15.0,8.701579641278252,1.9816549121722193,8.06225774829855,1.9816549121722193,1202.7333333333333,1549.5333333333333,1103.8422722029986,74.6459037854752,16.999490668144038,69.16152480158068,16.999490668144038,37.48942276506485
1962,103.0,13.071616746038286,10.160249854214193,13.601470508735444,10.160249854214193,624.2330097087379,1554.8640776699028,7579.716935793925,112.13396718415196,87.15900610232764,116.6792813249364,87.15900610232764,98.23850310462105
1963,64.0,19.488212910501954,5.245774614386794,17.46424919657298,5.245774614386794,1295.625,1557.109375,4709.727028066128,167.1782970263648,45.00051752537691,149.81586320589565,45.00051752537691,77.43781868161354
1964,37.0,9.600489340803355,5.448215437990446,10.295630140987,5.448215437990446,1359.162162162162,1553.918918918919,2722.8109381007303,82.35713895296995,46.737142237663136,88.32035660160417,46.737142237663136,58.87948273806829
1965,10.0,4.09878030638384,2.9933259094191533,4.123105625617661,2.9933259094191533,755.5,1552.8,735.8948481353325,35.161105569469214,25.678040889625088,35.36977865113189,25.678040889625088,30.60998550862951
1966,17.0,5.181899763382574,4.0412010400023215,5.385164807134504,4.0412010400023215,844.1176470588235,1553.5882352941176,1251.0212418300653,44.45257149960541,34.66716578433364,46.196266727869514,34.66716578433364,39.910538230215145
1967,42.0,12.717375737108922,5.390077444718162,11.704699910719626,5.390077444718162,1384.1190476190477,1554.452380952381,3090.758362168396,109.09513499970889,46.23840945223913,100.40796492038895,46.23840945223913,62.731802890732666
1968,13.0,5.203549084703927,3.076923076923077,5.0990195135927845,3.076923076923077,382.15384615384613,1555.0,956.6633025759322,44.638288716822906,26.395173453996986,43.74158896464398,26.395173453996986,34.900753239580105
1969,8.0,3.4641016151377544,2.8284271247461903,4.0,2.8284271247461903,899.5,1554.0,588.715878508266,29.716557972995442,24.26346798189134,34.31372549019608,24.26346798189134,27.378403355031622
1970,10.0,3.9191835884530852,3.0983866769659336,4.123105625617661,3.0983866769659336,1268.0,1554.8,735.8948481353325,33.62044744996519,26.57929747397247,35.36977865113189,26.57929747397247,30.60998550862951
1971,107.0,20.605756370300647,9.049676605535693,20.0,9.049676605535693,1318.056074766355,1561.607476635514,7874.074875048057,176.76506690208888,77.6320297043503,171.5686274509804,77.6320297043503,100.12787812278877
1972,11.0,4.346129984141888,3.067356324605906,4.47213595499958,3.067356324605906,417.3636363636364,1554.909090909091,809.4843329488657,37.28297780513875,26.313105725785956,38.36391137867286,26.313105725785956,32.10402364381074
1973,42.0,7.74655382321893,6.8756345580601,8.06225774829855,6.8756345580601,2394.809523809524,1557.857142857143,3090.758362168396,66.45328034624082,58.98215919904497,69.16152480158068,58.98215919904497,62.731802890732666
1974,10.0,4.09878030638384,2.9933259094191533,4.123105625617661,2.9933259094191533,771.5,1557.2,735.8948481353325,35.161105569469214,25.678040889625088,35.36977865113189,25.678040889625088,30.60998550862951
1975,20.0,6.297731811282584,4.115649891956238,6.324555320336759,4.115649891956238,1027.7,1557.85,1471.789696270665,54.02466014580648,35.30582015158537,54.254763777398665,35.30582015158537,43.28905665034775
1976,32.0,9.486832980505138,4.9180788932265,8.94427190999916,4.9180788932265,1238.375,1559.1875,2354.863514033064,81.382145666098,42.18940227032537,76.72782275734572,42.18940227032537,54.756806710063245
1977,45.0,11.104655177361167,6.5868718148667575,11.40175425099138,6.5868718148667575,1414.2,1559.6888888888889,3311.526816608996,95.26052235481393,56.50502782361189,97.80916636879859,56.50502782361189,64.93358497552163
1978,14.0,4.9437078791371425,3.6321351113335303,5.0990195135927845,3.6321351113335303,812.3571428571429,1558.142857142857,1030.2527873894655,42.409258767107836,31.158021788400383,43.74158896464398,31.158021788400383,36.218223285715055
1979,6.0,3.8297084310253524,1.8856180831641272,4.0,1.8856180831641272,892.5,1557.3333333333333,441.53690888119945,32.852890952423365,16.175645321260895,34.31372549019608,16.175645321260895,23.710392820514492
1980,52.0,14.725114622427947,5.770717188630166,13.892443989449804,5.770717188630166,1277.7692307692307,1561.923076923077,3826.653210303729,126.31838524141621,49.50370137305289,119.17537736047626,49.50370137305289,69.80150647916021
1981,9.0,5.971098560847527,1.8593259767334247,6.0,1.8593259767334247,1213.6666666666667,1560.3333333333333,662.3053633217992,51.22265922295673,15.95010029060536,51.470588235294116,15.95010029060536,29.039182005605074
1982,625.0,33.614964946222905,23.91990446436201,34.713109915419565,23.91990446436201,1496.0992,1573.8768,45993.42800845828,288.36366988181413,205.1952588854584,297.78403113717764,205.1952588854584,241.9931833800423
1983,15.0,7.819586331846596,3.353383471944272,7.615773105863909,3.353383471944272,1652.0666666666666,1558.9333333333334,1103.8422722029986,67.07978470946834,28.7667699799141,65.33138693755804,28.7667699799141,37.48942276506485
1984,18.0,5.96570925226535,3.8701698091948735,6.082762530298219,3.8701698091948735,955.8888888888889,1560.7777777777778,1324.6107266435984,51.17642740913903,33.19998610828935,52.1805609216759,33.19998610828935,41.06760503254743
1985,17.0,5.181899763382574,4.041201040002321,5.385164807134504,4.041201040002321,912.5882352941177,1562.1176470588234,1251.0212418300653,44.45257149960541,34.66716578433363,46.196266727869514,34.66716578433363,39.910538230215145
1986,6.0,3.1269438398822857,2.309401076758503,3.1622776601683795,2.309401076758503,990.1666666666666,1560.8333333333333,441.53690888119945,26.824273136245097,19.811038648663626,27.127381888699333,19.811038648663626,23.710392820514492
1987,14.0,7.017298793846583,2.6462077766235543,6.324555320336759,2.6462077766235543,1339.2142857142858,1561.2857142857142,1030.2527873894655,60.19741612368392,22.700311809270687,54.254763777398665,22.700311809270687,36.218223285715055
1988,22.0,6.69178077565832,4.135742686772339,6.708203932499369,4.135742686772339,1367.0,1562.3636363636363,1618.9686658977314,57.40498214412774,35.478184812998,57.545867068009294,35.478184812998,45.401945643823666
1989,11.0,6.248066750375133,2.5395403498747267,5.830951894845301,2.5395403498747267,1431.3636363636363,1561.4545454545455,809.4843329488657,53.59861182919845,21.78527260921947,50.02042066656508,21.78527260921947,32.10402364381074
1990,11.0,4.596473335205269,3.0472374405751204,5.0990195135927845,3.0472374405751204,1886.0,1560.909090909091,809.4843329488657,39.43053106180991,26.14051725983559,43.74158896464398,26.14051725983559,32.10402364381074
1991,64.0,13.20650437450456,6.734237964030669,15.524174696260024,6.734237964030669,827.828125,1569.03125,4709.727028066128,113.29109144795578,57.76919822085132,133.17306724732865,57.76919822085132,77.43781868161354
1992,25.0,13.115329011053769,3.902120568589773,11.661903789690601,3.902120568589773,870.2,1563.76,1839.7371203383311,112.50894984972595,33.47407350505933,100.04084133313016,33.47407350505933,48.39863667600846
1993,14.0,4.9437078791371425,3.6321351113335303,5.0990195135927845,3.6321351113335303,1048.142857142857,1563.357142857143,1030.2527873894655,42.409258767107836,31.158021788400383,43.74158896464398,31.158021788400383,36.218223285715055
1994,6.0,3.265986323710904,2.0,3.1622776601683795,2.0,1208.5,1562.0,441.53690888119945,28.017039541637658,17.15686274509804,27.127381888699333,17.15686274509804,23.710392820514492
1995,18.0,10.327955589886445,2.0,9.055385138137417,2.0,1387.5,1565.0,1324.6107266435984,88.5976582465749,17.15686274509804,77.68099995951215,17.15686274509804,41.06760503254743
1996,10.0,4.09878030638384,2.9933259094191533,4.123105625617661,2.9933259094191533,1005.8,1563.5,735.8948481353325,35.161105569469214,25.678040889625088,35.36977865113189,25.678040889625088,30.60998550862951
1997,44.0,15.124413041840313,3.8884313977299434,13.341664064126334,3.8884313977299434,1246.2272727272727,1567.5454545454545,3237.937331795463,129.7437393295125,33.35664189229118,114.4505495697112,33.35664189229118,64.20804728762148
1998,22.0,6.4666979068286325,4.271760045262084,6.324555320336759,4.271760045262084,1604.5,1563.6363636363637,1618.9686658977314,55.474124200735815,36.64500038827768,54.254763777398665,36.64500038827768,45.401945643823666
1999,31.0,9.642703375033538,5.503622780740708,10.04987562112089,5.503622780740708,1375.9354838709678,1567.032258064516,2281.274029219531,82.71926914857201,47.21245032498156,86.212168318439,47.21245032498156,53.8944408988476
2000,15.0,8.711700947575162,2.67657325283576,8.06225774829855,2.67657325283576,843.2666666666667,1565.0666666666666,1103.8422722029986,74.73272871694378,22.960799963051862,69.16152480158068,22.960799963051862,37.48942276506485
2001,83.0,16.93939175041282,11.931688043813306,17.0,11.931688043813306,1040.9277108433735,1570.301204819277,6107.927239523259,145.3134096236394,102.3551670425161,145.83333333333331,102.3551670425161,88.18651295158246
2002,75.0,10.290209336872847,9.30289994350635,10.770329614269007,9.30289994350635,58.17333333333333,1569.36,5519.211361014994,88.27385460552686,79.80428873105937,92.39253345573903,79.80428873105937,83.82889773991313
2003,16.0,7.485060421338153,2.856811244887753,7.0710678118654755,2.856811244887753,883.125,1566.1875,1177.431757016532,64.2100771438322,24.50695920859592,60.65866995472834,24.50695920859592,38.71890934080677
2004,33.0,12.019794580227792,4.558992179288774,11.180339887498949,4.558992179288774,988.6969696969697,1570.3939393939395,2428.452998846597,103.11098291862076,39.10900153801644,95.90977844668215,39.10900153801644,55.60580007847273
2005,5.0,3.098386676965933,1.7888543819998317,3.1622776601683795,1.7888543819998317,918.2,1566.4,367.94742406766625,26.579297473972463,15.345564551469144,27.127381888699333,15.345564551469144,21.644528325173876
2006,25.0,8.357889131945292,3.9881937337735702,9.055385138137417,3.9881937337735702,943.12,1567.16,1839.7371203383311,71.69757833776599,34.21244624560661,77.68099995951215,34.21244624560661,48.39863667600846
2007,164.0,21.78360415181275,15.918120093952005,23.021728866442675,15.918120093952005,1231.5731707317073,1574.5121951219512,12068.675509419452,186.86915326309955,136.55250080596082,197.4903211582092,136.55250080596082,123.96099342354248
2008,66.0,10.458205988209414,8.095143316995042,11.40175425099138,8.095143316995042,2269.681818181818,1571.1666666666667,4856.905997693194,89.71500234983566,69.4436313957908,97.80916636879859,69.4436313957908,78.63847661758305
2009,12.0,4.894994431930091,2.9693109114997,5.0990195135927845,2.9693109114997,1024.9166666666667,1569.1666666666667,883.0738177623989,41.99137380332186,25.47202987806115,43.74158896464398,25.47202987806115,33.53155909596526
2010,17.0,7.576406536951105,3.114227032123032,7.211102550927978,3.114227032123032,1409.5294117647059,1569.764705882353,1251.0212418300653,64.99368352776683,26.71518287360444,61.85994835354883,26.71518287360444,39.910538230215145
2011,169.0,25.422719141235444,10.49196244647817,23.40939982143925,10.49196244647817,1298.1360946745563,1573.7514792899408,12436.622933487119,218.0870514566766,90.00457981047448,200.8159298407779,90.00457981047448,125.836455357622
2012,26.0,17.104739971541772,2.426810451493819,14.317821063276353,2.426810451493819,1263.5,1570.5,1913.3266051518644,146.73183799116717,20.818226912324427,122.82444539575303,20.818226912324427,49.357118568450915
2013,18.0,6.788331005055769,3.3617373804598794,6.708203932499369,3.3617373804598794,692.7222222222222,1571.9444444444443,1324.6107266435984,58.23323166101762,28.838433410807788,57.545867068009294,28.838433410807788,41.06760503254743
2014,28.0,10.388977435025831,3.517850238924859,9.219544457292887,3.517850238924859,1061.107142857143,1571.9285714285713,2060.505574778931,89.12112995732943,30.177636853522074,79.08922941305173,30.177636853522074,51.220302575715266
2015,6.0,3.265986323710904,2.0,3.1622776601683795,2.0,1400.0,1571.5,441.53690888119945,28.017039541637658,17.15686274509804,27.127381888699333,17.15686274509804,23.710392820514492
2016,16.0,4.837183752516743,4.165531580049303,5.385164807134504,4.165531580049303,1552.375,1572.75,1177.431757016532,41.495448857374015,35.73372678963863,46.196266727869514,35.73372678963863,38.71890934080677
2017,14.0,4.20883424647321,4.120630029101703,4.47213595499958,4.120630029101703,865.2857142857143,1573.5,1030.2527873894655,36.1051957418045,35.34854191631362,38.36391137867286,35.34854191631362,36.218223285715055
2018,31.0,7.08080638407105,5.63709616449284,7.280109889280518,5.63709616449284,1069.516129032258,1576.032258064516,2281.274029219531,60.742211628060474,48.35744258756113,62.451923069808366,48.35744258756113,53.8944408988476
2019,12.0,5.294328785763616,2.862220279862641,5.0990195135927845,2.862220279862641,398.9166666666667,1574.75,883.0738177623989,45.41703615238396,24.553360243919713,43.74158896464398,24.553360243919713,33.53155909596526
2020,6.0,3.265986323710904,2.0,3.1622776601683795,2.0,1327.5,1575.0,441.53690888119945,28.017039541637658,17.15686274509804,27.127381888699333,17.15686274509804,23.710392820514492
2021,44.0,10.665923978971186,5.2213847840622885,10.198039027185569,5.2213847840622885,1758.3636363636363,1576.090909090909,3237.937331795463,91.4968968784293,44.79129103975002,87.48317792928796,44.79129103975002,64.20804728762148
2022,9.0,4.277662731533559,2.643019518000728,4.123105625617661,2.643019518000728,1051.3333333333333,1576.4444444444443,662.3053633217992,36.69563617737122,22.67296155147683,35.36977865113189,22.67296155147683,29.039182005605074
2023,23.0,7.078622165629161,4.038906779267536,7.0710678118654755,4.038906779267536,1086.4347826086957,1577.9130434782608,1692.5581507112647,60.72347446005408,34.64748462606955,60.65866995472834,34.64748462606955,46.4223414912321
2024,29.0,10.853397876300068,3.4242885626950095,11.045361017187261,3.4242885626950095,1312.6896551724137,1580.344827586207,2134.095059592464,93.1051288408094,29.37502443488366,94.75187147096915,29.37502443488366,52.12692698818601
2025,32.0,7.018083230840515,5.795710289946794,7.280109889280518,5.795710289946794,1739.65625,1578.28125,2354.863514033064,60.20414536260246,49.718102977484754,62.451923069808366,49.718102977484754,54.756806710063245
2026,54.0,10.241604583320205,6.863238928557322,10.44030650891055,6.863238928557322,692.5555555555555,1580.3148148148148,3973.8321799307955,87.85690206279587,58.875824142035846,89.561452895066,58.875824142035846,71.13117846154347
2027,19.0,7.681908611257368,3.9304088697365507,7.615773105863909,3.9304088697365507,875.578947368421,1577.8947368421052,1398.2002114571317,65.89872583186468,33.71674275509296,65.33138693755804,33.71674275509296,42.192953255172434
2028,15.0,5.428386351084466,3.8051660003246295,5.385164807134504,3.8051660003246295,902.4,1577.6,1103.8422722029986,46.56703977645988,32.642355394941674,46.196266727869514,32.642355394941674,37.48942276506485
2029,7.0,3.0237157840738176,2.799416848895061,3.1622776601683795,2.799416848895061,1062.2857142857142,1577.0,515.1263936947328,25.938738343770492,24.014605321403707,27.127381888699333,24.014605321403707,25.610151287857633
2030,187.0,29.42799452043802,12.160834702677313,27.80287754891569,12.160834702677313,1267.9839572192514,1583.5989304812833,13761.233660130718,252.44603142532614,104.32088592982988,238.5050770127571,104.32088592982988,132.36828049075848
2031,121.0,21.839335418132567,12.618443250790785,21.37755832643195,12.618443250790785,1372.206611570248,1587.297520661157,8904.327662437523,187.34724010652937,108.2464494553131,183.38591701596033,108.2464494553131,106.47700068721862
2032,16.0,4.712429170543843,4.3566628642353615,5.0990195135927845,4.3566628642353615,1865.6875,1577.875,1177.431757016532,40.42525023750846,37.373333394175894,43.74158896464398,37.373333394175894,38.71890934080677
2033,12.0,6.831300510639732,2.0,6.082762530298219,2.0,678.5,1579.5,883.0738177623989,58.60184261578201,17.15686274509804,52.1805609216759,17.15686274509804,33.53155909596526
2034,21.0,5.990380585048608,5.014008751182063,6.324555320336759,5.014008751182063,856.5714285714286,1579.6190476190477,1545.379181084198,51.38806874428953,43.012329973375536,54.254763777398665,43.012329973375536,44.35808322009493
2035,14.0,8.0,2.0,7.0710678118654755,2.0,1396.5,1580.0,1030.2527873894655,68.62745098039215,17.15686274509804,60.65866995472834,17.15686274509804,36.218223285715055
2036,28.0,11.172192281247737,4.321101196361391,9.486832980505138,4.321101196361391,912.6428571428571,1580.107142857143,2060.505574778931,95.83988476560559,37.068270066825654,81.382145666098,37.068270066825654,51.220302575715266
2037,12.0,3.8297084310253524,3.8297084310253524,4.123105625617661,3.8297084310253524,1011.5,1579.5,883.0738177623989,32.852890952423365,32.852890952423365,35.36977865113189,32.852890952423365,33.53155909596526
2038,18.0,7.097764472921567,3.0939225541184827,7.0710678118654755,3.0939225541184827,1080.9444444444443,1581.1666666666667,1324.6107266435984,60.88768542947423,26.541002302486984,60.65866995472834,26.541002302486984,41.06760503254743
2039,8.0,3.4641016151377544,2.7386127875258306,3.605551275463989,2.7386127875258306,1402.875,1578.875,588.715878508266,29.716557972995442,23.493001853775507,30.929974176774415,23.493001853775507,27.378403355031622
2040,18.0,6.831300510639732,3.265986323710904,6.324555320336759,3.265986323710904,1579.5,1579.0,1324.6107266435984,58.60184261578201,28.017039541637658,54.254763777398665,28.017039541637658,41.06760503254743
2041,10.0,5.656854249492381,2.0,5.0990195135927845,2.0,971.0,1579.5,735.8948481353325,48.52693596378268,17.15686274509804,43.74158896464398,17.15686274509804,30.60998550862951
2042,51.0,9.375950229583506,6.894552076406412,9.848857801796104,6.894552076406412,370.01960784313724,1584.1568627450981,3753.063725490196,80.43094559691733,59.144441831917746,84.48775075070186,59.144441831917746,69.1270799721527
2043,6.0,3.6514837167011076,2.10818510677892,3.605551275463989,2.10818510677892,1016.6666666666666,1581.3333333333333,441.53690888119945,31.324002471700677,18.084921259132894,30.929974176774415,18.084921259132894,23.710392820514492
2044,27.0,11.85900456404431,3.205868212651573,11.40175425099138,3.205868212651573,1021.1111111111111,1585.0,1986.9160899653978,101.73165679939972,27.501320451667905,97.80916636879859,27.501320451667905,50.29733864394788
2045,36.0,8.493561414565498,5.527275325302286,8.54400374531753,5.527275325302286,986.3611111111111,1584.0833333333333,2649.2214532871967,72.8614337033805,47.41535205528922,73.29414977600823,47.41535205528922,58.07836401121015
2046,14.0,4.780914437337574,3.5456210417116734,5.0,3.5456210417116734,1056.5,1582.5,1030.2527873894655,41.01274639872919,30.415866779389354,42.8921568627451,30.415866779389354,36.218223285715055
2047,19.0,6.155870112510925,4.130824604283913,6.4031242374328485,4.130824604283913,1251.578947368421,1582.578947368421,1398.2002114571317,52.80770929850058,35.435995379886506,54.92876184072296,35.435995379886506,42.192953255172434
2048,8.0,3.4641016151377544,2.7386127875258306,3.605551275463989,2.7386127875258306,1303.125,1581.875,588.715878508266,29.716557972995442,23.493001853775507,30.929974176774415,23.493001853775507,27.378403355031622
2049,9.0,4.277662731533559,2.643019518000728,4.123105625617661,2.643019518000728,1005.3333333333334,1583.5555555555557,662.3053633217992,36.69563617737122,22.67296155147683,35.36977865113189,22.67296155147683,29.039182005605074
2050,27.0,6.10737294880025,5.575802222479568,6.324555320336759,5.575802222479568,1756.4814814814815,1584.888888888889,1986.9160899653978,52.39167970784528,47.83163671244727,54.254763777398665,47.83163671244727,50.29733864394788
2051,26.0,8.018296168948346,4.298390084236079,8.06225774829855,4.298390084236079,537.5384615384615,1586.8076923076924,1913.3266051518644,68.7844034100961,36.8734443500644,69.16152480158068,36.8734443500644,49.357118568450915
2052,32.0,9.195045405733602,4.83941008662186,9.219544457292887,4.83941008662186,653.03125,1585.03125,2354.863514033064,78.87906598055785,41.51454731170713,79.08922941305173,41.51454731170713,54.756806710063245
2053,353.0,36.97134010989966,20.662737152655218,40.0,20.662737152655218,1036.2889518413597,1601.9773371104816,25977.088139177235,317.1561038839431,177.25387263307172,343.1372549019608,177.25387263307172,181.86556522112522
2054,12.0,4.894994431930091,2.9693109114997,5.0990195135927845,2.9693109114997,1283.0833333333333,1585.1666666666667,883.0738177623989,41.99137380332186,25.47202987806115,43.74158896464398,25.47202987806115,33.53155909596526
2055,14.0,5.449353665897314,3.145851452097728,5.385164807134504,3.145851452097728,929.8571428571429,1585.0714285714287,1030.2527873894655,46.74690644764852,26.98647079005404,46.196266727869514,26.98647079005404,36.218223285715055
2056,5.0,3.098386676965933,1.7888543819998317,3.1622776601683795,1.7888543819998317,1029.6,1584.8,367.94742406766625,26.579297473972463,15.345564551469144,27.127381888699333,15.345564551469144,21.644528325173876
2057,6.0,6.831300510639732,0.0,6.0,0.0,737.0,1587.5,441.53690888119945,58.60184261578201,0.0,51.470588235294116,0.0,23.710392820514492
2058,12.0,6.831300510639732,2.0,6.082762530298219,2.0,923.5,1587.5,883.0738177623989,58.60184261578201,17.15686274509804,52.1805609216759,17.15686274509804,33.53155909596526
2059,20.0,8.068109040320387,3.1473189405429554,8.06225774829855,3.1473189405429554,978.15,1588.2,1471.789696270665,69.21171970863077,26.99905953897143,69.16152480158068,26.99905953897143,43.28905665034775
2060,43.0,18.578198750833284,5.1100719292996954,16.1245154965971,5.1100719292996954,1087.3488372093022,1594.0,3164.3478469819297,159.37180300959923,43.8364013542866,138.32304960316137,43.8364013542866,63.47421693259072
2061,27.0,8.400216205821248,5.277369971247789,8.602325267042627,5.277369971247789,1289.148148148148,1588.5555555555557,1986.9160899653978,72.06067823621169,45.27155612590015,73.79445694766959,45.27155612590015,50.29733864394788
2062,12.0,3.8297084310253524,3.8297084310253524,4.123105625617661,3.8297084310253524,814.5,1587.5,883.0738177623989,32.852890952423365,32.852890952423365,35.36977865113189,32.852890952423365,33.53155909596526
2063,23.0,6.322271594730876,4.7642490518461305,7.0710678118654755,4.7642490518461305,1637.695652173913,1589.3478260869565,1692.5581507112647,54.23517299401487,40.869783532993765,60.65866995472834,40.869783532993765,46.4223414912321
2064,50.0,17.46049952701863,4.960781820135019,15.811388300841896,4.960781820135019,886.0,1591.74,3679.4742406766622,149.78369692295394,42.555726398217075,135.63690944349665,42.555726398217075,68.44600838757906
2065,20.0,6.0,4.09878030638384,6.082762530298219,4.09878030638384,1011.5,1588.5,1471.789696270665,51.470588235294116,35.161105569469214,52.1805609216759,35.161105569469214,43.28905665034775
2066,9.0,3.885753375057407,2.7954428906961324,4.123105625617661,2.7954428906961324,481.6666666666667,1590.111111111111,662.3053633217992,33.3336686585807,23.98051499371682,35.36977865113189,23.98051499371682,29.039182005605074
2067,8.0,3.9722133299273006,2.6403638502198645,4.123105625617661,2.6403638502198645,1029.75,1590.375,588.715878508266,34.07535944790576,22.650180087670407,35.36977865113189,22.650180087670407,27.378403355031622
2068,7.0,3.7032803990902057,2.138089935299395,3.605551275463989,2.138089935299395,1074.0,1590.0,515.1263936947328,31.768336756901274,18.341457778303635,30.929974176774415,18.341457778303635,25.610151287857633
2069,38.0,9.668436577909002,5.283697192554451,10.0,5.283697192554451,1594.578947368421,1591.842105263158,2796.4004229142633,82.94001966343507,45.32583375965827,85.7843137254902,45.32583375965827,59.669846730038884
2070,6.0,3.9999999999999996,1.632993161855452,4.123105625617661,1.632993161855452,1001.5,1590.5,441.53690888119945,34.31372549019607,14.008519770818829,35.36977865113189,14.008519770818829,23.710392820514492
2071,9.0,3.265986323710904,3.265986323710904,3.605551275463989,3.265986323710904,1064.0,1591.0,662.3053633217992,28.017039541637658,28.017039541637658,30.929974176774415,28.017039541637658,29.039182005605074
2072,30.0,7.784840258835807,4.93700718271576,8.246211251235321,4.93700718271576,1384.8666666666666,1591.7333333333333,2207.6845444059973,66.78171790667972,42.351777302708726,70.73955730226378,42.351777302708726,53.01805011989337
2073,100.0,14.972860282456628,9.10678071340432,15.264337522473747,9.10678071340432,688.21,1597.47,7358.9484813533245,128.4436543838191,78.12189337479195,130.94407188396596,78.12189337479195,96.79727335201692
2074,28.0,8.68761937901797,4.397908145462298,8.54400374531753,4.397908145462298,1057.9642857142858,1594.4642857142858,2060.505574778931,74.5261466337326,37.72715320862265,73.29414977600823,37.72715320862265,51.220302575715266
2075,5.0,4.0,1.3856406460551023,3.605551275463989,1.3856406460551023,1648.8,1592.2,367.94742406766625,34.31372549019608,11.88662318919818,30.929974176774415,11.88662318919818,21.644528325173876
2076,36.0,13.983158721959262,5.504401207245142,13.0,5.504401207245142,943.2777777777778,1594.5555555555557,2649.2214532871967,119.95356746778778,47.21912800332842,111.51960784313725,47.21912800332842,58.07836401121015
2077,34.0,9.237080871212383,4.660613658912765,9.486832980505138,4.660613658912765,1565.0882352941176,1597.0882352941176,2502.0424836601305,79.23966433638073,39.98075442694774,81.382145666098,39.98075442694774,56.44202444678016
2078,32.0,7.748281690544466,5.35126207954473,8.06225774829855,5.35126207954473,1631.21875,1596.0625,2354.863514033064,66.46810273751379,45.90543450589842,69.16152480158068,45.90543450589842,54.756806710063245
2079,14.0,8.0,2.0,7.0710678118654755,2.0,900.0,1595.5,1030.2527873894655,68.62745098039215,17.15686274509804,60.65866995472834,17.15686274509804,36.218223285715055
2080,10.0,5.656854249492381,2.0,5.0990195135927845,2.0,971.0,1595.5,735.8948481353325,48.52693596378268,17.15686274509804,43.74158896464398,17.15686274509804,30.60998550862951
2081,28.0,9.28006373265841,4.046011991599305,9.486832980505138,4.046011991599305,1018.1785714285714,1596.25,2060.505574778931,79.60838986349127,34.708436202445014,81.382145666098,34.708436202445014,51.220302575715266
2082,15.0,8.701579641278252,1.9816549121722193,8.06225774829855,1.9816549121722193,1075.7333333333333,1595.4666666666667,1103.8422722029986,74.6459037854752,16.999490668144038,69.16152480158068,16.999490668144038,37.48942276506485
2083,18.0,5.575402064401405,4.195980200734974,6.082762530298219,4.195980200734974,1787.1666666666667,1598.611111111111,1324.6107266435984,47.82820398383558,35.99492819257943,52.1805609216759,35.99492819257943,41.06760503254743
2084,6.0,3.265986323710904,2.0,3.1622776601683795,2.0,1288.5,1598.0,441.53690888119945,28.017039541637658,17.15686274509804,27.127381888699333,17.15686274509804,23.710392820514492
2085,5.0,3.098386676965933,1.7888543819998317,3.1622776601683795,1.7888543819998317,633.4,1599.2,367.94742406766625,26.579297473972463,15.345564551469144,27.127381888699333,15.345564551469144,21.644528325173876
2086,10.0,6.360774902178881,2.0833969002115866,5.830951894845301,2.0833969002115866,1385.2,1599.6,735.8948481353325,54.565470974573735,17.872277330246455,50.02042066656508,17.872277330246455,30.60998550862951
2087,10.0,4.381780460041329,2.6832815729997477,4.47213595499958,2.6832815729997477,1967.5,1599.0,735.8948481353325,37.58880296604081,23.018346827203718,38.36391137867286,23.018346827203718,30.60998550862951
2088,230.0,38.56551380836076,14.297631933737692,34.36568055487916,14.297631933737692,755.895652173913,1616.604347826087,16925.581507112645,330.8316135521144,122.65125433353413,294.8036322109732,122.65125433353413,146.80033343043092
2089,12.0,5.294328785763616,2.862220279862641,5.0990195135927845,2.862220279862641,853.75,1601.9166666666667,883.0738177623989,45.41703615238396,24.553360243919713,43.74158896464398,24.553360243919713,33.53155909596526
2090,6.0,3.265986323710904,2.0,3.1622776601683795,2.0,963.5,1601.0,441.53690888119945,28.017039541637658,17.15686274509804,27.127381888699333,17.15686274509804,23.710392820514492
2091,68.0,18.704599536427555,5.856965609193214,16.1245154965971,5.856965609193214,978.9411764705883,1606.4705882352941,5004.084967320261,160.45612347425597,50.24357752984375,138.32304960316137,50.24357752984375,79.82107646043029
2092,18.0,5.693388843125944,3.935296437229382,6.082762530298219,3.935296437229382,989.7222222222222,1601.611111111111,1324.6107266435984,48.840345467992165,33.758670417408915,52.1805609216759,33.758670417408915,41.06760503254743
2093,44.0,9.477175563478744,5.948928887560287,9.486832980505138,5.948928887560287,1591.2954545454545,1604.2045454545455,3237.937331795463,81.29930017690099,51.032478202110305,81.382145666098,51.032478202110305,64.20804728762148
2094,631.0,48.09145658887717,32.81889090688103,44.721359549995796,32.81889090688103,404.2868462757528,1623.9413629160063,46434.96491733948,412.54925995360315,281.53460336785196,383.6391137867286,281.53460336785196,243.15197620029718
2095,12.0,6.831300510639732,2.0,6.082762530298219,2.0,736.5,1603.5,883.0738177623989,58.60184261578201,17.15686274509804,52.1805609216759,17.15686274509804,33.53155909596526
2096,15.0,4.9746021616473675,3.771236166328254,5.0990195135927845,3.771236166328254,2159.0666666666666,1602.6,1103.8422722029986,42.67428324942595,32.35129064252178,43.74158896464398,32.35129064252178,37.48942276506485
2097,12.0,4.47213595499958,3.265986323710904,4.47213595499958,3.265986323710904,518.0,1603.5,883.0738177623989,38.36391137867286,28.017039541637658,38.36391137867286,28.017039541637658,33.53155909596526
2098,18.0,5.258737584977436,4.268749491621899,5.385164807134504,4.268749491621899,866.7777777777778,1603.5,1324.6107266435984,45.1117194789731,36.61917456048198,46.196266727869514,36.61917456048198,41.06760503254743
2099,13.0,4.3616645597524775,3.756591133295642,4.47213595499958,3.756591133295642,2416.846153846154,1603.5384615384614,956.6633025759322,37.41624009591586,32.22565923170281,38.36391137867286,32.22565923170281,34.900753239580105
2100,12.0,6.831300510639732,2.0,6.082762530298219,2.0,875.5,1603.5,883.0738177623989,58.60184261578201,17.15686274509804,52.1805609216759,17.15686274509804,33.53155909596526
2101,19.0,7.3473382596274295,3.178877656956105,7.0710678118654755,3.178877656956105,923.3157894736842,1604.0,1398.2002114571317,63.028637031117654,27.26978382192737,60.65866995472834,27.26978382192737,42.192953255172434
2102,17.0,5.166921144962693,4.298766854572682,6.0,4.298766854572682,1011.5294117647059,1605.8823529411766,1251.0212418300653,44.324078449434865,36.87667644854016,51.470588235294116,36.87667644854016,39.910538230215145
2103,21.0,6.746548434033485,4.839248349697722,7.280109889280518,4.839248349697722,1702.4761904761904,1606.1904761904761,1545.379181084198,57.87480274293431,41.513159862603004,62.451923069808366,41.513159862603004,44.35808322009493
2104,16.0,9.560091892370247,2.911982659535712,8.246211251235321,2.911982659535712,1769.0625,1607.9375,1177.431757016532,82.01059221396045,24.980243402879882,70.73955730226378,24.980243402879882,38.71890934080677
2105,86.0,17.328887006102107,14.427813812897357,18.027756377319946,14.427813812897357,670.3953488372093,1614.2558139534883,6328.695693963859,148.65466794450336,123.76801064985477,154.64987088387207,123.76801064985477,89.76609844708176
2106,14.0,5.449353665897314,3.1458514520977277,5.385164807134504,3.1458514520977277,688.0714285714286,1610.142857142857,1030.2527873894655,46.74690644764852,26.986470790054035,46.196266727869514,26.986470790054035,36.218223285715055
2107,25.0,8.923889010098149,3.8374216520274986,8.54400374531753,3.8374216520274986,719.32,1611.0,1839.7371203383311,76.55296944937137,32.91905828945158,73.29414977600823,32.91905828945158,48.39863667600846
2108,27.0,9.000347016458457,3.9618285607681916,8.246211251235321,3.9618285607681916,938.7777777777778,1611.5925925925926,1986.9160899653978,77.2088592098152,33.98627441835458,70.73955730226378,33.98627441835458,50.29733864394788
2109,13.0,7.554371880072024,1.9753176197160076,7.0710678118654755,1.9753176197160076,961.4615384615385,1611.2307692307693,956.6633025759322,64.80466073591197,16.94512663972065,60.65866995472834,16.94512663972065,34.900753239580105
2110,5.0,3.098386676965933,1.7888543819998317,3.1622776601683795,1.7888543819998317,1687.8,1608.4,367.94742406766625,26.579297473972463,15.345564551469144,27.127381888699333,15.345564551469144,21.644528325173876
2111,20.0,8.601555790749929,2.9552052346015483,8.06225774829855,2.9552052346015483,1697.2,1611.7,1471.789696270665,73.78785604809988,25.351025296827007,69.16152480158068,25.351025296827007,43.28905665034775
2112,128.0,25.236836257568623,12.516533831143898,25.632011235952593,12.516533831143898,1720.9921875,1621.1875,9419.454056132256,216.49246789580926,107.37222649265598,219.88244932802468,107.37222649265598,109.51361342012649
2113,8.0,6.984716318104124,1.4878635540969356,6.082762530298219,1.4878635540969356,534.25,1611.0,588.715878508266,59.917909591579495,12.763535390537438,52.1805609216759,12.763535390537438,27.378403355031622
2114,10.0,6.0,1.959591794226542,6.0,1.959591794226542,651.5,1609.4,735.8948481353325,51.470588235294116,16.81022372498259,51.470588235294116,16.81022372498259,30.60998550862951
2115,109.0,16.3418484511992,12.447791942911401,18.35755975068582,12.447791942911401,865.4678899082569,1615.6788990825687,8021.253844675124,140.18742543920882,106.78252892203407,157.47906648872637,106.78252892203407,101.0593203021856
2116,14.0,8.0,2.0,7.0710678118654755,2.0,892.5,1612.0,1030.2527873894655,68.62745098039215,17.15686274509804,60.65866995472834,17.15686274509804,36.218223285715055
2117,45.0,9.412075651575032,6.3617291172390535,10.0,6.3617291172390535,901.2222222222222,1612.1333333333334,3311.526816608996,80.74084505027601,54.57365664298207,85.7843137254902,54.57365664298207,64.93358497552163
2118,40.0,19.083217178813044,3.414794592102832,17.46424919657298,3.414794592102832,1757.275,1617.4,2943.57939254133,163.7040689358962,29.293581059705666,149.81586320589565,29.293581059705666,61.21997101725902
2119,14.0,4.20883424647321,4.120630029101703,4.47213595499958,4.120630029101703,1014.2857142857143,1611.5,1030.2527873894655,36.1051957418045,35.34854191631362,38.36391137867286,35.34854191631362,36.218223285715055
2120,68.0,21.70709809511572,7.235711817576508,21.18962010041709,7.235711817576508,738.8235294117648,1615.3382352941176,5004.084967320261,186.21285130613975,62.071057258622005,181.77370184181328,62.071057258622005,79.82107646043029
2121,17.0,5.695306516473482,3.706277656090747,5.830951894845301,3.706277656090747,846.5882352941177,1613.0588235294117,1251.0212418300653,48.85679609719899,31.79404852038631,50.02042066656508,31.79404852038631,39.910538230215145
2122,5.0,3.098386676965933,1.7888543819998317,3.1622776601683795,1.7888543819998317,969.2,1611.6,367.94742406766625,26.579297473972463,15.345564551469144,27.127381888699333,15.345564551469144,21.644528325173876
2123,41.0,11.281358398452262,4.833745858765644,11.180339887498949,4.833745858765644,1404.7317073170732,1613.4146341463415,3017.168877354863,96.77635881025225,41.4659571217641,95.90977844668215,41.4659571217641,61.98049671177124
2124,6.0,3.265986323710904,2.0,3.1622776601683795,2.0,1710.0,1611.5,441.53690888119945,28.017039541637658,17.15686274509804,27.127381888699333,17.15686274509804,23.710392820514492
2125,9.0,4.618802153517007,2.3517789431685254,4.47213595499958,2.3517789431685254,254.88888888888889,1614.4444444444443,662.3053633217992,39.622077297327266,20.174574267377057,38.36391137867286,20.174574267377057,29.039182005605074
2126,7.0,3.0237157840738176,2.799416848895061,3.1622776601683795,2.799416848895061,585.7142857142857,1614.0,515.1263936947328,25.938738343770492,24.014605321403707,27.127381888699333,24.014605321403707,25.610151287857633
2127,24.0,6.798328968070088,4.873904539906514,7.280109889280518,4.873904539906514,813.9583333333334,1614.5,1766.1476355247978,58.31899850060124,41.810455611943134,62.451923069808366,41.810455611943134,47.420785641028985
2128,20.0,5.727128425310542,4.800000000000001,6.082762530298219,4.800000000000001,771.5,1616.4,1471.789696270665,49.129778158301214,41.1764705882353,52.1805609216759,41.1764705882353,43.28905665034775
2129,13.0,5.055900530816918,3.1378581622109447,5.0990195135927845,3.1378581622109447,882.3076923076923,1615.0,956.6633025759322,43.37169573004709,26.917900901319378,43.74158896464398,26.917900901319378,34.900753239580105
2130,55.0,16.65769659774533,5.762072078339192,16.15549442140351,5.762072078339192,799.3454545454546,1620.4363636363637,4047.4216647443286,142.8969070885016,49.42953988771365,138.58880018360853,49.42953988771365,71.78677921882132
2131,24.0,7.386225784115815,4.33003743882409,7.615773105863909,4.33003743882409,1022.1666666666666,1617.875,1766.1476355247978,63.36223099118959,37.144929009520375,65.33138693755804,37.144929009520375,47.420785641028985
2132,25.0,10.313336981161589,3.2599202924312087,9.486832980505138,3.2599202924312087,1670.96,1618.92,1839.7371203383311,88.47225351486657,27.965002508601053,81.382145666098,27.965002508601053,48.39863667600846
2133,10.0,4.09878030638384,3.098386676965933,4.47213595499958,3.098386676965933,559.9,1617.2,735.8948481353325,35.161105569469214,26.579297473972463,38.36391137867286,26.579297473972463,30.60998550862951
2134,45.0,8.459011804389602,6.881765728365864,8.94427190999916,6.881765728365864,691.1333333333333,1619.4888888888888,3311.526816608996,72.56505224353825,59.03475502274638,76.72782275734572,59.03475502274638,64.93358497552163
2135,91.0,15.27709211319606,8.081259139712913,16.76305461424021,8.081259139712913,838.6153846153846,1622.3736263736264,6696.643118031526,131.05348626516226,69.32452693381175,143.80071360255081,69.32452693381175,92.33871364076082
2136,45.0,9.535648254523128,6.14546344940602,9.848857801796104,6.14546344940602,1583.5777777777778,1618.9777777777779,3311.526816608996,81.8009041441935,52.71843645323792,84.48775075070186,52.71843645323792,64.93358497552163
2137,9.0,3.265986323710904,3.265986323710904,3.605551275463989,3.265986323710904,1688.0,1617.0,662.3053633217992,28.017039541637658,28.017039541637658,30.929974176774415,28.017039541637658,29.039182005605074
2138,294.0,43.498909784636695,16.2106135995636,39.408120990476064,16.2106135995636,1731.0272108843537,1631.530612244898,21635.308535178774,373.1524123682069,139.06163627076617,338.0598614379074,139.06163627076617,165.97274974360144
2139,13.0,7.554371880072024,1.9753176197160076,7.0710678118654755,1.9753176197160076,651.7692307692307,1617.5384615384614,956.6633025759322,64.80466073591197,16.94512663972065,60.65866995472834,16.94512663972065,34.900753239580105
2140,14.0,8.0,2.0,7.0710678118654755,2.0,875.5,1620.0,1030.2527873894655,68.62745098039215,17.15686274509804,60.65866995472834,17.15686274509804,36.218223285715055
2141,80.0,15.694399357682121,11.22589991054557,17.0,11.22589991054557,909.6875,1624.3625,5887.15878508266,134.6333278232535,96.30061197771934,145.83333333333331,96.30061197771934,86.5781133006955
2142,28.0,8.261497032856473,4.301484489908109,8.246211251235321,4.301484489908109,1044.0357142857142,1618.4285714285713,2060.505574778931,70.87068533087661,36.89998949676074,70.73955730226378,36.89998949676074,51.220302575715266
2143,7.0,3.582070095417669,2.4713456540351713,3.605551275463989,2.4713456540351713,1606.2857142857142,1619.857142857143,515.1263936947328,30.72854248520059,21.200269090987987,30.929974176774415,21.200269090987987,25.610151287857633
2144,36.0,13.119429796231316,4.32952183879723,12.649110640673518,4.32952183879723,1692.5555555555557,1623.611111111111,2649.2214532871967,112.54412815394511,37.14050597007427,108.50952755479733,37.14050597007427,58.07836401121015
2145,6.0,3.265986323710904,2.0,3.1622776601683795,2.0,593.0,1620.5,441.53690888119945,28.017039541637658,17.15686274509804,27.127381888699333,17.15686274509804,23.710392820514492
2146,5.0,3.098386676965933,1.7888543819998317,3.1622776601683795,1.7888543819998317,744.6,1622.2,367.94742406766625,26.579297473972463,15.345564551469144,27.127381888699333,15.345564551469144,21.644528325173876
2147,53.0,16.029841637141185,8.835732283417325,15.264337522473747,8.835732283417325,822.1698113207547,1623.2641509433963,3900.242695117262,137.5108963970445,75.79672301951136,130.94407188396596,75.79672301951136,70.4694786985408
2148,83.0,16.58235309382681,10.015788981837616,18.24828759089466,10.015788981837616,1594.3614457831325,1625.6144578313254,6107.927239523259,142.2505780107692,85.9197584226266,156.5416827650277,85.9197584226266,88.18651295158246
2149,14.0,5.97001906121746,3.0155540595802957,5.830951894845301,3.0155540595802957,1675.5714285714287,1622.857142857143,1030.2527873894655,51.213398809463506,25.868723550321164,50.02042066656508,25.868723550321164,36.218223285715055
2150,10.0,4.09878030638384,2.9933259094191533,4.123105625617661,2.9933259094191533,1806.5,1622.8,735.8948481353325,35.161105569469214,25.678040889625088,35.36977865113189,25.678040889625088,30.60998550862951
2151,9.0,4.241779442363347,3.3528905534744573,4.47213595499958,3.3528905534744573,564.2222222222222,1625.111111111111,662.3053633217992,36.38781384380322,28.76254151264853,38.36391137867286,28.76254151264853,29.039182005605074
2152,9.0,4.312594463574638,2.660928660904759,4.47213595499958,2.660928660904759,609.1111111111111,1624.2222222222222,662.3053633217992,36.99529564340988,22.826593904820236,38.36391137867286,22.826593904820236,29.039182005605074
2153,14.0,4.886449919442067,3.65336789561399,5.0990195135927845,3.65336789561399,519.7142857142857,1625.142857142857,1030.2527873894655,41.918075289331455,31.340165771198443,43.74158896464398,31.340165771198443,36.218223285715055
2154,16.0,7.267137657458658,2.761559390552063,7.0710678118654755,2.761559390552063,625.1875,1627.0,1177.431757016532,62.34064166937574,23.689847713069167,60.65866995472834,23.689847713069167,38.71890934080677
2155,16.0,5.477225575051661,3.7080992435478315,5.385164807134504,3.7080992435478315,854.0,1625.875,1177.431757016532,46.98600370755101,31.809674883376005,46.196266727869514,31.809674883376005,38.71890934080677
2156,8.0,3.4641016151377544,2.7386127875258306,3.605551275463989,2.7386127875258306,1644.125,1624.875,588.715878508266,29.716557972995442,23.493001853775507,30.929974176774415,23.493001853775507,27.378403355031622
2157,15.0,5.258554520990449,3.5691337129452037,5.385164807134504,3.5691337129452037,1707.0666666666666,1625.2666666666667,1103.8422722029986,45.11014907712395,30.6175686159515,46.196266727869514,30.6175686159515,37.48942276506485
2158,29.0,11.680663639086266,5.263985227006961,10.816653826391969,5.263985227006961,552.8965517241379,1629.6206896551723,2134.095059592464,100.20177141373021,45.156736015991086,92.78992253032325,45.156736015991086,52.12692698818601
2159,43.0,15.836058242186105,4.3880467545758535,14.317821063276353,4.3880467545758535,618.3255813953489,1631.3953488372092,3164.3478469819297,135.84853884228275,37.64255794366541,122.82444539575303,37.64255794366541,63.47421693259072
2160,21.0,7.11264415645268,4.011869933075522,7.615773105863909,4.011869933075522,1657.2857142857142,1626.4761904761904,1545.379181084198,61.015329773491125,34.41555089648119,65.33138693755804,34.41555089648119,44.35808322009493
2161,20.0,6.23197079847183,4.020266156238212,6.4031242374328485,4.020266156238212,540.1,1629.05,1471.789696270665,53.46053381042011,34.48757732067094,54.92876184072296,34.48757732067094,43.28905665034775
2162,49.0,12.050664584031587,7.7194222420607215,12.36931687685298,7.7194222420607215,605.9387755102041,1631.6938775510205,3605.884755863129,103.37579912772195,66.22053393924638,106.10933595339567,66.22053393924638,67.75809134641185
2163,21.0,7.527546521415493,3.7140400178978723,7.280109889280518,3.7140400178978723,1576.8095238095239,1630.5238095238096,1545.379181084198,64.5745412376329,31.86063740843763,62.451923069808366,31.86063740843763,44.35808322009493
2164,17.0,5.181899763382574,4.041201040002321,5.385164807134504,4.041201040002321,3073.5882352941176,1628.8823529411766,1251.0212418300653,44.45257149960541,34.66716578433363,46.196266727869514,34.66716578433363,39.910538230215145
2165,12.0,4.47213595499958,3.265986323710904,4.47213595499958,3.265986323710904,499.5,1629.0,883.0738177623989,38.36391137867286,28.017039541637658,38.36391137867286,28.017039541637658,33.53155909596526
2166,15.0,4.77795383588526,3.981909289096598,5.0990195135927845,3.981909289096598,643.6666666666666,1629.7333333333333,1103.8422722029986,40.98734908234904,34.15853556823062,43.74158896464398,34.15853556823062,37.48942276506485
2167,95.0,16.553633830164816,7.583158868806937,15.811388300841896,7.583158868806937,780.4526315789474,1633.9684210526316,6991.001057285658,142.00421177837464,65.05160794319676,135.63690944349665,65.05160794319676,94.3463116500366
2168,18.0,7.383126900025359,3.221540946039772,7.280109889280518,3.221540946039772,1783.1666666666667,1631.1666666666667,1324.6107266435984,63.335647426688126,27.63576791945883,62.451923069808366,27.63576791945883,41.06760503254743
2169,26.0,7.568775247222425,5.104010125728787,8.246211251235321,5.104010125728787,593.1923076923077,1632.1538461538462,1913.3266051518644,64.92821903254531,43.784400588359695,70.73955730226378,43.784400588359695,49.357118568450915
2170,39.0,15.887284829686827,3.052332172900407,15.033296378372908,3.052332172900407,654.7948717948718,1629.8974358974358,2869.9899077277964,136.28798260760757,26.18422207144957,128.96210128506172,26.18422207144957,60.449877833376824
2171,5.0,3.098386676965933,1.7888543819998317,3.1622776601683795,1.7888543819998317,1640.6,1629.8,367.94742406766625,26.579297473972463,15.345564551469144,27.127381888699333,15.345564551469144,21.644528325173876
2172,14.0,5.449353665897314,3.145851452097728,5.385164807134504,3.145851452097728,1833.857142857143,1629.9285714285713,1030.2527873894655,46.74690644764852,26.98647079005404,46.196266727869514,26.98647079005404,36.218223285715055
2173,24.0,5.5377492419453835,5.5377492419453835,6.082762530298219,5.5377492419453835,694.5,1633.5,1766.1476355247978,47.505201830413824,47.505201830413824,52.1805609216759,47.505201830413824,47.420785641028985
2174,6.0,3.1269438398822857,2.309401076758503,3.1622776601683795,2.309401076758503,671.1666666666666,1633.1666666666667,441.53690888119945,26.824273136245097,19.811038648663626,27.127381888699333,19.811038648663626,23.710392820514492
2175,9.0,9.20493942654585,1.180062262656173,8.0,1.180062262656173,730.2222222222222,1632.888888888889,662.3053633217992,78.9639411590943,10.123083135530896,68.62745098039215,10.123083135530896,29.039182005605074
2176,31.0,9.860642970479708,4.477226350840258,9.219544457292887,4.477226350840258,771.0645161290323,1633.6129032258063,2281.274029219531,84.58884901146807,38.407578990051235,79.08922941305173,38.407578990051235,53.8944408988476
2177,44.0,13.237633649498623,5.04162155696411,15.297058540778355,5.04162155696411,804.3181818181819,1637.75,3237.937331795463,113.55813179716955,43.249204532780354,131.22476689393196,43.249204532780354,64.20804728762148
2178,16.0,6.053850893495273,3.3691080955241675,6.708203932499369,3.3691080955241675,563.5,1635.5,1177.431757016532,51.93254442949376,28.901662584153396,57.545867068009294,28.901662584153396,38.71890934080677
2179,12.0,6.831300510639732,2.0,6.082762530298219,2.0,715.5,1635.5,883.0738177623989,58.60184261578201,17.15686274509804,52.1805609216759,17.15686274509804,33.53155909596526
2180,32.0,9.585157105732543,5.086724216863437,9.433981132056603,5.086724216863437,792.625,1636.75,2354.863514033064,82.22561242662721,43.636114605446146,80.92875971126988,43.636114605446146,54.756806710063245
2181,175.0,27.1000019447618,11.953065386959416,27.892651361962706,11.953065386959416,1666.24,1638.8057142857142,12878.159842368319,232.47550687908407,102.53855111362243,239.275195507033,102.53855111362243,128.05075643928816
2182,20.0,5.138093031466052,4.9396356140913875,5.385164807134504,4.9396356140913875,1748.75,1635.25,1471.789696270665,44.076778456203876,42.374325120882,46.196266727869514,42.374325120882,43.28905665034775
2183,12.0,4.47213595499958,3.265986323710904,4.47213595499958,3.265986323710904,743.0,1635.5,883.0738177623989,38.36391137867286,28.017039541637658,38.36391137867286,28.017039541637658,33.53155909596526
2184,8.0,3.4641016151377544,3.3166247903554,4.123105625617661,3.3166247903554,912.75,1635.5,588.715878508266,29.716557972995442,28.451438152558577,35.36977865113189,28.451438152558577,27.378403355031622
2185,5.0,5.656854249492381,0.0,5.0,0.0,1771.0,1634.0,367.94742406766625,48.52693596378268,0.0,42.8921568627451,0.0,21.644528325173876
2186,17.0,5.8708134405647785,3.7162300998566393,5.830951894845301,3.7162300998566393,1580.5294117647059,1636.764705882353,1251.0212418300653,50.362370200923344,31.87942487622117,50.02042066656508,31.87942487622117,39.910538230215145
2187,108.0,22.537100296761317,13.08218567721036,20.615528128088304,13.08218567721036,639.3796296296297,1643.0833333333333,7947.664359861591,193.3329682320211,112.22463203489279,176.84889325565948,112.22463203489279,100.59467728789576
2188,6.0,3.1269438398822857,2.309401076758503,3.1622776601683795,2.309401076758503,1782.1666666666667,1638.1666666666667,441.53690888119945,26.824273136245097,19.811038648663626,27.127381888699333,19.811038648663626,23.710392820514492
2189,6.0,4.363338213437162,1.65500979239906,4.123105625617661,1.65500979239906,575.3333333333334,1639.8333333333333,441.53690888119945,37.430597419191336,14.197387924991936,35.36977865113189,14.197387924991936,23.710392820514492
2190,6.0,3.1269438398822857,2.309401076758503,3.1622776601683795,2.309401076758503,768.1666666666666,1639.1666666666667,441.53690888119945,26.824273136245097,19.811038648663626,27.127381888699333,19.811038648663626,23.710392820514492
2191,27.0,6.556236779631799,5.530373609990886,7.280109889280518,5.530373609990886,1822.7037037037037,1640.5925925925926,1986.9160899653978,56.24222727625318,47.441930477862996,62.451923069808366,47.441930477862996,50.29733864394788
2192,16.0,5.491121612710071,3.6874901266889313,5.385164807134504,3.6874901266889313,490.0,1641.125,1177.431757016532,47.10520991295404,31.632880988753087,46.196266727869514,31.632880988753087,38.71890934080677
2193,64.0,12.19838350850704,7.644201382707251,13.038404810405298,7.644201382707251,1643.03125,1642.875,4709.727028066128,104.64299578376138,65.57525695949847,111.84906087357486,65.57525695949847,77.43781868161354
2194,61.0,9.980678502640966,7.88455599566623,10.816653826391969,7.88455599566623,1771.0655737704917,1642.5573770491803,4488.958573625528,85.61856558638084,67.63712251184266,92.78992253032325,67.63712251184266,75.6010872826238
2195,17.0,9.850849153622065,1.985817190609744,9.055385138137417,1.985817190609744,1793.4705882352941,1642.764705882353,1251.0212418300653,84.50483342567948,17.035196488073783,77.68099995951215,17.035196488073783,39.910538230215145
2196,25.0,7.740709077667087,4.409242902690027,8.246211251235321,4.409242902690027,2960.0,1642.6,1839.7371203383311,66.40314159763432,37.82438764562523,70.73955730226378,37.82438764562523,48.39863667600846
2197,51.0,10.56963638180387,7.184489475586025,11.661903789690601,7.184489475586025,652.3137254901961,1643.6470588235295,3753.063725490196,90.67090033410182,61.63164991311541,100.04084133313016,61.63164991311541,69.1270799721527
2198,22.0,8.546940799216484,3.3733596073950345,8.06225774829855,3.3733596073950345,664.5,1642.8636363636363,1618.9686658977314,73.31934509131787,28.938133886967208,69.16152480158068,28.938133886967208,45.401945643823666
2199,8.0,3.4641016151377544,2.7386127875258306,3.605551275463989,2.7386127875258306,1759.125,1640.875,588.715878508266,29.716557972995442,23.493001853775507,30.929974176774415,23.493001853775507,27.378403355031622
2200,22.0,6.853336137805966,4.1747428659881365,6.708203932499369,4.1747428659881365,555.3636363636364,1643.5454545454545,1618.9686658977314,58.79087373117863,35.81274517391784,57.545867068009294,35.81274517391784,45.401945643823666
2201,31.0,12.449057443443117,4.231730763255615,11.40175425099138,4.231730763255615,590.7741935483871,1642.5806451612902,2281.274029219531,106.79338493149731,36.301611939692776,97.80916636879859,36.301611939692776,53.8944408988476
2202,22.0,8.220586888342678,3.6352908605723013,8.06225774829855,3.6352908605723013,1837.0,1644.3636363636363,1618.9686658977314,70.51974046372395,31.185093166674154,69.16152480158068,31.185093166674154,45.401945643823666
2203,19.0,9.412718061237225,3.1436814659714405,8.06225774829855,3.1436814659714405,619.3684210526316,1645.157894736842,1398.2002114571317,80.7463559174762,26.967855712990296,69.16152480158068,26.967855712990296,42.192953255172434
2204,38.0,12.532906792795366,4.884362317185477,12.165525060596439,4.884362317185477,628.2105263157895,1647.5526315789473,2796.4004229142633,107.51268082054848,41.900166936640126,104.3611218433518,41.900166936640126,59.669846730038884
2205,157.0,23.353497663578786,16.774608327408934,25.495097567963924,16.774608327408934,682.4904458598726,1651.7961783439491,11553.54911572472,200.3363770159945,143.89982633806684,218.70794482321992,143.89982633806684,121.28663587372098
2206,25.0,10.601259779803325,3.951365723534632,10.198039027185569,3.951365723534632,545.4,1650.2,1839.7371203383311,90.94217948360695,33.89651968718434,87.48317792928796,33.89651968718434,48.39863667600846
2207,32.0,11.616670412635893,5.394427080255128,12.041594578792296,5.394427080255128,1764.1875,1649.65625,2354.863514033064,99.65280991231771,46.2757225021886,103.29799271022803,46.2757225021886,54.756806710063245
2208,18.0,6.0,3.7712361663282534,6.082762530298219,3.7712361663282534,1819.5,1646.3333333333333,1324.6107266435984,51.470588235294116,32.35129064252178,52.1805609216759,32.35129064252178,41.06760503254743
2209,1826.0,110.05532043555743,45.2673830113281,119.10079764636339,45.2673830113281,1452.5460021905806,1673.2710843373493,134374.39926951172,944.1020135403211,388.32313857756947,1021.6980190251761,388.32313857756947,413.6314101519754
2210,10.0,4.09878030638384,2.9933259094191533,4.123105625617661,2.9933259094191533,1826.5,1646.8,735.8948481353325,35.161105569469214,25.678040889625088,35.36977865113189,25.678040889625088,30.60998550862951
2211,5.0,3.098386676965933,1.7888543819998317,3.1622776601683795,1.7888543819998317,1918.4,1646.8,367.94742406766625,26.579297473972463,15.345564551469144,27.127381888699333,15.345564551469144,21.644528325173876
2212,22.0,7.759785301043095,3.611361298571905,7.615773105863909,3.611361298571905,1802.7272727272727,1648.7272727272727,1618.9686658977314,66.56678567071282,30.979815061278597,65.33138693755804,30.979815061278597,45.401945643823666
2213,72.0,15.197413829888692,10.986454984662775,15.811388300841896,10.986454984662775,1851.986111111111,1652.75,5298.442906574393,130.3699715799275,94.2465501135287,135.63690944349665,94.2465501135287,82.13521006509487
2214,32.0,8.703669580298335,4.8149388196517515,9.219544457292887,4.8149388196517515,2960.5625,1652.25,2354.863514033064,74.66383218393179,41.30462222740473,79.08922941305173,41.30462222740473,54.756806710063245
2215,6.0,3.8297084310253524,1.8856180831641272,4.0,1.8856180831641272,449.5,1649.3333333333333,441.53690888119945,32.852890952423365,16.175645321260895,34.31372549019608,16.175645321260895,23.710392820514492
2216,33.0,11.898836166331156,5.720845599996938,10.770329614269007,5.720845599996938,647.6060606060606,1653.6363636363637,2428.452998846597,102.0733494660761,49.07588137252275,92.39253345573903,49.07588137252275,55.60580007847273
2217,13.0,5.055900530816918,3.1378581622109447,5.0990195135927845,3.1378581622109447,1410.3076923076924,1650.0,956.6633025759322,43.37169573004709,26.917900901319378,43.74158896464398,26.917900901319378,34.900753239580105
2218,13.0,7.370845273753845,2.888805317669981,7.280109889280518,2.888805317669981,1868.8461538461538,1652.5384615384614,956.6633025759322,63.23029033857465,24.781418166286603,62.451923069808366,24.781418166286603,34.900753239580105
2219,14.0,4.20883424647321,4.120630029101703,4.47213595499958,4.120630029101703,605.7142857142857,1651.5,1030.2527873894655,36.1051957418045,35.34854191631362,38.36391137867286,35.34854191631362,36.218223285715055
2220,29.0,6.341063442449137,5.829948411900614,6.708203932499369,5.829948411900614,432.86206896551727,1653.5862068965516,2134.095059592464,54.39637757002936,50.01181235699056,57.545867068009294,50.01181235699056,52.12692698818601
2221,6.0,3.265986323710904,2.0,3.1622776601683795,2.0,593.0,1651.5,441.53690888119945,28.017039541637658,17.15686274509804,27.127381888699333,17.15686274509804,23.710392820514492
2222,12.0,6.831300510639732,2.0,6.082762530298219,2.0,1723.5,1651.5,883.0738177623989,58.60184261578201,17.15686274509804,52.1805609216759,17.15686274509804,33.53155909596526
2223,37.0,8.835466196455716,5.466170699571544,9.219544457292887,5.466170699571544,522.6216216216217,1655.4054054054054,2722.8109381007303,75.79444041077207,46.89117021691275,79.08922941305173,46.89117021691275,58.87948273806829
2224,89.0,19.731256215633607,6.211854435337861,20.024984394500787,6.211854435337861,1513.943820224719,1661.2696629213483,6549.464148404459,169.26322733999416,53.28796696981008,171.7829543645901,53.28796696981008,91.3183650437453
2225,42.0,11.595918364148396,4.749696895872789,12.165525060596439,4.749696895872789,1614.5714285714287,1657.6190476190477,3090.758362168396,99.47478988852791,40.74494886165383,104.3611218433518,40.74494886165383,62.731802890732666
2226,6.0,3.1269438398822857,2.309401076758503,3.1622776601683795,2.309401076758503,1629.1666666666667,1652.8333333333333,441.53690888119945,26.824273136245097,19.811038648663626,27.127381888699333,19.811038648663626,23.710392820514492
2227,5.0,3.098386676965933,1.7888543819998317,3.1622776601683795,1.7888543819998317,662.6,1654.2,367.94742406766625,26.579297473972463,15.345564551469144,27.127381888699333,15.345564551469144,21.644528325173876
2228,234.0,25.681147386563485,17.009724863016466,25.96150997149434,17.009724863016466,1836.525641025641,1664.076923076923,17219.93944636678,220.30396042395145,145.91675740332752,222.70903161821124,145.91675740332752,148.07135570535274
2229,61.0,14.449616801506455,5.650368202648383,14.422205101855956,5.650368202648383,1385.0983606557377,1659.377049180328,4488.958573625528,123.95504609135439,48.4712958560523,123.71989670709766,48.4712958560523,75.6010872826238
2230,26.0,7.286735034185556,4.953446137412557,7.615773105863909,4.953446137412557,1415.3076923076924,1656.7692307692307,1913.3266051518644,62.508756420709425,42.49279774741164,65.33138693755804,42.49279774741164,49.357118568450915
2231,11.0,6.594798011142963,2.2737185879123643,6.324555320336759,2.2737185879123643,1876.4545454545455,1655.5454545454545,809.4843329488657,56.57302215441267,19.50493886689528,54.254763777398665,19.50493886689528,32.10402364381074
2232,29.0,6.258786926641891,5.892416376081055,7.0710678118654755,5.892416376081055,1961.103448275862,1656.4827586206898,2134.095059592464,53.690574125604456,50.54768950069533,60.65866995472834,50.54768950069533,52.12692698818601
2233,27.0,8.810068216084655,5.092422470204194,8.602325267042627,5.092422470204194,598.0,1658.4814814814815,1986.9160899653978,75.57656557915757,43.68499668067323,73.79445694766959,43.68499668067323,50.29733864394788
2234,5.0,3.098386676965933,1.7888543819998317,3.1622776601683795,1.7888543819998317,652.8,1655.4,367.94742406766625,26.579297473972463,15.345564551469144,27.127381888699333,15.345564551469144,21.644528325173876
2235,13.0,5.055900530816918,3.1378581622109447,5.0990195135927845,3.1378581622109447,621.6923076923077,1657.0,956.6633025759322,43.37169573004709,26.917900901319378,43.74158896464398,26.917900901319378,34.900753239580105
2236,15.0,7.503608953854994,2.560873852779435,7.0710678118654755,2.560873852779435,1636.0,1657.2666666666667,1103.8422722029986,64.3691944570894,21.968280599823583,60.65866995472834,21.968280599823583,37.48942276506485
2237,6.0,3.265986323710904,2.0,3.1622776601683795,2.0,1768.5,1657.0,441.53690888119945,28.017039541637658,17.15686274509804,27.127381888699333,17.15686274509804,23.710392820514492
2238,15.0,5.656854249492381,3.265986323710904,5.385164807134504,3.265986323710904,1801.0,1658.0,1103.8422722029986,48.52693596378268,28.017039541637658,46.196266727869514,28.017039541637658,37.48942276506485
2239,12.0,6.945942873816464,2.4217738756517675,6.324555320336759,2.4217738756517675,1815.5833333333333,1658.1666666666667,883.0738177623989,59.58529426068045,20.77502099211075,54.254763777398665,20.77502099211075,33.53155909596526
2240,19.0,6.27506632630675,3.833479458809703,6.324555320336759,3.833479458809703,1823.842105263158,1658.2631578947369,1398.2002114571317,53.83022583841575,32.8852404554754,54.254763777398665,32.8852404554754,42.192953255172434
2241,12.0,6.831300510639732,2.0,6.082762530298219,2.0,301.5,1659.5,883.0738177623989,58.60184261578201,17.15686274509804,52.1805609216759,17.15686274509804,33.53155909596526
2242,25.0,10.862623264583071,3.162817701312963,9.848857801796104,3.162817701312963,340.32,1659.24,1839.7371203383311,93.18426820108026,27.132014594596495,84.48775075070186,27.132014594596495,48.39863667600846
2243,60.0,16.472701124768133,6.2600235967479,15.811388300841896,6.2600235967479,532.8333333333334,1662.8833333333334,4415.3690888119945,141.30993611933445,53.70118281523934,135.63690944349665,53.70118281523934,74.9788455301297
2244,43.0,8.090814725763192,7.048395168812711,8.54400374531753,7.048395168812711,667.7209302325581,1661.0697674418604,3164.3478469819297,69.40649887296856,60.4641742422659,73.29414977600823,60.4641742422659,63.47421693259072
2245,11.0,6.410747983365109,1.964939688573319,6.082762530298219,1.964939688573319,1779.5454545454545,1659.7272727272727,809.4843329488657,54.99416162200461,16.85610026962406,52.1805609216759,16.85610026962406,32.10402364381074
2246,27.0,6.421500681256116,5.2654105708259085,6.708203932499369,5.2654105708259085,2352.925925925926,1659.5925925925926,1986.9160899653978,55.08640290293237,45.16896323012421,57.545867068009294,45.16896323012421,50.29733864394788
2247,8.0,4.47213595499958,2.0,4.123105625617661,2.0,467.5,1659.5,588.715878508266,38.36391137867286,17.15686274509804,35.36977865113189,17.15686274509804,27.378403355031622
2248,15.0,5.215498621614658,3.7283771738060287,5.385164807134504,3.7283771738060287,552.7333333333333,1659.6,1103.8422722029986,44.740796999145346,31.983627716473286,46.196266727869514,31.983627716473286,37.48942276506485
2249,11.0,4.346129984141888,3.067356324605907,4.47213595499958,3.067356324605907,640.0909090909091,1660.3636363636363,809.4843329488657,37.28297780513875,26.313105725785963,38.36391137867286,26.313105725785963,32.10402364381074
2250,12.0,4.894994431930091,2.9693109114997,5.0990195135927845,2.9693109114997,653.0833333333334,1661.1666666666667,883.0738177623989,41.99137380332186,25.47202987806115,43.74158896464398,25.47202987806115,33.53155909596526
2251,7.0,4.155374705678736,1.9054711331003737,4.123105625617661,1.9054711331003737,1364.7142857142858,1659.5714285714287,515.1263936947328,35.646596739891116,16.345953347674776,35.36977865113189,16.345953347674776,25.610151287857633
2252,18.0,9.120192302030514,2.745567656551084,8.246211251235321,2.745567656551084,1883.7222222222222,1660.5555555555557,1324.6107266435984,78.23694376741862,23.55266372041371,70.73955730226378,23.55266372041371,41.06760503254743
2253,22.0,5.803252125075943,4.896443335195968,6.324555320336759,4.896443335195968,1809.0,1663.1818181818182,1618.9686658977314,49.782800092563235,42.00380312055365,54.254763777398665,42.00380312055365,45.401945643823666
2254,158.0,30.935783107169655,9.379238410617628,30.083217912982647,9.379238410617628,541.373417721519,1675.76582278481,11627.138600538254,265.38049234091613,80.45915303225905,258.066820331959,80.45915303225905,121.67228592760323
2255,30.0,8.7391837910261,4.550946177566937,9.055385138137417,4.550946177566937,1372.8333333333333,1664.0666666666666,2207.6845444059973,74.96848840341018,39.03997946442225,77.68099995951215,39.03997946442225,53.01805011989337
2256,21.0,6.640342806169359,4.079281958152179,6.708203932499369,4.079281958152179,1860.142857142857,1664.5714285714287,1545.379181084198,56.96372505292342,34.993840327285845,57.545867068009294,34.993840327285845,44.35808322009493
2257,5.0,3.098386676965933,1.7888543819998317,3.1622776601683795,1.7888543819998317,1875.2,1662.6,367.94742406766625,26.579297473972463,15.345564551469144,27.127381888699333,15.345564551469144,21.644528325173876
2258,7.0,6.679120530303046,1.3254040442294808,6.0,1.3254040442294808,1907.2857142857142,1662.142857142857,515.1263936947328,57.2963770981879,11.369887634321525,51.470588235294116,11.369887634321525,25.610151287857633
2259,45.0,10.456570945525854,5.516607976588277,10.44030650891055,5.516607976588277,625.9555555555555,1667.8,3311.526816608996,89.70097624838355,47.32384293641905,89.561452895066,47.32384293641905,64.93358497552163
2260,11.0,4.854444919780395,2.858303992038103,5.0990195135927845,2.858303992038103,353.72727272727275,1664.8181818181818,809.4843329488657,41.64352259615535,24.519764637581765,43.74158896464398,24.519764637581765,32.10402364381074
2261,18.0,5.3272578009432285,4.50684838295908,6.082762530298219,4.50684838295908,581.6111111111111,1665.5,1324.6107266435984,45.69951544926789,38.66168955969799,52.1805609216759,38.66168955969799,41.06760503254743
2262,5.0,2.5298221281347035,2.5298221281347035,3.0,2.5298221281347035,633.0,1665.0,367.94742406766625,21.701905510959467,21.701905510959467,25.735294117647058,21.701905510959467,21.644528325173876
2263,9.0,4.312594463574638,2.660928660904759,4.47213595499958,2.660928660904759,1758.2222222222222,1665.111111111111,662.3053633217992,36.99529564340988,22.826593904820236,38.36391137867286,22.826593904820236,29.039182005605074
2264,21.0,9.843431244377957,2.7297495377814167,10.0,2.7297495377814167,461.76190476190476,1669.5714285714287,1545.379181084198,84.4411994003011,23.41696907410529,85.7843137254902,23.41696907410529,44.35808322009493
2265,12.0,6.831300510639732,2.0,6.082762530298219,2.0,603.5,1667.5,883.0738177623989,58.60184261578201,17.15686274509804,52.1805609216759,17.15686274509804,33.53155909596526
2266,12.0,6.831300510639732,2.0,6.082762530298219,2.0,611.5,1667.5,883.0738177623989,58.60184261578201,17.15686274509804,52.1805609216759,17.15686274509804,33.53155909596526
2267,5.0,3.098386676965933,1.7888543819998317,3.1622776601683795,1.7888543819998317,517.6,1666.8,367.94742406766625,26.579297473972463,15.345564551469144,27.127381888699333,15.345564551469144,21.644528325173876
2268,38.0,9.470576913819096,5.215906425986234,9.433981132056603,5.215906425986234,1414.2368421052631,1669.078947368421,2796.4004229142633,81.2426941136442,44.74429532096034,80.92875971126988,44.74429532096034,59.669846730038884
2269,17.0,7.831351348290859,3.362530930759593,7.280109889280518,3.362530930759593,1503.764705882353,1668.5882352941176,1251.0212418300653,67.18071009563236,28.845240827594548,62.451923069808366,28.845240827594548,39.910538230215145
2270,26.0,8.058954371513103,4.038278384125134,8.06225774829855,4.038278384125134,1891.5,1669.3076923076924,1913.3266051518644,69.13318701052907,34.642093981465614,69.16152480158068,34.642093981465614,49.357118568450915
2271,6.0,3.265986323710904,2.0,3.1622776601683795,2.0,569.0,1667.5,441.53690888119945,28.017039541637658,17.15686274509804,27.127381888699333,17.15686274509804,23.710392820514492
2272,38.0,10.012966170813963,4.974818460149343,9.848857801796104,4.974818460149343,1812.1315789473683,1669.342105263158,2796.4004229142633,85.89554313198252,42.67613875128112,84.48775075070186,42.67613875128112,59.669846730038884
2273,6.0,3.265986323710904,2.0,3.1622776601683795,2.0,1865.0,1667.5,441.53690888119945,28.017039541637658,17.15686274509804,27.127381888699333,17.15686274509804,23.710392820514492
2274,12.0,6.476553910947835,2.549253593315257,6.324555320336759,2.549253593315257,1497.1666666666667,1669.3333333333333,883.0738177623989,55.558673255679956,21.86859700147892,54.254763777398665,21.86859700147892,33.53155909596526
2275,12.0,6.831300510639732,2.0,6.082762530298219,2.0,299.5,1669.5,883.0738177623989,58.60184261578201,17.15686274509804,52.1805609216759,17.15686274509804,33.53155909596526
2276,62.0,11.698824615760785,7.063789917592968,11.661903789690601,7.063789917592968,509.5806451612903,1671.9193548387098,4562.548058439062,100.35756410579104,60.59623703817497,100.04084133313016,60.59623703817497,76.21824925566548
2277,14.0,6.05122561235416,2.849098535667036,6.082762530298219,2.849098535667036,673.5714285714286,1670.142857142857,1030.2527873894655,51.91002363539108,24.440796261849574,52.1805609216759,24.440796261849574,36.218223285715055
2278,44.0,10.597536170230855,6.265318075861998,11.40175425099138,6.265318075861998,1882.7045454545455,1672.090909090909,3237.937331795463,90.91023675443135,53.74660114097302,97.80916636879859,53.74660114097302,64.20804728762148
2279,16.0,8.21059149218198,2.566356824081348,8.0,2.566356824081348,1923.75,1669.75,1177.431757016532,70.43399564371796,22.015315892854698,68.62745098039215,22.015315892854698,38.71890934080677
2280,79.0,19.784218661143715,5.40980526836214,18.027756377319946,5.40980526836214,1382.126582278481,1674.0886075949368,5813.569300269127,169.717562044125,46.407643233498746,154.64987088387207,46.407643233498746,86.03529846187678
2281,14.0,4.20883424647321,4.120630029101703,4.47213595499958,4.120630029101703,1803.5,1672.7142857142858,1030.2527873894655,36.1051957418045,35.34854191631362,38.36391137867286,35.34854191631362,36.218223285715055
2282,8.0,3.4641016151377544,2.7386127875258306,3.605551275463989,2.7386127875258306,1869.875,1671.875,588.715878508266,29.716557972995442,23.493001853775507,30.929974176774415,23.493001853775507,27.378403355031622
2283,11.0,4.972652484064487,2.7453943400984544,5.0990195135927845,2.7453943400984544,527.0,1673.7272727272727,809.4843329488657,42.65755807408261,23.551176937119095,43.74158896464398,23.551176937119095,32.10402364381074
2284,12.0,6.831300510639732,2.0,6.082762530298219,2.0,659.5,1672.5,883.0738177623989,58.60184261578201,17.15686274509804,52.1805609216759,17.15686274509804,33.53155909596526
2285,9.0,4.618802153517006,2.351778943168525,4.47213595499958,2.351778943168525,1489.4444444444443,1673.111111111111,662.3053633217992,39.62207729732725,20.174574267377054,38.36391137867286,20.174574267377054,29.039182005605074
2286,14.0,8.246211251235321,1.9794866372215747,8.0,1.9794866372215747,1913.4285714285713,1675.5,1030.2527873894655,70.73955730226378,16.980890270283115,68.62745098039215,16.980890270283115,36.218223285715055
2287,7.0,3.0237157840738176,2.7994168488950604,3.1622776601683795,2.7994168488950604,553.0,1674.7142857142858,515.1263936947328,25.938738343770492,24.014605321403703,27.127381888699333,24.014605321403703,25.610151287857633
2288,6.0,3.8297084310253524,1.8856180831641272,4.0,1.8856180831641272,1846.6666666666667,1675.5,441.53690888119945,32.852890952423365,16.175645321260895,34.31372549019608,16.175645321260895,23.710392820514492
2289,5.0,3.098386676965933,1.7888543819998317,3.1622776601683795,1.7888543819998317,476.6,1675.8,367.94742406766625,26.579297473972463,15.345564551469144,27.127381888699333,15.345564551469144,21.644528325173876
2290,88.0,19.082341382257933,7.397969305850446,18.601075237738275,7.397969305850446,1464.5113636363637,1681.659090909091,6475.874663590926,163.69655597525187,63.46297198646216,159.56804738255872,63.46297198646216,90.80389128764733
2291,14.0,7.017298793846583,2.6462077766235526,6.324555320336759,2.6462077766235526,499.7857142857143,1677.7142857142858,1030.2527873894655,60.19741612368392,22.70031180927067,54.254763777398665,22.70031180927067,36.218223285715055
2292,39.0,22.920987295939398,3.270583655520949,20.223748416156685,3.270583655520949,1867.128205128205,1686.6923076923076,2869.9899077277964,196.62611650928403,28.056477437066963,173.48803788369705,28.056477437066963,60.449877833376824
2293,13.0,4.3616645597524775,3.756591133295642,4.47213595499958,3.756591133295642,557.8461538461538,1679.5384615384614,956.6633025759322,37.41624009591586,32.22565923170281,38.36391137867286,32.22565923170281,34.900753239580105
2294,15.0,6.453653545640349,2.8259355032270834,6.324555320336759,2.8259355032270834,1397.9333333333334,1680.6,1103.8422722029986,55.36222404348339,24.242093777683312,54.254763777398665,24.242093777683312,37.48942276506485
2295,8.0,9.16515138991168,0.0,8.0,0.0,238.0,1682.5,588.715878508266,78.6226222173796,0.0,68.62745098039215,0.0,27.378403355031622
2296,11.0,3.9999999999999996,3.468869823334348,4.123105625617661,3.468869823334348,477.54545454545456,1680.6363636363637,809.4843329488657,34.31372549019607,29.757461719779947,35.36977865113189,29.757461719779947,32.10402364381074
2297,12.0,4.270320962938327,3.813415352576645,5.0990195135927845,3.813415352576645,1381.8333333333333,1680.4166666666667,883.0738177623989,36.63265531932388,32.713121897103576,43.74158896464398,32.713121897103576,33.53155909596526
2298,9.0,3.885753375057407,2.7954428906961324,4.123105625617661,2.7954428906961324,440.8888888888889,1681.3333333333333,662.3053633217992,33.3336686585807,23.98051499371682,35.36977865113189,23.98051499371682,29.039182005605074
2299,6.0,3.265986323710904,2.0,3.1622776601683795,2.0,1875.5,1681.0,441.53690888119945,28.017039541637658,17.15686274509804,27.127381888699333,17.15686274509804,23.710392820514492
2300,92.0,15.277543548859871,10.235103499329682,15.811388300841896,10.235103499329682,1884.6739130434783,1684.7717391304348,6770.232602845059,131.0573588750234,87.801132959936,135.63690944349665,87.801132959936,92.8446829824642
2301,6.0,3.265986323710904,2.0,3.1622776601683795,2.0,1340.0,1681.5,441.53690888119945,28.017039541637658,17.15686274509804,27.127381888699333,17.15686274509804,23.710392820514492
2302,10.0,4.09878030638384,2.9933259094191533,4.123105625617661,2.9933259094191533,1493.5,1681.8,735.8948481353325,35.161105569469214,25.678040889625088,35.36977865113189,25.678040889625088,30.60998550862951
2303,14.0,7.223425730278744,2.471403448419801,6.708203932499369,2.471403448419801,1899.5,1683.5,1030.2527873894655,61.96566190190099,21.200764876150252,57.545867068009294,21.200764876150252,36.218223285715055
2304,14.0,6.596731519365874,2.739259283943401,6.324555320336759,2.739259283943401,343.64285714285717,1684.5714285714287,1030.2527873894655,56.58960862201117,23.498547778926234,54.254763777398665,23.498547778926234,36.218223285715055
2305,14.0,5.302790716312392,3.3507237120510704,5.385164807134504,3.3507237120510704,350.35714285714283,1683.357142857143,1030.2527873894655,45.489626242875914,28.74395341220281,46.196266727869514,28.74395341220281,36.218223285715055
2306,140.0,26.82730218526907,12.839048390854613,26.076809620810597,12.839048390854613,499.3857142857143,1692.1,10302.527873894654,230.13617070696503,110.13889550978222,223.6981217471497,110.13889550978222,114.5320783874069
2307,28.0,7.674922404983994,4.728728391430796,8.06225774829855,4.728728391430796,1387.5357142857142,1684.25,2060.505574778931,65.83879514079406,40.565071985313196,69.16152480158068,40.565071985313196,51.220302575715266
2308,6.0,3.265986323710904,2.0,3.1622776601683795,2.0,1905.0,1683.5,441.53690888119945,28.017039541637658,17.15686274509804,27.127381888699333,17.15686274509804,23.710392820514492
2309,18.0,8.87265978619066,3.3762945826213917,8.246211251235321,3.3762945826213917,1374.111111111111,1688.2777777777778,1324.6107266435984,76.11350306781203,28.963311370526643,70.73955730226378,28.963311370526643,41.06760503254743
2310,16.0,8.21059149218198,2.566356824081348,8.0,2.566356824081348,459.75,1685.75,1177.431757016532,70.43399564371796,22.015315892854698,68.62745098039215,22.015315892854698,38.71890934080677
2311,102.0,37.131645886651505,5.827704076371541,33.015148038438355,5.827704076371541,1348.1274509803923,1689.7156862745098,7506.127450980392,318.531275988432,49.992559478677435,283.2181817022898,49.992559478677435,97.7604540238679
2312,18.0,5.033222956847167,4.575835618216445,5.385164807134504,4.575835618216445,415.77777777777777,1688.9444444444443,1324.6107266435984,43.177157718051674,39.25349182293519,46.196266727869514,39.25349182293519,41.06760503254743
2313,5.0,3.098386676965933,1.7888543819998317,3.1622776601683795,1.7888543819998317,421.6,1688.8,367.94742406766625,26.579297473972463,15.345564551469144,27.127381888699333,15.345564551469144,21.644528325173876
2314,6.0,3.8297084310253524,1.8856180831641265,3.605551275463989,1.8856180831641265,1383.8333333333333,1689.0,441.53690888119945,32.852890952423365,16.175645321260887,30.929974176774415,16.175645321260887,23.710392820514492
2315,17.0,4.995710434037936,4.384382288885431,5.385164807134504,4.384382288885431,510.1764705882353,1690.8235294117646,1251.0212418300653,42.85535911552151,37.61112257622305,46.196266727869514,37.61112257622305,39.910538230215145
2316,9.0,3.885753375057407,2.7954428906961324,4.123105625617661,2.7954428906961324,3171.8888888888887,1690.3333333333333,662.3053633217992,33.3336686585807,23.98051499371682,35.36977865113189,23.98051499371682,29.039182005605074
2317,8.0,8.493618765183317,1.1655214591442762,7.0710678118654755,1.1655214591442762,485.375,1690.125,588.715878508266,72.86192568171963,9.99834585050237,60.65866995472834,9.99834585050237,27.378403355031622
2318,38.0,9.81718973034436,5.168577999876129,9.486832980505138,5.168577999876129,540.3684210526316,1693.5,2796.4004229142633,84.2160883730521,44.33829166560405,81.382145666098,44.33829166560405,59.669846730038884
2319,13.0,5.203549084703927,3.076923076923077,5.0990195135927845,3.076923076923077,1368.0,1692.1538461538462,956.6633025759322,44.638288716822906,26.395173453996986,43.74158896464398,26.395173453996986,34.900753239580105
2320,22.0,5.752469825293227,4.851514205136848,6.082762530298219,4.851514205136848,1924.5,1693.2727272727273,1618.9686658977314,49.34716761893699,41.61838166171315,52.1805609216759,41.61838166171315,45.401945643823666
2321,351.0,39.15986868303717,13.172912898541648,39.0,13.172912898541648,1476.0398860398861,1701.6638176638176,25829.90916955017,335.9302460554659,113.00292927670532,334.55882352941177,113.00292927670532,181.3496335001305
2322,22.0,8.864674640247516,3.3122896206124572,8.54400374531753,3.3122896206124572,1906.7727272727273,1693.8181818181818,1618.9686658977314,76.04500304133899,28.414249196430394,73.29414977600823,28.414249196430394,45.401945643823666
2323,7.0,3.0237157840738176,2.799416848895061,3.1622776601683795,2.799416848895061,1880.7142857142858,1694.0,515.1263936947328,25.938738343770492,24.014605321403707,27.127381888699333,24.014605321403707,25.610151287857633
2324,6.0,3.1269438398822857,2.309401076758503,3.1622776601683795,2.309401076758503,1886.1666666666667,1693.8333333333333,441.53690888119945,26.824273136245097,19.811038648663626,27.127381888699333,19.811038648663626,23.710392820514492
2325,149.0,17.8793127300256,11.232201299123393,19.924858845171276,11.232201299123393,1378.8523489932886,1699.8859060402685,10964.833237216453,153.37645724286665,96.35466800718596,170.9240342110281,96.35466800718596,118.15613006227724
2326,8.0,4.47213595499958,2.345207879911715,4.47213595499958,2.345207879911715,354.875,1696.375,588.715878508266,38.36391137867286,20.118204852183826,38.36391137867286,20.118204852183826,27.378403355031622
2327,68.0,15.961928891448792,5.68816616923509,16.15549442140351,5.68816616923509,477.36764705882354,1697.8529411764705,5004.084967320261,136.92831156880092,48.79554311843827,138.58880018360853,48.79554311843827,79.82107646043029
2328,10.0,4.477016006518517,2.876860733052088,4.47213595499958,2.876860733052088,1337.2,1696.7,735.8948481353325,38.405774565722574,24.6789523668684,38.36391137867286,24.6789523668684,30.60998550862951
2329,20.0,7.013479721280262,3.629201316982916,7.0710678118654755,3.629201316982916,1943.3,1697.25,1471.789696270665,60.16465447176696,31.132854434902466,60.65866995472834,31.132854434902466,43.28905665034775
2330,12.0,3.8297084310253524,3.8297084310253524,4.123105625617661,3.8297084310253524,371.5,1699.5,883.0738177623989,32.852890952423365,32.852890952423365,35.36977865113189,32.852890952423365,33.53155909596526
2331,12.0,6.831300510639732,2.0,6.082762530298219,2.0,395.5,1699.5,883.0738177623989,58.60184261578201,17.15686274509804,52.1805609216759,17.15686274509804,33.53155909596526
2332,181.0,32.71262805651174,11.186087575189676,29.154759474226502,11.186087575189676,482.0055248618784,1710.9005524861877,13319.696751249518,280.62303479850755,95.9590845910879,250.10210333282538,95.9590845910879,130.2274124459862
2333,12.0,5.294328785763616,2.862220279862641,5.0990195135927845,2.862220279862641,1461.9166666666667,1700.25,883.0738177623989,45.41703615238396,24.553360243919713,43.74158896464398,24.553360243919713,33.53155909596526
2334,53.0,16.167516182616723,6.252759594171045,14.317821063276353,6.252759594171045,3054.867924528302,1706.2264150943397,3900.242695117262,138.69192803715325,53.63886906764377,122.82444539575303,53.63886906764377,70.4694786985408
2335,49.0,13.262241838962177,5.713089244751951,13.152946437965905,5.713089244751951,544.3061224489796,1705.469387755102,3605.884755863129,113.76923146168534,49.009344011352525,112.8316483649036,49.009344011352525,67.75809134641185
2336,37.0,14.405973223000148,5.161001970730514,13.152946437965905,5.161001970730514,1345.2162162162163,1702.5135135135135,2722.8109381007303,123.58065264828558,44.27330121950196,112.8316483649036,44.27330121950196,58.87948273806829
2337,5.0,3.098386676965933,1.7888543819998317,3.1622776601683795,1.7888543819998317,1408.2,1701.4,367.94742406766625,26.579297473972463,15.345564551469144,27.127381888699333,15.345564551469144,21.644528325173876
2338,18.0,8.44483884368578,2.8877357725093424,8.54400374531753,2.8877357725093424,1396.7777777777778,1704.8333333333333,1324.6107266435984,72.44347047279467,24.772243146526222,73.29414977600823,24.772243146526222,41.06760503254743
2339,8.0,4.100618600451318,2.4869513653533066,4.123105625617661,2.4869513653533066,338.75,1704.0,588.715878508266,35.17687524896964,21.334141614550425,35.36977865113189,21.334141614550425,27.378403355031622
2340,538.0,33.649704972385074,30.775640342400287,39.05124837953327,30.775640342400287,441.228624535316,1724.485130111524,39591.14282968089,288.66168481212685,264.00671862353187,334.99845423619223,264.00671862353187,224.51960103900007
2341,30.0,10.691371387833415,3.556077749224294,10.198039027185569,3.556077749224294,1916.5666666666666,1704.3333333333333,2207.6845444059973,91.71519572896312,30.505568927169186,87.48317792928796,30.505568927169186,53.01805011989337
2342,17.0,5.415619343554923,3.9808965967416245,5.385164807134504,3.9808965967416245,422.2352941176471,1705.9411764705883,1251.0212418300653,46.45751887853488,34.14984825636198,46.196266727869514,34.14984825636198,39.910538230215145
2343,6.0,3.265986323710904,2.0,3.1622776601683795,2.0,467.5,1705.0,441.53690888119945,28.017039541637658,17.15686274509804,27.127381888699333,17.15686274509804,23.710392820514492
2344,122.0,15.006666197104064,12.423403448944724,16.15549442140351,12.423403448944724,1416.2131147540983,1710.655737704918,8977.917147251055,128.7336561026084,106.57331390026111,138.58880018360853,106.57331390026111,106.91608296523869
2345,19.0,7.892394963594785,2.9964645500265,7.615773105863909,2.9964645500265,330.42105263157896,1708.0,1398.2002114571317,67.70436856024938,25.704965502678306,65.33138693755804,25.704965502678306,42.192953255172434
2346,74.0,18.405797129871463,16.02479951767207,19.1049731745428,16.02479951767207,369.2432432432432,1710.9594594594594,5445.6218762014605,157.89286753566205,137.46764292120648,163.8907012522054,137.46764292120648,83.26816303368871
2347,51.0,19.795695768768404,6.262096971508509,16.401219466856727,6.262096971508509,384.62745098039215,1711.2745098039215,3753.063725490196,169.81601762423875,53.718969118332794,140.69673562254545,53.718969118332794,69.1270799721527
2348,16.0,5.291502622129181,4.2130748865881795,6.082762530298219,4.2130748865881795,413.125,1707.5,1177.431757016532,45.39279210159837,36.14157378200644,52.1805609216759,36.14157378200644,38.71890934080677
2349,14.0,5.018775010702015,3.5736649346885305,5.385164807134504,3.5736649346885305,1985.7857142857142,1706.7142857142858,1030.2527873894655,43.053217003571206,30.656439390710432,46.196266727869514,30.656439390710432,36.218223285715055
2350,24.0,6.809439783974742,4.671827722943823,7.211102550927978,4.671827722943823,1946.3333333333333,1708.9583333333333,1766.1476355247978,58.41431187233235,40.07695350564554,61.85994835354883,40.07695350564554,47.420785641028985
2351,13.0,4.318667337728677,3.6794648440311994,4.47213595499958,3.6794648440311994,2008.3846153846155,1707.6153846153845,956.6633025759322,37.04739137757443,31.564036652228424,38.36391137867286,31.564036652228424,34.900753239580105
2352,13.0,5.327693424801688,2.9221156196156555,5.385164807134504,2.9221156196156555,340.0,1709.0,956.6633025759322,45.70325241864193,25.067168305526454,46.196266727869514,25.067168305526454,34.900753239580105
2353,19.0,5.231690963010274,4.802820296216645,6.082762530298219,4.802820296216645,1933.6842105263158,1709.8947368421052,1398.2002114571317,44.879701888568526,41.20066430578004,52.1805609216759,41.20066430578004,42.192953255172434
2354,171.0,28.52768929740283,18.571162782318787,27.202941017470888,18.571162782318787,305.43859649122805,1718.7543859649122,12583.801903114185,244.72282485517132,159.31144543655822,233.3585626498728,159.31144543655822,126.57885976551731
2355,32.0,7.910259412600992,5.371188976880018,8.246211251235321,5.371188976880018,321.4375,1711.96875,2354.863514033064,67.85761751005754,46.07637602715702,70.73955730226378,46.07637602715702,54.756806710063245
2356,7.0,3.0237157840738176,2.799416848895061,3.1622776601683795,2.799416848895061,1957.0,1710.2857142857142,515.1263936947328,25.938738343770492,24.014605321403707,27.127381888699333,24.014605321403707,25.610151287857633
2357,55.0,19.082503880486787,6.391073012119954,17.46424919657298,6.391073012119954,461.8,1716.8909090909092,4047.4216647443286,163.69794995515625,54.825381231421176,149.81586320589565,54.825381231421176,71.78677921882132
2358,28.0,7.504853068916596,5.079333558013788,7.615773105863909,5.079333558013788,265.92857142857144,1712.9285714285713,2060.505574778931,64.37986701276492,43.572714345706515,65.33138693755804,43.572714345706515,51.220302575715266
2359,39.0,8.276611693059287,6.008540929590486,8.54400374531753,6.008540929590486,431.28205128205127,1715.8461538461538,2869.9899077277964,71.00034540614584,51.543856013643875,73.29414977600823,51.543856013643875,60.449877833376824
2360,44.0,13.299213989648926,7.04755967269316,12.806248474865697,7.04755967269316,333.8181818181818,1718.1136363636363,3237.937331795463,114.08639451904716,60.457006996142304,109.85752368144593,60.457006996142304,64.20804728762148
2361,14.0,5.449353665897314,3.145851452097728,5.385164807134504,3.145851452097728,551.9285714285714,1714.857142857143,1030.2527873894655,46.74690644764852,26.98647079005404,46.196266727869514,26.98647079005404,36.218223285715055
2362,27.0,7.502483629065889,4.506752595455052,7.615773105863909,4.506752595455052,1373.9259259259259,1715.148148148148,1986.9160899653978,64.35954093561425,38.660867853168334,65.33138693755804,38.660867853168334,50.29733864394788
2363,38.0,8.584869030930642,7.1343087732384065,9.219544457292887,7.1343087732384065,1397.342105263158,1716.2631578947369,2796.4004229142633,73.64470982415992,61.201178201800055,79.08922941305173,61.201178201800055,59.669846730038884
2364,24.0,5.773502691896258,5.280993172584954,6.324555320336759,5.280993172584954,3064.0833333333335,1715.5,1766.1476355247978,49.52759662165908,45.30263750991995,54.254763777398665,45.30263750991995,47.420785641028985
2365,82.0,14.639928899240479,7.792346721558964,13.92838827718412,7.792346721558964,347.1951219512195,1720.3536585365853,6034.337754709726,125.58762536113156,66.84611158200092,119.48372296604023,66.84611158200092,87.6536590524079
2366,13.0,5.055900530816918,3.1378581622109447,5.0990195135927845,3.1378581622109447,366.0,1717.3076923076924,956.6633025759322,43.37169573004709,26.917900901319378,43.74158896464398,26.917900901319378,34.900753239580105
2367,28.0,8.559904499723432,4.455388191303468,8.602325267042627,4.455388191303468,1385.2857142857142,1718.25,2060.505574778931,73.430553306451,38.220241837162106,73.79445694766959,38.220241837162106,51.220302575715266
2368,9.0,5.274258481434536,1.946056459258261,5.0990195135927845,1.946056459258261,3049.5555555555557,1718.2222222222222,662.3053633217992,45.24486442407078,16.69411178285273,43.74158896464398,16.69411178285273,29.039182005605074
2369,24.0,5.773502691896257,5.270462766947298,6.4031242374328485,5.270462766947298,411.9166666666667,1719.0833333333333,1766.1476355247978,49.52759662165907,45.21230314783221,54.92876184072296,45.21230314783221,47.420785641028985
2370,18.0,6.831300510639732,3.265986323710904,6.324555320336759,3.265986323710904,419.5,1718.0,1324.6107266435984,58.60184261578201,28.017039541637658,54.254763777398665,28.017039541637658,41.06760503254743
2371,10.0,7.429670248402684,1.959591794226542,6.082762530298219,1.959591794226542,1979.5,1717.6,735.8948481353325,63.734916346591646,16.81022372498259,52.1805609216759,16.81022372498259,30.60998550862951
2372,44.0,15.86371287569875,3.8606472603002726,14.422205101855956,3.8606472603002726,2104.340909090909,1723.7954545454545,3237.937331795463,136.085772218004,33.11829757610528,123.71989670709766,33.11829757610528,64.20804728762148
2373,30.0,11.240127462045754,3.7578926087884836,10.44030650891055,3.7578926087884836,404.76666666666665,1723.0,2207.6845444059973,96.42266205186309,32.23682384990121,89.561452895066,32.23682384990121,53.01805011989337
2374,9.0,3.265986323710904,3.265986323710904,3.605551275463989,3.265986323710904,1375.0,1722.0,662.3053633217992,28.017039541637658,28.017039541637658,30.929974176774415,28.017039541637658,29.039182005605074
2375,19.0,7.492235046858282,3.0904084728307817,7.280109889280518,3.0904084728307817,1934.0,1724.0,1398.2002114571317,64.27162417648036,26.510856997322882,62.451923069808366,26.510856997322882,42.192953255172434
2376,12.0,3.8297084310253524,3.8297084310253524,4.123105625617661,3.8297084310253524,160.5,1723.5,883.0738177623989,32.852890952423365,32.852890952423365,35.36977865113189,32.852890952423365,33.53155909596526
2377,5.0,3.098386676965933,1.7888543819998317,3.1622776601683795,1.7888543819998317,325.8,1723.4,367.94742406766625,26.579297473972463,15.345564551469144,27.127381888699333,15.345564551469144,21.644528325173876
2378,7.0,3.648665604076859,2.505808461219716,4.0,2.505808461219716,339.57142857142856,1723.857142857143,515.1263936947328,31.299827485953447,21.49590591732599,34.31372549019608,21.49590591732599,25.610151287857633
2379,36.0,9.75611999928285,6.698321078870628,10.44030650891055,6.698321078870628,1977.2777777777778,1726.0555555555557,2649.2214532871967,83.69220587620092,57.461087686390194,89.561452895066,57.461087686390194,58.07836401121015
2380,26.0,6.000000000000001,5.555529257005474,6.324555320336759,5.555529257005474,1988.5,1725.6153846153845,1913.3266051518644,51.47058823529412,47.6577264694097,54.254763777398665,47.6577264694097,49.357118568450915
2381,12.0,4.47213595499958,3.265986323710904,4.47213595499958,3.265986323710904,3086.0,1724.5,883.0738177623989,38.36391137867286,28.017039541637658,38.36391137867286,28.017039541637658,33.53155909596526
2382,5.0,5.656854249492381,0.0,5.0,0.0,484.0,1725.0,367.94742406766625,48.52693596378268,0.0,42.8921568627451,0.0,21.644528325173876
2383,50.0,9.494037977891393,7.360492026648484,10.44030650891055,7.360492026648484,1965.02,1728.0,3679.4742406766622,81.44395324171538,63.14147571879827,89.561452895066,63.14147571879827,68.44600838757906
2384,5.0,3.098386676965933,1.7888543819998317,3.1622776601683795,1.7888543819998317,213.8,1726.6,367.94742406766625,26.579297473972463,15.345564551469144,27.127381888699333,15.345564551469144,21.644528325173876
2385,28.0,7.957449005236635,4.479593779696919,8.246211251235321,4.479593779696919,278.5357142857143,1727.9642857142858,2060.505574778931,68.26243019198093,38.42788781602749,70.73955730226378,38.42788781602749,51.220302575715266
2386,10.0,4.09878030638384,2.9933259094191533,4.123105625617661,2.9933259094191533,470.5,1726.8,735.8948481353325,35.161105569469214,25.678040889625088,35.36977865113189,25.678040889625088,30.60998550862951
2387,15.0,5.9825936213138124,3.0484451785557387,6.082762530298219,3.0484451785557387,413.3333333333333,1727.9333333333334,1103.8422722029986,51.32126881029006,26.150877757218346,52.1805609216759,26.150877757218346,37.48942276506485
2388,9.0,3.885753375057407,2.7954428906961324,4.123105625617661,2.7954428906961324,288.6666666666667,1728.888888888889,662.3053633217992,33.3336686585807,23.98051499371682,35.36977865113189,23.98051499371682,29.039182005605074
2389,11.0,3.9999999999999996,3.468869823334348,4.123105625617661,3.468869823334348,304.54545454545456,1729.6363636363637,809.4843329488657,34.31372549019607,29.757461719779947,35.36977865113189,29.757461719779947,32.10402364381074
2390,264.0,34.26536826099711,18.713047745795333,36.359317925395686,18.713047745795333,486.9848484848485,1740.2310606060605,19427.623990772776,293.943110082083,160.52859585853838,311.90591357569826,160.52859585853838,157.2769532351661
2391,5.0,3.098386676965933,1.7888543819998317,3.1622776601683795,1.7888543819998317,358.6,1729.8,367.94742406766625,26.579297473972463,15.345564551469144,27.127381888699333,15.345564551469144,21.644528325173876
2392,26.0,11.622944740467668,3.844083511741403,10.770329614269007,3.844083511741403,2056.3076923076924,1733.0,1913.3266051518644,99.70663380303147,32.976206595820855,92.39253345573903,32.976206595820855,49.357118568450915
2393,38.0,13.122055692864892,5.018527235373798,11.661903789690601,5.018527235373798,463.1842105263158,1734.157894736842,2796.4004229142633,112.56665422800765,43.05109147992229,100.04084133313016,43.05109147992229,59.669846730038884
2394,46.0,13.976102342234554,4.679858704820002,13.038404810405298,4.679858704820002,354.2173913043478,1737.3695652173913,3385.1163014225294,119.89303479858073,40.145846732524525,111.84906087357486,40.145846732524525,65.65110493401569
2395,8.0,3.4641016151377544,2.7386127875258306,3.605551275463989,2.7386127875258306,1982.125,1732.125,588.715878508266,29.716557972995442,23.493001853775507,30.929974176774415,23.493001853775507,27.378403355031622
2396,7.0,3.0237157840738176,2.799416848895061,3.1622776601683795,2.799416848895061,225.0,1733.2857142857142,515.1263936947328,25.938738343770492,24.014605321403707,27.127381888699333,24.014605321403707,25.610151287857633
2397,240.0,38.58904617079714,12.604693308679277,35.4682957019364,12.604693308679277,226.14583333333334,1745.1708333333333,17661.476355247978,331.0334843083088,108.128496520533,304.26234058033674,108.128496520533,149.9576910602594
2398,9.0,3.265986323710904,3.265986323710904,3.605551275463989,3.265986323710904,275.0,1737.0,662.3053633217992,28.017039541637658,28.017039541637658,30.929974176774415,28.017039541637658,29.039182005605074
2399,13.0,7.554371880072024,1.9753176197160076,7.0710678118654755,1.9753176197160076,211.23076923076923,1737.4615384615386,956.6633025759322,64.80466073591197,16.94512663972065,60.65866995472834,16.94512663972065,34.900753239580105
2400,17.0,6.585670706008097,3.1796084995103278,6.324555320336759,3.1796084995103278,2027.9411764705883,1739.6470588235295,1251.0212418300653,56.494724193696904,27.27605330462291,54.254763777398665,27.27605330462291,39.910538230215145
2401,10.0,4.7504310473449705,2.6520567234546397,5.0990195135927845,2.6520567234546397,1975.2,1741.1,735.8948481353325,40.75124672967499,22.75048659826284,43.74158896464398,22.75048659826284,30.60998550862951
2402,21.0,6.0795957277493695,4.414977975750349,6.324555320336759,4.414977975750349,2146.904761904762,1741.2857142857142,1545.379181084198,52.15339472334018,37.87358557628976,54.254763777398665,37.87358557628976,44.35808322009493
2403,30.0,8.982309370935173,4.7246759475391125,9.219544457292887,4.7246759475391125,248.83333333333334,1744.9666666666667,2207.6845444059973,77.05412450557134,40.530308373497284,79.08922941305173,40.530308373497284,53.01805011989337
2404,31.0,8.481327599126292,5.215089164826378,8.602325267042627,5.215089164826378,1963.032258064516,1742.6451612903227,2281.274029219531,72.75648675721084,44.737284502187066,73.79445694766959,44.737284502187066,53.8944408988476
2405,19.0,6.959750593711585,3.592017802703361,7.211102550927978,3.592017802703361,2037.3684210526317,1742.6315789473683,1398.2002114571317,59.70374283821213,30.813878209465106,61.85994835354883,30.813878209465106,42.192953255172434
2406,9.0,3.885753375057407,2.7954428906961324,4.123105625617661,2.7954428906961324,2077.6666666666665,1741.888888888889,662.3053633217992,33.3336686585807,23.98051499371682,35.36977865113189,23.98051499371682,29.039182005605074
2407,16.0,6.324555320336759,3.122498999199199,6.082762530298219,3.122498999199199,2013.875,1745.5,1177.431757016532,54.254763777398665,26.786143375483324,52.1805609216759,26.786143375483324,38.71890934080677
2408,33.0,9.538913049403266,4.415407440776406,9.219544457292887,4.415407440776406,2023.4848484848485,1747.3636363636363,2428.452998846597,81.82891096301822,37.87726971254269,79.08922941305173,37.87726971254269,55.60580007847273
2409,19.0,10.177223152083945,2.5530984583778364,9.055385138137417,2.5530984583778364,201.31578947368422,1748.578947368421,1398.2002114571317,87.30461037326913,21.90157991255497,77.68099995951215,21.90157991255497,42.192953255172434
2410,9.0,4.618802153517006,2.3517789431685254,4.47213595499958,2.3517789431685254,2006.111111111111,1745.4444444444443,662.3053633217992,39.62207729732725,20.174574267377057,38.36391137867286,20.174574267377057,29.039182005605074
2411,6.0,3.126943839882286,2.309401076758503,3.1622776601683795,2.309401076758503,2137.8333333333335,1748.8333333333333,441.53690888119945,26.8242731362451,19.811038648663626,27.127381888699333,19.811038648663626,23.710392820514492
2412,19.0,5.733405886701423,4.2227547935406715,5.830951894845301,4.2227547935406715,468.2631578947368,1751.157894736842,1398.2002114571317,49.18362893003671,36.224612199491055,50.02042066656508,36.224612199491055,42.192953255172434
2413,13.0,7.554371880072024,1.9753176197160076,7.0710678118654755,1.9753176197160076,2059.230769230769,1749.5384615384614,956.6633025759322,64.80466073591197,16.94512663972065,60.65866995472834,16.94512663972065,34.900753239580105
2414,10.0,3.9191835884530852,3.0983866769659336,4.123105625617661,3.0983866769659336,2144.0,1750.8,735.8948481353325,33.62044744996519,26.57929747397247,35.36977865113189,26.57929747397247,30.60998550862951
2415,22.0,6.536476678284265,4.877178418764356,7.0710678118654755,4.877178418764356,2079.5454545454545,1755.0,1618.9686658977314,56.072716602928736,41.83854035704717,60.65866995472834,41.83854035704717,45.401945643823666
2416,12.0,6.831300510639732,2.0,6.082762530298219,2.0,2067.5,1755.5,883.0738177623989,58.60184261578201,17.15686274509804,52.1805609216759,17.15686274509804,33.53155909596526
2417,23.0,7.640780490262299,4.350471473765856,8.06225774829855,4.350471473765856,228.91304347826087,1757.1739130434783,1692.5581507112647,65.54591106842658,37.320220975932585,69.16152480158068,37.320220975932585,46.4223414912321
2418,85.0,12.85121569164041,8.569715682170143,13.0,8.569715682170143,2136.258823529412,1759.4823529411765,6255.106209150326,110.24327186456235,73.51471786175368,111.51960784313725,73.51471786175368,89.24267650136521
2419,7.0,3.0237157840738176,2.799416848895061,3.1622776601683795,2.799416848895061,142.28571428571428,1757.0,515.1263936947328,25.938738343770492,24.014605321403707,27.127381888699333,24.014605321403707,25.610151287857633
2420,10.0,3.9191835884530852,3.0983866769659336,4.123105625617661,3.0983866769659336,180.0,1757.8,735.8948481353325,33.62044744996519,26.57929747397247,35.36977865113189,26.57929747397247,30.60998550862951
2421,14.0,6.540472681096179,2.7549163411272692,6.082762530298219,2.7549163411272692,2073.285714285714,1763.642857142857,1030.2527873894655,56.10699603881526,23.632860769474124,52.1805609216759,23.632860769474124,36.218223285715055
2422,20.0,6.0525717430008275,4.19122598959158,6.324555320336759,4.19122598959158,2154.6,1764.95,1471.789696270665,51.921571324762,35.954144518555225,54.254763777398665,35.954144518555225,43.28905665034775
2423,10.0,4.09878030638384,2.9933259094191533,4.123105625617661,2.9933259094191533,171.5,1766.2,735.8948481353325,35.161105569469214,25.678040889625088,35.36977865113189,25.678040889625088,30.60998550862951
2424,17.0,5.415619343554923,3.9808965967416245,5.385164807134504,3.9808965967416245,2078.235294117647,1769.9411764705883,1251.0212418300653,46.45751887853488,34.14984825636198,46.196266727869514,34.14984825636198,39.910538230215145
2425,5.0,4.0,1.3856406460551023,3.605551275463989,1.3856406460551023,130.2,1770.2,367.94742406766625,34.31372549019608,11.88662318919818,30.929974176774415,11.88662318919818,21.644528325173876
2426,10.0,5.656854249492381,2.0,5.0990195135927845,2.0,2099.5,1772.0,735.8948481353325,48.52693596378268,17.15686274509804,43.74158896464398,17.15686274509804,30.60998550862951
2427,21.0,5.989583656261387,4.4961751047409475,6.324555320336759,4.4961751047409475,485.9047619047619,1773.2380952380952,1545.379181084198,51.381232345379544,38.57012957498362,54.254763777398665,38.57012957498362,44.35808322009493
2428,6.0,3.265986323710904,2.0,3.1622776601683795,2.0,2115.5,1777.0,441.53690888119945,28.017039541637658,17.15686274509804,27.127381888699333,17.15686274509804,23.710392820514492
2429,6.0,3.1269438398822857,2.309401076758503,3.1622776601683795,2.309401076758503,327.1666666666667,1781.1666666666667,441.53690888119945,26.824273136245097,19.811038648663626,27.127381888699333,19.811038648663626,23.710392820514492
2430,9.0,4.132908103676026,2.864091692640616,4.123105625617661,2.864091692640616,2159.3333333333335,1781.4444444444443,662.3053633217992,35.453868536436495,24.569414030005284,35.36977865113189,24.569414030005284,29.039182005605074
2431,20.0,8.39327246632046,3.02538878594254,8.246211251235321,3.02538878594254,2112.15,1787.05,1471.789696270665,72.00111184343531,25.953090075487474,70.73955730226378,25.953090075487474,43.28905665034775
2432,6.0,3.265986323710904,2.0,3.1622776601683795,2.0,155.5,1785.0,441.53690888119945,28.017039541637658,17.15686274509804,27.127381888699333,17.15686274509804,23.710392820514492
2433,14.0,7.017298793846583,2.6462077766235543,6.324555320336759,2.6462077766235543,2153.285714285714,1787.7857142857142,1030.2527873894655,60.19741612368392,22.700311809270687,54.254763777398665,22.700311809270687,36.218223285715055
2434,10.0,5.5458250040261445,2.2899399609418625,5.385164807134504,2.2899399609418625,160.2,1788.9,735.8948481353325,47.57447920120467,19.64409280219735,46.196266727869514,19.64409280219735,30.60998550862951
2435,12.0,4.894994431930092,2.9693109114997,5.0990195135927845,2.9693109114997,2105.8333333333335,1790.0833333333333,883.0738177623989,41.99137380332187,25.47202987806115,43.74158896464398,25.47202987806115,33.53155909596526
2436,8.0,3.4641016151377544,2.7386127875258306,3.605551275463989,2.7386127875258306,2314.125,1791.125,588.715878508266,29.716557972995442,23.493001853775507,30.929974176774415,23.493001853775507,27.378403355031622
2437,14.0,4.780914437337574,3.5456210417116734,5.0,3.5456210417116734,113.5,1792.5,1030.2527873894655,41.01274639872919,30.415866779389354,42.8921568627451,30.415866779389354,36.218223285715055
2438,15.0,5.215498621614657,3.7283771738060283,5.385164807134504,3.7283771738060283,2119.266666666667,1792.6,1103.8422722029986,44.74079699914534,31.98362771647328,46.196266727869514,31.98362771647328,37.48942276506485
2439,29.0,6.9353489989359085,5.485759937053181,7.211102550927978,5.485759937053181,309.7931034482759,1794.9655172413793,2134.095059592464,59.494415432048235,47.05921514628954,61.85994835354883,47.05921514628954,52.12692698818601
2440,47.0,9.397273406464114,6.393678154055974,9.486832980505138,6.393678154055974,2098.340425531915,1795.7446808510638,3458.7057862360625,80.61386500643235,54.847729262735065,81.382145666098,54.847729262735065,66.36086723620322
2441,27.0,7.595731148020589,5.223699424692003,8.246211251235321,5.223699424692003,2111.5185185185187,1796.111111111111,1986.9160899653978,65.1594583776276,44.811147025544145,70.73955730226378,44.811147025544145,50.29733864394788
2442,10.0,4.665713454632891,3.198611880059477,5.0990195135927845,3.198611880059477,2191.2,1797.6,735.8948481353325,40.02450267454685,27.439072500510218,43.74158896464398,27.439072500510218,30.60998550862951
2443,15.0,5.982593621313813,3.0484451785557387,6.082762530298219,3.0484451785557387,2105.6666666666665,1801.0666666666666,1103.8422722029986,51.321268810290064,26.150877757218346,52.1805609216759,26.150877757218346,37.48942276506485
2444,25.0,6.454073276628772,4.933734705059277,6.708203932499369,4.933734705059277,2142.44,1804.04,1839.7371203383311,55.3658246769625,42.32370457771439,57.545867068009294,42.32370457771439,48.39863667600846
2445,8.0,3.4641016151377544,2.8284271247461903,4.0,2.8284271247461903,2151.0,1803.5,588.715878508266,29.716557972995442,24.26346798189134,34.31372549019608,24.26346798189134,27.378403355031622
2446,14.0,5.018775010702015,3.5736649346885314,5.385164807134504,3.5736649346885314,2205.214285714286,1804.7142857142858,1030.2527873894655,43.053217003571206,30.65643939071044,46.196266727869514,30.65643939071044,36.218223285715055
2447,15.0,4.618802153517006,4.026578365477733,5.0,4.026578365477733,2932.6,1805.6,1103.8422722029986,39.62207729732725,34.54172617444134,42.8921568627451,34.54172617444134,37.48942276506485
2448,11.0,4.346129984141888,3.067356324605906,4.47213595499958,3.067356324605906,159.36363636363637,1813.909090909091,809.4843329488657,37.28297780513875,26.313105725785956,38.36391137867286,26.313105725785956,32.10402364381074
2449,25.0,9.647880596276055,3.2,9.055385138137417,3.2,2129.0,1818.32,1839.7371203383311,82.76368158570145,27.450980392156865,77.68099995951215,27.450980392156865,48.39863667600846
2450,70.0,14.358667603681209,7.8774342757934015,13.416407864998739,7.8774342757934015,2139.9142857142856,1820.0,5151.263936947327,123.17484463942213,67.57602932665908,115.09173413601859,67.57602932665908,80.98640929112464
2451,7.0,4.634736211286691,1.826347935745029,4.47213595499958,1.826347935745029,153.71428571428572,1817.7142857142858,515.1263936947328,39.758766518390736,15.667200429185296,38.36391137867286,15.667200429185296,25.610151287857633
2452,213.0,18.425770743431972,14.968454807742965,19.697715603592208,14.968454807742965,372.15023474178406,1824.4976525821596,15674.560265282582,158.0642098088527,128.40586232132446,168.97550150140373,128.40586232132446,141.27096953535866
2453,14.0,4.20883424647321,4.120630029101703,4.47213595499958,4.120630029101703,2941.5,1817.7142857142858,1030.2527873894655,36.1051957418045,35.34854191631362,38.36391137867286,35.34854191631362,36.218223285715055
2454,131.0,27.825653633833443,9.60800370723868,24.698178070456937,9.60800370723868,2152.8931297709923,1825.9465648854962,9640.222510572856,238.70046009415944,82.42160042974358,211.87162560440999,82.42160042974358,110.78954322581379
2455,21.0,6.0795957277493695,4.414977975750349,6.324555320336759,4.414977975750349,2920.285714285714,1821.904761904762,1545.379181084198,52.15339472334018,37.87358557628976,54.254763777398665,37.87358557628976,44.35808322009493
2456,6.0,3.265986323710904,2.0,3.1622776601683795,2.0,2235.5,1822.0,441.53690888119945,28.017039541637658,17.15686274509804,27.127381888699333,17.15686274509804,23.710392820514492
2457,151.0,21.74265537099204,9.946714376297598,23.259406699226016,9.946714376297598,2118.158940397351,1833.9205298013244,11112.01220684352,186.51787695703956,85.32720665941567,199.5292241355173,85.32720665941567,118.9464808805266
2458,5.0,3.098386676965933,1.7888543819998317,3.1622776601683795,1.7888543819998317,2222.6,1829.2,367.94742406766625,26.579297473972463,15.345564551469144,27.127381888699333,15.345564551469144,21.644528325173876
2459,11.0,4.51260859854213,2.9541957835039856,5.0,2.9541957835039856,2910.0,1830.0,809.4843329488657,38.71110317376827,25.342365789862622,42.8921568627451,25.342365789862622,32.10402364381074
2460,33.0,12.04204707351021,3.7987882150591084,10.770329614269007,3.7987882150591084,2212.3939393939395,1834.6969696969697,2428.452998846597,103.30187440511209,32.58764400173255,92.39253345573903,32.58764400173255,55.60580007847273
2461,21.0,8.329590259738866,3.12785213600036,8.06225774829855,3.12785213600036,2136.0476190476193,1835.952380952381,1545.379181084198,71.45481840462263,26.832064892159952,69.16152480158068,26.832064892159952,44.35808322009493
2462,31.0,8.961678621092808,4.395209760827776,8.54400374531753,4.395209760827776,2240.548387096774,1835.6129032258063,2281.274029219531,76.87714503388439,37.704005301218665,73.29414977600823,37.704005301218665,53.8944408988476
2463,21.0,8.0,3.265986323710904,7.280109889280518,3.265986323710904,2145.0,1836.0,1545.379181084198,68.62745098039215,28.017039541637658,62.451923069808366,28.017039541637658,44.35808322009493
2464,9.0,3.885753375057407,2.7954428906961324,4.123105625617661,2.7954428906961324,3257.3333333333335,1835.111111111111,662.3053633217992,33.3336686585807,23.98051499371682,35.36977865113189,23.98051499371682,29.039182005605074
2465,37.0,10.11154556906353,5.098077428357279,11.045361017187261,5.098077428357279,2514.2702702702704,1837.5135135135135,2722.8109381007303,86.74119973461362,43.73350735110411,94.75187147096915,43.73350735110411,58.87948273806829
2466,17.0,5.552178461271106,3.9174385400182166,5.830951894845301,3.9174385400182166,3118.705882352941,1837.2941176470588,1251.0212418300653,47.628981898159,33.6054776717249,50.02042066656508,33.6054776717249,39.910538230215145
2467,8.0,3.9722133299273006,2.6403638502198645,4.123105625617661,2.6403638502198645,3129.25,1838.375,588.715878508266,34.07535944790576,22.650180087670407,35.36977865113189,22.650180087670407,27.378403355031622
2468,5.0,3.098386676965933,1.7888543819998317,3.1622776601683795,1.7888543819998317,3060.8,1838.6,367.94742406766625,26.579297473972463,15.345564551469144,27.127381888699333,15.345564551469144,21.644528325173876
